split,name,species_slug,genus,species,id,filename,relative_wav_path,source_url,license,recordist,date,sound_type
train,American Robin,american_robin,Turdus,migratorius,13602,13602-0.wav,wavfiles/13602-0.wav,//www.xeno-canto.org/13602,//creativecommons.org/licenses/by-nc-nd/2.5/,Andrew Spencer,2007-05-24,song
train,American Robin,american_robin,Turdus,migratorius,13602,13602-1.wav,wavfiles/13602-1.wav,//www.xeno-canto.org/13602,//creativecommons.org/licenses/by-nc-nd/2.5/,Andrew Spencer,2007-05-24,song
train,American Robin,american_robin,Turdus,migratorius,13602,13602-10.wav,wavfiles/13602-10.wav,//www.xeno-canto.org/13602,//creativecommons.org/licenses/by-nc-nd/2.5/,Andrew Spencer,2007-05-24,song
train,American Robin,american_robin,Turdus,migratorius,13602,13602-11.wav,wavfiles/13602-11.wav,//www.xeno-canto.org/13602,//creativecommons.org/licenses/by-nc-nd/2.5/,Andrew Spencer,2007-05-24,song
train,American Robin,american_robin,Turdus,migratorius,13602,13602-12.wav,wavfiles/13602-12.wav,//www.xeno-canto.org/13602,//creativecommons.org/licenses/by-nc-nd/2.5/,Andrew Spencer,2007-05-24,song
train,American Robin,american_robin,Turdus,migratorius,13602,13602-13.wav,wavfiles/13602-13.wav,//www.xeno-canto.org/13602,//creativecommons.org/licenses/by-nc-nd/2.5/,Andrew Spencer,2007-05-24,song
train,American Robin,american_robin,Turdus,migratorius,13602,13602-14.wav,wavfiles/13602-14.wav,//www.xeno-canto.org/13602,//creativecommons.org/licenses/by-nc-nd/2.5/,Andrew Spencer,2007-05-24,song
train,American Robin,american_robin,Turdus,migratorius,13602,13602-2.wav,wavfiles/13602-2.wav,//www.xeno-canto.org/13602,//creativecommons.org/licenses/by-nc-nd/2.5/,Andrew Spencer,2007-05-24,song
train,American Robin,american_robin,Turdus,migratorius,13602,13602-3.wav,wavfiles/13602-3.wav,//www.xeno-canto.org/13602,//creativecommons.org/licenses/by-nc-nd/2.5/,Andrew Spencer,2007-05-24,song
train,American Robin,american_robin,Turdus,migratorius,13602,13602-4.wav,wavfiles/13602-4.wav,//www.xeno-canto.org/13602,//creativecommons.org/licenses/by-nc-nd/2.5/,Andrew Spencer,2007-05-24,song
train,American Robin,american_robin,Turdus,migratorius,13602,13602-9.wav,wavfiles/13602-9.wav,//www.xeno-canto.org/13602,//creativecommons.org/licenses/by-nc-nd/2.5/,Andrew Spencer,2007-05-24,song
train,American Robin,american_robin,Turdus,migratorius,14442,14442-0.wav,wavfiles/14442-0.wav,//www.xeno-canto.org/14442,//creativecommons.org/licenses/by-nc-nd/2.5/,Chris Parrish,2007-06-11,song
train,American Robin,american_robin,Turdus,migratorius,14442,14442-1.wav,wavfiles/14442-1.wav,//www.xeno-canto.org/14442,//creativecommons.org/licenses/by-nc-nd/2.5/,Chris Parrish,2007-06-11,song
train,American Robin,american_robin,Turdus,migratorius,14442,14442-10.wav,wavfiles/14442-10.wav,//www.xeno-canto.org/14442,//creativecommons.org/licenses/by-nc-nd/2.5/,Chris Parrish,2007-06-11,song
train,American Robin,american_robin,Turdus,migratorius,14442,14442-11.wav,wavfiles/14442-11.wav,//www.xeno-canto.org/14442,//creativecommons.org/licenses/by-nc-nd/2.5/,Chris Parrish,2007-06-11,song
train,American Robin,american_robin,Turdus,migratorius,14442,14442-12.wav,wavfiles/14442-12.wav,//www.xeno-canto.org/14442,//creativecommons.org/licenses/by-nc-nd/2.5/,Chris Parrish,2007-06-11,song
train,American Robin,american_robin,Turdus,migratorius,14442,14442-13.wav,wavfiles/14442-13.wav,//www.xeno-canto.org/14442,//creativecommons.org/licenses/by-nc-nd/2.5/,Chris Parrish,2007-06-11,song
train,American Robin,american_robin,Turdus,migratorius,14442,14442-14.wav,wavfiles/14442-14.wav,//www.xeno-canto.org/14442,//creativecommons.org/licenses/by-nc-nd/2.5/,Chris Parrish,2007-06-11,song
train,American Robin,american_robin,Turdus,migratorius,14442,14442-2.wav,wavfiles/14442-2.wav,//www.xeno-canto.org/14442,//creativecommons.org/licenses/by-nc-nd/2.5/,Chris Parrish,2007-06-11,song
train,American Robin,american_robin,Turdus,migratorius,14442,14442-3.wav,wavfiles/14442-3.wav,//www.xeno-canto.org/14442,//creativecommons.org/licenses/by-nc-nd/2.5/,Chris Parrish,2007-06-11,song
train,American Robin,american_robin,Turdus,migratorius,14442,14442-5.wav,wavfiles/14442-5.wav,//www.xeno-canto.org/14442,//creativecommons.org/licenses/by-nc-nd/2.5/,Chris Parrish,2007-06-11,song
train,American Robin,american_robin,Turdus,migratorius,14442,14442-6.wav,wavfiles/14442-6.wav,//www.xeno-canto.org/14442,//creativecommons.org/licenses/by-nc-nd/2.5/,Chris Parrish,2007-06-11,song
train,American Robin,american_robin,Turdus,migratorius,14442,14442-7.wav,wavfiles/14442-7.wav,//www.xeno-canto.org/14442,//creativecommons.org/licenses/by-nc-nd/2.5/,Chris Parrish,2007-06-11,song
train,American Robin,american_robin,Turdus,migratorius,14442,14442-8.wav,wavfiles/14442-8.wav,//www.xeno-canto.org/14442,//creativecommons.org/licenses/by-nc-nd/2.5/,Chris Parrish,2007-06-11,song
train,American Robin,american_robin,Turdus,migratorius,14442,14442-9.wav,wavfiles/14442-9.wav,//www.xeno-canto.org/14442,//creativecommons.org/licenses/by-nc-nd/2.5/,Chris Parrish,2007-06-11,song
train,American Robin,american_robin,Turdus,migratorius,34766,34766-0.wav,wavfiles/34766-0.wav,//www.xeno-canto.org/34766,//creativecommons.org/licenses/by-nc-nd/2.5/,Andrew Spencer,2009-05-08,song
train,American Robin,american_robin,Turdus,migratorius,34766,34766-1.wav,wavfiles/34766-1.wav,//www.xeno-canto.org/34766,//creativecommons.org/licenses/by-nc-nd/2.5/,Andrew Spencer,2009-05-08,song
train,American Robin,american_robin,Turdus,migratorius,34766,34766-10.wav,wavfiles/34766-10.wav,//www.xeno-canto.org/34766,//creativecommons.org/licenses/by-nc-nd/2.5/,Andrew Spencer,2009-05-08,song
train,American Robin,american_robin,Turdus,migratorius,34766,34766-11.wav,wavfiles/34766-11.wav,//www.xeno-canto.org/34766,//creativecommons.org/licenses/by-nc-nd/2.5/,Andrew Spencer,2009-05-08,song
train,American Robin,american_robin,Turdus,migratorius,34766,34766-12.wav,wavfiles/34766-12.wav,//www.xeno-canto.org/34766,//creativecommons.org/licenses/by-nc-nd/2.5/,Andrew Spencer,2009-05-08,song
train,American Robin,american_robin,Turdus,migratorius,34766,34766-2.wav,wavfiles/34766-2.wav,//www.xeno-canto.org/34766,//creativecommons.org/licenses/by-nc-nd/2.5/,Andrew Spencer,2009-05-08,song
train,American Robin,american_robin,Turdus,migratorius,34766,34766-3.wav,wavfiles/34766-3.wav,//www.xeno-canto.org/34766,//creativecommons.org/licenses/by-nc-nd/2.5/,Andrew Spencer,2009-05-08,song
train,American Robin,american_robin,Turdus,migratorius,34766,34766-4.wav,wavfiles/34766-4.wav,//www.xeno-canto.org/34766,//creativecommons.org/licenses/by-nc-nd/2.5/,Andrew Spencer,2009-05-08,song
train,American Robin,american_robin,Turdus,migratorius,34766,34766-5.wav,wavfiles/34766-5.wav,//www.xeno-canto.org/34766,//creativecommons.org/licenses/by-nc-nd/2.5/,Andrew Spencer,2009-05-08,song
train,American Robin,american_robin,Turdus,migratorius,34766,34766-6.wav,wavfiles/34766-6.wav,//www.xeno-canto.org/34766,//creativecommons.org/licenses/by-nc-nd/2.5/,Andrew Spencer,2009-05-08,song
train,American Robin,american_robin,Turdus,migratorius,34766,34766-7.wav,wavfiles/34766-7.wav,//www.xeno-canto.org/34766,//creativecommons.org/licenses/by-nc-nd/2.5/,Andrew Spencer,2009-05-08,song
train,American Robin,american_robin,Turdus,migratorius,34766,34766-8.wav,wavfiles/34766-8.wav,//www.xeno-canto.org/34766,//creativecommons.org/licenses/by-nc-nd/2.5/,Andrew Spencer,2009-05-08,song
train,American Robin,american_robin,Turdus,migratorius,34766,34766-9.wav,wavfiles/34766-9.wav,//www.xeno-canto.org/34766,//creativecommons.org/licenses/by-nc-nd/2.5/,Andrew Spencer,2009-05-08,song
train,American Robin,american_robin,Turdus,migratorius,78683,78683-0.wav,wavfiles/78683-0.wav,//www.xeno-canto.org/78683,//creativecommons.org/licenses/by-nc-nd/2.5/,Andrew Spencer,2011-05-26,song
train,American Robin,american_robin,Turdus,migratorius,78683,78683-1.wav,wavfiles/78683-1.wav,//www.xeno-canto.org/78683,//creativecommons.org/licenses/by-nc-nd/2.5/,Andrew Spencer,2011-05-26,song
train,American Robin,american_robin,Turdus,migratorius,78683,78683-10.wav,wavfiles/78683-10.wav,//www.xeno-canto.org/78683,//creativecommons.org/licenses/by-nc-nd/2.5/,Andrew Spencer,2011-05-26,song
train,American Robin,american_robin,Turdus,migratorius,78683,78683-11.wav,wavfiles/78683-11.wav,//www.xeno-canto.org/78683,//creativecommons.org/licenses/by-nc-nd/2.5/,Andrew Spencer,2011-05-26,song
train,American Robin,american_robin,Turdus,migratorius,78683,78683-2.wav,wavfiles/78683-2.wav,//www.xeno-canto.org/78683,//creativecommons.org/licenses/by-nc-nd/2.5/,Andrew Spencer,2011-05-26,song
train,American Robin,american_robin,Turdus,migratorius,78683,78683-3.wav,wavfiles/78683-3.wav,//www.xeno-canto.org/78683,//creativecommons.org/licenses/by-nc-nd/2.5/,Andrew Spencer,2011-05-26,song
train,American Robin,american_robin,Turdus,migratorius,78683,78683-4.wav,wavfiles/78683-4.wav,//www.xeno-canto.org/78683,//creativecommons.org/licenses/by-nc-nd/2.5/,Andrew Spencer,2011-05-26,song
train,American Robin,american_robin,Turdus,migratorius,78683,78683-5.wav,wavfiles/78683-5.wav,//www.xeno-canto.org/78683,//creativecommons.org/licenses/by-nc-nd/2.5/,Andrew Spencer,2011-05-26,song
train,American Robin,american_robin,Turdus,migratorius,78683,78683-6.wav,wavfiles/78683-6.wav,//www.xeno-canto.org/78683,//creativecommons.org/licenses/by-nc-nd/2.5/,Andrew Spencer,2011-05-26,song
train,American Robin,american_robin,Turdus,migratorius,78683,78683-7.wav,wavfiles/78683-7.wav,//www.xeno-canto.org/78683,//creativecommons.org/licenses/by-nc-nd/2.5/,Andrew Spencer,2011-05-26,song
train,American Robin,american_robin,Turdus,migratorius,78683,78683-8.wav,wavfiles/78683-8.wav,//www.xeno-canto.org/78683,//creativecommons.org/licenses/by-nc-nd/2.5/,Andrew Spencer,2011-05-26,song
train,American Robin,american_robin,Turdus,migratorius,78683,78683-9.wav,wavfiles/78683-9.wav,//www.xeno-canto.org/78683,//creativecommons.org/licenses/by-nc-nd/2.5/,Andrew Spencer,2011-05-26,song
train,American Robin,american_robin,Turdus,migratorius,96869,96869-0.wav,wavfiles/96869-0.wav,//www.xeno-canto.org/96869,//creativecommons.org/licenses/by-nc-nd/2.5/,Daniel Lane,2012-03-11,"call, song"
train,American Robin,american_robin,Turdus,migratorius,96869,96869-1.wav,wavfiles/96869-1.wav,//www.xeno-canto.org/96869,//creativecommons.org/licenses/by-nc-nd/2.5/,Daniel Lane,2012-03-11,"call, song"
train,American Robin,american_robin,Turdus,migratorius,96869,96869-10.wav,wavfiles/96869-10.wav,//www.xeno-canto.org/96869,//creativecommons.org/licenses/by-nc-nd/2.5/,Daniel Lane,2012-03-11,"call, song"
train,American Robin,american_robin,Turdus,migratorius,96869,96869-11.wav,wavfiles/96869-11.wav,//www.xeno-canto.org/96869,//creativecommons.org/licenses/by-nc-nd/2.5/,Daniel Lane,2012-03-11,"call, song"
train,American Robin,american_robin,Turdus,migratorius,96869,96869-2.wav,wavfiles/96869-2.wav,//www.xeno-canto.org/96869,//creativecommons.org/licenses/by-nc-nd/2.5/,Daniel Lane,2012-03-11,"call, song"
train,American Robin,american_robin,Turdus,migratorius,96869,96869-3.wav,wavfiles/96869-3.wav,//www.xeno-canto.org/96869,//creativecommons.org/licenses/by-nc-nd/2.5/,Daniel Lane,2012-03-11,"call, song"
train,American Robin,american_robin,Turdus,migratorius,96869,96869-4.wav,wavfiles/96869-4.wav,//www.xeno-canto.org/96869,//creativecommons.org/licenses/by-nc-nd/2.5/,Daniel Lane,2012-03-11,"call, song"
train,American Robin,american_robin,Turdus,migratorius,96869,96869-5.wav,wavfiles/96869-5.wav,//www.xeno-canto.org/96869,//creativecommons.org/licenses/by-nc-nd/2.5/,Daniel Lane,2012-03-11,"call, song"
train,American Robin,american_robin,Turdus,migratorius,96869,96869-6.wav,wavfiles/96869-6.wav,//www.xeno-canto.org/96869,//creativecommons.org/licenses/by-nc-nd/2.5/,Daniel Lane,2012-03-11,"call, song"
train,American Robin,american_robin,Turdus,migratorius,96869,96869-7.wav,wavfiles/96869-7.wav,//www.xeno-canto.org/96869,//creativecommons.org/licenses/by-nc-nd/2.5/,Daniel Lane,2012-03-11,"call, song"
train,American Robin,american_robin,Turdus,migratorius,96869,96869-8.wav,wavfiles/96869-8.wav,//www.xeno-canto.org/96869,//creativecommons.org/licenses/by-nc-nd/2.5/,Daniel Lane,2012-03-11,"call, song"
train,American Robin,american_robin,Turdus,migratorius,96869,96869-9.wav,wavfiles/96869-9.wav,//www.xeno-canto.org/96869,//creativecommons.org/licenses/by-nc-nd/2.5/,Daniel Lane,2012-03-11,"call, song"
train,American Robin,american_robin,Turdus,migratorius,97957,97957-0.wav,wavfiles/97957-0.wav,//www.xeno-canto.org/97957,//creativecommons.org/licenses/by-nc-nd/2.5/,Ryan P. O'Donnell,2012-03-31,Song
train,American Robin,american_robin,Turdus,migratorius,97957,97957-1.wav,wavfiles/97957-1.wav,//www.xeno-canto.org/97957,//creativecommons.org/licenses/by-nc-nd/2.5/,Ryan P. O'Donnell,2012-03-31,Song
train,American Robin,american_robin,Turdus,migratorius,97957,97957-10.wav,wavfiles/97957-10.wav,//www.xeno-canto.org/97957,//creativecommons.org/licenses/by-nc-nd/2.5/,Ryan P. O'Donnell,2012-03-31,Song
train,American Robin,american_robin,Turdus,migratorius,97957,97957-11.wav,wavfiles/97957-11.wav,//www.xeno-canto.org/97957,//creativecommons.org/licenses/by-nc-nd/2.5/,Ryan P. O'Donnell,2012-03-31,Song
train,American Robin,american_robin,Turdus,migratorius,97957,97957-12.wav,wavfiles/97957-12.wav,//www.xeno-canto.org/97957,//creativecommons.org/licenses/by-nc-nd/2.5/,Ryan P. O'Donnell,2012-03-31,Song
train,American Robin,american_robin,Turdus,migratorius,97957,97957-13.wav,wavfiles/97957-13.wav,//www.xeno-canto.org/97957,//creativecommons.org/licenses/by-nc-nd/2.5/,Ryan P. O'Donnell,2012-03-31,Song
train,American Robin,american_robin,Turdus,migratorius,97957,97957-14.wav,wavfiles/97957-14.wav,//www.xeno-canto.org/97957,//creativecommons.org/licenses/by-nc-nd/2.5/,Ryan P. O'Donnell,2012-03-31,Song
train,American Robin,american_robin,Turdus,migratorius,97957,97957-15.wav,wavfiles/97957-15.wav,//www.xeno-canto.org/97957,//creativecommons.org/licenses/by-nc-nd/2.5/,Ryan P. O'Donnell,2012-03-31,Song
train,American Robin,american_robin,Turdus,migratorius,97957,97957-16.wav,wavfiles/97957-16.wav,//www.xeno-canto.org/97957,//creativecommons.org/licenses/by-nc-nd/2.5/,Ryan P. O'Donnell,2012-03-31,Song
train,American Robin,american_robin,Turdus,migratorius,97957,97957-17.wav,wavfiles/97957-17.wav,//www.xeno-canto.org/97957,//creativecommons.org/licenses/by-nc-nd/2.5/,Ryan P. O'Donnell,2012-03-31,Song
train,American Robin,american_robin,Turdus,migratorius,97957,97957-2.wav,wavfiles/97957-2.wav,//www.xeno-canto.org/97957,//creativecommons.org/licenses/by-nc-nd/2.5/,Ryan P. O'Donnell,2012-03-31,Song
train,American Robin,american_robin,Turdus,migratorius,97957,97957-3.wav,wavfiles/97957-3.wav,//www.xeno-canto.org/97957,//creativecommons.org/licenses/by-nc-nd/2.5/,Ryan P. O'Donnell,2012-03-31,Song
train,American Robin,american_robin,Turdus,migratorius,97957,97957-4.wav,wavfiles/97957-4.wav,//www.xeno-canto.org/97957,//creativecommons.org/licenses/by-nc-nd/2.5/,Ryan P. O'Donnell,2012-03-31,Song
train,American Robin,american_robin,Turdus,migratorius,97957,97957-5.wav,wavfiles/97957-5.wav,//www.xeno-canto.org/97957,//creativecommons.org/licenses/by-nc-nd/2.5/,Ryan P. O'Donnell,2012-03-31,Song
train,American Robin,american_robin,Turdus,migratorius,97957,97957-6.wav,wavfiles/97957-6.wav,//www.xeno-canto.org/97957,//creativecommons.org/licenses/by-nc-nd/2.5/,Ryan P. O'Donnell,2012-03-31,Song
train,American Robin,american_robin,Turdus,migratorius,97957,97957-7.wav,wavfiles/97957-7.wav,//www.xeno-canto.org/97957,//creativecommons.org/licenses/by-nc-nd/2.5/,Ryan P. O'Donnell,2012-03-31,Song
train,American Robin,american_robin,Turdus,migratorius,97957,97957-8.wav,wavfiles/97957-8.wav,//www.xeno-canto.org/97957,//creativecommons.org/licenses/by-nc-nd/2.5/,Ryan P. O'Donnell,2012-03-31,Song
train,American Robin,american_robin,Turdus,migratorius,97957,97957-9.wav,wavfiles/97957-9.wav,//www.xeno-canto.org/97957,//creativecommons.org/licenses/by-nc-nd/2.5/,Ryan P. O'Donnell,2012-03-31,Song
train,American Robin,american_robin,Turdus,migratorius,103059,103059-0.wav,wavfiles/103059-0.wav,//www.xeno-canto.org/103059,//creativecommons.org/licenses/by-nc-nd/2.5/,Eric DeFonso,2010-06-16,song
train,American Robin,american_robin,Turdus,migratorius,103059,103059-1.wav,wavfiles/103059-1.wav,//www.xeno-canto.org/103059,//creativecommons.org/licenses/by-nc-nd/2.5/,Eric DeFonso,2010-06-16,song
train,American Robin,american_robin,Turdus,migratorius,103059,103059-10.wav,wavfiles/103059-10.wav,//www.xeno-canto.org/103059,//creativecommons.org/licenses/by-nc-nd/2.5/,Eric DeFonso,2010-06-16,song
train,American Robin,american_robin,Turdus,migratorius,103059,103059-11.wav,wavfiles/103059-11.wav,//www.xeno-canto.org/103059,//creativecommons.org/licenses/by-nc-nd/2.5/,Eric DeFonso,2010-06-16,song
train,American Robin,american_robin,Turdus,migratorius,103059,103059-12.wav,wavfiles/103059-12.wav,//www.xeno-canto.org/103059,//creativecommons.org/licenses/by-nc-nd/2.5/,Eric DeFonso,2010-06-16,song
train,American Robin,american_robin,Turdus,migratorius,103059,103059-13.wav,wavfiles/103059-13.wav,//www.xeno-canto.org/103059,//creativecommons.org/licenses/by-nc-nd/2.5/,Eric DeFonso,2010-06-16,song
train,American Robin,american_robin,Turdus,migratorius,103059,103059-14.wav,wavfiles/103059-14.wav,//www.xeno-canto.org/103059,//creativecommons.org/licenses/by-nc-nd/2.5/,Eric DeFonso,2010-06-16,song
train,American Robin,american_robin,Turdus,migratorius,103059,103059-15.wav,wavfiles/103059-15.wav,//www.xeno-canto.org/103059,//creativecommons.org/licenses/by-nc-nd/2.5/,Eric DeFonso,2010-06-16,song
train,American Robin,american_robin,Turdus,migratorius,103059,103059-2.wav,wavfiles/103059-2.wav,//www.xeno-canto.org/103059,//creativecommons.org/licenses/by-nc-nd/2.5/,Eric DeFonso,2010-06-16,song
train,American Robin,american_robin,Turdus,migratorius,103059,103059-3.wav,wavfiles/103059-3.wav,//www.xeno-canto.org/103059,//creativecommons.org/licenses/by-nc-nd/2.5/,Eric DeFonso,2010-06-16,song
train,American Robin,american_robin,Turdus,migratorius,103059,103059-4.wav,wavfiles/103059-4.wav,//www.xeno-canto.org/103059,//creativecommons.org/licenses/by-nc-nd/2.5/,Eric DeFonso,2010-06-16,song
train,American Robin,american_robin,Turdus,migratorius,103059,103059-5.wav,wavfiles/103059-5.wav,//www.xeno-canto.org/103059,//creativecommons.org/licenses/by-nc-nd/2.5/,Eric DeFonso,2010-06-16,song
train,American Robin,american_robin,Turdus,migratorius,103059,103059-6.wav,wavfiles/103059-6.wav,//www.xeno-canto.org/103059,//creativecommons.org/licenses/by-nc-nd/2.5/,Eric DeFonso,2010-06-16,song
train,American Robin,american_robin,Turdus,migratorius,103059,103059-7.wav,wavfiles/103059-7.wav,//www.xeno-canto.org/103059,//creativecommons.org/licenses/by-nc-nd/2.5/,Eric DeFonso,2010-06-16,song
train,American Robin,american_robin,Turdus,migratorius,103059,103059-8.wav,wavfiles/103059-8.wav,//www.xeno-canto.org/103059,//creativecommons.org/licenses/by-nc-nd/2.5/,Eric DeFonso,2010-06-16,song
train,American Robin,american_robin,Turdus,migratorius,103059,103059-9.wav,wavfiles/103059-9.wav,//www.xeno-canto.org/103059,//creativecommons.org/licenses/by-nc-nd/2.5/,Eric DeFonso,2010-06-16,song
train,American Robin,american_robin,Turdus,migratorius,103060,103060-0.wav,wavfiles/103060-0.wav,//www.xeno-canto.org/103060,//creativecommons.org/licenses/by-nc-nd/2.5/,Eric DeFonso,2010-06-16,song
train,American Robin,american_robin,Turdus,migratorius,103060,103060-1.wav,wavfiles/103060-1.wav,//www.xeno-canto.org/103060,//creativecommons.org/licenses/by-nc-nd/2.5/,Eric DeFonso,2010-06-16,song
train,American Robin,american_robin,Turdus,migratorius,103060,103060-10.wav,wavfiles/103060-10.wav,//www.xeno-canto.org/103060,//creativecommons.org/licenses/by-nc-nd/2.5/,Eric DeFonso,2010-06-16,song
train,American Robin,american_robin,Turdus,migratorius,103060,103060-11.wav,wavfiles/103060-11.wav,//www.xeno-canto.org/103060,//creativecommons.org/licenses/by-nc-nd/2.5/,Eric DeFonso,2010-06-16,song
train,American Robin,american_robin,Turdus,migratorius,103060,103060-12.wav,wavfiles/103060-12.wav,//www.xeno-canto.org/103060,//creativecommons.org/licenses/by-nc-nd/2.5/,Eric DeFonso,2010-06-16,song
train,American Robin,american_robin,Turdus,migratorius,103060,103060-13.wav,wavfiles/103060-13.wav,//www.xeno-canto.org/103060,//creativecommons.org/licenses/by-nc-nd/2.5/,Eric DeFonso,2010-06-16,song
train,American Robin,american_robin,Turdus,migratorius,103060,103060-14.wav,wavfiles/103060-14.wav,//www.xeno-canto.org/103060,//creativecommons.org/licenses/by-nc-nd/2.5/,Eric DeFonso,2010-06-16,song
train,American Robin,american_robin,Turdus,migratorius,103060,103060-15.wav,wavfiles/103060-15.wav,//www.xeno-canto.org/103060,//creativecommons.org/licenses/by-nc-nd/2.5/,Eric DeFonso,2010-06-16,song
train,American Robin,american_robin,Turdus,migratorius,103060,103060-16.wav,wavfiles/103060-16.wav,//www.xeno-canto.org/103060,//creativecommons.org/licenses/by-nc-nd/2.5/,Eric DeFonso,2010-06-16,song
train,American Robin,american_robin,Turdus,migratorius,103060,103060-2.wav,wavfiles/103060-2.wav,//www.xeno-canto.org/103060,//creativecommons.org/licenses/by-nc-nd/2.5/,Eric DeFonso,2010-06-16,song
train,American Robin,american_robin,Turdus,migratorius,103060,103060-3.wav,wavfiles/103060-3.wav,//www.xeno-canto.org/103060,//creativecommons.org/licenses/by-nc-nd/2.5/,Eric DeFonso,2010-06-16,song
train,American Robin,american_robin,Turdus,migratorius,103060,103060-4.wav,wavfiles/103060-4.wav,//www.xeno-canto.org/103060,//creativecommons.org/licenses/by-nc-nd/2.5/,Eric DeFonso,2010-06-16,song
train,American Robin,american_robin,Turdus,migratorius,103060,103060-5.wav,wavfiles/103060-5.wav,//www.xeno-canto.org/103060,//creativecommons.org/licenses/by-nc-nd/2.5/,Eric DeFonso,2010-06-16,song
train,American Robin,american_robin,Turdus,migratorius,103060,103060-6.wav,wavfiles/103060-6.wav,//www.xeno-canto.org/103060,//creativecommons.org/licenses/by-nc-nd/2.5/,Eric DeFonso,2010-06-16,song
train,American Robin,american_robin,Turdus,migratorius,103060,103060-7.wav,wavfiles/103060-7.wav,//www.xeno-canto.org/103060,//creativecommons.org/licenses/by-nc-nd/2.5/,Eric DeFonso,2010-06-16,song
train,American Robin,american_robin,Turdus,migratorius,103060,103060-9.wav,wavfiles/103060-9.wav,//www.xeno-canto.org/103060,//creativecommons.org/licenses/by-nc-nd/2.5/,Eric DeFonso,2010-06-16,song
train,American Robin,american_robin,Turdus,migratorius,128490,128490-0.wav,wavfiles/128490-0.wav,//www.xeno-canto.org/128490,//creativecommons.org/licenses/by-sa/3.0/,Jonathon Jongsma,2013-04-03,song
train,American Robin,american_robin,Turdus,migratorius,128490,128490-1.wav,wavfiles/128490-1.wav,//www.xeno-canto.org/128490,//creativecommons.org/licenses/by-sa/3.0/,Jonathon Jongsma,2013-04-03,song
train,American Robin,american_robin,Turdus,migratorius,128490,128490-2.wav,wavfiles/128490-2.wav,//www.xeno-canto.org/128490,//creativecommons.org/licenses/by-sa/3.0/,Jonathon Jongsma,2013-04-03,song
train,American Robin,american_robin,Turdus,migratorius,128490,128490-3.wav,wavfiles/128490-3.wav,//www.xeno-canto.org/128490,//creativecommons.org/licenses/by-sa/3.0/,Jonathon Jongsma,2013-04-03,song
train,American Robin,american_robin,Turdus,migratorius,128490,128490-4.wav,wavfiles/128490-4.wav,//www.xeno-canto.org/128490,//creativecommons.org/licenses/by-sa/3.0/,Jonathon Jongsma,2013-04-03,song
train,American Robin,american_robin,Turdus,migratorius,128490,128490-5.wav,wavfiles/128490-5.wav,//www.xeno-canto.org/128490,//creativecommons.org/licenses/by-sa/3.0/,Jonathon Jongsma,2013-04-03,song
train,American Robin,american_robin,Turdus,migratorius,128490,128490-6.wav,wavfiles/128490-6.wav,//www.xeno-canto.org/128490,//creativecommons.org/licenses/by-sa/3.0/,Jonathon Jongsma,2013-04-03,song
train,American Robin,american_robin,Turdus,migratorius,128490,128490-7.wav,wavfiles/128490-7.wav,//www.xeno-canto.org/128490,//creativecommons.org/licenses/by-sa/3.0/,Jonathon Jongsma,2013-04-03,song
train,American Robin,american_robin,Turdus,migratorius,128490,128490-8.wav,wavfiles/128490-8.wav,//www.xeno-canto.org/128490,//creativecommons.org/licenses/by-sa/3.0/,Jonathon Jongsma,2013-04-03,song
train,American Robin,american_robin,Turdus,migratorius,128490,128490-9.wav,wavfiles/128490-9.wav,//www.xeno-canto.org/128490,//creativecommons.org/licenses/by-sa/3.0/,Jonathon Jongsma,2013-04-03,song
train,American Robin,american_robin,Turdus,migratorius,132864,132864-0.wav,wavfiles/132864-0.wav,//www.xeno-canto.org/132864,//creativecommons.org/licenses/by-sa/3.0/,Jonathon Jongsma,2013-05-05,"call, song"
train,American Robin,american_robin,Turdus,migratorius,132864,132864-1.wav,wavfiles/132864-1.wav,//www.xeno-canto.org/132864,//creativecommons.org/licenses/by-sa/3.0/,Jonathon Jongsma,2013-05-05,"call, song"
train,American Robin,american_robin,Turdus,migratorius,132864,132864-2.wav,wavfiles/132864-2.wav,//www.xeno-canto.org/132864,//creativecommons.org/licenses/by-sa/3.0/,Jonathon Jongsma,2013-05-05,"call, song"
train,American Robin,american_robin,Turdus,migratorius,132864,132864-4.wav,wavfiles/132864-4.wav,//www.xeno-canto.org/132864,//creativecommons.org/licenses/by-sa/3.0/,Jonathon Jongsma,2013-05-05,"call, song"
train,American Robin,american_robin,Turdus,migratorius,132864,132864-5.wav,wavfiles/132864-5.wav,//www.xeno-canto.org/132864,//creativecommons.org/licenses/by-sa/3.0/,Jonathon Jongsma,2013-05-05,"call, song"
train,American Robin,american_robin,Turdus,migratorius,132864,132864-6.wav,wavfiles/132864-6.wav,//www.xeno-canto.org/132864,//creativecommons.org/licenses/by-sa/3.0/,Jonathon Jongsma,2013-05-05,"call, song"
train,American Robin,american_robin,Turdus,migratorius,132864,132864-8.wav,wavfiles/132864-8.wav,//www.xeno-canto.org/132864,//creativecommons.org/licenses/by-sa/3.0/,Jonathon Jongsma,2013-05-05,"call, song"
train,American Robin,american_robin,Turdus,migratorius,132864,132864-9.wav,wavfiles/132864-9.wav,//www.xeno-canto.org/132864,//creativecommons.org/licenses/by-sa/3.0/,Jonathon Jongsma,2013-05-05,"call, song"
train,American Robin,american_robin,Turdus,migratorius,165291,165291-0.wav,wavfiles/165291-0.wav,//www.xeno-canto.org/165291,//creativecommons.org/licenses/by-nc-sa/3.0/,Paul Marvin,2011-05-16,song
train,American Robin,american_robin,Turdus,migratorius,165291,165291-10.wav,wavfiles/165291-10.wav,//www.xeno-canto.org/165291,//creativecommons.org/licenses/by-nc-sa/3.0/,Paul Marvin,2011-05-16,song
train,American Robin,american_robin,Turdus,migratorius,165291,165291-11.wav,wavfiles/165291-11.wav,//www.xeno-canto.org/165291,//creativecommons.org/licenses/by-nc-sa/3.0/,Paul Marvin,2011-05-16,song
train,American Robin,american_robin,Turdus,migratorius,165291,165291-12.wav,wavfiles/165291-12.wav,//www.xeno-canto.org/165291,//creativecommons.org/licenses/by-nc-sa/3.0/,Paul Marvin,2011-05-16,song
train,American Robin,american_robin,Turdus,migratorius,165291,165291-13.wav,wavfiles/165291-13.wav,//www.xeno-canto.org/165291,//creativecommons.org/licenses/by-nc-sa/3.0/,Paul Marvin,2011-05-16,song
train,American Robin,american_robin,Turdus,migratorius,165291,165291-14.wav,wavfiles/165291-14.wav,//www.xeno-canto.org/165291,//creativecommons.org/licenses/by-nc-sa/3.0/,Paul Marvin,2011-05-16,song
train,American Robin,american_robin,Turdus,migratorius,165291,165291-4.wav,wavfiles/165291-4.wav,//www.xeno-canto.org/165291,//creativecommons.org/licenses/by-nc-sa/3.0/,Paul Marvin,2011-05-16,song
train,American Robin,american_robin,Turdus,migratorius,165291,165291-5.wav,wavfiles/165291-5.wav,//www.xeno-canto.org/165291,//creativecommons.org/licenses/by-nc-sa/3.0/,Paul Marvin,2011-05-16,song
train,American Robin,american_robin,Turdus,migratorius,165291,165291-6.wav,wavfiles/165291-6.wav,//www.xeno-canto.org/165291,//creativecommons.org/licenses/by-nc-sa/3.0/,Paul Marvin,2011-05-16,song
train,American Robin,american_robin,Turdus,migratorius,165291,165291-7.wav,wavfiles/165291-7.wav,//www.xeno-canto.org/165291,//creativecommons.org/licenses/by-nc-sa/3.0/,Paul Marvin,2011-05-16,song
train,American Robin,american_robin,Turdus,migratorius,165291,165291-8.wav,wavfiles/165291-8.wav,//www.xeno-canto.org/165291,//creativecommons.org/licenses/by-nc-sa/3.0/,Paul Marvin,2011-05-16,song
train,American Robin,american_robin,Turdus,migratorius,165291,165291-9.wav,wavfiles/165291-9.wav,//www.xeno-canto.org/165291,//creativecommons.org/licenses/by-nc-sa/3.0/,Paul Marvin,2011-05-16,song
train,American Robin,american_robin,Turdus,migratorius,165292,165292-0.wav,wavfiles/165292-0.wav,//www.xeno-canto.org/165292,//creativecommons.org/licenses/by-nc-sa/3.0/,Paul Marvin,2011-05-16,song
train,American Robin,american_robin,Turdus,migratorius,165292,165292-1.wav,wavfiles/165292-1.wav,//www.xeno-canto.org/165292,//creativecommons.org/licenses/by-nc-sa/3.0/,Paul Marvin,2011-05-16,song
train,American Robin,american_robin,Turdus,migratorius,165292,165292-10.wav,wavfiles/165292-10.wav,//www.xeno-canto.org/165292,//creativecommons.org/licenses/by-nc-sa/3.0/,Paul Marvin,2011-05-16,song
train,American Robin,american_robin,Turdus,migratorius,165292,165292-11.wav,wavfiles/165292-11.wav,//www.xeno-canto.org/165292,//creativecommons.org/licenses/by-nc-sa/3.0/,Paul Marvin,2011-05-16,song
train,American Robin,american_robin,Turdus,migratorius,165292,165292-2.wav,wavfiles/165292-2.wav,//www.xeno-canto.org/165292,//creativecommons.org/licenses/by-nc-sa/3.0/,Paul Marvin,2011-05-16,song
train,American Robin,american_robin,Turdus,migratorius,165292,165292-3.wav,wavfiles/165292-3.wav,//www.xeno-canto.org/165292,//creativecommons.org/licenses/by-nc-sa/3.0/,Paul Marvin,2011-05-16,song
train,American Robin,american_robin,Turdus,migratorius,165292,165292-4.wav,wavfiles/165292-4.wav,//www.xeno-canto.org/165292,//creativecommons.org/licenses/by-nc-sa/3.0/,Paul Marvin,2011-05-16,song
train,American Robin,american_robin,Turdus,migratorius,165292,165292-5.wav,wavfiles/165292-5.wav,//www.xeno-canto.org/165292,//creativecommons.org/licenses/by-nc-sa/3.0/,Paul Marvin,2011-05-16,song
train,American Robin,american_robin,Turdus,migratorius,165292,165292-8.wav,wavfiles/165292-8.wav,//www.xeno-canto.org/165292,//creativecommons.org/licenses/by-nc-sa/3.0/,Paul Marvin,2011-05-16,song
train,American Robin,american_robin,Turdus,migratorius,165292,165292-9.wav,wavfiles/165292-9.wav,//www.xeno-canto.org/165292,//creativecommons.org/licenses/by-nc-sa/3.0/,Paul Marvin,2011-05-16,song
train,American Robin,american_robin,Turdus,migratorius,165304,165304-0.wav,wavfiles/165304-0.wav,//www.xeno-canto.org/165304,//creativecommons.org/licenses/by-nc-sa/3.0/,Paul Marvin,2012-05-31,song
train,American Robin,american_robin,Turdus,migratorius,165304,165304-1.wav,wavfiles/165304-1.wav,//www.xeno-canto.org/165304,//creativecommons.org/licenses/by-nc-sa/3.0/,Paul Marvin,2012-05-31,song
train,American Robin,american_robin,Turdus,migratorius,165304,165304-10.wav,wavfiles/165304-10.wav,//www.xeno-canto.org/165304,//creativecommons.org/licenses/by-nc-sa/3.0/,Paul Marvin,2012-05-31,song
train,American Robin,american_robin,Turdus,migratorius,165304,165304-11.wav,wavfiles/165304-11.wav,//www.xeno-canto.org/165304,//creativecommons.org/licenses/by-nc-sa/3.0/,Paul Marvin,2012-05-31,song
train,American Robin,american_robin,Turdus,migratorius,165304,165304-12.wav,wavfiles/165304-12.wav,//www.xeno-canto.org/165304,//creativecommons.org/licenses/by-nc-sa/3.0/,Paul Marvin,2012-05-31,song
train,American Robin,american_robin,Turdus,migratorius,165304,165304-13.wav,wavfiles/165304-13.wav,//www.xeno-canto.org/165304,//creativecommons.org/licenses/by-nc-sa/3.0/,Paul Marvin,2012-05-31,song
train,American Robin,american_robin,Turdus,migratorius,165304,165304-14.wav,wavfiles/165304-14.wav,//www.xeno-canto.org/165304,//creativecommons.org/licenses/by-nc-sa/3.0/,Paul Marvin,2012-05-31,song
train,American Robin,american_robin,Turdus,migratorius,165304,165304-15.wav,wavfiles/165304-15.wav,//www.xeno-canto.org/165304,//creativecommons.org/licenses/by-nc-sa/3.0/,Paul Marvin,2012-05-31,song
train,American Robin,american_robin,Turdus,migratorius,165304,165304-16.wav,wavfiles/165304-16.wav,//www.xeno-canto.org/165304,//creativecommons.org/licenses/by-nc-sa/3.0/,Paul Marvin,2012-05-31,song
train,American Robin,american_robin,Turdus,migratorius,165304,165304-2.wav,wavfiles/165304-2.wav,//www.xeno-canto.org/165304,//creativecommons.org/licenses/by-nc-sa/3.0/,Paul Marvin,2012-05-31,song
train,American Robin,american_robin,Turdus,migratorius,165304,165304-3.wav,wavfiles/165304-3.wav,//www.xeno-canto.org/165304,//creativecommons.org/licenses/by-nc-sa/3.0/,Paul Marvin,2012-05-31,song
train,American Robin,american_robin,Turdus,migratorius,165304,165304-4.wav,wavfiles/165304-4.wav,//www.xeno-canto.org/165304,//creativecommons.org/licenses/by-nc-sa/3.0/,Paul Marvin,2012-05-31,song
train,American Robin,american_robin,Turdus,migratorius,165304,165304-5.wav,wavfiles/165304-5.wav,//www.xeno-canto.org/165304,//creativecommons.org/licenses/by-nc-sa/3.0/,Paul Marvin,2012-05-31,song
train,American Robin,american_robin,Turdus,migratorius,165304,165304-6.wav,wavfiles/165304-6.wav,//www.xeno-canto.org/165304,//creativecommons.org/licenses/by-nc-sa/3.0/,Paul Marvin,2012-05-31,song
train,American Robin,american_robin,Turdus,migratorius,165304,165304-7.wav,wavfiles/165304-7.wav,//www.xeno-canto.org/165304,//creativecommons.org/licenses/by-nc-sa/3.0/,Paul Marvin,2012-05-31,song
train,American Robin,american_robin,Turdus,migratorius,165304,165304-8.wav,wavfiles/165304-8.wav,//www.xeno-canto.org/165304,//creativecommons.org/licenses/by-nc-sa/3.0/,Paul Marvin,2012-05-31,song
train,American Robin,american_robin,Turdus,migratorius,165304,165304-9.wav,wavfiles/165304-9.wav,//www.xeno-canto.org/165304,//creativecommons.org/licenses/by-nc-sa/3.0/,Paul Marvin,2012-05-31,song
train,American Robin,american_robin,Turdus,migratorius,172423,172423-4.wav,wavfiles/172423-4.wav,//www.xeno-canto.org/172423,//creativecommons.org/licenses/by-nc-sa/4.0/,Eric DeFonso,2013-03-28,song
train,American Robin,american_robin,Turdus,migratorius,172423,172423-5.wav,wavfiles/172423-5.wav,//www.xeno-canto.org/172423,//creativecommons.org/licenses/by-nc-sa/4.0/,Eric DeFonso,2013-03-28,song
train,American Robin,american_robin,Turdus,migratorius,175222,175222-0.wav,wavfiles/175222-0.wav,//www.xeno-canto.org/175222,//creativecommons.org/licenses/by-sa/4.0/,Jonathon Jongsma,2014-04-18,"call, whisper song"
train,American Robin,american_robin,Turdus,migratorius,175222,175222-1.wav,wavfiles/175222-1.wav,//www.xeno-canto.org/175222,//creativecommons.org/licenses/by-sa/4.0/,Jonathon Jongsma,2014-04-18,"call, whisper song"
train,American Robin,american_robin,Turdus,migratorius,175222,175222-10.wav,wavfiles/175222-10.wav,//www.xeno-canto.org/175222,//creativecommons.org/licenses/by-sa/4.0/,Jonathon Jongsma,2014-04-18,"call, whisper song"
train,American Robin,american_robin,Turdus,migratorius,175222,175222-11.wav,wavfiles/175222-11.wav,//www.xeno-canto.org/175222,//creativecommons.org/licenses/by-sa/4.0/,Jonathon Jongsma,2014-04-18,"call, whisper song"
train,American Robin,american_robin,Turdus,migratorius,175222,175222-2.wav,wavfiles/175222-2.wav,//www.xeno-canto.org/175222,//creativecommons.org/licenses/by-sa/4.0/,Jonathon Jongsma,2014-04-18,"call, whisper song"
train,American Robin,american_robin,Turdus,migratorius,175222,175222-3.wav,wavfiles/175222-3.wav,//www.xeno-canto.org/175222,//creativecommons.org/licenses/by-sa/4.0/,Jonathon Jongsma,2014-04-18,"call, whisper song"
train,American Robin,american_robin,Turdus,migratorius,175222,175222-6.wav,wavfiles/175222-6.wav,//www.xeno-canto.org/175222,//creativecommons.org/licenses/by-sa/4.0/,Jonathon Jongsma,2014-04-18,"call, whisper song"
train,American Robin,american_robin,Turdus,migratorius,175222,175222-7.wav,wavfiles/175222-7.wav,//www.xeno-canto.org/175222,//creativecommons.org/licenses/by-sa/4.0/,Jonathon Jongsma,2014-04-18,"call, whisper song"
train,American Robin,american_robin,Turdus,migratorius,175222,175222-8.wav,wavfiles/175222-8.wav,//www.xeno-canto.org/175222,//creativecommons.org/licenses/by-sa/4.0/,Jonathon Jongsma,2014-04-18,"call, whisper song"
train,American Robin,american_robin,Turdus,migratorius,175222,175222-9.wav,wavfiles/175222-9.wav,//www.xeno-canto.org/175222,//creativecommons.org/licenses/by-sa/4.0/,Jonathon Jongsma,2014-04-18,"call, whisper song"
train,American Robin,american_robin,Turdus,migratorius,177384,177384-10.wav,wavfiles/177384-10.wav,//www.xeno-canto.org/177384,//creativecommons.org/licenses/by-nc-sa/4.0/,Jorge de Leon Cardozo and Susan Hochgraf,2014-05-05,song
train,American Robin,american_robin,Turdus,migratorius,177384,177384-12.wav,wavfiles/177384-12.wav,//www.xeno-canto.org/177384,//creativecommons.org/licenses/by-nc-sa/4.0/,Jorge de Leon Cardozo and Susan Hochgraf,2014-05-05,song
train,American Robin,american_robin,Turdus,migratorius,177384,177384-13.wav,wavfiles/177384-13.wav,//www.xeno-canto.org/177384,//creativecommons.org/licenses/by-nc-sa/4.0/,Jorge de Leon Cardozo and Susan Hochgraf,2014-05-05,song
train,American Robin,american_robin,Turdus,migratorius,177384,177384-2.wav,wavfiles/177384-2.wav,//www.xeno-canto.org/177384,//creativecommons.org/licenses/by-nc-sa/4.0/,Jorge de Leon Cardozo and Susan Hochgraf,2014-05-05,song
train,American Robin,american_robin,Turdus,migratorius,177384,177384-3.wav,wavfiles/177384-3.wav,//www.xeno-canto.org/177384,//creativecommons.org/licenses/by-nc-sa/4.0/,Jorge de Leon Cardozo and Susan Hochgraf,2014-05-05,song
train,American Robin,american_robin,Turdus,migratorius,177384,177384-4.wav,wavfiles/177384-4.wav,//www.xeno-canto.org/177384,//creativecommons.org/licenses/by-nc-sa/4.0/,Jorge de Leon Cardozo and Susan Hochgraf,2014-05-05,song
train,American Robin,american_robin,Turdus,migratorius,177384,177384-5.wav,wavfiles/177384-5.wav,//www.xeno-canto.org/177384,//creativecommons.org/licenses/by-nc-sa/4.0/,Jorge de Leon Cardozo and Susan Hochgraf,2014-05-05,song
train,American Robin,american_robin,Turdus,migratorius,177384,177384-7.wav,wavfiles/177384-7.wav,//www.xeno-canto.org/177384,//creativecommons.org/licenses/by-nc-sa/4.0/,Jorge de Leon Cardozo and Susan Hochgraf,2014-05-05,song
train,American Robin,american_robin,Turdus,migratorius,177384,177384-8.wav,wavfiles/177384-8.wav,//www.xeno-canto.org/177384,//creativecommons.org/licenses/by-nc-sa/4.0/,Jorge de Leon Cardozo and Susan Hochgraf,2014-05-05,song
train,American Robin,american_robin,Turdus,migratorius,178008,178008-0.wav,wavfiles/178008-0.wav,//www.xeno-canto.org/178008,//creativecommons.org/licenses/by-nc-sa/4.0/,Thomas G. Graves,2014-05-04,song
train,American Robin,american_robin,Turdus,migratorius,178008,178008-1.wav,wavfiles/178008-1.wav,//www.xeno-canto.org/178008,//creativecommons.org/licenses/by-nc-sa/4.0/,Thomas G. Graves,2014-05-04,song
train,American Robin,american_robin,Turdus,migratorius,178008,178008-10.wav,wavfiles/178008-10.wav,//www.xeno-canto.org/178008,//creativecommons.org/licenses/by-nc-sa/4.0/,Thomas G. Graves,2014-05-04,song
train,American Robin,american_robin,Turdus,migratorius,178008,178008-11.wav,wavfiles/178008-11.wav,//www.xeno-canto.org/178008,//creativecommons.org/licenses/by-nc-sa/4.0/,Thomas G. Graves,2014-05-04,song
train,American Robin,american_robin,Turdus,migratorius,178008,178008-12.wav,wavfiles/178008-12.wav,//www.xeno-canto.org/178008,//creativecommons.org/licenses/by-nc-sa/4.0/,Thomas G. Graves,2014-05-04,song
train,American Robin,american_robin,Turdus,migratorius,178008,178008-2.wav,wavfiles/178008-2.wav,//www.xeno-canto.org/178008,//creativecommons.org/licenses/by-nc-sa/4.0/,Thomas G. Graves,2014-05-04,song
train,American Robin,american_robin,Turdus,migratorius,178008,178008-3.wav,wavfiles/178008-3.wav,//www.xeno-canto.org/178008,//creativecommons.org/licenses/by-nc-sa/4.0/,Thomas G. Graves,2014-05-04,song
train,American Robin,american_robin,Turdus,migratorius,178008,178008-4.wav,wavfiles/178008-4.wav,//www.xeno-canto.org/178008,//creativecommons.org/licenses/by-nc-sa/4.0/,Thomas G. Graves,2014-05-04,song
train,American Robin,american_robin,Turdus,migratorius,178008,178008-5.wav,wavfiles/178008-5.wav,//www.xeno-canto.org/178008,//creativecommons.org/licenses/by-nc-sa/4.0/,Thomas G. Graves,2014-05-04,song
train,American Robin,american_robin,Turdus,migratorius,178008,178008-8.wav,wavfiles/178008-8.wav,//www.xeno-canto.org/178008,//creativecommons.org/licenses/by-nc-sa/4.0/,Thomas G. Graves,2014-05-04,song
train,American Robin,american_robin,Turdus,migratorius,178008,178008-9.wav,wavfiles/178008-9.wav,//www.xeno-canto.org/178008,//creativecommons.org/licenses/by-nc-sa/4.0/,Thomas G. Graves,2014-05-04,song
train,American Robin,american_robin,Turdus,migratorius,190441,190441-0.wav,wavfiles/190441-0.wav,//www.xeno-canto.org/190441,//creativecommons.org/licenses/by-nc-nd/4.0/,Krzysztof Deoniziak,2014-08-01,song
train,American Robin,american_robin,Turdus,migratorius,190441,190441-1.wav,wavfiles/190441-1.wav,//www.xeno-canto.org/190441,//creativecommons.org/licenses/by-nc-nd/4.0/,Krzysztof Deoniziak,2014-08-01,song
train,American Robin,american_robin,Turdus,migratorius,190441,190441-10.wav,wavfiles/190441-10.wav,//www.xeno-canto.org/190441,//creativecommons.org/licenses/by-nc-nd/4.0/,Krzysztof Deoniziak,2014-08-01,song
train,American Robin,american_robin,Turdus,migratorius,190441,190441-11.wav,wavfiles/190441-11.wav,//www.xeno-canto.org/190441,//creativecommons.org/licenses/by-nc-nd/4.0/,Krzysztof Deoniziak,2014-08-01,song
train,American Robin,american_robin,Turdus,migratorius,190441,190441-12.wav,wavfiles/190441-12.wav,//www.xeno-canto.org/190441,//creativecommons.org/licenses/by-nc-nd/4.0/,Krzysztof Deoniziak,2014-08-01,song
train,American Robin,american_robin,Turdus,migratorius,190441,190441-13.wav,wavfiles/190441-13.wav,//www.xeno-canto.org/190441,//creativecommons.org/licenses/by-nc-nd/4.0/,Krzysztof Deoniziak,2014-08-01,song
train,American Robin,american_robin,Turdus,migratorius,190441,190441-14.wav,wavfiles/190441-14.wav,//www.xeno-canto.org/190441,//creativecommons.org/licenses/by-nc-nd/4.0/,Krzysztof Deoniziak,2014-08-01,song
train,American Robin,american_robin,Turdus,migratorius,190441,190441-15.wav,wavfiles/190441-15.wav,//www.xeno-canto.org/190441,//creativecommons.org/licenses/by-nc-nd/4.0/,Krzysztof Deoniziak,2014-08-01,song
train,American Robin,american_robin,Turdus,migratorius,190441,190441-2.wav,wavfiles/190441-2.wav,//www.xeno-canto.org/190441,//creativecommons.org/licenses/by-nc-nd/4.0/,Krzysztof Deoniziak,2014-08-01,song
train,American Robin,american_robin,Turdus,migratorius,190441,190441-3.wav,wavfiles/190441-3.wav,//www.xeno-canto.org/190441,//creativecommons.org/licenses/by-nc-nd/4.0/,Krzysztof Deoniziak,2014-08-01,song
train,American Robin,american_robin,Turdus,migratorius,190441,190441-4.wav,wavfiles/190441-4.wav,//www.xeno-canto.org/190441,//creativecommons.org/licenses/by-nc-nd/4.0/,Krzysztof Deoniziak,2014-08-01,song
train,American Robin,american_robin,Turdus,migratorius,190441,190441-5.wav,wavfiles/190441-5.wav,//www.xeno-canto.org/190441,//creativecommons.org/licenses/by-nc-nd/4.0/,Krzysztof Deoniziak,2014-08-01,song
train,American Robin,american_robin,Turdus,migratorius,190441,190441-6.wav,wavfiles/190441-6.wav,//www.xeno-canto.org/190441,//creativecommons.org/licenses/by-nc-nd/4.0/,Krzysztof Deoniziak,2014-08-01,song
train,American Robin,american_robin,Turdus,migratorius,190441,190441-8.wav,wavfiles/190441-8.wav,//www.xeno-canto.org/190441,//creativecommons.org/licenses/by-nc-nd/4.0/,Krzysztof Deoniziak,2014-08-01,song
train,American Robin,american_robin,Turdus,migratorius,190441,190441-9.wav,wavfiles/190441-9.wav,//www.xeno-canto.org/190441,//creativecommons.org/licenses/by-nc-nd/4.0/,Krzysztof Deoniziak,2014-08-01,song
train,American Robin,american_robin,Turdus,migratorius,190473,190473-0.wav,wavfiles/190473-0.wav,//www.xeno-canto.org/190473,//creativecommons.org/licenses/by-nc-nd/4.0/,Krzysztof Deoniziak,2014-08-08,"male, song"
train,American Robin,american_robin,Turdus,migratorius,190473,190473-1.wav,wavfiles/190473-1.wav,//www.xeno-canto.org/190473,//creativecommons.org/licenses/by-nc-nd/4.0/,Krzysztof Deoniziak,2014-08-08,"male, song"
train,American Robin,american_robin,Turdus,migratorius,190473,190473-10.wav,wavfiles/190473-10.wav,//www.xeno-canto.org/190473,//creativecommons.org/licenses/by-nc-nd/4.0/,Krzysztof Deoniziak,2014-08-08,"male, song"
train,American Robin,american_robin,Turdus,migratorius,190473,190473-11.wav,wavfiles/190473-11.wav,//www.xeno-canto.org/190473,//creativecommons.org/licenses/by-nc-nd/4.0/,Krzysztof Deoniziak,2014-08-08,"male, song"
train,American Robin,american_robin,Turdus,migratorius,190473,190473-12.wav,wavfiles/190473-12.wav,//www.xeno-canto.org/190473,//creativecommons.org/licenses/by-nc-nd/4.0/,Krzysztof Deoniziak,2014-08-08,"male, song"
train,American Robin,american_robin,Turdus,migratorius,190473,190473-13.wav,wavfiles/190473-13.wav,//www.xeno-canto.org/190473,//creativecommons.org/licenses/by-nc-nd/4.0/,Krzysztof Deoniziak,2014-08-08,"male, song"
train,American Robin,american_robin,Turdus,migratorius,190473,190473-14.wav,wavfiles/190473-14.wav,//www.xeno-canto.org/190473,//creativecommons.org/licenses/by-nc-nd/4.0/,Krzysztof Deoniziak,2014-08-08,"male, song"
train,American Robin,american_robin,Turdus,migratorius,190473,190473-2.wav,wavfiles/190473-2.wav,//www.xeno-canto.org/190473,//creativecommons.org/licenses/by-nc-nd/4.0/,Krzysztof Deoniziak,2014-08-08,"male, song"
train,American Robin,american_robin,Turdus,migratorius,190473,190473-3.wav,wavfiles/190473-3.wav,//www.xeno-canto.org/190473,//creativecommons.org/licenses/by-nc-nd/4.0/,Krzysztof Deoniziak,2014-08-08,"male, song"
train,American Robin,american_robin,Turdus,migratorius,190473,190473-4.wav,wavfiles/190473-4.wav,//www.xeno-canto.org/190473,//creativecommons.org/licenses/by-nc-nd/4.0/,Krzysztof Deoniziak,2014-08-08,"male, song"
train,American Robin,american_robin,Turdus,migratorius,190473,190473-5.wav,wavfiles/190473-5.wav,//www.xeno-canto.org/190473,//creativecommons.org/licenses/by-nc-nd/4.0/,Krzysztof Deoniziak,2014-08-08,"male, song"
train,American Robin,american_robin,Turdus,migratorius,190473,190473-6.wav,wavfiles/190473-6.wav,//www.xeno-canto.org/190473,//creativecommons.org/licenses/by-nc-nd/4.0/,Krzysztof Deoniziak,2014-08-08,"male, song"
train,American Robin,american_robin,Turdus,migratorius,190473,190473-7.wav,wavfiles/190473-7.wav,//www.xeno-canto.org/190473,//creativecommons.org/licenses/by-nc-nd/4.0/,Krzysztof Deoniziak,2014-08-08,"male, song"
train,American Robin,american_robin,Turdus,migratorius,190473,190473-8.wav,wavfiles/190473-8.wav,//www.xeno-canto.org/190473,//creativecommons.org/licenses/by-nc-nd/4.0/,Krzysztof Deoniziak,2014-08-08,"male, song"
train,American Robin,american_robin,Turdus,migratorius,190473,190473-9.wav,wavfiles/190473-9.wav,//www.xeno-canto.org/190473,//creativecommons.org/licenses/by-nc-nd/4.0/,Krzysztof Deoniziak,2014-08-08,"male, song"
train,American Robin,american_robin,Turdus,migratorius,309928,309928-0.wav,wavfiles/309928-0.wav,//www.xeno-canto.org/309928,//creativecommons.org/licenses/by-nc-sa/4.0/,J.R. Rigby,2016-04-01,"plastic song, song"
train,American Robin,american_robin,Turdus,migratorius,309928,309928-1.wav,wavfiles/309928-1.wav,//www.xeno-canto.org/309928,//creativecommons.org/licenses/by-nc-sa/4.0/,J.R. Rigby,2016-04-01,"plastic song, song"
train,American Robin,american_robin,Turdus,migratorius,309928,309928-2.wav,wavfiles/309928-2.wav,//www.xeno-canto.org/309928,//creativecommons.org/licenses/by-nc-sa/4.0/,J.R. Rigby,2016-04-01,"plastic song, song"
train,American Robin,american_robin,Turdus,migratorius,309928,309928-3.wav,wavfiles/309928-3.wav,//www.xeno-canto.org/309928,//creativecommons.org/licenses/by-nc-sa/4.0/,J.R. Rigby,2016-04-01,"plastic song, song"
train,American Robin,american_robin,Turdus,migratorius,309928,309928-4.wav,wavfiles/309928-4.wav,//www.xeno-canto.org/309928,//creativecommons.org/licenses/by-nc-sa/4.0/,J.R. Rigby,2016-04-01,"plastic song, song"
train,American Robin,american_robin,Turdus,migratorius,309928,309928-5.wav,wavfiles/309928-5.wav,//www.xeno-canto.org/309928,//creativecommons.org/licenses/by-nc-sa/4.0/,J.R. Rigby,2016-04-01,"plastic song, song"
train,American Robin,american_robin,Turdus,migratorius,309928,309928-6.wav,wavfiles/309928-6.wav,//www.xeno-canto.org/309928,//creativecommons.org/licenses/by-nc-sa/4.0/,J.R. Rigby,2016-04-01,"plastic song, song"
train,American Robin,american_robin,Turdus,migratorius,309928,309928-8.wav,wavfiles/309928-8.wav,//www.xeno-canto.org/309928,//creativecommons.org/licenses/by-nc-sa/4.0/,J.R. Rigby,2016-04-01,"plastic song, song"
train,American Robin,american_robin,Turdus,migratorius,313351,313351-0.wav,wavfiles/313351-0.wav,//www.xeno-canto.org/313351,//creativecommons.org/licenses/by-nc-sa/4.0/,Matt Wistrand,2016-04-21,"alarm call, song"
train,American Robin,american_robin,Turdus,migratorius,313351,313351-1.wav,wavfiles/313351-1.wav,//www.xeno-canto.org/313351,//creativecommons.org/licenses/by-nc-sa/4.0/,Matt Wistrand,2016-04-21,"alarm call, song"
train,American Robin,american_robin,Turdus,migratorius,313351,313351-10.wav,wavfiles/313351-10.wav,//www.xeno-canto.org/313351,//creativecommons.org/licenses/by-nc-sa/4.0/,Matt Wistrand,2016-04-21,"alarm call, song"
train,American Robin,american_robin,Turdus,migratorius,313351,313351-11.wav,wavfiles/313351-11.wav,//www.xeno-canto.org/313351,//creativecommons.org/licenses/by-nc-sa/4.0/,Matt Wistrand,2016-04-21,"alarm call, song"
train,American Robin,american_robin,Turdus,migratorius,313351,313351-2.wav,wavfiles/313351-2.wav,//www.xeno-canto.org/313351,//creativecommons.org/licenses/by-nc-sa/4.0/,Matt Wistrand,2016-04-21,"alarm call, song"
train,American Robin,american_robin,Turdus,migratorius,313351,313351-4.wav,wavfiles/313351-4.wav,//www.xeno-canto.org/313351,//creativecommons.org/licenses/by-nc-sa/4.0/,Matt Wistrand,2016-04-21,"alarm call, song"
train,American Robin,american_robin,Turdus,migratorius,313351,313351-5.wav,wavfiles/313351-5.wav,//www.xeno-canto.org/313351,//creativecommons.org/licenses/by-nc-sa/4.0/,Matt Wistrand,2016-04-21,"alarm call, song"
train,American Robin,american_robin,Turdus,migratorius,313351,313351-6.wav,wavfiles/313351-6.wav,//www.xeno-canto.org/313351,//creativecommons.org/licenses/by-nc-sa/4.0/,Matt Wistrand,2016-04-21,"alarm call, song"
train,American Robin,american_robin,Turdus,migratorius,313352,313352-0.wav,wavfiles/313352-0.wav,//www.xeno-canto.org/313352,//creativecommons.org/licenses/by-nc-sa/4.0/,Matt Wistrand,2016-04-20,song
train,American Robin,american_robin,Turdus,migratorius,313352,313352-1.wav,wavfiles/313352-1.wav,//www.xeno-canto.org/313352,//creativecommons.org/licenses/by-nc-sa/4.0/,Matt Wistrand,2016-04-20,song
train,American Robin,american_robin,Turdus,migratorius,313352,313352-10.wav,wavfiles/313352-10.wav,//www.xeno-canto.org/313352,//creativecommons.org/licenses/by-nc-sa/4.0/,Matt Wistrand,2016-04-20,song
train,American Robin,american_robin,Turdus,migratorius,313352,313352-11.wav,wavfiles/313352-11.wav,//www.xeno-canto.org/313352,//creativecommons.org/licenses/by-nc-sa/4.0/,Matt Wistrand,2016-04-20,song
train,American Robin,american_robin,Turdus,migratorius,313352,313352-12.wav,wavfiles/313352-12.wav,//www.xeno-canto.org/313352,//creativecommons.org/licenses/by-nc-sa/4.0/,Matt Wistrand,2016-04-20,song
train,American Robin,american_robin,Turdus,migratorius,313352,313352-13.wav,wavfiles/313352-13.wav,//www.xeno-canto.org/313352,//creativecommons.org/licenses/by-nc-sa/4.0/,Matt Wistrand,2016-04-20,song
train,American Robin,american_robin,Turdus,migratorius,313352,313352-14.wav,wavfiles/313352-14.wav,//www.xeno-canto.org/313352,//creativecommons.org/licenses/by-nc-sa/4.0/,Matt Wistrand,2016-04-20,song
train,American Robin,american_robin,Turdus,migratorius,313352,313352-2.wav,wavfiles/313352-2.wav,//www.xeno-canto.org/313352,//creativecommons.org/licenses/by-nc-sa/4.0/,Matt Wistrand,2016-04-20,song
train,American Robin,american_robin,Turdus,migratorius,313352,313352-3.wav,wavfiles/313352-3.wav,//www.xeno-canto.org/313352,//creativecommons.org/licenses/by-nc-sa/4.0/,Matt Wistrand,2016-04-20,song
train,American Robin,american_robin,Turdus,migratorius,313352,313352-4.wav,wavfiles/313352-4.wav,//www.xeno-canto.org/313352,//creativecommons.org/licenses/by-nc-sa/4.0/,Matt Wistrand,2016-04-20,song
train,American Robin,american_robin,Turdus,migratorius,313352,313352-7.wav,wavfiles/313352-7.wav,//www.xeno-canto.org/313352,//creativecommons.org/licenses/by-nc-sa/4.0/,Matt Wistrand,2016-04-20,song
train,American Robin,american_robin,Turdus,migratorius,313352,313352-8.wav,wavfiles/313352-8.wav,//www.xeno-canto.org/313352,//creativecommons.org/licenses/by-nc-sa/4.0/,Matt Wistrand,2016-04-20,song
train,American Robin,american_robin,Turdus,migratorius,313352,313352-9.wav,wavfiles/313352-9.wav,//www.xeno-canto.org/313352,//creativecommons.org/licenses/by-nc-sa/4.0/,Matt Wistrand,2016-04-20,song
train,American Robin,american_robin,Turdus,migratorius,320724,320724-0.wav,wavfiles/320724-0.wav,//www.xeno-canto.org/320724,//creativecommons.org/licenses/by-nc-sa/4.0/,Nick Komar,2016-04-06,song
train,American Robin,american_robin,Turdus,migratorius,320724,320724-1.wav,wavfiles/320724-1.wav,//www.xeno-canto.org/320724,//creativecommons.org/licenses/by-nc-sa/4.0/,Nick Komar,2016-04-06,song
train,American Robin,american_robin,Turdus,migratorius,320724,320724-10.wav,wavfiles/320724-10.wav,//www.xeno-canto.org/320724,//creativecommons.org/licenses/by-nc-sa/4.0/,Nick Komar,2016-04-06,song
train,American Robin,american_robin,Turdus,migratorius,320724,320724-13.wav,wavfiles/320724-13.wav,//www.xeno-canto.org/320724,//creativecommons.org/licenses/by-nc-sa/4.0/,Nick Komar,2016-04-06,song
train,American Robin,american_robin,Turdus,migratorius,320724,320724-14.wav,wavfiles/320724-14.wav,//www.xeno-canto.org/320724,//creativecommons.org/licenses/by-nc-sa/4.0/,Nick Komar,2016-04-06,song
train,American Robin,american_robin,Turdus,migratorius,320724,320724-15.wav,wavfiles/320724-15.wav,//www.xeno-canto.org/320724,//creativecommons.org/licenses/by-nc-sa/4.0/,Nick Komar,2016-04-06,song
train,American Robin,american_robin,Turdus,migratorius,320724,320724-2.wav,wavfiles/320724-2.wav,//www.xeno-canto.org/320724,//creativecommons.org/licenses/by-nc-sa/4.0/,Nick Komar,2016-04-06,song
train,American Robin,american_robin,Turdus,migratorius,320724,320724-3.wav,wavfiles/320724-3.wav,//www.xeno-canto.org/320724,//creativecommons.org/licenses/by-nc-sa/4.0/,Nick Komar,2016-04-06,song
train,American Robin,american_robin,Turdus,migratorius,320724,320724-4.wav,wavfiles/320724-4.wav,//www.xeno-canto.org/320724,//creativecommons.org/licenses/by-nc-sa/4.0/,Nick Komar,2016-04-06,song
train,American Robin,american_robin,Turdus,migratorius,320724,320724-5.wav,wavfiles/320724-5.wav,//www.xeno-canto.org/320724,//creativecommons.org/licenses/by-nc-sa/4.0/,Nick Komar,2016-04-06,song
train,American Robin,american_robin,Turdus,migratorius,320724,320724-6.wav,wavfiles/320724-6.wav,//www.xeno-canto.org/320724,//creativecommons.org/licenses/by-nc-sa/4.0/,Nick Komar,2016-04-06,song
train,American Robin,american_robin,Turdus,migratorius,320724,320724-7.wav,wavfiles/320724-7.wav,//www.xeno-canto.org/320724,//creativecommons.org/licenses/by-nc-sa/4.0/,Nick Komar,2016-04-06,song
train,American Robin,american_robin,Turdus,migratorius,320724,320724-8.wav,wavfiles/320724-8.wav,//www.xeno-canto.org/320724,//creativecommons.org/licenses/by-nc-sa/4.0/,Nick Komar,2016-04-06,song
train,American Robin,american_robin,Turdus,migratorius,320724,320724-9.wav,wavfiles/320724-9.wav,//www.xeno-canto.org/320724,//creativecommons.org/licenses/by-nc-sa/4.0/,Nick Komar,2016-04-06,song
train,American Robin,american_robin,Turdus,migratorius,322565,322565-0.wav,wavfiles/322565-0.wav,//www.xeno-canto.org/322565,//creativecommons.org/licenses/by-nc-sa/4.0/,Richard E. Webster,2015-05-20,song
train,American Robin,american_robin,Turdus,migratorius,322565,322565-1.wav,wavfiles/322565-1.wav,//www.xeno-canto.org/322565,//creativecommons.org/licenses/by-nc-sa/4.0/,Richard E. Webster,2015-05-20,song
train,American Robin,american_robin,Turdus,migratorius,322565,322565-10.wav,wavfiles/322565-10.wav,//www.xeno-canto.org/322565,//creativecommons.org/licenses/by-nc-sa/4.0/,Richard E. Webster,2015-05-20,song
train,American Robin,american_robin,Turdus,migratorius,322565,322565-11.wav,wavfiles/322565-11.wav,//www.xeno-canto.org/322565,//creativecommons.org/licenses/by-nc-sa/4.0/,Richard E. Webster,2015-05-20,song
train,American Robin,american_robin,Turdus,migratorius,322565,322565-12.wav,wavfiles/322565-12.wav,//www.xeno-canto.org/322565,//creativecommons.org/licenses/by-nc-sa/4.0/,Richard E. Webster,2015-05-20,song
train,American Robin,american_robin,Turdus,migratorius,322565,322565-13.wav,wavfiles/322565-13.wav,//www.xeno-canto.org/322565,//creativecommons.org/licenses/by-nc-sa/4.0/,Richard E. Webster,2015-05-20,song
train,American Robin,american_robin,Turdus,migratorius,322565,322565-2.wav,wavfiles/322565-2.wav,//www.xeno-canto.org/322565,//creativecommons.org/licenses/by-nc-sa/4.0/,Richard E. Webster,2015-05-20,song
train,American Robin,american_robin,Turdus,migratorius,322565,322565-3.wav,wavfiles/322565-3.wav,//www.xeno-canto.org/322565,//creativecommons.org/licenses/by-nc-sa/4.0/,Richard E. Webster,2015-05-20,song
train,American Robin,american_robin,Turdus,migratorius,322565,322565-4.wav,wavfiles/322565-4.wav,//www.xeno-canto.org/322565,//creativecommons.org/licenses/by-nc-sa/4.0/,Richard E. Webster,2015-05-20,song
train,American Robin,american_robin,Turdus,migratorius,322565,322565-5.wav,wavfiles/322565-5.wav,//www.xeno-canto.org/322565,//creativecommons.org/licenses/by-nc-sa/4.0/,Richard E. Webster,2015-05-20,song
train,American Robin,american_robin,Turdus,migratorius,322565,322565-6.wav,wavfiles/322565-6.wav,//www.xeno-canto.org/322565,//creativecommons.org/licenses/by-nc-sa/4.0/,Richard E. Webster,2015-05-20,song
train,American Robin,american_robin,Turdus,migratorius,322565,322565-7.wav,wavfiles/322565-7.wav,//www.xeno-canto.org/322565,//creativecommons.org/licenses/by-nc-sa/4.0/,Richard E. Webster,2015-05-20,song
train,American Robin,american_robin,Turdus,migratorius,322565,322565-8.wav,wavfiles/322565-8.wav,//www.xeno-canto.org/322565,//creativecommons.org/licenses/by-nc-sa/4.0/,Richard E. Webster,2015-05-20,song
train,American Robin,american_robin,Turdus,migratorius,322565,322565-9.wav,wavfiles/322565-9.wav,//www.xeno-canto.org/322565,//creativecommons.org/licenses/by-nc-sa/4.0/,Richard E. Webster,2015-05-20,song
train,American Robin,american_robin,Turdus,migratorius,322572,322572-0.wav,wavfiles/322572-0.wav,//www.xeno-canto.org/322572,//creativecommons.org/licenses/by-nc-sa/4.0/,Richard E. Webster,2015-06-03,vesper song
train,American Robin,american_robin,Turdus,migratorius,322572,322572-1.wav,wavfiles/322572-1.wav,//www.xeno-canto.org/322572,//creativecommons.org/licenses/by-nc-sa/4.0/,Richard E. Webster,2015-06-03,vesper song
train,American Robin,american_robin,Turdus,migratorius,322572,322572-10.wav,wavfiles/322572-10.wav,//www.xeno-canto.org/322572,//creativecommons.org/licenses/by-nc-sa/4.0/,Richard E. Webster,2015-06-03,vesper song
train,American Robin,american_robin,Turdus,migratorius,322572,322572-11.wav,wavfiles/322572-11.wav,//www.xeno-canto.org/322572,//creativecommons.org/licenses/by-nc-sa/4.0/,Richard E. Webster,2015-06-03,vesper song
train,American Robin,american_robin,Turdus,migratorius,322572,322572-12.wav,wavfiles/322572-12.wav,//www.xeno-canto.org/322572,//creativecommons.org/licenses/by-nc-sa/4.0/,Richard E. Webster,2015-06-03,vesper song
train,American Robin,american_robin,Turdus,migratorius,322572,322572-13.wav,wavfiles/322572-13.wav,//www.xeno-canto.org/322572,//creativecommons.org/licenses/by-nc-sa/4.0/,Richard E. Webster,2015-06-03,vesper song
train,American Robin,american_robin,Turdus,migratorius,322572,322572-14.wav,wavfiles/322572-14.wav,//www.xeno-canto.org/322572,//creativecommons.org/licenses/by-nc-sa/4.0/,Richard E. Webster,2015-06-03,vesper song
train,American Robin,american_robin,Turdus,migratorius,322572,322572-15.wav,wavfiles/322572-15.wav,//www.xeno-canto.org/322572,//creativecommons.org/licenses/by-nc-sa/4.0/,Richard E. Webster,2015-06-03,vesper song
train,American Robin,american_robin,Turdus,migratorius,322572,322572-16.wav,wavfiles/322572-16.wav,//www.xeno-canto.org/322572,//creativecommons.org/licenses/by-nc-sa/4.0/,Richard E. Webster,2015-06-03,vesper song
train,American Robin,american_robin,Turdus,migratorius,322572,322572-2.wav,wavfiles/322572-2.wav,//www.xeno-canto.org/322572,//creativecommons.org/licenses/by-nc-sa/4.0/,Richard E. Webster,2015-06-03,vesper song
train,American Robin,american_robin,Turdus,migratorius,322572,322572-3.wav,wavfiles/322572-3.wav,//www.xeno-canto.org/322572,//creativecommons.org/licenses/by-nc-sa/4.0/,Richard E. Webster,2015-06-03,vesper song
train,American Robin,american_robin,Turdus,migratorius,322572,322572-4.wav,wavfiles/322572-4.wav,//www.xeno-canto.org/322572,//creativecommons.org/licenses/by-nc-sa/4.0/,Richard E. Webster,2015-06-03,vesper song
train,American Robin,american_robin,Turdus,migratorius,322572,322572-5.wav,wavfiles/322572-5.wav,//www.xeno-canto.org/322572,//creativecommons.org/licenses/by-nc-sa/4.0/,Richard E. Webster,2015-06-03,vesper song
train,American Robin,american_robin,Turdus,migratorius,322572,322572-6.wav,wavfiles/322572-6.wav,//www.xeno-canto.org/322572,//creativecommons.org/licenses/by-nc-sa/4.0/,Richard E. Webster,2015-06-03,vesper song
train,American Robin,american_robin,Turdus,migratorius,322572,322572-7.wav,wavfiles/322572-7.wav,//www.xeno-canto.org/322572,//creativecommons.org/licenses/by-nc-sa/4.0/,Richard E. Webster,2015-06-03,vesper song
train,American Robin,american_robin,Turdus,migratorius,322572,322572-8.wav,wavfiles/322572-8.wav,//www.xeno-canto.org/322572,//creativecommons.org/licenses/by-nc-sa/4.0/,Richard E. Webster,2015-06-03,vesper song
train,American Robin,american_robin,Turdus,migratorius,322572,322572-9.wav,wavfiles/322572-9.wav,//www.xeno-canto.org/322572,//creativecommons.org/licenses/by-nc-sa/4.0/,Richard E. Webster,2015-06-03,vesper song
train,American Robin,american_robin,Turdus,migratorius,322734,322734-0.wav,wavfiles/322734-0.wav,//www.xeno-canto.org/322734,//creativecommons.org/licenses/by-nc-sa/4.0/,Sue Riffe,2016-06-11,song
train,American Robin,american_robin,Turdus,migratorius,322734,322734-1.wav,wavfiles/322734-1.wav,//www.xeno-canto.org/322734,//creativecommons.org/licenses/by-nc-sa/4.0/,Sue Riffe,2016-06-11,song
train,American Robin,american_robin,Turdus,migratorius,322734,322734-2.wav,wavfiles/322734-2.wav,//www.xeno-canto.org/322734,//creativecommons.org/licenses/by-nc-sa/4.0/,Sue Riffe,2016-06-11,song
train,American Robin,american_robin,Turdus,migratorius,322734,322734-3.wav,wavfiles/322734-3.wav,//www.xeno-canto.org/322734,//creativecommons.org/licenses/by-nc-sa/4.0/,Sue Riffe,2016-06-11,song
train,American Robin,american_robin,Turdus,migratorius,322734,322734-4.wav,wavfiles/322734-4.wav,//www.xeno-canto.org/322734,//creativecommons.org/licenses/by-nc-sa/4.0/,Sue Riffe,2016-06-11,song
train,American Robin,american_robin,Turdus,migratorius,322734,322734-5.wav,wavfiles/322734-5.wav,//www.xeno-canto.org/322734,//creativecommons.org/licenses/by-nc-sa/4.0/,Sue Riffe,2016-06-11,song
train,American Robin,american_robin,Turdus,migratorius,322734,322734-7.wav,wavfiles/322734-7.wav,//www.xeno-canto.org/322734,//creativecommons.org/licenses/by-nc-sa/4.0/,Sue Riffe,2016-06-11,song
train,American Robin,american_robin,Turdus,migratorius,322734,322734-8.wav,wavfiles/322734-8.wav,//www.xeno-canto.org/322734,//creativecommons.org/licenses/by-nc-sa/4.0/,Sue Riffe,2016-06-11,song
train,American Robin,american_robin,Turdus,migratorius,322734,322734-9.wav,wavfiles/322734-9.wav,//www.xeno-canto.org/322734,//creativecommons.org/licenses/by-nc-sa/4.0/,Sue Riffe,2016-06-11,song
train,American Robin,american_robin,Turdus,migratorius,322821,322821-0.wav,wavfiles/322821-0.wav,//www.xeno-canto.org/322821,//creativecommons.org/licenses/by-nc-nd/4.0/,Peter Boesman,2016-06-01,song
train,American Robin,american_robin,Turdus,migratorius,322821,322821-1.wav,wavfiles/322821-1.wav,//www.xeno-canto.org/322821,//creativecommons.org/licenses/by-nc-nd/4.0/,Peter Boesman,2016-06-01,song
train,American Robin,american_robin,Turdus,migratorius,322821,322821-10.wav,wavfiles/322821-10.wav,//www.xeno-canto.org/322821,//creativecommons.org/licenses/by-nc-nd/4.0/,Peter Boesman,2016-06-01,song
train,American Robin,american_robin,Turdus,migratorius,322821,322821-11.wav,wavfiles/322821-11.wav,//www.xeno-canto.org/322821,//creativecommons.org/licenses/by-nc-nd/4.0/,Peter Boesman,2016-06-01,song
train,American Robin,american_robin,Turdus,migratorius,322821,322821-12.wav,wavfiles/322821-12.wav,//www.xeno-canto.org/322821,//creativecommons.org/licenses/by-nc-nd/4.0/,Peter Boesman,2016-06-01,song
train,American Robin,american_robin,Turdus,migratorius,322821,322821-13.wav,wavfiles/322821-13.wav,//www.xeno-canto.org/322821,//creativecommons.org/licenses/by-nc-nd/4.0/,Peter Boesman,2016-06-01,song
train,American Robin,american_robin,Turdus,migratorius,322821,322821-14.wav,wavfiles/322821-14.wav,//www.xeno-canto.org/322821,//creativecommons.org/licenses/by-nc-nd/4.0/,Peter Boesman,2016-06-01,song
train,American Robin,american_robin,Turdus,migratorius,322821,322821-15.wav,wavfiles/322821-15.wav,//www.xeno-canto.org/322821,//creativecommons.org/licenses/by-nc-nd/4.0/,Peter Boesman,2016-06-01,song
train,American Robin,american_robin,Turdus,migratorius,322821,322821-2.wav,wavfiles/322821-2.wav,//www.xeno-canto.org/322821,//creativecommons.org/licenses/by-nc-nd/4.0/,Peter Boesman,2016-06-01,song
train,American Robin,american_robin,Turdus,migratorius,322821,322821-5.wav,wavfiles/322821-5.wav,//www.xeno-canto.org/322821,//creativecommons.org/licenses/by-nc-nd/4.0/,Peter Boesman,2016-06-01,song
train,American Robin,american_robin,Turdus,migratorius,322821,322821-6.wav,wavfiles/322821-6.wav,//www.xeno-canto.org/322821,//creativecommons.org/licenses/by-nc-nd/4.0/,Peter Boesman,2016-06-01,song
train,American Robin,american_robin,Turdus,migratorius,322821,322821-7.wav,wavfiles/322821-7.wav,//www.xeno-canto.org/322821,//creativecommons.org/licenses/by-nc-nd/4.0/,Peter Boesman,2016-06-01,song
train,American Robin,american_robin,Turdus,migratorius,322821,322821-8.wav,wavfiles/322821-8.wav,//www.xeno-canto.org/322821,//creativecommons.org/licenses/by-nc-nd/4.0/,Peter Boesman,2016-06-01,song
train,American Robin,american_robin,Turdus,migratorius,322821,322821-9.wav,wavfiles/322821-9.wav,//www.xeno-canto.org/322821,//creativecommons.org/licenses/by-nc-nd/4.0/,Peter Boesman,2016-06-01,song
train,American Robin,american_robin,Turdus,migratorius,322884,322884-0.wav,wavfiles/322884-0.wav,//www.xeno-canto.org/322884,//creativecommons.org/licenses/by-nc-nd/4.0/,Peter Boesman,2016-06-02,song
train,American Robin,american_robin,Turdus,migratorius,322884,322884-1.wav,wavfiles/322884-1.wav,//www.xeno-canto.org/322884,//creativecommons.org/licenses/by-nc-nd/4.0/,Peter Boesman,2016-06-02,song
train,American Robin,american_robin,Turdus,migratorius,322884,322884-10.wav,wavfiles/322884-10.wav,//www.xeno-canto.org/322884,//creativecommons.org/licenses/by-nc-nd/4.0/,Peter Boesman,2016-06-02,song
train,American Robin,american_robin,Turdus,migratorius,322884,322884-11.wav,wavfiles/322884-11.wav,//www.xeno-canto.org/322884,//creativecommons.org/licenses/by-nc-nd/4.0/,Peter Boesman,2016-06-02,song
train,American Robin,american_robin,Turdus,migratorius,322884,322884-2.wav,wavfiles/322884-2.wav,//www.xeno-canto.org/322884,//creativecommons.org/licenses/by-nc-nd/4.0/,Peter Boesman,2016-06-02,song
train,American Robin,american_robin,Turdus,migratorius,322884,322884-3.wav,wavfiles/322884-3.wav,//www.xeno-canto.org/322884,//creativecommons.org/licenses/by-nc-nd/4.0/,Peter Boesman,2016-06-02,song
train,American Robin,american_robin,Turdus,migratorius,322884,322884-4.wav,wavfiles/322884-4.wav,//www.xeno-canto.org/322884,//creativecommons.org/licenses/by-nc-nd/4.0/,Peter Boesman,2016-06-02,song
train,American Robin,american_robin,Turdus,migratorius,322884,322884-5.wav,wavfiles/322884-5.wav,//www.xeno-canto.org/322884,//creativecommons.org/licenses/by-nc-nd/4.0/,Peter Boesman,2016-06-02,song
train,American Robin,american_robin,Turdus,migratorius,322884,322884-6.wav,wavfiles/322884-6.wav,//www.xeno-canto.org/322884,//creativecommons.org/licenses/by-nc-nd/4.0/,Peter Boesman,2016-06-02,song
train,American Robin,american_robin,Turdus,migratorius,322884,322884-7.wav,wavfiles/322884-7.wav,//www.xeno-canto.org/322884,//creativecommons.org/licenses/by-nc-nd/4.0/,Peter Boesman,2016-06-02,song
train,American Robin,american_robin,Turdus,migratorius,322884,322884-8.wav,wavfiles/322884-8.wav,//www.xeno-canto.org/322884,//creativecommons.org/licenses/by-nc-nd/4.0/,Peter Boesman,2016-06-02,song
train,American Robin,american_robin,Turdus,migratorius,322884,322884-9.wav,wavfiles/322884-9.wav,//www.xeno-canto.org/322884,//creativecommons.org/licenses/by-nc-nd/4.0/,Peter Boesman,2016-06-02,song
train,American Robin,american_robin,Turdus,migratorius,322887,322887-0.wav,wavfiles/322887-0.wav,//www.xeno-canto.org/322887,//creativecommons.org/licenses/by-nc-nd/4.0/,Peter Boesman,2016-06-02,"call, song"
train,American Robin,american_robin,Turdus,migratorius,322887,322887-1.wav,wavfiles/322887-1.wav,//www.xeno-canto.org/322887,//creativecommons.org/licenses/by-nc-nd/4.0/,Peter Boesman,2016-06-02,"call, song"
train,American Robin,american_robin,Turdus,migratorius,322887,322887-10.wav,wavfiles/322887-10.wav,//www.xeno-canto.org/322887,//creativecommons.org/licenses/by-nc-nd/4.0/,Peter Boesman,2016-06-02,"call, song"
train,American Robin,american_robin,Turdus,migratorius,322887,322887-11.wav,wavfiles/322887-11.wav,//www.xeno-canto.org/322887,//creativecommons.org/licenses/by-nc-nd/4.0/,Peter Boesman,2016-06-02,"call, song"
train,American Robin,american_robin,Turdus,migratorius,322887,322887-12.wav,wavfiles/322887-12.wav,//www.xeno-canto.org/322887,//creativecommons.org/licenses/by-nc-nd/4.0/,Peter Boesman,2016-06-02,"call, song"
train,American Robin,american_robin,Turdus,migratorius,322887,322887-13.wav,wavfiles/322887-13.wav,//www.xeno-canto.org/322887,//creativecommons.org/licenses/by-nc-nd/4.0/,Peter Boesman,2016-06-02,"call, song"
train,American Robin,american_robin,Turdus,migratorius,322887,322887-14.wav,wavfiles/322887-14.wav,//www.xeno-canto.org/322887,//creativecommons.org/licenses/by-nc-nd/4.0/,Peter Boesman,2016-06-02,"call, song"
train,American Robin,american_robin,Turdus,migratorius,322887,322887-2.wav,wavfiles/322887-2.wav,//www.xeno-canto.org/322887,//creativecommons.org/licenses/by-nc-nd/4.0/,Peter Boesman,2016-06-02,"call, song"
train,American Robin,american_robin,Turdus,migratorius,322887,322887-3.wav,wavfiles/322887-3.wav,//www.xeno-canto.org/322887,//creativecommons.org/licenses/by-nc-nd/4.0/,Peter Boesman,2016-06-02,"call, song"
train,American Robin,american_robin,Turdus,migratorius,322887,322887-4.wav,wavfiles/322887-4.wav,//www.xeno-canto.org/322887,//creativecommons.org/licenses/by-nc-nd/4.0/,Peter Boesman,2016-06-02,"call, song"
train,American Robin,american_robin,Turdus,migratorius,322887,322887-5.wav,wavfiles/322887-5.wav,//www.xeno-canto.org/322887,//creativecommons.org/licenses/by-nc-nd/4.0/,Peter Boesman,2016-06-02,"call, song"
train,American Robin,american_robin,Turdus,migratorius,322887,322887-6.wav,wavfiles/322887-6.wav,//www.xeno-canto.org/322887,//creativecommons.org/licenses/by-nc-nd/4.0/,Peter Boesman,2016-06-02,"call, song"
train,American Robin,american_robin,Turdus,migratorius,322887,322887-7.wav,wavfiles/322887-7.wav,//www.xeno-canto.org/322887,//creativecommons.org/licenses/by-nc-nd/4.0/,Peter Boesman,2016-06-02,"call, song"
train,American Robin,american_robin,Turdus,migratorius,322887,322887-8.wav,wavfiles/322887-8.wav,//www.xeno-canto.org/322887,//creativecommons.org/licenses/by-nc-nd/4.0/,Peter Boesman,2016-06-02,"call, song"
train,American Robin,american_robin,Turdus,migratorius,322887,322887-9.wav,wavfiles/322887-9.wav,//www.xeno-canto.org/322887,//creativecommons.org/licenses/by-nc-nd/4.0/,Peter Boesman,2016-06-02,"call, song"
train,American Robin,american_robin,Turdus,migratorius,351861,351861-0.wav,wavfiles/351861-0.wav,//www.xeno-canto.org/351861,//creativecommons.org/licenses/by-nc-sa/4.0/,Richard E. Webster,1995-05-20,song
train,American Robin,american_robin,Turdus,migratorius,351861,351861-1.wav,wavfiles/351861-1.wav,//www.xeno-canto.org/351861,//creativecommons.org/licenses/by-nc-sa/4.0/,Richard E. Webster,1995-05-20,song
train,American Robin,american_robin,Turdus,migratorius,351861,351861-10.wav,wavfiles/351861-10.wav,//www.xeno-canto.org/351861,//creativecommons.org/licenses/by-nc-sa/4.0/,Richard E. Webster,1995-05-20,song
train,American Robin,american_robin,Turdus,migratorius,351861,351861-2.wav,wavfiles/351861-2.wav,//www.xeno-canto.org/351861,//creativecommons.org/licenses/by-nc-sa/4.0/,Richard E. Webster,1995-05-20,song
train,American Robin,american_robin,Turdus,migratorius,351861,351861-3.wav,wavfiles/351861-3.wav,//www.xeno-canto.org/351861,//creativecommons.org/licenses/by-nc-sa/4.0/,Richard E. Webster,1995-05-20,song
train,American Robin,american_robin,Turdus,migratorius,351861,351861-4.wav,wavfiles/351861-4.wav,//www.xeno-canto.org/351861,//creativecommons.org/licenses/by-nc-sa/4.0/,Richard E. Webster,1995-05-20,song
train,American Robin,american_robin,Turdus,migratorius,351861,351861-5.wav,wavfiles/351861-5.wav,//www.xeno-canto.org/351861,//creativecommons.org/licenses/by-nc-sa/4.0/,Richard E. Webster,1995-05-20,song
train,American Robin,american_robin,Turdus,migratorius,351861,351861-6.wav,wavfiles/351861-6.wav,//www.xeno-canto.org/351861,//creativecommons.org/licenses/by-nc-sa/4.0/,Richard E. Webster,1995-05-20,song
train,American Robin,american_robin,Turdus,migratorius,351861,351861-7.wav,wavfiles/351861-7.wav,//www.xeno-canto.org/351861,//creativecommons.org/licenses/by-nc-sa/4.0/,Richard E. Webster,1995-05-20,song
train,American Robin,american_robin,Turdus,migratorius,351861,351861-8.wav,wavfiles/351861-8.wav,//www.xeno-canto.org/351861,//creativecommons.org/licenses/by-nc-sa/4.0/,Richard E. Webster,1995-05-20,song
train,American Robin,american_robin,Turdus,migratorius,351861,351861-9.wav,wavfiles/351861-9.wav,//www.xeno-canto.org/351861,//creativecommons.org/licenses/by-nc-sa/4.0/,Richard E. Webster,1995-05-20,song
train,American Robin,american_robin,Turdus,migratorius,351863,351863-0.wav,wavfiles/351863-0.wav,//www.xeno-canto.org/351863,//creativecommons.org/licenses/by-nc-sa/4.0/,Richard E. Webster,1995-05-20,song
train,American Robin,american_robin,Turdus,migratorius,351863,351863-1.wav,wavfiles/351863-1.wav,//www.xeno-canto.org/351863,//creativecommons.org/licenses/by-nc-sa/4.0/,Richard E. Webster,1995-05-20,song
train,American Robin,american_robin,Turdus,migratorius,351863,351863-10.wav,wavfiles/351863-10.wav,//www.xeno-canto.org/351863,//creativecommons.org/licenses/by-nc-sa/4.0/,Richard E. Webster,1995-05-20,song
train,American Robin,american_robin,Turdus,migratorius,351863,351863-11.wav,wavfiles/351863-11.wav,//www.xeno-canto.org/351863,//creativecommons.org/licenses/by-nc-sa/4.0/,Richard E. Webster,1995-05-20,song
train,American Robin,american_robin,Turdus,migratorius,351863,351863-12.wav,wavfiles/351863-12.wav,//www.xeno-canto.org/351863,//creativecommons.org/licenses/by-nc-sa/4.0/,Richard E. Webster,1995-05-20,song
train,American Robin,american_robin,Turdus,migratorius,351863,351863-13.wav,wavfiles/351863-13.wav,//www.xeno-canto.org/351863,//creativecommons.org/licenses/by-nc-sa/4.0/,Richard E. Webster,1995-05-20,song
train,American Robin,american_robin,Turdus,migratorius,351863,351863-2.wav,wavfiles/351863-2.wav,//www.xeno-canto.org/351863,//creativecommons.org/licenses/by-nc-sa/4.0/,Richard E. Webster,1995-05-20,song
train,American Robin,american_robin,Turdus,migratorius,351863,351863-3.wav,wavfiles/351863-3.wav,//www.xeno-canto.org/351863,//creativecommons.org/licenses/by-nc-sa/4.0/,Richard E. Webster,1995-05-20,song
train,American Robin,american_robin,Turdus,migratorius,351863,351863-4.wav,wavfiles/351863-4.wav,//www.xeno-canto.org/351863,//creativecommons.org/licenses/by-nc-sa/4.0/,Richard E. Webster,1995-05-20,song
train,American Robin,american_robin,Turdus,migratorius,351863,351863-5.wav,wavfiles/351863-5.wav,//www.xeno-canto.org/351863,//creativecommons.org/licenses/by-nc-sa/4.0/,Richard E. Webster,1995-05-20,song
train,American Robin,american_robin,Turdus,migratorius,351863,351863-6.wav,wavfiles/351863-6.wav,//www.xeno-canto.org/351863,//creativecommons.org/licenses/by-nc-sa/4.0/,Richard E. Webster,1995-05-20,song
train,American Robin,american_robin,Turdus,migratorius,351863,351863-7.wav,wavfiles/351863-7.wav,//www.xeno-canto.org/351863,//creativecommons.org/licenses/by-nc-sa/4.0/,Richard E. Webster,1995-05-20,song
train,American Robin,american_robin,Turdus,migratorius,351863,351863-8.wav,wavfiles/351863-8.wav,//www.xeno-canto.org/351863,//creativecommons.org/licenses/by-nc-sa/4.0/,Richard E. Webster,1995-05-20,song
train,American Robin,american_robin,Turdus,migratorius,351863,351863-9.wav,wavfiles/351863-9.wav,//www.xeno-canto.org/351863,//creativecommons.org/licenses/by-nc-sa/4.0/,Richard E. Webster,1995-05-20,song
train,American Robin,american_robin,Turdus,migratorius,367008,367008-0.wav,wavfiles/367008-0.wav,//www.xeno-canto.org/367008,//creativecommons.org/licenses/by-nc-sa/4.0/,Jorge de Leon Cardozo,2017-04-24,song
train,American Robin,american_robin,Turdus,migratorius,367008,367008-1.wav,wavfiles/367008-1.wav,//www.xeno-canto.org/367008,//creativecommons.org/licenses/by-nc-sa/4.0/,Jorge de Leon Cardozo,2017-04-24,song
train,American Robin,american_robin,Turdus,migratorius,367008,367008-10.wav,wavfiles/367008-10.wav,//www.xeno-canto.org/367008,//creativecommons.org/licenses/by-nc-sa/4.0/,Jorge de Leon Cardozo,2017-04-24,song
train,American Robin,american_robin,Turdus,migratorius,367008,367008-11.wav,wavfiles/367008-11.wav,//www.xeno-canto.org/367008,//creativecommons.org/licenses/by-nc-sa/4.0/,Jorge de Leon Cardozo,2017-04-24,song
train,American Robin,american_robin,Turdus,migratorius,367008,367008-12.wav,wavfiles/367008-12.wav,//www.xeno-canto.org/367008,//creativecommons.org/licenses/by-nc-sa/4.0/,Jorge de Leon Cardozo,2017-04-24,song
train,American Robin,american_robin,Turdus,migratorius,367008,367008-14.wav,wavfiles/367008-14.wav,//www.xeno-canto.org/367008,//creativecommons.org/licenses/by-nc-sa/4.0/,Jorge de Leon Cardozo,2017-04-24,song
train,American Robin,american_robin,Turdus,migratorius,367008,367008-15.wav,wavfiles/367008-15.wav,//www.xeno-canto.org/367008,//creativecommons.org/licenses/by-nc-sa/4.0/,Jorge de Leon Cardozo,2017-04-24,song
train,American Robin,american_robin,Turdus,migratorius,367008,367008-16.wav,wavfiles/367008-16.wav,//www.xeno-canto.org/367008,//creativecommons.org/licenses/by-nc-sa/4.0/,Jorge de Leon Cardozo,2017-04-24,song
train,American Robin,american_robin,Turdus,migratorius,367008,367008-17.wav,wavfiles/367008-17.wav,//www.xeno-canto.org/367008,//creativecommons.org/licenses/by-nc-sa/4.0/,Jorge de Leon Cardozo,2017-04-24,song
train,American Robin,american_robin,Turdus,migratorius,367008,367008-2.wav,wavfiles/367008-2.wav,//www.xeno-canto.org/367008,//creativecommons.org/licenses/by-nc-sa/4.0/,Jorge de Leon Cardozo,2017-04-24,song
train,American Robin,american_robin,Turdus,migratorius,367008,367008-3.wav,wavfiles/367008-3.wav,//www.xeno-canto.org/367008,//creativecommons.org/licenses/by-nc-sa/4.0/,Jorge de Leon Cardozo,2017-04-24,song
train,American Robin,american_robin,Turdus,migratorius,367008,367008-4.wav,wavfiles/367008-4.wav,//www.xeno-canto.org/367008,//creativecommons.org/licenses/by-nc-sa/4.0/,Jorge de Leon Cardozo,2017-04-24,song
train,American Robin,american_robin,Turdus,migratorius,367008,367008-5.wav,wavfiles/367008-5.wav,//www.xeno-canto.org/367008,//creativecommons.org/licenses/by-nc-sa/4.0/,Jorge de Leon Cardozo,2017-04-24,song
train,American Robin,american_robin,Turdus,migratorius,367008,367008-6.wav,wavfiles/367008-6.wav,//www.xeno-canto.org/367008,//creativecommons.org/licenses/by-nc-sa/4.0/,Jorge de Leon Cardozo,2017-04-24,song
train,American Robin,american_robin,Turdus,migratorius,367008,367008-7.wav,wavfiles/367008-7.wav,//www.xeno-canto.org/367008,//creativecommons.org/licenses/by-nc-sa/4.0/,Jorge de Leon Cardozo,2017-04-24,song
train,American Robin,american_robin,Turdus,migratorius,367008,367008-8.wav,wavfiles/367008-8.wav,//www.xeno-canto.org/367008,//creativecommons.org/licenses/by-nc-sa/4.0/,Jorge de Leon Cardozo,2017-04-24,song
train,American Robin,american_robin,Turdus,migratorius,367008,367008-9.wav,wavfiles/367008-9.wav,//www.xeno-canto.org/367008,//creativecommons.org/licenses/by-nc-sa/4.0/,Jorge de Leon Cardozo,2017-04-24,song
train,American Robin,american_robin,Turdus,migratorius,368614,368614-0.wav,wavfiles/368614-0.wav,//www.xeno-canto.org/368614,//creativecommons.org/licenses/by-nc-sa/4.0/,Sue Riffe,2017-04-01,"call, song"
train,American Robin,american_robin,Turdus,migratorius,368614,368614-1.wav,wavfiles/368614-1.wav,//www.xeno-canto.org/368614,//creativecommons.org/licenses/by-nc-sa/4.0/,Sue Riffe,2017-04-01,"call, song"
train,American Robin,american_robin,Turdus,migratorius,368614,368614-10.wav,wavfiles/368614-10.wav,//www.xeno-canto.org/368614,//creativecommons.org/licenses/by-nc-sa/4.0/,Sue Riffe,2017-04-01,"call, song"
train,American Robin,american_robin,Turdus,migratorius,368614,368614-13.wav,wavfiles/368614-13.wav,//www.xeno-canto.org/368614,//creativecommons.org/licenses/by-nc-sa/4.0/,Sue Riffe,2017-04-01,"call, song"
train,American Robin,american_robin,Turdus,migratorius,368614,368614-14.wav,wavfiles/368614-14.wav,//www.xeno-canto.org/368614,//creativecommons.org/licenses/by-nc-sa/4.0/,Sue Riffe,2017-04-01,"call, song"
train,American Robin,american_robin,Turdus,migratorius,368614,368614-15.wav,wavfiles/368614-15.wav,//www.xeno-canto.org/368614,//creativecommons.org/licenses/by-nc-sa/4.0/,Sue Riffe,2017-04-01,"call, song"
train,American Robin,american_robin,Turdus,migratorius,368614,368614-2.wav,wavfiles/368614-2.wav,//www.xeno-canto.org/368614,//creativecommons.org/licenses/by-nc-sa/4.0/,Sue Riffe,2017-04-01,"call, song"
train,American Robin,american_robin,Turdus,migratorius,368614,368614-3.wav,wavfiles/368614-3.wav,//www.xeno-canto.org/368614,//creativecommons.org/licenses/by-nc-sa/4.0/,Sue Riffe,2017-04-01,"call, song"
train,American Robin,american_robin,Turdus,migratorius,368614,368614-4.wav,wavfiles/368614-4.wav,//www.xeno-canto.org/368614,//creativecommons.org/licenses/by-nc-sa/4.0/,Sue Riffe,2017-04-01,"call, song"
train,American Robin,american_robin,Turdus,migratorius,368614,368614-5.wav,wavfiles/368614-5.wav,//www.xeno-canto.org/368614,//creativecommons.org/licenses/by-nc-sa/4.0/,Sue Riffe,2017-04-01,"call, song"
train,American Robin,american_robin,Turdus,migratorius,368614,368614-6.wav,wavfiles/368614-6.wav,//www.xeno-canto.org/368614,//creativecommons.org/licenses/by-nc-sa/4.0/,Sue Riffe,2017-04-01,"call, song"
train,American Robin,american_robin,Turdus,migratorius,368614,368614-7.wav,wavfiles/368614-7.wav,//www.xeno-canto.org/368614,//creativecommons.org/licenses/by-nc-sa/4.0/,Sue Riffe,2017-04-01,"call, song"
train,American Robin,american_robin,Turdus,migratorius,368614,368614-8.wav,wavfiles/368614-8.wav,//www.xeno-canto.org/368614,//creativecommons.org/licenses/by-nc-sa/4.0/,Sue Riffe,2017-04-01,"call, song"
train,American Robin,american_robin,Turdus,migratorius,368614,368614-9.wav,wavfiles/368614-9.wav,//www.xeno-canto.org/368614,//creativecommons.org/licenses/by-nc-sa/4.0/,Sue Riffe,2017-04-01,"call, song"
train,American Robin,american_robin,Turdus,migratorius,368615,368615-0.wav,wavfiles/368615-0.wav,//www.xeno-canto.org/368615,//creativecommons.org/licenses/by-nc-sa/4.0/,Sue Riffe,2017-04-01,"call, song"
train,American Robin,american_robin,Turdus,migratorius,368615,368615-1.wav,wavfiles/368615-1.wav,//www.xeno-canto.org/368615,//creativecommons.org/licenses/by-nc-sa/4.0/,Sue Riffe,2017-04-01,"call, song"
train,American Robin,american_robin,Turdus,migratorius,368615,368615-10.wav,wavfiles/368615-10.wav,//www.xeno-canto.org/368615,//creativecommons.org/licenses/by-nc-sa/4.0/,Sue Riffe,2017-04-01,"call, song"
train,American Robin,american_robin,Turdus,migratorius,368615,368615-11.wav,wavfiles/368615-11.wav,//www.xeno-canto.org/368615,//creativecommons.org/licenses/by-nc-sa/4.0/,Sue Riffe,2017-04-01,"call, song"
train,American Robin,american_robin,Turdus,migratorius,368615,368615-12.wav,wavfiles/368615-12.wav,//www.xeno-canto.org/368615,//creativecommons.org/licenses/by-nc-sa/4.0/,Sue Riffe,2017-04-01,"call, song"
train,American Robin,american_robin,Turdus,migratorius,368615,368615-13.wav,wavfiles/368615-13.wav,//www.xeno-canto.org/368615,//creativecommons.org/licenses/by-nc-sa/4.0/,Sue Riffe,2017-04-01,"call, song"
train,American Robin,american_robin,Turdus,migratorius,368615,368615-14.wav,wavfiles/368615-14.wav,//www.xeno-canto.org/368615,//creativecommons.org/licenses/by-nc-sa/4.0/,Sue Riffe,2017-04-01,"call, song"
train,American Robin,american_robin,Turdus,migratorius,368615,368615-15.wav,wavfiles/368615-15.wav,//www.xeno-canto.org/368615,//creativecommons.org/licenses/by-nc-sa/4.0/,Sue Riffe,2017-04-01,"call, song"
train,American Robin,american_robin,Turdus,migratorius,368615,368615-16.wav,wavfiles/368615-16.wav,//www.xeno-canto.org/368615,//creativecommons.org/licenses/by-nc-sa/4.0/,Sue Riffe,2017-04-01,"call, song"
train,American Robin,american_robin,Turdus,migratorius,368615,368615-2.wav,wavfiles/368615-2.wav,//www.xeno-canto.org/368615,//creativecommons.org/licenses/by-nc-sa/4.0/,Sue Riffe,2017-04-01,"call, song"
train,American Robin,american_robin,Turdus,migratorius,368615,368615-3.wav,wavfiles/368615-3.wav,//www.xeno-canto.org/368615,//creativecommons.org/licenses/by-nc-sa/4.0/,Sue Riffe,2017-04-01,"call, song"
train,American Robin,american_robin,Turdus,migratorius,368615,368615-4.wav,wavfiles/368615-4.wav,//www.xeno-canto.org/368615,//creativecommons.org/licenses/by-nc-sa/4.0/,Sue Riffe,2017-04-01,"call, song"
train,American Robin,american_robin,Turdus,migratorius,368615,368615-5.wav,wavfiles/368615-5.wav,//www.xeno-canto.org/368615,//creativecommons.org/licenses/by-nc-sa/4.0/,Sue Riffe,2017-04-01,"call, song"
train,American Robin,american_robin,Turdus,migratorius,368615,368615-6.wav,wavfiles/368615-6.wav,//www.xeno-canto.org/368615,//creativecommons.org/licenses/by-nc-sa/4.0/,Sue Riffe,2017-04-01,"call, song"
train,American Robin,american_robin,Turdus,migratorius,368615,368615-7.wav,wavfiles/368615-7.wav,//www.xeno-canto.org/368615,//creativecommons.org/licenses/by-nc-sa/4.0/,Sue Riffe,2017-04-01,"call, song"
train,American Robin,american_robin,Turdus,migratorius,368615,368615-8.wav,wavfiles/368615-8.wav,//www.xeno-canto.org/368615,//creativecommons.org/licenses/by-nc-sa/4.0/,Sue Riffe,2017-04-01,"call, song"
train,American Robin,american_robin,Turdus,migratorius,368615,368615-9.wav,wavfiles/368615-9.wav,//www.xeno-canto.org/368615,//creativecommons.org/licenses/by-nc-sa/4.0/,Sue Riffe,2017-04-01,"call, song"
train,American Robin,american_robin,Turdus,migratorius,375006,375006-0.wav,wavfiles/375006-0.wav,//www.xeno-canto.org/375006,//creativecommons.org/licenses/by-nc-sa/4.0/,Scott Gravette,2017-06-05,"male, song"
train,American Robin,american_robin,Turdus,migratorius,375006,375006-1.wav,wavfiles/375006-1.wav,//www.xeno-canto.org/375006,//creativecommons.org/licenses/by-nc-sa/4.0/,Scott Gravette,2017-06-05,"male, song"
train,American Robin,american_robin,Turdus,migratorius,375006,375006-10.wav,wavfiles/375006-10.wav,//www.xeno-canto.org/375006,//creativecommons.org/licenses/by-nc-sa/4.0/,Scott Gravette,2017-06-05,"male, song"
train,American Robin,american_robin,Turdus,migratorius,375006,375006-11.wav,wavfiles/375006-11.wav,//www.xeno-canto.org/375006,//creativecommons.org/licenses/by-nc-sa/4.0/,Scott Gravette,2017-06-05,"male, song"
train,American Robin,american_robin,Turdus,migratorius,375006,375006-12.wav,wavfiles/375006-12.wav,//www.xeno-canto.org/375006,//creativecommons.org/licenses/by-nc-sa/4.0/,Scott Gravette,2017-06-05,"male, song"
train,American Robin,american_robin,Turdus,migratorius,375006,375006-13.wav,wavfiles/375006-13.wav,//www.xeno-canto.org/375006,//creativecommons.org/licenses/by-nc-sa/4.0/,Scott Gravette,2017-06-05,"male, song"
train,American Robin,american_robin,Turdus,migratorius,375006,375006-14.wav,wavfiles/375006-14.wav,//www.xeno-canto.org/375006,//creativecommons.org/licenses/by-nc-sa/4.0/,Scott Gravette,2017-06-05,"male, song"
train,American Robin,american_robin,Turdus,migratorius,375006,375006-15.wav,wavfiles/375006-15.wav,//www.xeno-canto.org/375006,//creativecommons.org/licenses/by-nc-sa/4.0/,Scott Gravette,2017-06-05,"male, song"
train,American Robin,american_robin,Turdus,migratorius,375006,375006-2.wav,wavfiles/375006-2.wav,//www.xeno-canto.org/375006,//creativecommons.org/licenses/by-nc-sa/4.0/,Scott Gravette,2017-06-05,"male, song"
train,American Robin,american_robin,Turdus,migratorius,375006,375006-5.wav,wavfiles/375006-5.wav,//www.xeno-canto.org/375006,//creativecommons.org/licenses/by-nc-sa/4.0/,Scott Gravette,2017-06-05,"male, song"
train,American Robin,american_robin,Turdus,migratorius,375006,375006-6.wav,wavfiles/375006-6.wav,//www.xeno-canto.org/375006,//creativecommons.org/licenses/by-nc-sa/4.0/,Scott Gravette,2017-06-05,"male, song"
train,American Robin,american_robin,Turdus,migratorius,375006,375006-7.wav,wavfiles/375006-7.wav,//www.xeno-canto.org/375006,//creativecommons.org/licenses/by-nc-sa/4.0/,Scott Gravette,2017-06-05,"male, song"
train,American Robin,american_robin,Turdus,migratorius,375006,375006-8.wav,wavfiles/375006-8.wav,//www.xeno-canto.org/375006,//creativecommons.org/licenses/by-nc-sa/4.0/,Scott Gravette,2017-06-05,"male, song"
train,American Robin,american_robin,Turdus,migratorius,375006,375006-9.wav,wavfiles/375006-9.wav,//www.xeno-canto.org/375006,//creativecommons.org/licenses/by-nc-sa/4.0/,Scott Gravette,2017-06-05,"male, song"
train,American Robin,american_robin,Turdus,migratorius,375274,375274-0.wav,wavfiles/375274-0.wav,//www.xeno-canto.org/375274,//creativecommons.org/licenses/by-nc-sa/4.0/,Susan Hochgraf,2017-05-27,"male, song"
train,American Robin,american_robin,Turdus,migratorius,375274,375274-1.wav,wavfiles/375274-1.wav,//www.xeno-canto.org/375274,//creativecommons.org/licenses/by-nc-sa/4.0/,Susan Hochgraf,2017-05-27,"male, song"
train,American Robin,american_robin,Turdus,migratorius,375274,375274-10.wav,wavfiles/375274-10.wav,//www.xeno-canto.org/375274,//creativecommons.org/licenses/by-nc-sa/4.0/,Susan Hochgraf,2017-05-27,"male, song"
train,American Robin,american_robin,Turdus,migratorius,375274,375274-11.wav,wavfiles/375274-11.wav,//www.xeno-canto.org/375274,//creativecommons.org/licenses/by-nc-sa/4.0/,Susan Hochgraf,2017-05-27,"male, song"
train,American Robin,american_robin,Turdus,migratorius,375274,375274-12.wav,wavfiles/375274-12.wav,//www.xeno-canto.org/375274,//creativecommons.org/licenses/by-nc-sa/4.0/,Susan Hochgraf,2017-05-27,"male, song"
train,American Robin,american_robin,Turdus,migratorius,375274,375274-2.wav,wavfiles/375274-2.wav,//www.xeno-canto.org/375274,//creativecommons.org/licenses/by-nc-sa/4.0/,Susan Hochgraf,2017-05-27,"male, song"
train,American Robin,american_robin,Turdus,migratorius,375274,375274-3.wav,wavfiles/375274-3.wav,//www.xeno-canto.org/375274,//creativecommons.org/licenses/by-nc-sa/4.0/,Susan Hochgraf,2017-05-27,"male, song"
train,American Robin,american_robin,Turdus,migratorius,375274,375274-4.wav,wavfiles/375274-4.wav,//www.xeno-canto.org/375274,//creativecommons.org/licenses/by-nc-sa/4.0/,Susan Hochgraf,2017-05-27,"male, song"
train,American Robin,american_robin,Turdus,migratorius,375274,375274-5.wav,wavfiles/375274-5.wav,//www.xeno-canto.org/375274,//creativecommons.org/licenses/by-nc-sa/4.0/,Susan Hochgraf,2017-05-27,"male, song"
train,American Robin,american_robin,Turdus,migratorius,375274,375274-6.wav,wavfiles/375274-6.wav,//www.xeno-canto.org/375274,//creativecommons.org/licenses/by-nc-sa/4.0/,Susan Hochgraf,2017-05-27,"male, song"
train,American Robin,american_robin,Turdus,migratorius,375274,375274-7.wav,wavfiles/375274-7.wav,//www.xeno-canto.org/375274,//creativecommons.org/licenses/by-nc-sa/4.0/,Susan Hochgraf,2017-05-27,"male, song"
train,American Robin,american_robin,Turdus,migratorius,375274,375274-8.wav,wavfiles/375274-8.wav,//www.xeno-canto.org/375274,//creativecommons.org/licenses/by-nc-sa/4.0/,Susan Hochgraf,2017-05-27,"male, song"
train,American Robin,american_robin,Turdus,migratorius,375274,375274-9.wav,wavfiles/375274-9.wav,//www.xeno-canto.org/375274,//creativecommons.org/licenses/by-nc-sa/4.0/,Susan Hochgraf,2017-05-27,"male, song"
train,American Robin,american_robin,Turdus,migratorius,382342,382342-0.wav,wavfiles/382342-0.wav,//www.xeno-canto.org/382342,//creativecommons.org/licenses/by-nc-sa/4.0/,Kent Livezey,2017-07-16,song
train,American Robin,american_robin,Turdus,migratorius,382342,382342-1.wav,wavfiles/382342-1.wav,//www.xeno-canto.org/382342,//creativecommons.org/licenses/by-nc-sa/4.0/,Kent Livezey,2017-07-16,song
train,American Robin,american_robin,Turdus,migratorius,382342,382342-10.wav,wavfiles/382342-10.wav,//www.xeno-canto.org/382342,//creativecommons.org/licenses/by-nc-sa/4.0/,Kent Livezey,2017-07-16,song
train,American Robin,american_robin,Turdus,migratorius,382342,382342-11.wav,wavfiles/382342-11.wav,//www.xeno-canto.org/382342,//creativecommons.org/licenses/by-nc-sa/4.0/,Kent Livezey,2017-07-16,song
train,American Robin,american_robin,Turdus,migratorius,382342,382342-12.wav,wavfiles/382342-12.wav,//www.xeno-canto.org/382342,//creativecommons.org/licenses/by-nc-sa/4.0/,Kent Livezey,2017-07-16,song
train,American Robin,american_robin,Turdus,migratorius,382342,382342-13.wav,wavfiles/382342-13.wav,//www.xeno-canto.org/382342,//creativecommons.org/licenses/by-nc-sa/4.0/,Kent Livezey,2017-07-16,song
train,American Robin,american_robin,Turdus,migratorius,382342,382342-2.wav,wavfiles/382342-2.wav,//www.xeno-canto.org/382342,//creativecommons.org/licenses/by-nc-sa/4.0/,Kent Livezey,2017-07-16,song
train,American Robin,american_robin,Turdus,migratorius,382342,382342-3.wav,wavfiles/382342-3.wav,//www.xeno-canto.org/382342,//creativecommons.org/licenses/by-nc-sa/4.0/,Kent Livezey,2017-07-16,song
train,American Robin,american_robin,Turdus,migratorius,382342,382342-4.wav,wavfiles/382342-4.wav,//www.xeno-canto.org/382342,//creativecommons.org/licenses/by-nc-sa/4.0/,Kent Livezey,2017-07-16,song
train,American Robin,american_robin,Turdus,migratorius,382342,382342-5.wav,wavfiles/382342-5.wav,//www.xeno-canto.org/382342,//creativecommons.org/licenses/by-nc-sa/4.0/,Kent Livezey,2017-07-16,song
train,American Robin,american_robin,Turdus,migratorius,382342,382342-6.wav,wavfiles/382342-6.wav,//www.xeno-canto.org/382342,//creativecommons.org/licenses/by-nc-sa/4.0/,Kent Livezey,2017-07-16,song
train,American Robin,american_robin,Turdus,migratorius,382342,382342-7.wav,wavfiles/382342-7.wav,//www.xeno-canto.org/382342,//creativecommons.org/licenses/by-nc-sa/4.0/,Kent Livezey,2017-07-16,song
train,American Robin,american_robin,Turdus,migratorius,382342,382342-8.wav,wavfiles/382342-8.wav,//www.xeno-canto.org/382342,//creativecommons.org/licenses/by-nc-sa/4.0/,Kent Livezey,2017-07-16,song
train,American Robin,american_robin,Turdus,migratorius,382342,382342-9.wav,wavfiles/382342-9.wav,//www.xeno-canto.org/382342,//creativecommons.org/licenses/by-nc-sa/4.0/,Kent Livezey,2017-07-16,song
train,American Robin,american_robin,Turdus,migratorius,384027,384027-0.wav,wavfiles/384027-0.wav,//www.xeno-canto.org/384027,//creativecommons.org/licenses/by-nc-sa/4.0/,Antonio Xeira,2015-07-10,song
train,American Robin,american_robin,Turdus,migratorius,384027,384027-1.wav,wavfiles/384027-1.wav,//www.xeno-canto.org/384027,//creativecommons.org/licenses/by-nc-sa/4.0/,Antonio Xeira,2015-07-10,song
train,American Robin,american_robin,Turdus,migratorius,384027,384027-10.wav,wavfiles/384027-10.wav,//www.xeno-canto.org/384027,//creativecommons.org/licenses/by-nc-sa/4.0/,Antonio Xeira,2015-07-10,song
train,American Robin,american_robin,Turdus,migratorius,384027,384027-11.wav,wavfiles/384027-11.wav,//www.xeno-canto.org/384027,//creativecommons.org/licenses/by-nc-sa/4.0/,Antonio Xeira,2015-07-10,song
train,American Robin,american_robin,Turdus,migratorius,384027,384027-3.wav,wavfiles/384027-3.wav,//www.xeno-canto.org/384027,//creativecommons.org/licenses/by-nc-sa/4.0/,Antonio Xeira,2015-07-10,song
train,American Robin,american_robin,Turdus,migratorius,384027,384027-4.wav,wavfiles/384027-4.wav,//www.xeno-canto.org/384027,//creativecommons.org/licenses/by-nc-sa/4.0/,Antonio Xeira,2015-07-10,song
train,American Robin,american_robin,Turdus,migratorius,384027,384027-5.wav,wavfiles/384027-5.wav,//www.xeno-canto.org/384027,//creativecommons.org/licenses/by-nc-sa/4.0/,Antonio Xeira,2015-07-10,song
train,American Robin,american_robin,Turdus,migratorius,384027,384027-6.wav,wavfiles/384027-6.wav,//www.xeno-canto.org/384027,//creativecommons.org/licenses/by-nc-sa/4.0/,Antonio Xeira,2015-07-10,song
train,American Robin,american_robin,Turdus,migratorius,384027,384027-7.wav,wavfiles/384027-7.wav,//www.xeno-canto.org/384027,//creativecommons.org/licenses/by-nc-sa/4.0/,Antonio Xeira,2015-07-10,song
train,American Robin,american_robin,Turdus,migratorius,384027,384027-8.wav,wavfiles/384027-8.wav,//www.xeno-canto.org/384027,//creativecommons.org/licenses/by-nc-sa/4.0/,Antonio Xeira,2015-07-10,song
train,American Robin,american_robin,Turdus,migratorius,384027,384027-9.wav,wavfiles/384027-9.wav,//www.xeno-canto.org/384027,//creativecommons.org/licenses/by-nc-sa/4.0/,Antonio Xeira,2015-07-10,song
train,American Robin,american_robin,Turdus,migratorius,394835,394835-0.wav,wavfiles/394835-0.wav,//www.xeno-canto.org/394835,//creativecommons.org/licenses/by-nc-sa/4.0/,Nick Komar,2017-05-21,song
train,American Robin,american_robin,Turdus,migratorius,394835,394835-1.wav,wavfiles/394835-1.wav,//www.xeno-canto.org/394835,//creativecommons.org/licenses/by-nc-sa/4.0/,Nick Komar,2017-05-21,song
train,American Robin,american_robin,Turdus,migratorius,394835,394835-10.wav,wavfiles/394835-10.wav,//www.xeno-canto.org/394835,//creativecommons.org/licenses/by-nc-sa/4.0/,Nick Komar,2017-05-21,song
train,American Robin,american_robin,Turdus,migratorius,394835,394835-11.wav,wavfiles/394835-11.wav,//www.xeno-canto.org/394835,//creativecommons.org/licenses/by-nc-sa/4.0/,Nick Komar,2017-05-21,song
train,American Robin,american_robin,Turdus,migratorius,394835,394835-12.wav,wavfiles/394835-12.wav,//www.xeno-canto.org/394835,//creativecommons.org/licenses/by-nc-sa/4.0/,Nick Komar,2017-05-21,song
train,American Robin,american_robin,Turdus,migratorius,394835,394835-13.wav,wavfiles/394835-13.wav,//www.xeno-canto.org/394835,//creativecommons.org/licenses/by-nc-sa/4.0/,Nick Komar,2017-05-21,song
train,American Robin,american_robin,Turdus,migratorius,394835,394835-14.wav,wavfiles/394835-14.wav,//www.xeno-canto.org/394835,//creativecommons.org/licenses/by-nc-sa/4.0/,Nick Komar,2017-05-21,song
train,American Robin,american_robin,Turdus,migratorius,394835,394835-15.wav,wavfiles/394835-15.wav,//www.xeno-canto.org/394835,//creativecommons.org/licenses/by-nc-sa/4.0/,Nick Komar,2017-05-21,song
train,American Robin,american_robin,Turdus,migratorius,394835,394835-2.wav,wavfiles/394835-2.wav,//www.xeno-canto.org/394835,//creativecommons.org/licenses/by-nc-sa/4.0/,Nick Komar,2017-05-21,song
train,American Robin,american_robin,Turdus,migratorius,394835,394835-3.wav,wavfiles/394835-3.wav,//www.xeno-canto.org/394835,//creativecommons.org/licenses/by-nc-sa/4.0/,Nick Komar,2017-05-21,song
train,American Robin,american_robin,Turdus,migratorius,394835,394835-7.wav,wavfiles/394835-7.wav,//www.xeno-canto.org/394835,//creativecommons.org/licenses/by-nc-sa/4.0/,Nick Komar,2017-05-21,song
train,American Robin,american_robin,Turdus,migratorius,394835,394835-8.wav,wavfiles/394835-8.wav,//www.xeno-canto.org/394835,//creativecommons.org/licenses/by-nc-sa/4.0/,Nick Komar,2017-05-21,song
train,American Robin,american_robin,Turdus,migratorius,394835,394835-9.wav,wavfiles/394835-9.wav,//www.xeno-canto.org/394835,//creativecommons.org/licenses/by-nc-sa/4.0/,Nick Komar,2017-05-21,song
train,American Robin,american_robin,Turdus,migratorius,406326,406326-0.wav,wavfiles/406326-0.wav,//www.xeno-canto.org/406326,//creativecommons.org/licenses/by-nc-sa/4.0/,Patrik Åberg,2017-06-19,song
train,American Robin,american_robin,Turdus,migratorius,406326,406326-1.wav,wavfiles/406326-1.wav,//www.xeno-canto.org/406326,//creativecommons.org/licenses/by-nc-sa/4.0/,Patrik Åberg,2017-06-19,song
train,American Robin,american_robin,Turdus,migratorius,406326,406326-10.wav,wavfiles/406326-10.wav,//www.xeno-canto.org/406326,//creativecommons.org/licenses/by-nc-sa/4.0/,Patrik Åberg,2017-06-19,song
train,American Robin,american_robin,Turdus,migratorius,406326,406326-11.wav,wavfiles/406326-11.wav,//www.xeno-canto.org/406326,//creativecommons.org/licenses/by-nc-sa/4.0/,Patrik Åberg,2017-06-19,song
train,American Robin,american_robin,Turdus,migratorius,406326,406326-12.wav,wavfiles/406326-12.wav,//www.xeno-canto.org/406326,//creativecommons.org/licenses/by-nc-sa/4.0/,Patrik Åberg,2017-06-19,song
train,American Robin,american_robin,Turdus,migratorius,406326,406326-3.wav,wavfiles/406326-3.wav,//www.xeno-canto.org/406326,//creativecommons.org/licenses/by-nc-sa/4.0/,Patrik Åberg,2017-06-19,song
train,American Robin,american_robin,Turdus,migratorius,406326,406326-4.wav,wavfiles/406326-4.wav,//www.xeno-canto.org/406326,//creativecommons.org/licenses/by-nc-sa/4.0/,Patrik Åberg,2017-06-19,song
train,American Robin,american_robin,Turdus,migratorius,406326,406326-5.wav,wavfiles/406326-5.wav,//www.xeno-canto.org/406326,//creativecommons.org/licenses/by-nc-sa/4.0/,Patrik Åberg,2017-06-19,song
train,American Robin,american_robin,Turdus,migratorius,406326,406326-6.wav,wavfiles/406326-6.wav,//www.xeno-canto.org/406326,//creativecommons.org/licenses/by-nc-sa/4.0/,Patrik Åberg,2017-06-19,song
train,American Robin,american_robin,Turdus,migratorius,406326,406326-7.wav,wavfiles/406326-7.wav,//www.xeno-canto.org/406326,//creativecommons.org/licenses/by-nc-sa/4.0/,Patrik Åberg,2017-06-19,song
train,American Robin,american_robin,Turdus,migratorius,406326,406326-8.wav,wavfiles/406326-8.wav,//www.xeno-canto.org/406326,//creativecommons.org/licenses/by-nc-sa/4.0/,Patrik Åberg,2017-06-19,song
train,American Robin,american_robin,Turdus,migratorius,406326,406326-9.wav,wavfiles/406326-9.wav,//www.xeno-canto.org/406326,//creativecommons.org/licenses/by-nc-sa/4.0/,Patrik Åberg,2017-06-19,song
train,American Robin,american_robin,Turdus,migratorius,407819,407819-0.wav,wavfiles/407819-0.wav,//www.xeno-canto.org/407819,//creativecommons.org/licenses/by-nc-sa/4.0/,Jim Berry,2015-04-18,song
train,American Robin,american_robin,Turdus,migratorius,407819,407819-1.wav,wavfiles/407819-1.wav,//www.xeno-canto.org/407819,//creativecommons.org/licenses/by-nc-sa/4.0/,Jim Berry,2015-04-18,song
train,American Robin,american_robin,Turdus,migratorius,407819,407819-10.wav,wavfiles/407819-10.wav,//www.xeno-canto.org/407819,//creativecommons.org/licenses/by-nc-sa/4.0/,Jim Berry,2015-04-18,song
train,American Robin,american_robin,Turdus,migratorius,407819,407819-11.wav,wavfiles/407819-11.wav,//www.xeno-canto.org/407819,//creativecommons.org/licenses/by-nc-sa/4.0/,Jim Berry,2015-04-18,song
train,American Robin,american_robin,Turdus,migratorius,407819,407819-12.wav,wavfiles/407819-12.wav,//www.xeno-canto.org/407819,//creativecommons.org/licenses/by-nc-sa/4.0/,Jim Berry,2015-04-18,song
train,American Robin,american_robin,Turdus,migratorius,407819,407819-2.wav,wavfiles/407819-2.wav,//www.xeno-canto.org/407819,//creativecommons.org/licenses/by-nc-sa/4.0/,Jim Berry,2015-04-18,song
train,American Robin,american_robin,Turdus,migratorius,407819,407819-3.wav,wavfiles/407819-3.wav,//www.xeno-canto.org/407819,//creativecommons.org/licenses/by-nc-sa/4.0/,Jim Berry,2015-04-18,song
train,American Robin,american_robin,Turdus,migratorius,407819,407819-4.wav,wavfiles/407819-4.wav,//www.xeno-canto.org/407819,//creativecommons.org/licenses/by-nc-sa/4.0/,Jim Berry,2015-04-18,song
train,American Robin,american_robin,Turdus,migratorius,407819,407819-6.wav,wavfiles/407819-6.wav,//www.xeno-canto.org/407819,//creativecommons.org/licenses/by-nc-sa/4.0/,Jim Berry,2015-04-18,song
train,American Robin,american_robin,Turdus,migratorius,407819,407819-7.wav,wavfiles/407819-7.wav,//www.xeno-canto.org/407819,//creativecommons.org/licenses/by-nc-sa/4.0/,Jim Berry,2015-04-18,song
train,American Robin,american_robin,Turdus,migratorius,407819,407819-8.wav,wavfiles/407819-8.wav,//www.xeno-canto.org/407819,//creativecommons.org/licenses/by-nc-sa/4.0/,Jim Berry,2015-04-18,song
train,American Robin,american_robin,Turdus,migratorius,407819,407819-9.wav,wavfiles/407819-9.wav,//www.xeno-canto.org/407819,//creativecommons.org/licenses/by-nc-sa/4.0/,Jim Berry,2015-04-18,song
train,American Robin,american_robin,Turdus,migratorius,408817,408817-0.wav,wavfiles/408817-0.wav,//www.xeno-canto.org/408817,//creativecommons.org/licenses/by-nc-nd/4.0/,Frank Lambert,2015-05-06,song
train,American Robin,american_robin,Turdus,migratorius,408817,408817-1.wav,wavfiles/408817-1.wav,//www.xeno-canto.org/408817,//creativecommons.org/licenses/by-nc-nd/4.0/,Frank Lambert,2015-05-06,song
train,American Robin,american_robin,Turdus,migratorius,408817,408817-10.wav,wavfiles/408817-10.wav,//www.xeno-canto.org/408817,//creativecommons.org/licenses/by-nc-nd/4.0/,Frank Lambert,2015-05-06,song
train,American Robin,american_robin,Turdus,migratorius,408817,408817-11.wav,wavfiles/408817-11.wav,//www.xeno-canto.org/408817,//creativecommons.org/licenses/by-nc-nd/4.0/,Frank Lambert,2015-05-06,song
train,American Robin,american_robin,Turdus,migratorius,408817,408817-12.wav,wavfiles/408817-12.wav,//www.xeno-canto.org/408817,//creativecommons.org/licenses/by-nc-nd/4.0/,Frank Lambert,2015-05-06,song
train,American Robin,american_robin,Turdus,migratorius,408817,408817-13.wav,wavfiles/408817-13.wav,//www.xeno-canto.org/408817,//creativecommons.org/licenses/by-nc-nd/4.0/,Frank Lambert,2015-05-06,song
train,American Robin,american_robin,Turdus,migratorius,408817,408817-14.wav,wavfiles/408817-14.wav,//www.xeno-canto.org/408817,//creativecommons.org/licenses/by-nc-nd/4.0/,Frank Lambert,2015-05-06,song
train,American Robin,american_robin,Turdus,migratorius,408817,408817-15.wav,wavfiles/408817-15.wav,//www.xeno-canto.org/408817,//creativecommons.org/licenses/by-nc-nd/4.0/,Frank Lambert,2015-05-06,song
train,American Robin,american_robin,Turdus,migratorius,408817,408817-16.wav,wavfiles/408817-16.wav,//www.xeno-canto.org/408817,//creativecommons.org/licenses/by-nc-nd/4.0/,Frank Lambert,2015-05-06,song
train,American Robin,american_robin,Turdus,migratorius,408817,408817-17.wav,wavfiles/408817-17.wav,//www.xeno-canto.org/408817,//creativecommons.org/licenses/by-nc-nd/4.0/,Frank Lambert,2015-05-06,song
train,American Robin,american_robin,Turdus,migratorius,408817,408817-2.wav,wavfiles/408817-2.wav,//www.xeno-canto.org/408817,//creativecommons.org/licenses/by-nc-nd/4.0/,Frank Lambert,2015-05-06,song
train,American Robin,american_robin,Turdus,migratorius,408817,408817-3.wav,wavfiles/408817-3.wav,//www.xeno-canto.org/408817,//creativecommons.org/licenses/by-nc-nd/4.0/,Frank Lambert,2015-05-06,song
train,American Robin,american_robin,Turdus,migratorius,408817,408817-4.wav,wavfiles/408817-4.wav,//www.xeno-canto.org/408817,//creativecommons.org/licenses/by-nc-nd/4.0/,Frank Lambert,2015-05-06,song
train,American Robin,american_robin,Turdus,migratorius,408817,408817-5.wav,wavfiles/408817-5.wav,//www.xeno-canto.org/408817,//creativecommons.org/licenses/by-nc-nd/4.0/,Frank Lambert,2015-05-06,song
train,American Robin,american_robin,Turdus,migratorius,408817,408817-6.wav,wavfiles/408817-6.wav,//www.xeno-canto.org/408817,//creativecommons.org/licenses/by-nc-nd/4.0/,Frank Lambert,2015-05-06,song
train,American Robin,american_robin,Turdus,migratorius,408817,408817-7.wav,wavfiles/408817-7.wav,//www.xeno-canto.org/408817,//creativecommons.org/licenses/by-nc-nd/4.0/,Frank Lambert,2015-05-06,song
train,American Robin,american_robin,Turdus,migratorius,408817,408817-8.wav,wavfiles/408817-8.wav,//www.xeno-canto.org/408817,//creativecommons.org/licenses/by-nc-nd/4.0/,Frank Lambert,2015-05-06,song
train,American Robin,american_robin,Turdus,migratorius,408817,408817-9.wav,wavfiles/408817-9.wav,//www.xeno-canto.org/408817,//creativecommons.org/licenses/by-nc-nd/4.0/,Frank Lambert,2015-05-06,song
train,American Robin,american_robin,Turdus,migratorius,416294,416294-10.wav,wavfiles/416294-10.wav,//www.xeno-canto.org/416294,//creativecommons.org/licenses/by-nc-sa/4.0/,Gary Harbour,2018-05-21,song
train,American Robin,american_robin,Turdus,migratorius,416294,416294-11.wav,wavfiles/416294-11.wav,//www.xeno-canto.org/416294,//creativecommons.org/licenses/by-nc-sa/4.0/,Gary Harbour,2018-05-21,song
train,American Robin,american_robin,Turdus,migratorius,416294,416294-12.wav,wavfiles/416294-12.wav,//www.xeno-canto.org/416294,//creativecommons.org/licenses/by-nc-sa/4.0/,Gary Harbour,2018-05-21,song
train,American Robin,american_robin,Turdus,migratorius,416294,416294-16.wav,wavfiles/416294-16.wav,//www.xeno-canto.org/416294,//creativecommons.org/licenses/by-nc-sa/4.0/,Gary Harbour,2018-05-21,song
train,American Robin,american_robin,Turdus,migratorius,416294,416294-17.wav,wavfiles/416294-17.wav,//www.xeno-canto.org/416294,//creativecommons.org/licenses/by-nc-sa/4.0/,Gary Harbour,2018-05-21,song
train,American Robin,american_robin,Turdus,migratorius,416294,416294-18.wav,wavfiles/416294-18.wav,//www.xeno-canto.org/416294,//creativecommons.org/licenses/by-nc-sa/4.0/,Gary Harbour,2018-05-21,song
train,American Robin,american_robin,Turdus,migratorius,416294,416294-2.wav,wavfiles/416294-2.wav,//www.xeno-canto.org/416294,//creativecommons.org/licenses/by-nc-sa/4.0/,Gary Harbour,2018-05-21,song
train,American Robin,american_robin,Turdus,migratorius,416294,416294-3.wav,wavfiles/416294-3.wav,//www.xeno-canto.org/416294,//creativecommons.org/licenses/by-nc-sa/4.0/,Gary Harbour,2018-05-21,song
train,American Robin,american_robin,Turdus,migratorius,416294,416294-4.wav,wavfiles/416294-4.wav,//www.xeno-canto.org/416294,//creativecommons.org/licenses/by-nc-sa/4.0/,Gary Harbour,2018-05-21,song
train,American Robin,american_robin,Turdus,migratorius,416294,416294-5.wav,wavfiles/416294-5.wav,//www.xeno-canto.org/416294,//creativecommons.org/licenses/by-nc-sa/4.0/,Gary Harbour,2018-05-21,song
train,American Robin,american_robin,Turdus,migratorius,416294,416294-6.wav,wavfiles/416294-6.wav,//www.xeno-canto.org/416294,//creativecommons.org/licenses/by-nc-sa/4.0/,Gary Harbour,2018-05-21,song
train,American Robin,american_robin,Turdus,migratorius,416294,416294-7.wav,wavfiles/416294-7.wav,//www.xeno-canto.org/416294,//creativecommons.org/licenses/by-nc-sa/4.0/,Gary Harbour,2018-05-21,song
train,American Robin,american_robin,Turdus,migratorius,416294,416294-8.wav,wavfiles/416294-8.wav,//www.xeno-canto.org/416294,//creativecommons.org/licenses/by-nc-sa/4.0/,Gary Harbour,2018-05-21,song
train,American Robin,american_robin,Turdus,migratorius,416294,416294-9.wav,wavfiles/416294-9.wav,//www.xeno-canto.org/416294,//creativecommons.org/licenses/by-nc-sa/4.0/,Gary Harbour,2018-05-21,song
train,American Robin,american_robin,Turdus,migratorius,423449,423449-0.wav,wavfiles/423449-0.wav,//www.xeno-canto.org/423449,//creativecommons.org/licenses/by-nc-sa/4.0/,Nicholas Comparato,2018-06-20,song
train,American Robin,american_robin,Turdus,migratorius,423449,423449-1.wav,wavfiles/423449-1.wav,//www.xeno-canto.org/423449,//creativecommons.org/licenses/by-nc-sa/4.0/,Nicholas Comparato,2018-06-20,song
train,American Robin,american_robin,Turdus,migratorius,423449,423449-10.wav,wavfiles/423449-10.wav,//www.xeno-canto.org/423449,//creativecommons.org/licenses/by-nc-sa/4.0/,Nicholas Comparato,2018-06-20,song
train,American Robin,american_robin,Turdus,migratorius,423449,423449-11.wav,wavfiles/423449-11.wav,//www.xeno-canto.org/423449,//creativecommons.org/licenses/by-nc-sa/4.0/,Nicholas Comparato,2018-06-20,song
train,American Robin,american_robin,Turdus,migratorius,423449,423449-12.wav,wavfiles/423449-12.wav,//www.xeno-canto.org/423449,//creativecommons.org/licenses/by-nc-sa/4.0/,Nicholas Comparato,2018-06-20,song
train,American Robin,american_robin,Turdus,migratorius,423449,423449-2.wav,wavfiles/423449-2.wav,//www.xeno-canto.org/423449,//creativecommons.org/licenses/by-nc-sa/4.0/,Nicholas Comparato,2018-06-20,song
train,American Robin,american_robin,Turdus,migratorius,423449,423449-3.wav,wavfiles/423449-3.wav,//www.xeno-canto.org/423449,//creativecommons.org/licenses/by-nc-sa/4.0/,Nicholas Comparato,2018-06-20,song
train,American Robin,american_robin,Turdus,migratorius,423449,423449-4.wav,wavfiles/423449-4.wav,//www.xeno-canto.org/423449,//creativecommons.org/licenses/by-nc-sa/4.0/,Nicholas Comparato,2018-06-20,song
train,American Robin,american_robin,Turdus,migratorius,423449,423449-5.wav,wavfiles/423449-5.wav,//www.xeno-canto.org/423449,//creativecommons.org/licenses/by-nc-sa/4.0/,Nicholas Comparato,2018-06-20,song
train,American Robin,american_robin,Turdus,migratorius,423449,423449-6.wav,wavfiles/423449-6.wav,//www.xeno-canto.org/423449,//creativecommons.org/licenses/by-nc-sa/4.0/,Nicholas Comparato,2018-06-20,song
train,American Robin,american_robin,Turdus,migratorius,423449,423449-7.wav,wavfiles/423449-7.wav,//www.xeno-canto.org/423449,//creativecommons.org/licenses/by-nc-sa/4.0/,Nicholas Comparato,2018-06-20,song
train,American Robin,american_robin,Turdus,migratorius,423449,423449-8.wav,wavfiles/423449-8.wav,//www.xeno-canto.org/423449,//creativecommons.org/licenses/by-nc-sa/4.0/,Nicholas Comparato,2018-06-20,song
train,American Robin,american_robin,Turdus,migratorius,423449,423449-9.wav,wavfiles/423449-9.wav,//www.xeno-canto.org/423449,//creativecommons.org/licenses/by-nc-sa/4.0/,Nicholas Comparato,2018-06-20,song
train,American Robin,american_robin,Turdus,migratorius,446457,446457-0.wav,wavfiles/446457-0.wav,//www.xeno-canto.org/446457,//creativecommons.org/licenses/by-nc-sa/4.0/,Ed Pandolfino,2017-04-21,song
train,American Robin,american_robin,Turdus,migratorius,446457,446457-1.wav,wavfiles/446457-1.wav,//www.xeno-canto.org/446457,//creativecommons.org/licenses/by-nc-sa/4.0/,Ed Pandolfino,2017-04-21,song
train,American Robin,american_robin,Turdus,migratorius,446457,446457-10.wav,wavfiles/446457-10.wav,//www.xeno-canto.org/446457,//creativecommons.org/licenses/by-nc-sa/4.0/,Ed Pandolfino,2017-04-21,song
train,American Robin,american_robin,Turdus,migratorius,446457,446457-11.wav,wavfiles/446457-11.wav,//www.xeno-canto.org/446457,//creativecommons.org/licenses/by-nc-sa/4.0/,Ed Pandolfino,2017-04-21,song
train,American Robin,american_robin,Turdus,migratorius,446457,446457-2.wav,wavfiles/446457-2.wav,//www.xeno-canto.org/446457,//creativecommons.org/licenses/by-nc-sa/4.0/,Ed Pandolfino,2017-04-21,song
train,American Robin,american_robin,Turdus,migratorius,446457,446457-3.wav,wavfiles/446457-3.wav,//www.xeno-canto.org/446457,//creativecommons.org/licenses/by-nc-sa/4.0/,Ed Pandolfino,2017-04-21,song
train,American Robin,american_robin,Turdus,migratorius,446457,446457-6.wav,wavfiles/446457-6.wav,//www.xeno-canto.org/446457,//creativecommons.org/licenses/by-nc-sa/4.0/,Ed Pandolfino,2017-04-21,song
train,American Robin,american_robin,Turdus,migratorius,446457,446457-7.wav,wavfiles/446457-7.wav,//www.xeno-canto.org/446457,//creativecommons.org/licenses/by-nc-sa/4.0/,Ed Pandolfino,2017-04-21,song
train,American Robin,american_robin,Turdus,migratorius,446457,446457-8.wav,wavfiles/446457-8.wav,//www.xeno-canto.org/446457,//creativecommons.org/licenses/by-nc-sa/4.0/,Ed Pandolfino,2017-04-21,song
train,American Robin,american_robin,Turdus,migratorius,446457,446457-9.wav,wavfiles/446457-9.wav,//www.xeno-canto.org/446457,//creativecommons.org/licenses/by-nc-sa/4.0/,Ed Pandolfino,2017-04-21,song
train,American Robin,american_robin,Turdus,migratorius,446458,446458-0.wav,wavfiles/446458-0.wav,//www.xeno-canto.org/446458,//creativecommons.org/licenses/by-nc-sa/4.0/,Ed Pandolfino,2018-05-27,song
train,American Robin,american_robin,Turdus,migratorius,446458,446458-1.wav,wavfiles/446458-1.wav,//www.xeno-canto.org/446458,//creativecommons.org/licenses/by-nc-sa/4.0/,Ed Pandolfino,2018-05-27,song
train,American Robin,american_robin,Turdus,migratorius,446458,446458-10.wav,wavfiles/446458-10.wav,//www.xeno-canto.org/446458,//creativecommons.org/licenses/by-nc-sa/4.0/,Ed Pandolfino,2018-05-27,song
train,American Robin,american_robin,Turdus,migratorius,446458,446458-11.wav,wavfiles/446458-11.wav,//www.xeno-canto.org/446458,//creativecommons.org/licenses/by-nc-sa/4.0/,Ed Pandolfino,2018-05-27,song
train,American Robin,american_robin,Turdus,migratorius,446458,446458-12.wav,wavfiles/446458-12.wav,//www.xeno-canto.org/446458,//creativecommons.org/licenses/by-nc-sa/4.0/,Ed Pandolfino,2018-05-27,song
train,American Robin,american_robin,Turdus,migratorius,446458,446458-2.wav,wavfiles/446458-2.wav,//www.xeno-canto.org/446458,//creativecommons.org/licenses/by-nc-sa/4.0/,Ed Pandolfino,2018-05-27,song
train,American Robin,american_robin,Turdus,migratorius,446458,446458-3.wav,wavfiles/446458-3.wav,//www.xeno-canto.org/446458,//creativecommons.org/licenses/by-nc-sa/4.0/,Ed Pandolfino,2018-05-27,song
train,American Robin,american_robin,Turdus,migratorius,446458,446458-4.wav,wavfiles/446458-4.wav,//www.xeno-canto.org/446458,//creativecommons.org/licenses/by-nc-sa/4.0/,Ed Pandolfino,2018-05-27,song
train,American Robin,american_robin,Turdus,migratorius,446458,446458-5.wav,wavfiles/446458-5.wav,//www.xeno-canto.org/446458,//creativecommons.org/licenses/by-nc-sa/4.0/,Ed Pandolfino,2018-05-27,song
train,American Robin,american_robin,Turdus,migratorius,446458,446458-6.wav,wavfiles/446458-6.wav,//www.xeno-canto.org/446458,//creativecommons.org/licenses/by-nc-sa/4.0/,Ed Pandolfino,2018-05-27,song
train,American Robin,american_robin,Turdus,migratorius,446458,446458-7.wav,wavfiles/446458-7.wav,//www.xeno-canto.org/446458,//creativecommons.org/licenses/by-nc-sa/4.0/,Ed Pandolfino,2018-05-27,song
train,American Robin,american_robin,Turdus,migratorius,446458,446458-8.wav,wavfiles/446458-8.wav,//www.xeno-canto.org/446458,//creativecommons.org/licenses/by-nc-sa/4.0/,Ed Pandolfino,2018-05-27,song
train,American Robin,american_robin,Turdus,migratorius,446458,446458-9.wav,wavfiles/446458-9.wav,//www.xeno-canto.org/446458,//creativecommons.org/licenses/by-nc-sa/4.0/,Ed Pandolfino,2018-05-27,song
train,American Robin,american_robin,Turdus,migratorius,468991,468991-0.wav,wavfiles/468991-0.wav,//www.xeno-canto.org/468991,//creativecommons.org/licenses/by-nc-sa/4.0/,bowtyler,2019-04-03,song
train,American Robin,american_robin,Turdus,migratorius,468991,468991-1.wav,wavfiles/468991-1.wav,//www.xeno-canto.org/468991,//creativecommons.org/licenses/by-nc-sa/4.0/,bowtyler,2019-04-03,song
train,American Robin,american_robin,Turdus,migratorius,468991,468991-10.wav,wavfiles/468991-10.wav,//www.xeno-canto.org/468991,//creativecommons.org/licenses/by-nc-sa/4.0/,bowtyler,2019-04-03,song
train,American Robin,american_robin,Turdus,migratorius,468991,468991-11.wav,wavfiles/468991-11.wav,//www.xeno-canto.org/468991,//creativecommons.org/licenses/by-nc-sa/4.0/,bowtyler,2019-04-03,song
train,American Robin,american_robin,Turdus,migratorius,468991,468991-12.wav,wavfiles/468991-12.wav,//www.xeno-canto.org/468991,//creativecommons.org/licenses/by-nc-sa/4.0/,bowtyler,2019-04-03,song
train,American Robin,american_robin,Turdus,migratorius,468991,468991-13.wav,wavfiles/468991-13.wav,//www.xeno-canto.org/468991,//creativecommons.org/licenses/by-nc-sa/4.0/,bowtyler,2019-04-03,song
train,American Robin,american_robin,Turdus,migratorius,468991,468991-14.wav,wavfiles/468991-14.wav,//www.xeno-canto.org/468991,//creativecommons.org/licenses/by-nc-sa/4.0/,bowtyler,2019-04-03,song
train,American Robin,american_robin,Turdus,migratorius,468991,468991-2.wav,wavfiles/468991-2.wav,//www.xeno-canto.org/468991,//creativecommons.org/licenses/by-nc-sa/4.0/,bowtyler,2019-04-03,song
train,American Robin,american_robin,Turdus,migratorius,468991,468991-3.wav,wavfiles/468991-3.wav,//www.xeno-canto.org/468991,//creativecommons.org/licenses/by-nc-sa/4.0/,bowtyler,2019-04-03,song
train,American Robin,american_robin,Turdus,migratorius,468991,468991-4.wav,wavfiles/468991-4.wav,//www.xeno-canto.org/468991,//creativecommons.org/licenses/by-nc-sa/4.0/,bowtyler,2019-04-03,song
train,American Robin,american_robin,Turdus,migratorius,468991,468991-5.wav,wavfiles/468991-5.wav,//www.xeno-canto.org/468991,//creativecommons.org/licenses/by-nc-sa/4.0/,bowtyler,2019-04-03,song
train,American Robin,american_robin,Turdus,migratorius,468991,468991-6.wav,wavfiles/468991-6.wav,//www.xeno-canto.org/468991,//creativecommons.org/licenses/by-nc-sa/4.0/,bowtyler,2019-04-03,song
train,American Robin,american_robin,Turdus,migratorius,468991,468991-7.wav,wavfiles/468991-7.wav,//www.xeno-canto.org/468991,//creativecommons.org/licenses/by-nc-sa/4.0/,bowtyler,2019-04-03,song
train,American Robin,american_robin,Turdus,migratorius,468991,468991-8.wav,wavfiles/468991-8.wav,//www.xeno-canto.org/468991,//creativecommons.org/licenses/by-nc-sa/4.0/,bowtyler,2019-04-03,song
train,American Robin,american_robin,Turdus,migratorius,468991,468991-9.wav,wavfiles/468991-9.wav,//www.xeno-canto.org/468991,//creativecommons.org/licenses/by-nc-sa/4.0/,bowtyler,2019-04-03,song
train,American Robin,american_robin,Turdus,migratorius,469605,469605-0.wav,wavfiles/469605-0.wav,//www.xeno-canto.org/469605,//creativecommons.org/licenses/by-nc-sa/4.0/,Rolf A. de By,2000-05-15,song
train,American Robin,american_robin,Turdus,migratorius,469605,469605-1.wav,wavfiles/469605-1.wav,//www.xeno-canto.org/469605,//creativecommons.org/licenses/by-nc-sa/4.0/,Rolf A. de By,2000-05-15,song
train,American Robin,american_robin,Turdus,migratorius,469605,469605-12.wav,wavfiles/469605-12.wav,//www.xeno-canto.org/469605,//creativecommons.org/licenses/by-nc-sa/4.0/,Rolf A. de By,2000-05-15,song
train,American Robin,american_robin,Turdus,migratorius,469605,469605-13.wav,wavfiles/469605-13.wav,//www.xeno-canto.org/469605,//creativecommons.org/licenses/by-nc-sa/4.0/,Rolf A. de By,2000-05-15,song
train,American Robin,american_robin,Turdus,migratorius,469605,469605-14.wav,wavfiles/469605-14.wav,//www.xeno-canto.org/469605,//creativecommons.org/licenses/by-nc-sa/4.0/,Rolf A. de By,2000-05-15,song
train,American Robin,american_robin,Turdus,migratorius,469605,469605-15.wav,wavfiles/469605-15.wav,//www.xeno-canto.org/469605,//creativecommons.org/licenses/by-nc-sa/4.0/,Rolf A. de By,2000-05-15,song
train,American Robin,american_robin,Turdus,migratorius,469605,469605-16.wav,wavfiles/469605-16.wav,//www.xeno-canto.org/469605,//creativecommons.org/licenses/by-nc-sa/4.0/,Rolf A. de By,2000-05-15,song
train,American Robin,american_robin,Turdus,migratorius,469605,469605-2.wav,wavfiles/469605-2.wav,//www.xeno-canto.org/469605,//creativecommons.org/licenses/by-nc-sa/4.0/,Rolf A. de By,2000-05-15,song
train,American Robin,american_robin,Turdus,migratorius,469605,469605-3.wav,wavfiles/469605-3.wav,//www.xeno-canto.org/469605,//creativecommons.org/licenses/by-nc-sa/4.0/,Rolf A. de By,2000-05-15,song
train,American Robin,american_robin,Turdus,migratorius,469605,469605-4.wav,wavfiles/469605-4.wav,//www.xeno-canto.org/469605,//creativecommons.org/licenses/by-nc-sa/4.0/,Rolf A. de By,2000-05-15,song
train,American Robin,american_robin,Turdus,migratorius,469605,469605-5.wav,wavfiles/469605-5.wav,//www.xeno-canto.org/469605,//creativecommons.org/licenses/by-nc-sa/4.0/,Rolf A. de By,2000-05-15,song
train,American Robin,american_robin,Turdus,migratorius,469605,469605-6.wav,wavfiles/469605-6.wav,//www.xeno-canto.org/469605,//creativecommons.org/licenses/by-nc-sa/4.0/,Rolf A. de By,2000-05-15,song
train,American Robin,american_robin,Turdus,migratorius,469605,469605-7.wav,wavfiles/469605-7.wav,//www.xeno-canto.org/469605,//creativecommons.org/licenses/by-nc-sa/4.0/,Rolf A. de By,2000-05-15,song
train,American Robin,american_robin,Turdus,migratorius,469605,469605-8.wav,wavfiles/469605-8.wav,//www.xeno-canto.org/469605,//creativecommons.org/licenses/by-nc-sa/4.0/,Rolf A. de By,2000-05-15,song
train,American Robin,american_robin,Turdus,migratorius,479482,479482-0.wav,wavfiles/479482-0.wav,//www.xeno-canto.org/479482,//creativecommons.org/licenses/by-nc-sa/4.0/,Meena Haribal,2019-06-07,song
train,American Robin,american_robin,Turdus,migratorius,479482,479482-1.wav,wavfiles/479482-1.wav,//www.xeno-canto.org/479482,//creativecommons.org/licenses/by-nc-sa/4.0/,Meena Haribal,2019-06-07,song
train,American Robin,american_robin,Turdus,migratorius,479482,479482-10.wav,wavfiles/479482-10.wav,//www.xeno-canto.org/479482,//creativecommons.org/licenses/by-nc-sa/4.0/,Meena Haribal,2019-06-07,song
train,American Robin,american_robin,Turdus,migratorius,479482,479482-11.wav,wavfiles/479482-11.wav,//www.xeno-canto.org/479482,//creativecommons.org/licenses/by-nc-sa/4.0/,Meena Haribal,2019-06-07,song
train,American Robin,american_robin,Turdus,migratorius,479482,479482-12.wav,wavfiles/479482-12.wav,//www.xeno-canto.org/479482,//creativecommons.org/licenses/by-nc-sa/4.0/,Meena Haribal,2019-06-07,song
train,American Robin,american_robin,Turdus,migratorius,479482,479482-13.wav,wavfiles/479482-13.wav,//www.xeno-canto.org/479482,//creativecommons.org/licenses/by-nc-sa/4.0/,Meena Haribal,2019-06-07,song
train,American Robin,american_robin,Turdus,migratorius,479482,479482-14.wav,wavfiles/479482-14.wav,//www.xeno-canto.org/479482,//creativecommons.org/licenses/by-nc-sa/4.0/,Meena Haribal,2019-06-07,song
train,American Robin,american_robin,Turdus,migratorius,479482,479482-2.wav,wavfiles/479482-2.wav,//www.xeno-canto.org/479482,//creativecommons.org/licenses/by-nc-sa/4.0/,Meena Haribal,2019-06-07,song
train,American Robin,american_robin,Turdus,migratorius,479482,479482-3.wav,wavfiles/479482-3.wav,//www.xeno-canto.org/479482,//creativecommons.org/licenses/by-nc-sa/4.0/,Meena Haribal,2019-06-07,song
train,American Robin,american_robin,Turdus,migratorius,479482,479482-4.wav,wavfiles/479482-4.wav,//www.xeno-canto.org/479482,//creativecommons.org/licenses/by-nc-sa/4.0/,Meena Haribal,2019-06-07,song
train,American Robin,american_robin,Turdus,migratorius,479482,479482-5.wav,wavfiles/479482-5.wav,//www.xeno-canto.org/479482,//creativecommons.org/licenses/by-nc-sa/4.0/,Meena Haribal,2019-06-07,song
train,American Robin,american_robin,Turdus,migratorius,479482,479482-6.wav,wavfiles/479482-6.wav,//www.xeno-canto.org/479482,//creativecommons.org/licenses/by-nc-sa/4.0/,Meena Haribal,2019-06-07,song
train,American Robin,american_robin,Turdus,migratorius,479482,479482-7.wav,wavfiles/479482-7.wav,//www.xeno-canto.org/479482,//creativecommons.org/licenses/by-nc-sa/4.0/,Meena Haribal,2019-06-07,song
train,American Robin,american_robin,Turdus,migratorius,479482,479482-8.wav,wavfiles/479482-8.wav,//www.xeno-canto.org/479482,//creativecommons.org/licenses/by-nc-sa/4.0/,Meena Haribal,2019-06-07,song
train,American Robin,american_robin,Turdus,migratorius,479482,479482-9.wav,wavfiles/479482-9.wav,//www.xeno-canto.org/479482,//creativecommons.org/licenses/by-nc-sa/4.0/,Meena Haribal,2019-06-07,song
train,American Robin,american_robin,Turdus,migratorius,483578,483578-0.wav,wavfiles/483578-0.wav,//www.xeno-canto.org/483578,//creativecommons.org/licenses/by-nc-sa/4.0/,Russ Wigh,2019-06-27,song
train,American Robin,american_robin,Turdus,migratorius,483578,483578-1.wav,wavfiles/483578-1.wav,//www.xeno-canto.org/483578,//creativecommons.org/licenses/by-nc-sa/4.0/,Russ Wigh,2019-06-27,song
train,American Robin,american_robin,Turdus,migratorius,483578,483578-10.wav,wavfiles/483578-10.wav,//www.xeno-canto.org/483578,//creativecommons.org/licenses/by-nc-sa/4.0/,Russ Wigh,2019-06-27,song
train,American Robin,american_robin,Turdus,migratorius,483578,483578-11.wav,wavfiles/483578-11.wav,//www.xeno-canto.org/483578,//creativecommons.org/licenses/by-nc-sa/4.0/,Russ Wigh,2019-06-27,song
train,American Robin,american_robin,Turdus,migratorius,483578,483578-12.wav,wavfiles/483578-12.wav,//www.xeno-canto.org/483578,//creativecommons.org/licenses/by-nc-sa/4.0/,Russ Wigh,2019-06-27,song
train,American Robin,american_robin,Turdus,migratorius,483578,483578-13.wav,wavfiles/483578-13.wav,//www.xeno-canto.org/483578,//creativecommons.org/licenses/by-nc-sa/4.0/,Russ Wigh,2019-06-27,song
train,American Robin,american_robin,Turdus,migratorius,483578,483578-14.wav,wavfiles/483578-14.wav,//www.xeno-canto.org/483578,//creativecommons.org/licenses/by-nc-sa/4.0/,Russ Wigh,2019-06-27,song
train,American Robin,american_robin,Turdus,migratorius,483578,483578-15.wav,wavfiles/483578-15.wav,//www.xeno-canto.org/483578,//creativecommons.org/licenses/by-nc-sa/4.0/,Russ Wigh,2019-06-27,song
train,American Robin,american_robin,Turdus,migratorius,483578,483578-16.wav,wavfiles/483578-16.wav,//www.xeno-canto.org/483578,//creativecommons.org/licenses/by-nc-sa/4.0/,Russ Wigh,2019-06-27,song
train,American Robin,american_robin,Turdus,migratorius,483578,483578-2.wav,wavfiles/483578-2.wav,//www.xeno-canto.org/483578,//creativecommons.org/licenses/by-nc-sa/4.0/,Russ Wigh,2019-06-27,song
train,American Robin,american_robin,Turdus,migratorius,483578,483578-3.wav,wavfiles/483578-3.wav,//www.xeno-canto.org/483578,//creativecommons.org/licenses/by-nc-sa/4.0/,Russ Wigh,2019-06-27,song
train,American Robin,american_robin,Turdus,migratorius,483578,483578-4.wav,wavfiles/483578-4.wav,//www.xeno-canto.org/483578,//creativecommons.org/licenses/by-nc-sa/4.0/,Russ Wigh,2019-06-27,song
train,American Robin,american_robin,Turdus,migratorius,483578,483578-5.wav,wavfiles/483578-5.wav,//www.xeno-canto.org/483578,//creativecommons.org/licenses/by-nc-sa/4.0/,Russ Wigh,2019-06-27,song
train,American Robin,american_robin,Turdus,migratorius,483578,483578-6.wav,wavfiles/483578-6.wav,//www.xeno-canto.org/483578,//creativecommons.org/licenses/by-nc-sa/4.0/,Russ Wigh,2019-06-27,song
train,American Robin,american_robin,Turdus,migratorius,483578,483578-7.wav,wavfiles/483578-7.wav,//www.xeno-canto.org/483578,//creativecommons.org/licenses/by-nc-sa/4.0/,Russ Wigh,2019-06-27,song
train,American Robin,american_robin,Turdus,migratorius,483578,483578-8.wav,wavfiles/483578-8.wav,//www.xeno-canto.org/483578,//creativecommons.org/licenses/by-nc-sa/4.0/,Russ Wigh,2019-06-27,song
train,American Robin,american_robin,Turdus,migratorius,483578,483578-9.wav,wavfiles/483578-9.wav,//www.xeno-canto.org/483578,//creativecommons.org/licenses/by-nc-sa/4.0/,Russ Wigh,2019-06-27,song
train,American Robin,american_robin,Turdus,migratorius,500148,500148-0.wav,wavfiles/500148-0.wav,//www.xeno-canto.org/500148,//creativecommons.org/licenses/by-nc-sa/4.0/,Jacob Saucier,2015-06-20,song
train,American Robin,american_robin,Turdus,migratorius,500148,500148-1.wav,wavfiles/500148-1.wav,//www.xeno-canto.org/500148,//creativecommons.org/licenses/by-nc-sa/4.0/,Jacob Saucier,2015-06-20,song
train,American Robin,american_robin,Turdus,migratorius,500148,500148-10.wav,wavfiles/500148-10.wav,//www.xeno-canto.org/500148,//creativecommons.org/licenses/by-nc-sa/4.0/,Jacob Saucier,2015-06-20,song
train,American Robin,american_robin,Turdus,migratorius,500148,500148-11.wav,wavfiles/500148-11.wav,//www.xeno-canto.org/500148,//creativecommons.org/licenses/by-nc-sa/4.0/,Jacob Saucier,2015-06-20,song
train,American Robin,american_robin,Turdus,migratorius,500148,500148-12.wav,wavfiles/500148-12.wav,//www.xeno-canto.org/500148,//creativecommons.org/licenses/by-nc-sa/4.0/,Jacob Saucier,2015-06-20,song
train,American Robin,american_robin,Turdus,migratorius,500148,500148-13.wav,wavfiles/500148-13.wav,//www.xeno-canto.org/500148,//creativecommons.org/licenses/by-nc-sa/4.0/,Jacob Saucier,2015-06-20,song
train,American Robin,american_robin,Turdus,migratorius,500148,500148-14.wav,wavfiles/500148-14.wav,//www.xeno-canto.org/500148,//creativecommons.org/licenses/by-nc-sa/4.0/,Jacob Saucier,2015-06-20,song
train,American Robin,american_robin,Turdus,migratorius,500148,500148-2.wav,wavfiles/500148-2.wav,//www.xeno-canto.org/500148,//creativecommons.org/licenses/by-nc-sa/4.0/,Jacob Saucier,2015-06-20,song
train,American Robin,american_robin,Turdus,migratorius,500148,500148-3.wav,wavfiles/500148-3.wav,//www.xeno-canto.org/500148,//creativecommons.org/licenses/by-nc-sa/4.0/,Jacob Saucier,2015-06-20,song
train,American Robin,american_robin,Turdus,migratorius,500148,500148-4.wav,wavfiles/500148-4.wav,//www.xeno-canto.org/500148,//creativecommons.org/licenses/by-nc-sa/4.0/,Jacob Saucier,2015-06-20,song
train,American Robin,american_robin,Turdus,migratorius,500148,500148-5.wav,wavfiles/500148-5.wav,//www.xeno-canto.org/500148,//creativecommons.org/licenses/by-nc-sa/4.0/,Jacob Saucier,2015-06-20,song
train,American Robin,american_robin,Turdus,migratorius,500148,500148-6.wav,wavfiles/500148-6.wav,//www.xeno-canto.org/500148,//creativecommons.org/licenses/by-nc-sa/4.0/,Jacob Saucier,2015-06-20,song
train,American Robin,american_robin,Turdus,migratorius,500148,500148-7.wav,wavfiles/500148-7.wav,//www.xeno-canto.org/500148,//creativecommons.org/licenses/by-nc-sa/4.0/,Jacob Saucier,2015-06-20,song
train,American Robin,american_robin,Turdus,migratorius,500148,500148-8.wav,wavfiles/500148-8.wav,//www.xeno-canto.org/500148,//creativecommons.org/licenses/by-nc-sa/4.0/,Jacob Saucier,2015-06-20,song
train,American Robin,american_robin,Turdus,migratorius,500148,500148-9.wav,wavfiles/500148-9.wav,//www.xeno-canto.org/500148,//creativecommons.org/licenses/by-nc-sa/4.0/,Jacob Saucier,2015-06-20,song
train,American Robin,american_robin,Turdus,migratorius,537326,537326-0.wav,wavfiles/537326-0.wav,//www.xeno-canto.org/537326,//creativecommons.org/licenses/by-nc-sa/4.0/,Paul Marvin,2020-03-21,song
train,American Robin,american_robin,Turdus,migratorius,537326,537326-1.wav,wavfiles/537326-1.wav,//www.xeno-canto.org/537326,//creativecommons.org/licenses/by-nc-sa/4.0/,Paul Marvin,2020-03-21,song
train,American Robin,american_robin,Turdus,migratorius,537326,537326-10.wav,wavfiles/537326-10.wav,//www.xeno-canto.org/537326,//creativecommons.org/licenses/by-nc-sa/4.0/,Paul Marvin,2020-03-21,song
train,American Robin,american_robin,Turdus,migratorius,537326,537326-11.wav,wavfiles/537326-11.wav,//www.xeno-canto.org/537326,//creativecommons.org/licenses/by-nc-sa/4.0/,Paul Marvin,2020-03-21,song
train,American Robin,american_robin,Turdus,migratorius,537326,537326-2.wav,wavfiles/537326-2.wav,//www.xeno-canto.org/537326,//creativecommons.org/licenses/by-nc-sa/4.0/,Paul Marvin,2020-03-21,song
train,American Robin,american_robin,Turdus,migratorius,537326,537326-3.wav,wavfiles/537326-3.wav,//www.xeno-canto.org/537326,//creativecommons.org/licenses/by-nc-sa/4.0/,Paul Marvin,2020-03-21,song
train,American Robin,american_robin,Turdus,migratorius,537326,537326-4.wav,wavfiles/537326-4.wav,//www.xeno-canto.org/537326,//creativecommons.org/licenses/by-nc-sa/4.0/,Paul Marvin,2020-03-21,song
train,American Robin,american_robin,Turdus,migratorius,537326,537326-5.wav,wavfiles/537326-5.wav,//www.xeno-canto.org/537326,//creativecommons.org/licenses/by-nc-sa/4.0/,Paul Marvin,2020-03-21,song
train,American Robin,american_robin,Turdus,migratorius,537326,537326-6.wav,wavfiles/537326-6.wav,//www.xeno-canto.org/537326,//creativecommons.org/licenses/by-nc-sa/4.0/,Paul Marvin,2020-03-21,song
train,American Robin,american_robin,Turdus,migratorius,537326,537326-7.wav,wavfiles/537326-7.wav,//www.xeno-canto.org/537326,//creativecommons.org/licenses/by-nc-sa/4.0/,Paul Marvin,2020-03-21,song
train,American Robin,american_robin,Turdus,migratorius,537326,537326-8.wav,wavfiles/537326-8.wav,//www.xeno-canto.org/537326,//creativecommons.org/licenses/by-nc-sa/4.0/,Paul Marvin,2020-03-21,song
train,American Robin,american_robin,Turdus,migratorius,537326,537326-9.wav,wavfiles/537326-9.wav,//www.xeno-canto.org/537326,//creativecommons.org/licenses/by-nc-sa/4.0/,Paul Marvin,2020-03-21,song
train,American Robin,american_robin,Turdus,migratorius,562449,562449-0.wav,wavfiles/562449-0.wav,//www.xeno-canto.org/562449,//creativecommons.org/licenses/by-nc-sa/4.0/,Brian Hendrix,2020-05-26,song
train,American Robin,american_robin,Turdus,migratorius,562449,562449-1.wav,wavfiles/562449-1.wav,//www.xeno-canto.org/562449,//creativecommons.org/licenses/by-nc-sa/4.0/,Brian Hendrix,2020-05-26,song
train,American Robin,american_robin,Turdus,migratorius,562449,562449-10.wav,wavfiles/562449-10.wav,//www.xeno-canto.org/562449,//creativecommons.org/licenses/by-nc-sa/4.0/,Brian Hendrix,2020-05-26,song
train,American Robin,american_robin,Turdus,migratorius,562449,562449-11.wav,wavfiles/562449-11.wav,//www.xeno-canto.org/562449,//creativecommons.org/licenses/by-nc-sa/4.0/,Brian Hendrix,2020-05-26,song
train,American Robin,american_robin,Turdus,migratorius,562449,562449-12.wav,wavfiles/562449-12.wav,//www.xeno-canto.org/562449,//creativecommons.org/licenses/by-nc-sa/4.0/,Brian Hendrix,2020-05-26,song
train,American Robin,american_robin,Turdus,migratorius,562449,562449-14.wav,wavfiles/562449-14.wav,//www.xeno-canto.org/562449,//creativecommons.org/licenses/by-nc-sa/4.0/,Brian Hendrix,2020-05-26,song
train,American Robin,american_robin,Turdus,migratorius,562449,562449-2.wav,wavfiles/562449-2.wav,//www.xeno-canto.org/562449,//creativecommons.org/licenses/by-nc-sa/4.0/,Brian Hendrix,2020-05-26,song
train,American Robin,american_robin,Turdus,migratorius,562449,562449-3.wav,wavfiles/562449-3.wav,//www.xeno-canto.org/562449,//creativecommons.org/licenses/by-nc-sa/4.0/,Brian Hendrix,2020-05-26,song
train,American Robin,american_robin,Turdus,migratorius,562449,562449-4.wav,wavfiles/562449-4.wav,//www.xeno-canto.org/562449,//creativecommons.org/licenses/by-nc-sa/4.0/,Brian Hendrix,2020-05-26,song
train,American Robin,american_robin,Turdus,migratorius,562449,562449-6.wav,wavfiles/562449-6.wav,//www.xeno-canto.org/562449,//creativecommons.org/licenses/by-nc-sa/4.0/,Brian Hendrix,2020-05-26,song
train,American Robin,american_robin,Turdus,migratorius,562449,562449-7.wav,wavfiles/562449-7.wav,//www.xeno-canto.org/562449,//creativecommons.org/licenses/by-nc-sa/4.0/,Brian Hendrix,2020-05-26,song
train,American Robin,american_robin,Turdus,migratorius,562449,562449-9.wav,wavfiles/562449-9.wav,//www.xeno-canto.org/562449,//creativecommons.org/licenses/by-nc-sa/4.0/,Brian Hendrix,2020-05-26,song
train,American Robin,american_robin,Turdus,migratorius,563197,563197-0.wav,wavfiles/563197-0.wav,//www.xeno-canto.org/563197,//creativecommons.org/licenses/by-nc-sa/4.0/,Brian Hendrix,2020-05-29,song
train,American Robin,american_robin,Turdus,migratorius,563197,563197-1.wav,wavfiles/563197-1.wav,//www.xeno-canto.org/563197,//creativecommons.org/licenses/by-nc-sa/4.0/,Brian Hendrix,2020-05-29,song
train,American Robin,american_robin,Turdus,migratorius,563197,563197-10.wav,wavfiles/563197-10.wav,//www.xeno-canto.org/563197,//creativecommons.org/licenses/by-nc-sa/4.0/,Brian Hendrix,2020-05-29,song
train,American Robin,american_robin,Turdus,migratorius,563197,563197-2.wav,wavfiles/563197-2.wav,//www.xeno-canto.org/563197,//creativecommons.org/licenses/by-nc-sa/4.0/,Brian Hendrix,2020-05-29,song
train,American Robin,american_robin,Turdus,migratorius,563197,563197-3.wav,wavfiles/563197-3.wav,//www.xeno-canto.org/563197,//creativecommons.org/licenses/by-nc-sa/4.0/,Brian Hendrix,2020-05-29,song
train,American Robin,american_robin,Turdus,migratorius,563197,563197-4.wav,wavfiles/563197-4.wav,//www.xeno-canto.org/563197,//creativecommons.org/licenses/by-nc-sa/4.0/,Brian Hendrix,2020-05-29,song
train,American Robin,american_robin,Turdus,migratorius,563197,563197-5.wav,wavfiles/563197-5.wav,//www.xeno-canto.org/563197,//creativecommons.org/licenses/by-nc-sa/4.0/,Brian Hendrix,2020-05-29,song
train,American Robin,american_robin,Turdus,migratorius,563197,563197-6.wav,wavfiles/563197-6.wav,//www.xeno-canto.org/563197,//creativecommons.org/licenses/by-nc-sa/4.0/,Brian Hendrix,2020-05-29,song
train,American Robin,american_robin,Turdus,migratorius,563197,563197-7.wav,wavfiles/563197-7.wav,//www.xeno-canto.org/563197,//creativecommons.org/licenses/by-nc-sa/4.0/,Brian Hendrix,2020-05-29,song
train,American Robin,american_robin,Turdus,migratorius,563197,563197-8.wav,wavfiles/563197-8.wav,//www.xeno-canto.org/563197,//creativecommons.org/licenses/by-nc-sa/4.0/,Brian Hendrix,2020-05-29,song
train,American Robin,american_robin,Turdus,migratorius,563197,563197-9.wav,wavfiles/563197-9.wav,//www.xeno-canto.org/563197,//creativecommons.org/licenses/by-nc-sa/4.0/,Brian Hendrix,2020-05-29,song
train,American Robin,american_robin,Turdus,migratorius,563612,563612-0.wav,wavfiles/563612-0.wav,//www.xeno-canto.org/563612,//creativecommons.org/licenses/by-nc-sa/4.0/,Brian Hendrix,2020-05-30,song
train,American Robin,american_robin,Turdus,migratorius,563612,563612-1.wav,wavfiles/563612-1.wav,//www.xeno-canto.org/563612,//creativecommons.org/licenses/by-nc-sa/4.0/,Brian Hendrix,2020-05-30,song
train,American Robin,american_robin,Turdus,migratorius,563612,563612-10.wav,wavfiles/563612-10.wav,//www.xeno-canto.org/563612,//creativecommons.org/licenses/by-nc-sa/4.0/,Brian Hendrix,2020-05-30,song
train,American Robin,american_robin,Turdus,migratorius,563612,563612-11.wav,wavfiles/563612-11.wav,//www.xeno-canto.org/563612,//creativecommons.org/licenses/by-nc-sa/4.0/,Brian Hendrix,2020-05-30,song
train,American Robin,american_robin,Turdus,migratorius,563612,563612-12.wav,wavfiles/563612-12.wav,//www.xeno-canto.org/563612,//creativecommons.org/licenses/by-nc-sa/4.0/,Brian Hendrix,2020-05-30,song
train,American Robin,american_robin,Turdus,migratorius,563612,563612-2.wav,wavfiles/563612-2.wav,//www.xeno-canto.org/563612,//creativecommons.org/licenses/by-nc-sa/4.0/,Brian Hendrix,2020-05-30,song
train,American Robin,american_robin,Turdus,migratorius,563612,563612-3.wav,wavfiles/563612-3.wav,//www.xeno-canto.org/563612,//creativecommons.org/licenses/by-nc-sa/4.0/,Brian Hendrix,2020-05-30,song
train,American Robin,american_robin,Turdus,migratorius,563612,563612-4.wav,wavfiles/563612-4.wav,//www.xeno-canto.org/563612,//creativecommons.org/licenses/by-nc-sa/4.0/,Brian Hendrix,2020-05-30,song
train,American Robin,american_robin,Turdus,migratorius,563612,563612-5.wav,wavfiles/563612-5.wav,//www.xeno-canto.org/563612,//creativecommons.org/licenses/by-nc-sa/4.0/,Brian Hendrix,2020-05-30,song
train,American Robin,american_robin,Turdus,migratorius,563612,563612-6.wav,wavfiles/563612-6.wav,//www.xeno-canto.org/563612,//creativecommons.org/licenses/by-nc-sa/4.0/,Brian Hendrix,2020-05-30,song
train,American Robin,american_robin,Turdus,migratorius,563612,563612-7.wav,wavfiles/563612-7.wav,//www.xeno-canto.org/563612,//creativecommons.org/licenses/by-nc-sa/4.0/,Brian Hendrix,2020-05-30,song
train,American Robin,american_robin,Turdus,migratorius,563612,563612-8.wav,wavfiles/563612-8.wav,//www.xeno-canto.org/563612,//creativecommons.org/licenses/by-nc-sa/4.0/,Brian Hendrix,2020-05-30,song
train,American Robin,american_robin,Turdus,migratorius,563612,563612-9.wav,wavfiles/563612-9.wav,//www.xeno-canto.org/563612,//creativecommons.org/licenses/by-nc-sa/4.0/,Brian Hendrix,2020-05-30,song
train,American Robin,american_robin,Turdus,migratorius,564319,564319-0.wav,wavfiles/564319-0.wav,//www.xeno-canto.org/564319,//creativecommons.org/licenses/by-nc-sa/4.0/,Brian Hendrix,2020-06-01,song
train,American Robin,american_robin,Turdus,migratorius,564319,564319-1.wav,wavfiles/564319-1.wav,//www.xeno-canto.org/564319,//creativecommons.org/licenses/by-nc-sa/4.0/,Brian Hendrix,2020-06-01,song
train,American Robin,american_robin,Turdus,migratorius,564319,564319-10.wav,wavfiles/564319-10.wav,//www.xeno-canto.org/564319,//creativecommons.org/licenses/by-nc-sa/4.0/,Brian Hendrix,2020-06-01,song
train,American Robin,american_robin,Turdus,migratorius,564319,564319-11.wav,wavfiles/564319-11.wav,//www.xeno-canto.org/564319,//creativecommons.org/licenses/by-nc-sa/4.0/,Brian Hendrix,2020-06-01,song
train,American Robin,american_robin,Turdus,migratorius,564319,564319-12.wav,wavfiles/564319-12.wav,//www.xeno-canto.org/564319,//creativecommons.org/licenses/by-nc-sa/4.0/,Brian Hendrix,2020-06-01,song
train,American Robin,american_robin,Turdus,migratorius,564319,564319-13.wav,wavfiles/564319-13.wav,//www.xeno-canto.org/564319,//creativecommons.org/licenses/by-nc-sa/4.0/,Brian Hendrix,2020-06-01,song
train,American Robin,american_robin,Turdus,migratorius,564319,564319-14.wav,wavfiles/564319-14.wav,//www.xeno-canto.org/564319,//creativecommons.org/licenses/by-nc-sa/4.0/,Brian Hendrix,2020-06-01,song
train,American Robin,american_robin,Turdus,migratorius,564319,564319-15.wav,wavfiles/564319-15.wav,//www.xeno-canto.org/564319,//creativecommons.org/licenses/by-nc-sa/4.0/,Brian Hendrix,2020-06-01,song
train,American Robin,american_robin,Turdus,migratorius,564319,564319-16.wav,wavfiles/564319-16.wav,//www.xeno-canto.org/564319,//creativecommons.org/licenses/by-nc-sa/4.0/,Brian Hendrix,2020-06-01,song
train,American Robin,american_robin,Turdus,migratorius,564319,564319-2.wav,wavfiles/564319-2.wav,//www.xeno-canto.org/564319,//creativecommons.org/licenses/by-nc-sa/4.0/,Brian Hendrix,2020-06-01,song
train,American Robin,american_robin,Turdus,migratorius,564319,564319-3.wav,wavfiles/564319-3.wav,//www.xeno-canto.org/564319,//creativecommons.org/licenses/by-nc-sa/4.0/,Brian Hendrix,2020-06-01,song
train,American Robin,american_robin,Turdus,migratorius,564319,564319-4.wav,wavfiles/564319-4.wav,//www.xeno-canto.org/564319,//creativecommons.org/licenses/by-nc-sa/4.0/,Brian Hendrix,2020-06-01,song
train,American Robin,american_robin,Turdus,migratorius,564319,564319-8.wav,wavfiles/564319-8.wav,//www.xeno-canto.org/564319,//creativecommons.org/licenses/by-nc-sa/4.0/,Brian Hendrix,2020-06-01,song
train,American Robin,american_robin,Turdus,migratorius,564319,564319-9.wav,wavfiles/564319-9.wav,//www.xeno-canto.org/564319,//creativecommons.org/licenses/by-nc-sa/4.0/,Brian Hendrix,2020-06-01,song
train,American Robin,american_robin,Turdus,migratorius,564324,564324-0.wav,wavfiles/564324-0.wav,//www.xeno-canto.org/564324,//creativecommons.org/licenses/by-nc-sa/4.0/,Brian Hendrix,2020-06-01,song
train,American Robin,american_robin,Turdus,migratorius,564324,564324-1.wav,wavfiles/564324-1.wav,//www.xeno-canto.org/564324,//creativecommons.org/licenses/by-nc-sa/4.0/,Brian Hendrix,2020-06-01,song
train,American Robin,american_robin,Turdus,migratorius,564324,564324-11.wav,wavfiles/564324-11.wav,//www.xeno-canto.org/564324,//creativecommons.org/licenses/by-nc-sa/4.0/,Brian Hendrix,2020-06-01,song
train,American Robin,american_robin,Turdus,migratorius,564324,564324-3.wav,wavfiles/564324-3.wav,//www.xeno-canto.org/564324,//creativecommons.org/licenses/by-nc-sa/4.0/,Brian Hendrix,2020-06-01,song
train,American Robin,american_robin,Turdus,migratorius,564324,564324-4.wav,wavfiles/564324-4.wav,//www.xeno-canto.org/564324,//creativecommons.org/licenses/by-nc-sa/4.0/,Brian Hendrix,2020-06-01,song
train,American Robin,american_robin,Turdus,migratorius,564324,564324-5.wav,wavfiles/564324-5.wav,//www.xeno-canto.org/564324,//creativecommons.org/licenses/by-nc-sa/4.0/,Brian Hendrix,2020-06-01,song
train,American Robin,american_robin,Turdus,migratorius,564324,564324-6.wav,wavfiles/564324-6.wav,//www.xeno-canto.org/564324,//creativecommons.org/licenses/by-nc-sa/4.0/,Brian Hendrix,2020-06-01,song
train,American Robin,american_robin,Turdus,migratorius,564324,564324-7.wav,wavfiles/564324-7.wav,//www.xeno-canto.org/564324,//creativecommons.org/licenses/by-nc-sa/4.0/,Brian Hendrix,2020-06-01,song
train,American Robin,american_robin,Turdus,migratorius,564324,564324-8.wav,wavfiles/564324-8.wav,//www.xeno-canto.org/564324,//creativecommons.org/licenses/by-nc-sa/4.0/,Brian Hendrix,2020-06-01,song
train,Bewick's Wren,bewicks_wren,Thryomanes,bewickii,12577,12577-0.wav,wavfiles/12577-0.wav,//www.xeno-canto.org/12577,//creativecommons.org/licenses/by-nc-nd/2.5/,Andrew Spencer,2007-04-14,song
train,Bewick's Wren,bewicks_wren,Thryomanes,bewickii,12577,12577-1.wav,wavfiles/12577-1.wav,//www.xeno-canto.org/12577,//creativecommons.org/licenses/by-nc-nd/2.5/,Andrew Spencer,2007-04-14,song
train,Bewick's Wren,bewicks_wren,Thryomanes,bewickii,12577,12577-10.wav,wavfiles/12577-10.wav,//www.xeno-canto.org/12577,//creativecommons.org/licenses/by-nc-nd/2.5/,Andrew Spencer,2007-04-14,song
train,Bewick's Wren,bewicks_wren,Thryomanes,bewickii,12577,12577-2.wav,wavfiles/12577-2.wav,//www.xeno-canto.org/12577,//creativecommons.org/licenses/by-nc-nd/2.5/,Andrew Spencer,2007-04-14,song
train,Bewick's Wren,bewicks_wren,Thryomanes,bewickii,12577,12577-3.wav,wavfiles/12577-3.wav,//www.xeno-canto.org/12577,//creativecommons.org/licenses/by-nc-nd/2.5/,Andrew Spencer,2007-04-14,song
train,Bewick's Wren,bewicks_wren,Thryomanes,bewickii,12577,12577-4.wav,wavfiles/12577-4.wav,//www.xeno-canto.org/12577,//creativecommons.org/licenses/by-nc-nd/2.5/,Andrew Spencer,2007-04-14,song
train,Bewick's Wren,bewicks_wren,Thryomanes,bewickii,12577,12577-5.wav,wavfiles/12577-5.wav,//www.xeno-canto.org/12577,//creativecommons.org/licenses/by-nc-nd/2.5/,Andrew Spencer,2007-04-14,song
train,Bewick's Wren,bewicks_wren,Thryomanes,bewickii,12577,12577-6.wav,wavfiles/12577-6.wav,//www.xeno-canto.org/12577,//creativecommons.org/licenses/by-nc-nd/2.5/,Andrew Spencer,2007-04-14,song
train,Bewick's Wren,bewicks_wren,Thryomanes,bewickii,12577,12577-7.wav,wavfiles/12577-7.wav,//www.xeno-canto.org/12577,//creativecommons.org/licenses/by-nc-nd/2.5/,Andrew Spencer,2007-04-14,song
train,Bewick's Wren,bewicks_wren,Thryomanes,bewickii,12577,12577-9.wav,wavfiles/12577-9.wav,//www.xeno-canto.org/12577,//creativecommons.org/licenses/by-nc-nd/2.5/,Andrew Spencer,2007-04-14,song
train,Bewick's Wren,bewicks_wren,Thryomanes,bewickii,12578,12578-0.wav,wavfiles/12578-0.wav,//www.xeno-canto.org/12578,//creativecommons.org/licenses/by-nc-nd/2.5/,Andrew Spencer,2007-04-14,"call, song"
train,Bewick's Wren,bewicks_wren,Thryomanes,bewickii,12578,12578-1.wav,wavfiles/12578-1.wav,//www.xeno-canto.org/12578,//creativecommons.org/licenses/by-nc-nd/2.5/,Andrew Spencer,2007-04-14,"call, song"
train,Bewick's Wren,bewicks_wren,Thryomanes,bewickii,12578,12578-2.wav,wavfiles/12578-2.wav,//www.xeno-canto.org/12578,//creativecommons.org/licenses/by-nc-nd/2.5/,Andrew Spencer,2007-04-14,"call, song"
train,Bewick's Wren,bewicks_wren,Thryomanes,bewickii,12578,12578-3.wav,wavfiles/12578-3.wav,//www.xeno-canto.org/12578,//creativecommons.org/licenses/by-nc-nd/2.5/,Andrew Spencer,2007-04-14,"call, song"
train,Bewick's Wren,bewicks_wren,Thryomanes,bewickii,12578,12578-4.wav,wavfiles/12578-4.wav,//www.xeno-canto.org/12578,//creativecommons.org/licenses/by-nc-nd/2.5/,Andrew Spencer,2007-04-14,"call, song"
train,Bewick's Wren,bewicks_wren,Thryomanes,bewickii,12578,12578-5.wav,wavfiles/12578-5.wav,//www.xeno-canto.org/12578,//creativecommons.org/licenses/by-nc-nd/2.5/,Andrew Spencer,2007-04-14,"call, song"
train,Bewick's Wren,bewicks_wren,Thryomanes,bewickii,12578,12578-7.wav,wavfiles/12578-7.wav,//www.xeno-canto.org/12578,//creativecommons.org/licenses/by-nc-nd/2.5/,Andrew Spencer,2007-04-14,"call, song"
train,Bewick's Wren,bewicks_wren,Thryomanes,bewickii,12578,12578-8.wav,wavfiles/12578-8.wav,//www.xeno-canto.org/12578,//creativecommons.org/licenses/by-nc-nd/2.5/,Andrew Spencer,2007-04-14,"call, song"
train,Bewick's Wren,bewicks_wren,Thryomanes,bewickii,12578,12578-9.wav,wavfiles/12578-9.wav,//www.xeno-canto.org/12578,//creativecommons.org/licenses/by-nc-nd/2.5/,Andrew Spencer,2007-04-14,"call, song"
train,Bewick's Wren,bewicks_wren,Thryomanes,bewickii,15269,15269-0.wav,wavfiles/15269-0.wav,//www.xeno-canto.org/15269,//creativecommons.org/licenses/by-nc-nd/2.5/,Andrew Spencer,2007-06-04,song
train,Bewick's Wren,bewicks_wren,Thryomanes,bewickii,15269,15269-1.wav,wavfiles/15269-1.wav,//www.xeno-canto.org/15269,//creativecommons.org/licenses/by-nc-nd/2.5/,Andrew Spencer,2007-06-04,song
train,Bewick's Wren,bewicks_wren,Thryomanes,bewickii,15269,15269-10.wav,wavfiles/15269-10.wav,//www.xeno-canto.org/15269,//creativecommons.org/licenses/by-nc-nd/2.5/,Andrew Spencer,2007-06-04,song
train,Bewick's Wren,bewicks_wren,Thryomanes,bewickii,15269,15269-11.wav,wavfiles/15269-11.wav,//www.xeno-canto.org/15269,//creativecommons.org/licenses/by-nc-nd/2.5/,Andrew Spencer,2007-06-04,song
train,Bewick's Wren,bewicks_wren,Thryomanes,bewickii,15269,15269-12.wav,wavfiles/15269-12.wav,//www.xeno-canto.org/15269,//creativecommons.org/licenses/by-nc-nd/2.5/,Andrew Spencer,2007-06-04,song
train,Bewick's Wren,bewicks_wren,Thryomanes,bewickii,15269,15269-4.wav,wavfiles/15269-4.wav,//www.xeno-canto.org/15269,//creativecommons.org/licenses/by-nc-nd/2.5/,Andrew Spencer,2007-06-04,song
train,Bewick's Wren,bewicks_wren,Thryomanes,bewickii,15269,15269-5.wav,wavfiles/15269-5.wav,//www.xeno-canto.org/15269,//creativecommons.org/licenses/by-nc-nd/2.5/,Andrew Spencer,2007-06-04,song
train,Bewick's Wren,bewicks_wren,Thryomanes,bewickii,15269,15269-6.wav,wavfiles/15269-6.wav,//www.xeno-canto.org/15269,//creativecommons.org/licenses/by-nc-nd/2.5/,Andrew Spencer,2007-06-04,song
train,Bewick's Wren,bewicks_wren,Thryomanes,bewickii,15269,15269-8.wav,wavfiles/15269-8.wav,//www.xeno-canto.org/15269,//creativecommons.org/licenses/by-nc-nd/2.5/,Andrew Spencer,2007-06-04,song
train,Bewick's Wren,bewicks_wren,Thryomanes,bewickii,15269,15269-9.wav,wavfiles/15269-9.wav,//www.xeno-canto.org/15269,//creativecommons.org/licenses/by-nc-nd/2.5/,Andrew Spencer,2007-06-04,song
train,Bewick's Wren,bewicks_wren,Thryomanes,bewickii,22069,22069-0.wav,wavfiles/22069-0.wav,//www.xeno-canto.org/22069,//creativecommons.org/licenses/by-nc-nd/2.5/,Chris Parrish,2008-07-10,song
train,Bewick's Wren,bewicks_wren,Thryomanes,bewickii,22069,22069-1.wav,wavfiles/22069-1.wav,//www.xeno-canto.org/22069,//creativecommons.org/licenses/by-nc-nd/2.5/,Chris Parrish,2008-07-10,song
train,Bewick's Wren,bewicks_wren,Thryomanes,bewickii,22069,22069-10.wav,wavfiles/22069-10.wav,//www.xeno-canto.org/22069,//creativecommons.org/licenses/by-nc-nd/2.5/,Chris Parrish,2008-07-10,song
train,Bewick's Wren,bewicks_wren,Thryomanes,bewickii,22069,22069-3.wav,wavfiles/22069-3.wav,//www.xeno-canto.org/22069,//creativecommons.org/licenses/by-nc-nd/2.5/,Chris Parrish,2008-07-10,song
train,Bewick's Wren,bewicks_wren,Thryomanes,bewickii,22069,22069-4.wav,wavfiles/22069-4.wav,//www.xeno-canto.org/22069,//creativecommons.org/licenses/by-nc-nd/2.5/,Chris Parrish,2008-07-10,song
train,Bewick's Wren,bewicks_wren,Thryomanes,bewickii,22069,22069-6.wav,wavfiles/22069-6.wav,//www.xeno-canto.org/22069,//creativecommons.org/licenses/by-nc-nd/2.5/,Chris Parrish,2008-07-10,song
train,Bewick's Wren,bewicks_wren,Thryomanes,bewickii,22069,22069-7.wav,wavfiles/22069-7.wav,//www.xeno-canto.org/22069,//creativecommons.org/licenses/by-nc-nd/2.5/,Chris Parrish,2008-07-10,song
train,Bewick's Wren,bewicks_wren,Thryomanes,bewickii,22069,22069-9.wav,wavfiles/22069-9.wav,//www.xeno-canto.org/22069,//creativecommons.org/licenses/by-nc-nd/2.5/,Chris Parrish,2008-07-10,song
train,Bewick's Wren,bewicks_wren,Thryomanes,bewickii,89833,89833-0.wav,wavfiles/89833-0.wav,//www.xeno-canto.org/89833,//creativecommons.org/licenses/by-nc-nd/2.5/,Thomas G. Graves,1996-04-28,song
train,Bewick's Wren,bewicks_wren,Thryomanes,bewickii,89833,89833-1.wav,wavfiles/89833-1.wav,//www.xeno-canto.org/89833,//creativecommons.org/licenses/by-nc-nd/2.5/,Thomas G. Graves,1996-04-28,song
train,Bewick's Wren,bewicks_wren,Thryomanes,bewickii,89833,89833-10.wav,wavfiles/89833-10.wav,//www.xeno-canto.org/89833,//creativecommons.org/licenses/by-nc-nd/2.5/,Thomas G. Graves,1996-04-28,song
train,Bewick's Wren,bewicks_wren,Thryomanes,bewickii,89833,89833-11.wav,wavfiles/89833-11.wav,//www.xeno-canto.org/89833,//creativecommons.org/licenses/by-nc-nd/2.5/,Thomas G. Graves,1996-04-28,song
train,Bewick's Wren,bewicks_wren,Thryomanes,bewickii,89833,89833-12.wav,wavfiles/89833-12.wav,//www.xeno-canto.org/89833,//creativecommons.org/licenses/by-nc-nd/2.5/,Thomas G. Graves,1996-04-28,song
train,Bewick's Wren,bewicks_wren,Thryomanes,bewickii,89833,89833-13.wav,wavfiles/89833-13.wav,//www.xeno-canto.org/89833,//creativecommons.org/licenses/by-nc-nd/2.5/,Thomas G. Graves,1996-04-28,song
train,Bewick's Wren,bewicks_wren,Thryomanes,bewickii,89833,89833-14.wav,wavfiles/89833-14.wav,//www.xeno-canto.org/89833,//creativecommons.org/licenses/by-nc-nd/2.5/,Thomas G. Graves,1996-04-28,song
train,Bewick's Wren,bewicks_wren,Thryomanes,bewickii,89833,89833-15.wav,wavfiles/89833-15.wav,//www.xeno-canto.org/89833,//creativecommons.org/licenses/by-nc-nd/2.5/,Thomas G. Graves,1996-04-28,song
train,Bewick's Wren,bewicks_wren,Thryomanes,bewickii,89833,89833-16.wav,wavfiles/89833-16.wav,//www.xeno-canto.org/89833,//creativecommons.org/licenses/by-nc-nd/2.5/,Thomas G. Graves,1996-04-28,song
train,Bewick's Wren,bewicks_wren,Thryomanes,bewickii,89833,89833-2.wav,wavfiles/89833-2.wav,//www.xeno-canto.org/89833,//creativecommons.org/licenses/by-nc-nd/2.5/,Thomas G. Graves,1996-04-28,song
train,Bewick's Wren,bewicks_wren,Thryomanes,bewickii,89833,89833-3.wav,wavfiles/89833-3.wav,//www.xeno-canto.org/89833,//creativecommons.org/licenses/by-nc-nd/2.5/,Thomas G. Graves,1996-04-28,song
train,Bewick's Wren,bewicks_wren,Thryomanes,bewickii,89833,89833-4.wav,wavfiles/89833-4.wav,//www.xeno-canto.org/89833,//creativecommons.org/licenses/by-nc-nd/2.5/,Thomas G. Graves,1996-04-28,song
train,Bewick's Wren,bewicks_wren,Thryomanes,bewickii,89833,89833-5.wav,wavfiles/89833-5.wav,//www.xeno-canto.org/89833,//creativecommons.org/licenses/by-nc-nd/2.5/,Thomas G. Graves,1996-04-28,song
train,Bewick's Wren,bewicks_wren,Thryomanes,bewickii,89833,89833-6.wav,wavfiles/89833-6.wav,//www.xeno-canto.org/89833,//creativecommons.org/licenses/by-nc-nd/2.5/,Thomas G. Graves,1996-04-28,song
train,Bewick's Wren,bewicks_wren,Thryomanes,bewickii,89833,89833-7.wav,wavfiles/89833-7.wav,//www.xeno-canto.org/89833,//creativecommons.org/licenses/by-nc-nd/2.5/,Thomas G. Graves,1996-04-28,song
train,Bewick's Wren,bewicks_wren,Thryomanes,bewickii,89833,89833-8.wav,wavfiles/89833-8.wav,//www.xeno-canto.org/89833,//creativecommons.org/licenses/by-nc-nd/2.5/,Thomas G. Graves,1996-04-28,song
train,Bewick's Wren,bewicks_wren,Thryomanes,bewickii,89833,89833-9.wav,wavfiles/89833-9.wav,//www.xeno-canto.org/89833,//creativecommons.org/licenses/by-nc-nd/2.5/,Thomas G. Graves,1996-04-28,song
train,Bewick's Wren,bewicks_wren,Thryomanes,bewickii,109668,109668-0.wav,wavfiles/109668-0.wav,//www.xeno-canto.org/109668,//creativecommons.org/licenses/by-sa/3.0/,Jonathon Jongsma,2012-09-05,song
train,Bewick's Wren,bewicks_wren,Thryomanes,bewickii,109668,109668-1.wav,wavfiles/109668-1.wav,//www.xeno-canto.org/109668,//creativecommons.org/licenses/by-sa/3.0/,Jonathon Jongsma,2012-09-05,song
train,Bewick's Wren,bewicks_wren,Thryomanes,bewickii,109668,109668-10.wav,wavfiles/109668-10.wav,//www.xeno-canto.org/109668,//creativecommons.org/licenses/by-sa/3.0/,Jonathon Jongsma,2012-09-05,song
train,Bewick's Wren,bewicks_wren,Thryomanes,bewickii,109668,109668-12.wav,wavfiles/109668-12.wav,//www.xeno-canto.org/109668,//creativecommons.org/licenses/by-sa/3.0/,Jonathon Jongsma,2012-09-05,song
train,Bewick's Wren,bewicks_wren,Thryomanes,bewickii,109668,109668-13.wav,wavfiles/109668-13.wav,//www.xeno-canto.org/109668,//creativecommons.org/licenses/by-sa/3.0/,Jonathon Jongsma,2012-09-05,song
train,Bewick's Wren,bewicks_wren,Thryomanes,bewickii,109668,109668-3.wav,wavfiles/109668-3.wav,//www.xeno-canto.org/109668,//creativecommons.org/licenses/by-sa/3.0/,Jonathon Jongsma,2012-09-05,song
train,Bewick's Wren,bewicks_wren,Thryomanes,bewickii,109668,109668-4.wav,wavfiles/109668-4.wav,//www.xeno-canto.org/109668,//creativecommons.org/licenses/by-sa/3.0/,Jonathon Jongsma,2012-09-05,song
train,Bewick's Wren,bewicks_wren,Thryomanes,bewickii,109668,109668-6.wav,wavfiles/109668-6.wav,//www.xeno-canto.org/109668,//creativecommons.org/licenses/by-sa/3.0/,Jonathon Jongsma,2012-09-05,song
train,Bewick's Wren,bewicks_wren,Thryomanes,bewickii,109668,109668-7.wav,wavfiles/109668-7.wav,//www.xeno-canto.org/109668,//creativecommons.org/licenses/by-sa/3.0/,Jonathon Jongsma,2012-09-05,song
train,Bewick's Wren,bewicks_wren,Thryomanes,bewickii,109668,109668-8.wav,wavfiles/109668-8.wav,//www.xeno-canto.org/109668,//creativecommons.org/licenses/by-sa/3.0/,Jonathon Jongsma,2012-09-05,song
train,Bewick's Wren,bewicks_wren,Thryomanes,bewickii,109668,109668-9.wav,wavfiles/109668-9.wav,//www.xeno-canto.org/109668,//creativecommons.org/licenses/by-sa/3.0/,Jonathon Jongsma,2012-09-05,song
train,Bewick's Wren,bewicks_wren,Thryomanes,bewickii,172752,172752-0.wav,wavfiles/172752-0.wav,//www.xeno-canto.org/172752,//creativecommons.org/licenses/by-nc-sa/4.0/,Eric DeFonso,2013-05-27,song
train,Bewick's Wren,bewicks_wren,Thryomanes,bewickii,172752,172752-1.wav,wavfiles/172752-1.wav,//www.xeno-canto.org/172752,//creativecommons.org/licenses/by-nc-sa/4.0/,Eric DeFonso,2013-05-27,song
train,Bewick's Wren,bewicks_wren,Thryomanes,bewickii,172752,172752-10.wav,wavfiles/172752-10.wav,//www.xeno-canto.org/172752,//creativecommons.org/licenses/by-nc-sa/4.0/,Eric DeFonso,2013-05-27,song
train,Bewick's Wren,bewicks_wren,Thryomanes,bewickii,172752,172752-11.wav,wavfiles/172752-11.wav,//www.xeno-canto.org/172752,//creativecommons.org/licenses/by-nc-sa/4.0/,Eric DeFonso,2013-05-27,song
train,Bewick's Wren,bewicks_wren,Thryomanes,bewickii,172752,172752-14.wav,wavfiles/172752-14.wav,//www.xeno-canto.org/172752,//creativecommons.org/licenses/by-nc-sa/4.0/,Eric DeFonso,2013-05-27,song
train,Bewick's Wren,bewicks_wren,Thryomanes,bewickii,172752,172752-15.wav,wavfiles/172752-15.wav,//www.xeno-canto.org/172752,//creativecommons.org/licenses/by-nc-sa/4.0/,Eric DeFonso,2013-05-27,song
train,Bewick's Wren,bewicks_wren,Thryomanes,bewickii,172752,172752-2.wav,wavfiles/172752-2.wav,//www.xeno-canto.org/172752,//creativecommons.org/licenses/by-nc-sa/4.0/,Eric DeFonso,2013-05-27,song
train,Bewick's Wren,bewicks_wren,Thryomanes,bewickii,172752,172752-3.wav,wavfiles/172752-3.wav,//www.xeno-canto.org/172752,//creativecommons.org/licenses/by-nc-sa/4.0/,Eric DeFonso,2013-05-27,song
train,Bewick's Wren,bewicks_wren,Thryomanes,bewickii,172752,172752-4.wav,wavfiles/172752-4.wav,//www.xeno-canto.org/172752,//creativecommons.org/licenses/by-nc-sa/4.0/,Eric DeFonso,2013-05-27,song
train,Bewick's Wren,bewicks_wren,Thryomanes,bewickii,172752,172752-5.wav,wavfiles/172752-5.wav,//www.xeno-canto.org/172752,//creativecommons.org/licenses/by-nc-sa/4.0/,Eric DeFonso,2013-05-27,song
train,Bewick's Wren,bewicks_wren,Thryomanes,bewickii,172752,172752-6.wav,wavfiles/172752-6.wav,//www.xeno-canto.org/172752,//creativecommons.org/licenses/by-nc-sa/4.0/,Eric DeFonso,2013-05-27,song
train,Bewick's Wren,bewicks_wren,Thryomanes,bewickii,172752,172752-7.wav,wavfiles/172752-7.wav,//www.xeno-canto.org/172752,//creativecommons.org/licenses/by-nc-sa/4.0/,Eric DeFonso,2013-05-27,song
train,Bewick's Wren,bewicks_wren,Thryomanes,bewickii,172752,172752-8.wav,wavfiles/172752-8.wav,//www.xeno-canto.org/172752,//creativecommons.org/licenses/by-nc-sa/4.0/,Eric DeFonso,2013-05-27,song
train,Bewick's Wren,bewicks_wren,Thryomanes,bewickii,172752,172752-9.wav,wavfiles/172752-9.wav,//www.xeno-canto.org/172752,//creativecommons.org/licenses/by-nc-sa/4.0/,Eric DeFonso,2013-05-27,song
train,Bewick's Wren,bewicks_wren,Thryomanes,bewickii,173148,173148-0.wav,wavfiles/173148-0.wav,//www.xeno-canto.org/173148,//creativecommons.org/licenses/by-nc-sa/4.0/,Eric DeFonso,2014-01-01,song
train,Bewick's Wren,bewicks_wren,Thryomanes,bewickii,173148,173148-1.wav,wavfiles/173148-1.wav,//www.xeno-canto.org/173148,//creativecommons.org/licenses/by-nc-sa/4.0/,Eric DeFonso,2014-01-01,song
train,Bewick's Wren,bewicks_wren,Thryomanes,bewickii,173148,173148-10.wav,wavfiles/173148-10.wav,//www.xeno-canto.org/173148,//creativecommons.org/licenses/by-nc-sa/4.0/,Eric DeFonso,2014-01-01,song
train,Bewick's Wren,bewicks_wren,Thryomanes,bewickii,173148,173148-11.wav,wavfiles/173148-11.wav,//www.xeno-canto.org/173148,//creativecommons.org/licenses/by-nc-sa/4.0/,Eric DeFonso,2014-01-01,song
train,Bewick's Wren,bewicks_wren,Thryomanes,bewickii,173148,173148-12.wav,wavfiles/173148-12.wav,//www.xeno-canto.org/173148,//creativecommons.org/licenses/by-nc-sa/4.0/,Eric DeFonso,2014-01-01,song
train,Bewick's Wren,bewicks_wren,Thryomanes,bewickii,173148,173148-2.wav,wavfiles/173148-2.wav,//www.xeno-canto.org/173148,//creativecommons.org/licenses/by-nc-sa/4.0/,Eric DeFonso,2014-01-01,song
train,Bewick's Wren,bewicks_wren,Thryomanes,bewickii,173148,173148-3.wav,wavfiles/173148-3.wav,//www.xeno-canto.org/173148,//creativecommons.org/licenses/by-nc-sa/4.0/,Eric DeFonso,2014-01-01,song
train,Bewick's Wren,bewicks_wren,Thryomanes,bewickii,173148,173148-4.wav,wavfiles/173148-4.wav,//www.xeno-canto.org/173148,//creativecommons.org/licenses/by-nc-sa/4.0/,Eric DeFonso,2014-01-01,song
train,Bewick's Wren,bewicks_wren,Thryomanes,bewickii,173148,173148-5.wav,wavfiles/173148-5.wav,//www.xeno-canto.org/173148,//creativecommons.org/licenses/by-nc-sa/4.0/,Eric DeFonso,2014-01-01,song
train,Bewick's Wren,bewicks_wren,Thryomanes,bewickii,173148,173148-6.wav,wavfiles/173148-6.wav,//www.xeno-canto.org/173148,//creativecommons.org/licenses/by-nc-sa/4.0/,Eric DeFonso,2014-01-01,song
train,Bewick's Wren,bewicks_wren,Thryomanes,bewickii,173148,173148-7.wav,wavfiles/173148-7.wav,//www.xeno-canto.org/173148,//creativecommons.org/licenses/by-nc-sa/4.0/,Eric DeFonso,2014-01-01,song
train,Bewick's Wren,bewicks_wren,Thryomanes,bewickii,173148,173148-8.wav,wavfiles/173148-8.wav,//www.xeno-canto.org/173148,//creativecommons.org/licenses/by-nc-sa/4.0/,Eric DeFonso,2014-01-01,song
train,Bewick's Wren,bewicks_wren,Thryomanes,bewickii,173148,173148-9.wav,wavfiles/173148-9.wav,//www.xeno-canto.org/173148,//creativecommons.org/licenses/by-nc-sa/4.0/,Eric DeFonso,2014-01-01,song
train,Bewick's Wren,bewicks_wren,Thryomanes,bewickii,173150,173150-0.wav,wavfiles/173150-0.wav,//www.xeno-canto.org/173150,//creativecommons.org/licenses/by-nc-sa/4.0/,Eric DeFonso,2014-01-01,song
train,Bewick's Wren,bewicks_wren,Thryomanes,bewickii,173150,173150-1.wav,wavfiles/173150-1.wav,//www.xeno-canto.org/173150,//creativecommons.org/licenses/by-nc-sa/4.0/,Eric DeFonso,2014-01-01,song
train,Bewick's Wren,bewicks_wren,Thryomanes,bewickii,173150,173150-10.wav,wavfiles/173150-10.wav,//www.xeno-canto.org/173150,//creativecommons.org/licenses/by-nc-sa/4.0/,Eric DeFonso,2014-01-01,song
train,Bewick's Wren,bewicks_wren,Thryomanes,bewickii,173150,173150-11.wav,wavfiles/173150-11.wav,//www.xeno-canto.org/173150,//creativecommons.org/licenses/by-nc-sa/4.0/,Eric DeFonso,2014-01-01,song
train,Bewick's Wren,bewicks_wren,Thryomanes,bewickii,173150,173150-12.wav,wavfiles/173150-12.wav,//www.xeno-canto.org/173150,//creativecommons.org/licenses/by-nc-sa/4.0/,Eric DeFonso,2014-01-01,song
train,Bewick's Wren,bewicks_wren,Thryomanes,bewickii,173150,173150-13.wav,wavfiles/173150-13.wav,//www.xeno-canto.org/173150,//creativecommons.org/licenses/by-nc-sa/4.0/,Eric DeFonso,2014-01-01,song
train,Bewick's Wren,bewicks_wren,Thryomanes,bewickii,173150,173150-14.wav,wavfiles/173150-14.wav,//www.xeno-canto.org/173150,//creativecommons.org/licenses/by-nc-sa/4.0/,Eric DeFonso,2014-01-01,song
train,Bewick's Wren,bewicks_wren,Thryomanes,bewickii,173150,173150-2.wav,wavfiles/173150-2.wav,//www.xeno-canto.org/173150,//creativecommons.org/licenses/by-nc-sa/4.0/,Eric DeFonso,2014-01-01,song
train,Bewick's Wren,bewicks_wren,Thryomanes,bewickii,173150,173150-3.wav,wavfiles/173150-3.wav,//www.xeno-canto.org/173150,//creativecommons.org/licenses/by-nc-sa/4.0/,Eric DeFonso,2014-01-01,song
train,Bewick's Wren,bewicks_wren,Thryomanes,bewickii,173150,173150-4.wav,wavfiles/173150-4.wav,//www.xeno-canto.org/173150,//creativecommons.org/licenses/by-nc-sa/4.0/,Eric DeFonso,2014-01-01,song
train,Bewick's Wren,bewicks_wren,Thryomanes,bewickii,173150,173150-5.wav,wavfiles/173150-5.wav,//www.xeno-canto.org/173150,//creativecommons.org/licenses/by-nc-sa/4.0/,Eric DeFonso,2014-01-01,song
train,Bewick's Wren,bewicks_wren,Thryomanes,bewickii,173150,173150-6.wav,wavfiles/173150-6.wav,//www.xeno-canto.org/173150,//creativecommons.org/licenses/by-nc-sa/4.0/,Eric DeFonso,2014-01-01,song
train,Bewick's Wren,bewicks_wren,Thryomanes,bewickii,173150,173150-7.wav,wavfiles/173150-7.wav,//www.xeno-canto.org/173150,//creativecommons.org/licenses/by-nc-sa/4.0/,Eric DeFonso,2014-01-01,song
train,Bewick's Wren,bewicks_wren,Thryomanes,bewickii,173150,173150-8.wav,wavfiles/173150-8.wav,//www.xeno-canto.org/173150,//creativecommons.org/licenses/by-nc-sa/4.0/,Eric DeFonso,2014-01-01,song
train,Bewick's Wren,bewicks_wren,Thryomanes,bewickii,173150,173150-9.wav,wavfiles/173150-9.wav,//www.xeno-canto.org/173150,//creativecommons.org/licenses/by-nc-sa/4.0/,Eric DeFonso,2014-01-01,song
train,Bewick's Wren,bewicks_wren,Thryomanes,bewickii,173153,173153-0.wav,wavfiles/173153-0.wav,//www.xeno-canto.org/173153,//creativecommons.org/licenses/by-nc-sa/4.0/,Eric DeFonso,2014-01-01,song
train,Bewick's Wren,bewicks_wren,Thryomanes,bewickii,173153,173153-1.wav,wavfiles/173153-1.wav,//www.xeno-canto.org/173153,//creativecommons.org/licenses/by-nc-sa/4.0/,Eric DeFonso,2014-01-01,song
train,Bewick's Wren,bewicks_wren,Thryomanes,bewickii,173153,173153-10.wav,wavfiles/173153-10.wav,//www.xeno-canto.org/173153,//creativecommons.org/licenses/by-nc-sa/4.0/,Eric DeFonso,2014-01-01,song
train,Bewick's Wren,bewicks_wren,Thryomanes,bewickii,173153,173153-11.wav,wavfiles/173153-11.wav,//www.xeno-canto.org/173153,//creativecommons.org/licenses/by-nc-sa/4.0/,Eric DeFonso,2014-01-01,song
train,Bewick's Wren,bewicks_wren,Thryomanes,bewickii,173153,173153-12.wav,wavfiles/173153-12.wav,//www.xeno-canto.org/173153,//creativecommons.org/licenses/by-nc-sa/4.0/,Eric DeFonso,2014-01-01,song
train,Bewick's Wren,bewicks_wren,Thryomanes,bewickii,173153,173153-13.wav,wavfiles/173153-13.wav,//www.xeno-canto.org/173153,//creativecommons.org/licenses/by-nc-sa/4.0/,Eric DeFonso,2014-01-01,song
train,Bewick's Wren,bewicks_wren,Thryomanes,bewickii,173153,173153-14.wav,wavfiles/173153-14.wav,//www.xeno-canto.org/173153,//creativecommons.org/licenses/by-nc-sa/4.0/,Eric DeFonso,2014-01-01,song
train,Bewick's Wren,bewicks_wren,Thryomanes,bewickii,173153,173153-2.wav,wavfiles/173153-2.wav,//www.xeno-canto.org/173153,//creativecommons.org/licenses/by-nc-sa/4.0/,Eric DeFonso,2014-01-01,song
train,Bewick's Wren,bewicks_wren,Thryomanes,bewickii,173153,173153-3.wav,wavfiles/173153-3.wav,//www.xeno-canto.org/173153,//creativecommons.org/licenses/by-nc-sa/4.0/,Eric DeFonso,2014-01-01,song
train,Bewick's Wren,bewicks_wren,Thryomanes,bewickii,173153,173153-4.wav,wavfiles/173153-4.wav,//www.xeno-canto.org/173153,//creativecommons.org/licenses/by-nc-sa/4.0/,Eric DeFonso,2014-01-01,song
train,Bewick's Wren,bewicks_wren,Thryomanes,bewickii,173153,173153-5.wav,wavfiles/173153-5.wav,//www.xeno-canto.org/173153,//creativecommons.org/licenses/by-nc-sa/4.0/,Eric DeFonso,2014-01-01,song
train,Bewick's Wren,bewicks_wren,Thryomanes,bewickii,173153,173153-6.wav,wavfiles/173153-6.wav,//www.xeno-canto.org/173153,//creativecommons.org/licenses/by-nc-sa/4.0/,Eric DeFonso,2014-01-01,song
train,Bewick's Wren,bewicks_wren,Thryomanes,bewickii,173153,173153-7.wav,wavfiles/173153-7.wav,//www.xeno-canto.org/173153,//creativecommons.org/licenses/by-nc-sa/4.0/,Eric DeFonso,2014-01-01,song
train,Bewick's Wren,bewicks_wren,Thryomanes,bewickii,173153,173153-8.wav,wavfiles/173153-8.wav,//www.xeno-canto.org/173153,//creativecommons.org/licenses/by-nc-sa/4.0/,Eric DeFonso,2014-01-01,song
train,Bewick's Wren,bewicks_wren,Thryomanes,bewickii,173153,173153-9.wav,wavfiles/173153-9.wav,//www.xeno-canto.org/173153,//creativecommons.org/licenses/by-nc-sa/4.0/,Eric DeFonso,2014-01-01,song
train,Bewick's Wren,bewicks_wren,Thryomanes,bewickii,173154,173154-0.wav,wavfiles/173154-0.wav,//www.xeno-canto.org/173154,//creativecommons.org/licenses/by-nc-sa/4.0/,Eric DeFonso,2014-01-01,song
train,Bewick's Wren,bewicks_wren,Thryomanes,bewickii,173154,173154-1.wav,wavfiles/173154-1.wav,//www.xeno-canto.org/173154,//creativecommons.org/licenses/by-nc-sa/4.0/,Eric DeFonso,2014-01-01,song
train,Bewick's Wren,bewicks_wren,Thryomanes,bewickii,173154,173154-10.wav,wavfiles/173154-10.wav,//www.xeno-canto.org/173154,//creativecommons.org/licenses/by-nc-sa/4.0/,Eric DeFonso,2014-01-01,song
train,Bewick's Wren,bewicks_wren,Thryomanes,bewickii,173154,173154-11.wav,wavfiles/173154-11.wav,//www.xeno-canto.org/173154,//creativecommons.org/licenses/by-nc-sa/4.0/,Eric DeFonso,2014-01-01,song
train,Bewick's Wren,bewicks_wren,Thryomanes,bewickii,173154,173154-12.wav,wavfiles/173154-12.wav,//www.xeno-canto.org/173154,//creativecommons.org/licenses/by-nc-sa/4.0/,Eric DeFonso,2014-01-01,song
train,Bewick's Wren,bewicks_wren,Thryomanes,bewickii,173154,173154-13.wav,wavfiles/173154-13.wav,//www.xeno-canto.org/173154,//creativecommons.org/licenses/by-nc-sa/4.0/,Eric DeFonso,2014-01-01,song
train,Bewick's Wren,bewicks_wren,Thryomanes,bewickii,173154,173154-2.wav,wavfiles/173154-2.wav,//www.xeno-canto.org/173154,//creativecommons.org/licenses/by-nc-sa/4.0/,Eric DeFonso,2014-01-01,song
train,Bewick's Wren,bewicks_wren,Thryomanes,bewickii,173154,173154-3.wav,wavfiles/173154-3.wav,//www.xeno-canto.org/173154,//creativecommons.org/licenses/by-nc-sa/4.0/,Eric DeFonso,2014-01-01,song
train,Bewick's Wren,bewicks_wren,Thryomanes,bewickii,173154,173154-4.wav,wavfiles/173154-4.wav,//www.xeno-canto.org/173154,//creativecommons.org/licenses/by-nc-sa/4.0/,Eric DeFonso,2014-01-01,song
train,Bewick's Wren,bewicks_wren,Thryomanes,bewickii,173154,173154-5.wav,wavfiles/173154-5.wav,//www.xeno-canto.org/173154,//creativecommons.org/licenses/by-nc-sa/4.0/,Eric DeFonso,2014-01-01,song
train,Bewick's Wren,bewicks_wren,Thryomanes,bewickii,173154,173154-6.wav,wavfiles/173154-6.wav,//www.xeno-canto.org/173154,//creativecommons.org/licenses/by-nc-sa/4.0/,Eric DeFonso,2014-01-01,song
train,Bewick's Wren,bewicks_wren,Thryomanes,bewickii,173154,173154-7.wav,wavfiles/173154-7.wav,//www.xeno-canto.org/173154,//creativecommons.org/licenses/by-nc-sa/4.0/,Eric DeFonso,2014-01-01,song
train,Bewick's Wren,bewicks_wren,Thryomanes,bewickii,173154,173154-8.wav,wavfiles/173154-8.wav,//www.xeno-canto.org/173154,//creativecommons.org/licenses/by-nc-sa/4.0/,Eric DeFonso,2014-01-01,song
train,Bewick's Wren,bewicks_wren,Thryomanes,bewickii,173154,173154-9.wav,wavfiles/173154-9.wav,//www.xeno-canto.org/173154,//creativecommons.org/licenses/by-nc-sa/4.0/,Eric DeFonso,2014-01-01,song
train,Bewick's Wren,bewicks_wren,Thryomanes,bewickii,178016,178016-0.wav,wavfiles/178016-0.wav,//www.xeno-canto.org/178016,//creativecommons.org/licenses/by-nc-sa/4.0/,Thomas G. Graves,2014-05-04,song
train,Bewick's Wren,bewicks_wren,Thryomanes,bewickii,178016,178016-1.wav,wavfiles/178016-1.wav,//www.xeno-canto.org/178016,//creativecommons.org/licenses/by-nc-sa/4.0/,Thomas G. Graves,2014-05-04,song
train,Bewick's Wren,bewicks_wren,Thryomanes,bewickii,178016,178016-10.wav,wavfiles/178016-10.wav,//www.xeno-canto.org/178016,//creativecommons.org/licenses/by-nc-sa/4.0/,Thomas G. Graves,2014-05-04,song
train,Bewick's Wren,bewicks_wren,Thryomanes,bewickii,178016,178016-12.wav,wavfiles/178016-12.wav,//www.xeno-canto.org/178016,//creativecommons.org/licenses/by-nc-sa/4.0/,Thomas G. Graves,2014-05-04,song
train,Bewick's Wren,bewicks_wren,Thryomanes,bewickii,178016,178016-13.wav,wavfiles/178016-13.wav,//www.xeno-canto.org/178016,//creativecommons.org/licenses/by-nc-sa/4.0/,Thomas G. Graves,2014-05-04,song
train,Bewick's Wren,bewicks_wren,Thryomanes,bewickii,178016,178016-3.wav,wavfiles/178016-3.wav,//www.xeno-canto.org/178016,//creativecommons.org/licenses/by-nc-sa/4.0/,Thomas G. Graves,2014-05-04,song
train,Bewick's Wren,bewicks_wren,Thryomanes,bewickii,178016,178016-4.wav,wavfiles/178016-4.wav,//www.xeno-canto.org/178016,//creativecommons.org/licenses/by-nc-sa/4.0/,Thomas G. Graves,2014-05-04,song
train,Bewick's Wren,bewicks_wren,Thryomanes,bewickii,178016,178016-6.wav,wavfiles/178016-6.wav,//www.xeno-canto.org/178016,//creativecommons.org/licenses/by-nc-sa/4.0/,Thomas G. Graves,2014-05-04,song
train,Bewick's Wren,bewicks_wren,Thryomanes,bewickii,178016,178016-7.wav,wavfiles/178016-7.wav,//www.xeno-canto.org/178016,//creativecommons.org/licenses/by-nc-sa/4.0/,Thomas G. Graves,2014-05-04,song
train,Bewick's Wren,bewicks_wren,Thryomanes,bewickii,178016,178016-9.wav,wavfiles/178016-9.wav,//www.xeno-canto.org/178016,//creativecommons.org/licenses/by-nc-sa/4.0/,Thomas G. Graves,2014-05-04,song
train,Bewick's Wren,bewicks_wren,Thryomanes,bewickii,178322,178322-0.wav,wavfiles/178322-0.wav,//www.xeno-canto.org/178322,//creativecommons.org/licenses/by-nc-sa/4.0/,Tim Marquardt,2014-05-15,song
train,Bewick's Wren,bewicks_wren,Thryomanes,bewickii,178322,178322-1.wav,wavfiles/178322-1.wav,//www.xeno-canto.org/178322,//creativecommons.org/licenses/by-nc-sa/4.0/,Tim Marquardt,2014-05-15,song
train,Bewick's Wren,bewicks_wren,Thryomanes,bewickii,178322,178322-10.wav,wavfiles/178322-10.wav,//www.xeno-canto.org/178322,//creativecommons.org/licenses/by-nc-sa/4.0/,Tim Marquardt,2014-05-15,song
train,Bewick's Wren,bewicks_wren,Thryomanes,bewickii,178322,178322-12.wav,wavfiles/178322-12.wav,//www.xeno-canto.org/178322,//creativecommons.org/licenses/by-nc-sa/4.0/,Tim Marquardt,2014-05-15,song
train,Bewick's Wren,bewicks_wren,Thryomanes,bewickii,178322,178322-13.wav,wavfiles/178322-13.wav,//www.xeno-canto.org/178322,//creativecommons.org/licenses/by-nc-sa/4.0/,Tim Marquardt,2014-05-15,song
train,Bewick's Wren,bewicks_wren,Thryomanes,bewickii,178322,178322-14.wav,wavfiles/178322-14.wav,//www.xeno-canto.org/178322,//creativecommons.org/licenses/by-nc-sa/4.0/,Tim Marquardt,2014-05-15,song
train,Bewick's Wren,bewicks_wren,Thryomanes,bewickii,178322,178322-3.wav,wavfiles/178322-3.wav,//www.xeno-canto.org/178322,//creativecommons.org/licenses/by-nc-sa/4.0/,Tim Marquardt,2014-05-15,song
train,Bewick's Wren,bewicks_wren,Thryomanes,bewickii,178322,178322-4.wav,wavfiles/178322-4.wav,//www.xeno-canto.org/178322,//creativecommons.org/licenses/by-nc-sa/4.0/,Tim Marquardt,2014-05-15,song
train,Bewick's Wren,bewicks_wren,Thryomanes,bewickii,178322,178322-6.wav,wavfiles/178322-6.wav,//www.xeno-canto.org/178322,//creativecommons.org/licenses/by-nc-sa/4.0/,Tim Marquardt,2014-05-15,song
train,Bewick's Wren,bewicks_wren,Thryomanes,bewickii,178322,178322-7.wav,wavfiles/178322-7.wav,//www.xeno-canto.org/178322,//creativecommons.org/licenses/by-nc-sa/4.0/,Tim Marquardt,2014-05-15,song
train,Bewick's Wren,bewicks_wren,Thryomanes,bewickii,178322,178322-9.wav,wavfiles/178322-9.wav,//www.xeno-canto.org/178322,//creativecommons.org/licenses/by-nc-sa/4.0/,Tim Marquardt,2014-05-15,song
train,Bewick's Wren,bewicks_wren,Thryomanes,bewickii,205433,205433-0.wav,wavfiles/205433-0.wav,//www.xeno-canto.org/205433,//creativecommons.org/licenses/by-nc-sa/4.0/,Eric DeFonso,2014-05-21,song
train,Bewick's Wren,bewicks_wren,Thryomanes,bewickii,205433,205433-1.wav,wavfiles/205433-1.wav,//www.xeno-canto.org/205433,//creativecommons.org/licenses/by-nc-sa/4.0/,Eric DeFonso,2014-05-21,song
train,Bewick's Wren,bewicks_wren,Thryomanes,bewickii,205433,205433-10.wav,wavfiles/205433-10.wav,//www.xeno-canto.org/205433,//creativecommons.org/licenses/by-nc-sa/4.0/,Eric DeFonso,2014-05-21,song
train,Bewick's Wren,bewicks_wren,Thryomanes,bewickii,205433,205433-11.wav,wavfiles/205433-11.wav,//www.xeno-canto.org/205433,//creativecommons.org/licenses/by-nc-sa/4.0/,Eric DeFonso,2014-05-21,song
train,Bewick's Wren,bewicks_wren,Thryomanes,bewickii,205433,205433-13.wav,wavfiles/205433-13.wav,//www.xeno-canto.org/205433,//creativecommons.org/licenses/by-nc-sa/4.0/,Eric DeFonso,2014-05-21,song
train,Bewick's Wren,bewicks_wren,Thryomanes,bewickii,205433,205433-2.wav,wavfiles/205433-2.wav,//www.xeno-canto.org/205433,//creativecommons.org/licenses/by-nc-sa/4.0/,Eric DeFonso,2014-05-21,song
train,Bewick's Wren,bewicks_wren,Thryomanes,bewickii,205433,205433-3.wav,wavfiles/205433-3.wav,//www.xeno-canto.org/205433,//creativecommons.org/licenses/by-nc-sa/4.0/,Eric DeFonso,2014-05-21,song
train,Bewick's Wren,bewicks_wren,Thryomanes,bewickii,205433,205433-4.wav,wavfiles/205433-4.wav,//www.xeno-canto.org/205433,//creativecommons.org/licenses/by-nc-sa/4.0/,Eric DeFonso,2014-05-21,song
train,Bewick's Wren,bewicks_wren,Thryomanes,bewickii,205433,205433-5.wav,wavfiles/205433-5.wav,//www.xeno-canto.org/205433,//creativecommons.org/licenses/by-nc-sa/4.0/,Eric DeFonso,2014-05-21,song
train,Bewick's Wren,bewicks_wren,Thryomanes,bewickii,205433,205433-6.wav,wavfiles/205433-6.wav,//www.xeno-canto.org/205433,//creativecommons.org/licenses/by-nc-sa/4.0/,Eric DeFonso,2014-05-21,song
train,Bewick's Wren,bewicks_wren,Thryomanes,bewickii,205433,205433-7.wav,wavfiles/205433-7.wav,//www.xeno-canto.org/205433,//creativecommons.org/licenses/by-nc-sa/4.0/,Eric DeFonso,2014-05-21,song
train,Bewick's Wren,bewicks_wren,Thryomanes,bewickii,205433,205433-8.wav,wavfiles/205433-8.wav,//www.xeno-canto.org/205433,//creativecommons.org/licenses/by-nc-sa/4.0/,Eric DeFonso,2014-05-21,song
train,Bewick's Wren,bewicks_wren,Thryomanes,bewickii,205433,205433-9.wav,wavfiles/205433-9.wav,//www.xeno-canto.org/205433,//creativecommons.org/licenses/by-nc-sa/4.0/,Eric DeFonso,2014-05-21,song
train,Bewick's Wren,bewicks_wren,Thryomanes,bewickii,217819,217819-0.wav,wavfiles/217819-0.wav,//www.xeno-canto.org/217819,//creativecommons.org/licenses/by-nc-sa/4.0/,Paul Marvin,2012-03-28,song
train,Bewick's Wren,bewicks_wren,Thryomanes,bewickii,217819,217819-1.wav,wavfiles/217819-1.wav,//www.xeno-canto.org/217819,//creativecommons.org/licenses/by-nc-sa/4.0/,Paul Marvin,2012-03-28,song
train,Bewick's Wren,bewicks_wren,Thryomanes,bewickii,217819,217819-10.wav,wavfiles/217819-10.wav,//www.xeno-canto.org/217819,//creativecommons.org/licenses/by-nc-sa/4.0/,Paul Marvin,2012-03-28,song
train,Bewick's Wren,bewicks_wren,Thryomanes,bewickii,217819,217819-11.wav,wavfiles/217819-11.wav,//www.xeno-canto.org/217819,//creativecommons.org/licenses/by-nc-sa/4.0/,Paul Marvin,2012-03-28,song
train,Bewick's Wren,bewicks_wren,Thryomanes,bewickii,217819,217819-12.wav,wavfiles/217819-12.wav,//www.xeno-canto.org/217819,//creativecommons.org/licenses/by-nc-sa/4.0/,Paul Marvin,2012-03-28,song
train,Bewick's Wren,bewicks_wren,Thryomanes,bewickii,217819,217819-13.wav,wavfiles/217819-13.wav,//www.xeno-canto.org/217819,//creativecommons.org/licenses/by-nc-sa/4.0/,Paul Marvin,2012-03-28,song
train,Bewick's Wren,bewicks_wren,Thryomanes,bewickii,217819,217819-3.wav,wavfiles/217819-3.wav,//www.xeno-canto.org/217819,//creativecommons.org/licenses/by-nc-sa/4.0/,Paul Marvin,2012-03-28,song
train,Bewick's Wren,bewicks_wren,Thryomanes,bewickii,217819,217819-4.wav,wavfiles/217819-4.wav,//www.xeno-canto.org/217819,//creativecommons.org/licenses/by-nc-sa/4.0/,Paul Marvin,2012-03-28,song
train,Bewick's Wren,bewicks_wren,Thryomanes,bewickii,217819,217819-6.wav,wavfiles/217819-6.wav,//www.xeno-canto.org/217819,//creativecommons.org/licenses/by-nc-sa/4.0/,Paul Marvin,2012-03-28,song
train,Bewick's Wren,bewicks_wren,Thryomanes,bewickii,217819,217819-9.wav,wavfiles/217819-9.wav,//www.xeno-canto.org/217819,//creativecommons.org/licenses/by-nc-sa/4.0/,Paul Marvin,2012-03-28,song
train,Bewick's Wren,bewicks_wren,Thryomanes,bewickii,217833,217833-0.wav,wavfiles/217833-0.wav,//www.xeno-canto.org/217833,//creativecommons.org/licenses/by-nc-sa/4.0/,Paul Marvin,2011-06-10,"call, song"
train,Bewick's Wren,bewicks_wren,Thryomanes,bewickii,217833,217833-1.wav,wavfiles/217833-1.wav,//www.xeno-canto.org/217833,//creativecommons.org/licenses/by-nc-sa/4.0/,Paul Marvin,2011-06-10,"call, song"
train,Bewick's Wren,bewicks_wren,Thryomanes,bewickii,217833,217833-10.wav,wavfiles/217833-10.wav,//www.xeno-canto.org/217833,//creativecommons.org/licenses/by-nc-sa/4.0/,Paul Marvin,2011-06-10,"call, song"
train,Bewick's Wren,bewicks_wren,Thryomanes,bewickii,217833,217833-11.wav,wavfiles/217833-11.wav,//www.xeno-canto.org/217833,//creativecommons.org/licenses/by-nc-sa/4.0/,Paul Marvin,2011-06-10,"call, song"
train,Bewick's Wren,bewicks_wren,Thryomanes,bewickii,217833,217833-12.wav,wavfiles/217833-12.wav,//www.xeno-canto.org/217833,//creativecommons.org/licenses/by-nc-sa/4.0/,Paul Marvin,2011-06-10,"call, song"
train,Bewick's Wren,bewicks_wren,Thryomanes,bewickii,217833,217833-13.wav,wavfiles/217833-13.wav,//www.xeno-canto.org/217833,//creativecommons.org/licenses/by-nc-sa/4.0/,Paul Marvin,2011-06-10,"call, song"
train,Bewick's Wren,bewicks_wren,Thryomanes,bewickii,217833,217833-14.wav,wavfiles/217833-14.wav,//www.xeno-canto.org/217833,//creativecommons.org/licenses/by-nc-sa/4.0/,Paul Marvin,2011-06-10,"call, song"
train,Bewick's Wren,bewicks_wren,Thryomanes,bewickii,217833,217833-2.wav,wavfiles/217833-2.wav,//www.xeno-canto.org/217833,//creativecommons.org/licenses/by-nc-sa/4.0/,Paul Marvin,2011-06-10,"call, song"
train,Bewick's Wren,bewicks_wren,Thryomanes,bewickii,217833,217833-3.wav,wavfiles/217833-3.wav,//www.xeno-canto.org/217833,//creativecommons.org/licenses/by-nc-sa/4.0/,Paul Marvin,2011-06-10,"call, song"
train,Bewick's Wren,bewicks_wren,Thryomanes,bewickii,217833,217833-4.wav,wavfiles/217833-4.wav,//www.xeno-canto.org/217833,//creativecommons.org/licenses/by-nc-sa/4.0/,Paul Marvin,2011-06-10,"call, song"
train,Bewick's Wren,bewicks_wren,Thryomanes,bewickii,217833,217833-5.wav,wavfiles/217833-5.wav,//www.xeno-canto.org/217833,//creativecommons.org/licenses/by-nc-sa/4.0/,Paul Marvin,2011-06-10,"call, song"
train,Bewick's Wren,bewicks_wren,Thryomanes,bewickii,217833,217833-6.wav,wavfiles/217833-6.wav,//www.xeno-canto.org/217833,//creativecommons.org/licenses/by-nc-sa/4.0/,Paul Marvin,2011-06-10,"call, song"
train,Bewick's Wren,bewicks_wren,Thryomanes,bewickii,217833,217833-7.wav,wavfiles/217833-7.wav,//www.xeno-canto.org/217833,//creativecommons.org/licenses/by-nc-sa/4.0/,Paul Marvin,2011-06-10,"call, song"
train,Bewick's Wren,bewicks_wren,Thryomanes,bewickii,217833,217833-9.wav,wavfiles/217833-9.wav,//www.xeno-canto.org/217833,//creativecommons.org/licenses/by-nc-sa/4.0/,Paul Marvin,2011-06-10,"call, song"
train,Bewick's Wren,bewicks_wren,Thryomanes,bewickii,217834,217834-10.wav,wavfiles/217834-10.wav,//www.xeno-canto.org/217834,//creativecommons.org/licenses/by-nc-sa/4.0/,Paul Marvin,2013-04-05,song
train,Bewick's Wren,bewicks_wren,Thryomanes,bewickii,217834,217834-11.wav,wavfiles/217834-11.wav,//www.xeno-canto.org/217834,//creativecommons.org/licenses/by-nc-sa/4.0/,Paul Marvin,2013-04-05,song
train,Bewick's Wren,bewicks_wren,Thryomanes,bewickii,217834,217834-12.wav,wavfiles/217834-12.wav,//www.xeno-canto.org/217834,//creativecommons.org/licenses/by-nc-sa/4.0/,Paul Marvin,2013-04-05,song
train,Bewick's Wren,bewicks_wren,Thryomanes,bewickii,217834,217834-3.wav,wavfiles/217834-3.wav,//www.xeno-canto.org/217834,//creativecommons.org/licenses/by-nc-sa/4.0/,Paul Marvin,2013-04-05,song
train,Bewick's Wren,bewicks_wren,Thryomanes,bewickii,217834,217834-4.wav,wavfiles/217834-4.wav,//www.xeno-canto.org/217834,//creativecommons.org/licenses/by-nc-sa/4.0/,Paul Marvin,2013-04-05,song
train,Bewick's Wren,bewicks_wren,Thryomanes,bewickii,217834,217834-5.wav,wavfiles/217834-5.wav,//www.xeno-canto.org/217834,//creativecommons.org/licenses/by-nc-sa/4.0/,Paul Marvin,2013-04-05,song
train,Bewick's Wren,bewicks_wren,Thryomanes,bewickii,217834,217834-6.wav,wavfiles/217834-6.wav,//www.xeno-canto.org/217834,//creativecommons.org/licenses/by-nc-sa/4.0/,Paul Marvin,2013-04-05,song
train,Bewick's Wren,bewicks_wren,Thryomanes,bewickii,217834,217834-7.wav,wavfiles/217834-7.wav,//www.xeno-canto.org/217834,//creativecommons.org/licenses/by-nc-sa/4.0/,Paul Marvin,2013-04-05,song
train,Bewick's Wren,bewicks_wren,Thryomanes,bewickii,217834,217834-9.wav,wavfiles/217834-9.wav,//www.xeno-canto.org/217834,//creativecommons.org/licenses/by-nc-sa/4.0/,Paul Marvin,2013-04-05,song
train,Bewick's Wren,bewicks_wren,Thryomanes,bewickii,217835,217835-0.wav,wavfiles/217835-0.wav,//www.xeno-canto.org/217835,//creativecommons.org/licenses/by-nc-sa/4.0/,Paul Marvin,2013-04-05,"call, song"
train,Bewick's Wren,bewicks_wren,Thryomanes,bewickii,217835,217835-1.wav,wavfiles/217835-1.wav,//www.xeno-canto.org/217835,//creativecommons.org/licenses/by-nc-sa/4.0/,Paul Marvin,2013-04-05,"call, song"
train,Bewick's Wren,bewicks_wren,Thryomanes,bewickii,217835,217835-10.wav,wavfiles/217835-10.wav,//www.xeno-canto.org/217835,//creativecommons.org/licenses/by-nc-sa/4.0/,Paul Marvin,2013-04-05,"call, song"
train,Bewick's Wren,bewicks_wren,Thryomanes,bewickii,217835,217835-11.wav,wavfiles/217835-11.wav,//www.xeno-canto.org/217835,//creativecommons.org/licenses/by-nc-sa/4.0/,Paul Marvin,2013-04-05,"call, song"
train,Bewick's Wren,bewicks_wren,Thryomanes,bewickii,217835,217835-2.wav,wavfiles/217835-2.wav,//www.xeno-canto.org/217835,//creativecommons.org/licenses/by-nc-sa/4.0/,Paul Marvin,2013-04-05,"call, song"
train,Bewick's Wren,bewicks_wren,Thryomanes,bewickii,217835,217835-3.wav,wavfiles/217835-3.wav,//www.xeno-canto.org/217835,//creativecommons.org/licenses/by-nc-sa/4.0/,Paul Marvin,2013-04-05,"call, song"
train,Bewick's Wren,bewicks_wren,Thryomanes,bewickii,217835,217835-4.wav,wavfiles/217835-4.wav,//www.xeno-canto.org/217835,//creativecommons.org/licenses/by-nc-sa/4.0/,Paul Marvin,2013-04-05,"call, song"
train,Bewick's Wren,bewicks_wren,Thryomanes,bewickii,217835,217835-6.wav,wavfiles/217835-6.wav,//www.xeno-canto.org/217835,//creativecommons.org/licenses/by-nc-sa/4.0/,Paul Marvin,2013-04-05,"call, song"
train,Bewick's Wren,bewicks_wren,Thryomanes,bewickii,217835,217835-7.wav,wavfiles/217835-7.wav,//www.xeno-canto.org/217835,//creativecommons.org/licenses/by-nc-sa/4.0/,Paul Marvin,2013-04-05,"call, song"
train,Bewick's Wren,bewicks_wren,Thryomanes,bewickii,217835,217835-8.wav,wavfiles/217835-8.wav,//www.xeno-canto.org/217835,//creativecommons.org/licenses/by-nc-sa/4.0/,Paul Marvin,2013-04-05,"call, song"
train,Bewick's Wren,bewicks_wren,Thryomanes,bewickii,217835,217835-9.wav,wavfiles/217835-9.wav,//www.xeno-canto.org/217835,//creativecommons.org/licenses/by-nc-sa/4.0/,Paul Marvin,2013-04-05,"call, song"
train,Bewick's Wren,bewicks_wren,Thryomanes,bewickii,217839,217839-0.wav,wavfiles/217839-0.wav,//www.xeno-canto.org/217839,//creativecommons.org/licenses/by-nc-sa/4.0/,Paul Marvin,2012-03-15,"call, song"
train,Bewick's Wren,bewicks_wren,Thryomanes,bewickii,217839,217839-1.wav,wavfiles/217839-1.wav,//www.xeno-canto.org/217839,//creativecommons.org/licenses/by-nc-sa/4.0/,Paul Marvin,2012-03-15,"call, song"
train,Bewick's Wren,bewicks_wren,Thryomanes,bewickii,217839,217839-12.wav,wavfiles/217839-12.wav,//www.xeno-canto.org/217839,//creativecommons.org/licenses/by-nc-sa/4.0/,Paul Marvin,2012-03-15,"call, song"
train,Bewick's Wren,bewicks_wren,Thryomanes,bewickii,217839,217839-13.wav,wavfiles/217839-13.wav,//www.xeno-canto.org/217839,//creativecommons.org/licenses/by-nc-sa/4.0/,Paul Marvin,2012-03-15,"call, song"
train,Bewick's Wren,bewicks_wren,Thryomanes,bewickii,217839,217839-14.wav,wavfiles/217839-14.wav,//www.xeno-canto.org/217839,//creativecommons.org/licenses/by-nc-sa/4.0/,Paul Marvin,2012-03-15,"call, song"
train,Bewick's Wren,bewicks_wren,Thryomanes,bewickii,217839,217839-2.wav,wavfiles/217839-2.wav,//www.xeno-canto.org/217839,//creativecommons.org/licenses/by-nc-sa/4.0/,Paul Marvin,2012-03-15,"call, song"
train,Bewick's Wren,bewicks_wren,Thryomanes,bewickii,217839,217839-3.wav,wavfiles/217839-3.wav,//www.xeno-canto.org/217839,//creativecommons.org/licenses/by-nc-sa/4.0/,Paul Marvin,2012-03-15,"call, song"
train,Bewick's Wren,bewicks_wren,Thryomanes,bewickii,217839,217839-4.wav,wavfiles/217839-4.wav,//www.xeno-canto.org/217839,//creativecommons.org/licenses/by-nc-sa/4.0/,Paul Marvin,2012-03-15,"call, song"
train,Bewick's Wren,bewicks_wren,Thryomanes,bewickii,217839,217839-5.wav,wavfiles/217839-5.wav,//www.xeno-canto.org/217839,//creativecommons.org/licenses/by-nc-sa/4.0/,Paul Marvin,2012-03-15,"call, song"
train,Bewick's Wren,bewicks_wren,Thryomanes,bewickii,217839,217839-6.wav,wavfiles/217839-6.wav,//www.xeno-canto.org/217839,//creativecommons.org/licenses/by-nc-sa/4.0/,Paul Marvin,2012-03-15,"call, song"
train,Bewick's Wren,bewicks_wren,Thryomanes,bewickii,217839,217839-7.wav,wavfiles/217839-7.wav,//www.xeno-canto.org/217839,//creativecommons.org/licenses/by-nc-sa/4.0/,Paul Marvin,2012-03-15,"call, song"
train,Bewick's Wren,bewicks_wren,Thryomanes,bewickii,217839,217839-8.wav,wavfiles/217839-8.wav,//www.xeno-canto.org/217839,//creativecommons.org/licenses/by-nc-sa/4.0/,Paul Marvin,2012-03-15,"call, song"
train,Bewick's Wren,bewicks_wren,Thryomanes,bewickii,217839,217839-9.wav,wavfiles/217839-9.wav,//www.xeno-canto.org/217839,//creativecommons.org/licenses/by-nc-sa/4.0/,Paul Marvin,2012-03-15,"call, song"
train,Bewick's Wren,bewicks_wren,Thryomanes,bewickii,217843,217843-0.wav,wavfiles/217843-0.wav,//www.xeno-canto.org/217843,//creativecommons.org/licenses/by-nc-sa/4.0/,Paul Marvin,2013-04-12,"call, song"
train,Bewick's Wren,bewicks_wren,Thryomanes,bewickii,217843,217843-1.wav,wavfiles/217843-1.wav,//www.xeno-canto.org/217843,//creativecommons.org/licenses/by-nc-sa/4.0/,Paul Marvin,2013-04-12,"call, song"
train,Bewick's Wren,bewicks_wren,Thryomanes,bewickii,217843,217843-10.wav,wavfiles/217843-10.wav,//www.xeno-canto.org/217843,//creativecommons.org/licenses/by-nc-sa/4.0/,Paul Marvin,2013-04-12,"call, song"
train,Bewick's Wren,bewicks_wren,Thryomanes,bewickii,217843,217843-11.wav,wavfiles/217843-11.wav,//www.xeno-canto.org/217843,//creativecommons.org/licenses/by-nc-sa/4.0/,Paul Marvin,2013-04-12,"call, song"
train,Bewick's Wren,bewicks_wren,Thryomanes,bewickii,217843,217843-2.wav,wavfiles/217843-2.wav,//www.xeno-canto.org/217843,//creativecommons.org/licenses/by-nc-sa/4.0/,Paul Marvin,2013-04-12,"call, song"
train,Bewick's Wren,bewicks_wren,Thryomanes,bewickii,217843,217843-3.wav,wavfiles/217843-3.wav,//www.xeno-canto.org/217843,//creativecommons.org/licenses/by-nc-sa/4.0/,Paul Marvin,2013-04-12,"call, song"
train,Bewick's Wren,bewicks_wren,Thryomanes,bewickii,217843,217843-4.wav,wavfiles/217843-4.wav,//www.xeno-canto.org/217843,//creativecommons.org/licenses/by-nc-sa/4.0/,Paul Marvin,2013-04-12,"call, song"
train,Bewick's Wren,bewicks_wren,Thryomanes,bewickii,217843,217843-6.wav,wavfiles/217843-6.wav,//www.xeno-canto.org/217843,//creativecommons.org/licenses/by-nc-sa/4.0/,Paul Marvin,2013-04-12,"call, song"
train,Bewick's Wren,bewicks_wren,Thryomanes,bewickii,217843,217843-7.wav,wavfiles/217843-7.wav,//www.xeno-canto.org/217843,//creativecommons.org/licenses/by-nc-sa/4.0/,Paul Marvin,2013-04-12,"call, song"
train,Bewick's Wren,bewicks_wren,Thryomanes,bewickii,217843,217843-9.wav,wavfiles/217843-9.wav,//www.xeno-canto.org/217843,//creativecommons.org/licenses/by-nc-sa/4.0/,Paul Marvin,2013-04-12,"call, song"
train,Bewick's Wren,bewicks_wren,Thryomanes,bewickii,217847,217847-0.wav,wavfiles/217847-0.wav,//www.xeno-canto.org/217847,//creativecommons.org/licenses/by-nc-sa/4.0/,Paul Marvin,2012-03-03,song
train,Bewick's Wren,bewicks_wren,Thryomanes,bewickii,217847,217847-1.wav,wavfiles/217847-1.wav,//www.xeno-canto.org/217847,//creativecommons.org/licenses/by-nc-sa/4.0/,Paul Marvin,2012-03-03,song
train,Bewick's Wren,bewicks_wren,Thryomanes,bewickii,217847,217847-10.wav,wavfiles/217847-10.wav,//www.xeno-canto.org/217847,//creativecommons.org/licenses/by-nc-sa/4.0/,Paul Marvin,2012-03-03,song
train,Bewick's Wren,bewicks_wren,Thryomanes,bewickii,217847,217847-11.wav,wavfiles/217847-11.wav,//www.xeno-canto.org/217847,//creativecommons.org/licenses/by-nc-sa/4.0/,Paul Marvin,2012-03-03,song
train,Bewick's Wren,bewicks_wren,Thryomanes,bewickii,217847,217847-12.wav,wavfiles/217847-12.wav,//www.xeno-canto.org/217847,//creativecommons.org/licenses/by-nc-sa/4.0/,Paul Marvin,2012-03-03,song
train,Bewick's Wren,bewicks_wren,Thryomanes,bewickii,217847,217847-13.wav,wavfiles/217847-13.wav,//www.xeno-canto.org/217847,//creativecommons.org/licenses/by-nc-sa/4.0/,Paul Marvin,2012-03-03,song
train,Bewick's Wren,bewicks_wren,Thryomanes,bewickii,217847,217847-2.wav,wavfiles/217847-2.wav,//www.xeno-canto.org/217847,//creativecommons.org/licenses/by-nc-sa/4.0/,Paul Marvin,2012-03-03,song
train,Bewick's Wren,bewicks_wren,Thryomanes,bewickii,217847,217847-3.wav,wavfiles/217847-3.wav,//www.xeno-canto.org/217847,//creativecommons.org/licenses/by-nc-sa/4.0/,Paul Marvin,2012-03-03,song
train,Bewick's Wren,bewicks_wren,Thryomanes,bewickii,217847,217847-4.wav,wavfiles/217847-4.wav,//www.xeno-canto.org/217847,//creativecommons.org/licenses/by-nc-sa/4.0/,Paul Marvin,2012-03-03,song
train,Bewick's Wren,bewicks_wren,Thryomanes,bewickii,217847,217847-5.wav,wavfiles/217847-5.wav,//www.xeno-canto.org/217847,//creativecommons.org/licenses/by-nc-sa/4.0/,Paul Marvin,2012-03-03,song
train,Bewick's Wren,bewicks_wren,Thryomanes,bewickii,217847,217847-6.wav,wavfiles/217847-6.wav,//www.xeno-canto.org/217847,//creativecommons.org/licenses/by-nc-sa/4.0/,Paul Marvin,2012-03-03,song
train,Bewick's Wren,bewicks_wren,Thryomanes,bewickii,217847,217847-9.wav,wavfiles/217847-9.wav,//www.xeno-canto.org/217847,//creativecommons.org/licenses/by-nc-sa/4.0/,Paul Marvin,2012-03-03,song
train,Bewick's Wren,bewicks_wren,Thryomanes,bewickii,217851,217851-0.wav,wavfiles/217851-0.wav,//www.xeno-canto.org/217851,//creativecommons.org/licenses/by-nc-sa/4.0/,Paul Marvin,2012-04-07,song
train,Bewick's Wren,bewicks_wren,Thryomanes,bewickii,217851,217851-1.wav,wavfiles/217851-1.wav,//www.xeno-canto.org/217851,//creativecommons.org/licenses/by-nc-sa/4.0/,Paul Marvin,2012-04-07,song
train,Bewick's Wren,bewicks_wren,Thryomanes,bewickii,217851,217851-10.wav,wavfiles/217851-10.wav,//www.xeno-canto.org/217851,//creativecommons.org/licenses/by-nc-sa/4.0/,Paul Marvin,2012-04-07,song
train,Bewick's Wren,bewicks_wren,Thryomanes,bewickii,217851,217851-11.wav,wavfiles/217851-11.wav,//www.xeno-canto.org/217851,//creativecommons.org/licenses/by-nc-sa/4.0/,Paul Marvin,2012-04-07,song
train,Bewick's Wren,bewicks_wren,Thryomanes,bewickii,217851,217851-12.wav,wavfiles/217851-12.wav,//www.xeno-canto.org/217851,//creativecommons.org/licenses/by-nc-sa/4.0/,Paul Marvin,2012-04-07,song
train,Bewick's Wren,bewicks_wren,Thryomanes,bewickii,217851,217851-13.wav,wavfiles/217851-13.wav,//www.xeno-canto.org/217851,//creativecommons.org/licenses/by-nc-sa/4.0/,Paul Marvin,2012-04-07,song
train,Bewick's Wren,bewicks_wren,Thryomanes,bewickii,217851,217851-14.wav,wavfiles/217851-14.wav,//www.xeno-canto.org/217851,//creativecommons.org/licenses/by-nc-sa/4.0/,Paul Marvin,2012-04-07,song
train,Bewick's Wren,bewicks_wren,Thryomanes,bewickii,217851,217851-15.wav,wavfiles/217851-15.wav,//www.xeno-canto.org/217851,//creativecommons.org/licenses/by-nc-sa/4.0/,Paul Marvin,2012-04-07,song
train,Bewick's Wren,bewicks_wren,Thryomanes,bewickii,217851,217851-2.wav,wavfiles/217851-2.wav,//www.xeno-canto.org/217851,//creativecommons.org/licenses/by-nc-sa/4.0/,Paul Marvin,2012-04-07,song
train,Bewick's Wren,bewicks_wren,Thryomanes,bewickii,217851,217851-4.wav,wavfiles/217851-4.wav,//www.xeno-canto.org/217851,//creativecommons.org/licenses/by-nc-sa/4.0/,Paul Marvin,2012-04-07,song
train,Bewick's Wren,bewicks_wren,Thryomanes,bewickii,217851,217851-5.wav,wavfiles/217851-5.wav,//www.xeno-canto.org/217851,//creativecommons.org/licenses/by-nc-sa/4.0/,Paul Marvin,2012-04-07,song
train,Bewick's Wren,bewicks_wren,Thryomanes,bewickii,217851,217851-6.wav,wavfiles/217851-6.wav,//www.xeno-canto.org/217851,//creativecommons.org/licenses/by-nc-sa/4.0/,Paul Marvin,2012-04-07,song
train,Bewick's Wren,bewicks_wren,Thryomanes,bewickii,217851,217851-7.wav,wavfiles/217851-7.wav,//www.xeno-canto.org/217851,//creativecommons.org/licenses/by-nc-sa/4.0/,Paul Marvin,2012-04-07,song
train,Bewick's Wren,bewicks_wren,Thryomanes,bewickii,217851,217851-8.wav,wavfiles/217851-8.wav,//www.xeno-canto.org/217851,//creativecommons.org/licenses/by-nc-sa/4.0/,Paul Marvin,2012-04-07,song
train,Bewick's Wren,bewicks_wren,Thryomanes,bewickii,217851,217851-9.wav,wavfiles/217851-9.wav,//www.xeno-canto.org/217851,//creativecommons.org/licenses/by-nc-sa/4.0/,Paul Marvin,2012-04-07,song
train,Bewick's Wren,bewicks_wren,Thryomanes,bewickii,217853,217853-0.wav,wavfiles/217853-0.wav,//www.xeno-canto.org/217853,//creativecommons.org/licenses/by-nc-sa/4.0/,Paul Marvin,2012-04-07,song
train,Bewick's Wren,bewicks_wren,Thryomanes,bewickii,217853,217853-1.wav,wavfiles/217853-1.wav,//www.xeno-canto.org/217853,//creativecommons.org/licenses/by-nc-sa/4.0/,Paul Marvin,2012-04-07,song
train,Bewick's Wren,bewicks_wren,Thryomanes,bewickii,217853,217853-10.wav,wavfiles/217853-10.wav,//www.xeno-canto.org/217853,//creativecommons.org/licenses/by-nc-sa/4.0/,Paul Marvin,2012-04-07,song
train,Bewick's Wren,bewicks_wren,Thryomanes,bewickii,217853,217853-3.wav,wavfiles/217853-3.wav,//www.xeno-canto.org/217853,//creativecommons.org/licenses/by-nc-sa/4.0/,Paul Marvin,2012-04-07,song
train,Bewick's Wren,bewicks_wren,Thryomanes,bewickii,217853,217853-4.wav,wavfiles/217853-4.wav,//www.xeno-canto.org/217853,//creativecommons.org/licenses/by-nc-sa/4.0/,Paul Marvin,2012-04-07,song
train,Bewick's Wren,bewicks_wren,Thryomanes,bewickii,217853,217853-6.wav,wavfiles/217853-6.wav,//www.xeno-canto.org/217853,//creativecommons.org/licenses/by-nc-sa/4.0/,Paul Marvin,2012-04-07,song
train,Bewick's Wren,bewicks_wren,Thryomanes,bewickii,217853,217853-7.wav,wavfiles/217853-7.wav,//www.xeno-canto.org/217853,//creativecommons.org/licenses/by-nc-sa/4.0/,Paul Marvin,2012-04-07,song
train,Bewick's Wren,bewicks_wren,Thryomanes,bewickii,217853,217853-9.wav,wavfiles/217853-9.wav,//www.xeno-canto.org/217853,//creativecommons.org/licenses/by-nc-sa/4.0/,Paul Marvin,2012-04-07,song
train,Bewick's Wren,bewicks_wren,Thryomanes,bewickii,217854,217854-0.wav,wavfiles/217854-0.wav,//www.xeno-canto.org/217854,//creativecommons.org/licenses/by-nc-sa/4.0/,Paul Marvin,2011-06-18,"call, song"
train,Bewick's Wren,bewicks_wren,Thryomanes,bewickii,217854,217854-1.wav,wavfiles/217854-1.wav,//www.xeno-canto.org/217854,//creativecommons.org/licenses/by-nc-sa/4.0/,Paul Marvin,2011-06-18,"call, song"
train,Bewick's Wren,bewicks_wren,Thryomanes,bewickii,217854,217854-10.wav,wavfiles/217854-10.wav,//www.xeno-canto.org/217854,//creativecommons.org/licenses/by-nc-sa/4.0/,Paul Marvin,2011-06-18,"call, song"
train,Bewick's Wren,bewicks_wren,Thryomanes,bewickii,217854,217854-2.wav,wavfiles/217854-2.wav,//www.xeno-canto.org/217854,//creativecommons.org/licenses/by-nc-sa/4.0/,Paul Marvin,2011-06-18,"call, song"
train,Bewick's Wren,bewicks_wren,Thryomanes,bewickii,217854,217854-4.wav,wavfiles/217854-4.wav,//www.xeno-canto.org/217854,//creativecommons.org/licenses/by-nc-sa/4.0/,Paul Marvin,2011-06-18,"call, song"
train,Bewick's Wren,bewicks_wren,Thryomanes,bewickii,217854,217854-5.wav,wavfiles/217854-5.wav,//www.xeno-canto.org/217854,//creativecommons.org/licenses/by-nc-sa/4.0/,Paul Marvin,2011-06-18,"call, song"
train,Bewick's Wren,bewicks_wren,Thryomanes,bewickii,217854,217854-6.wav,wavfiles/217854-6.wav,//www.xeno-canto.org/217854,//creativecommons.org/licenses/by-nc-sa/4.0/,Paul Marvin,2011-06-18,"call, song"
train,Bewick's Wren,bewicks_wren,Thryomanes,bewickii,217854,217854-7.wav,wavfiles/217854-7.wav,//www.xeno-canto.org/217854,//creativecommons.org/licenses/by-nc-sa/4.0/,Paul Marvin,2011-06-18,"call, song"
train,Bewick's Wren,bewicks_wren,Thryomanes,bewickii,217854,217854-8.wav,wavfiles/217854-8.wav,//www.xeno-canto.org/217854,//creativecommons.org/licenses/by-nc-sa/4.0/,Paul Marvin,2011-06-18,"call, song"
train,Bewick's Wren,bewicks_wren,Thryomanes,bewickii,217911,217911-0.wav,wavfiles/217911-0.wav,//www.xeno-canto.org/217911,//creativecommons.org/licenses/by-nc-sa/4.0/,Paul Marvin,2012-04-05,"call, song"
train,Bewick's Wren,bewicks_wren,Thryomanes,bewickii,217911,217911-1.wav,wavfiles/217911-1.wav,//www.xeno-canto.org/217911,//creativecommons.org/licenses/by-nc-sa/4.0/,Paul Marvin,2012-04-05,"call, song"
train,Bewick's Wren,bewicks_wren,Thryomanes,bewickii,217911,217911-2.wav,wavfiles/217911-2.wav,//www.xeno-canto.org/217911,//creativecommons.org/licenses/by-nc-sa/4.0/,Paul Marvin,2012-04-05,"call, song"
train,Bewick's Wren,bewicks_wren,Thryomanes,bewickii,217911,217911-3.wav,wavfiles/217911-3.wav,//www.xeno-canto.org/217911,//creativecommons.org/licenses/by-nc-sa/4.0/,Paul Marvin,2012-04-05,"call, song"
train,Bewick's Wren,bewicks_wren,Thryomanes,bewickii,217911,217911-4.wav,wavfiles/217911-4.wav,//www.xeno-canto.org/217911,//creativecommons.org/licenses/by-nc-sa/4.0/,Paul Marvin,2012-04-05,"call, song"
train,Bewick's Wren,bewicks_wren,Thryomanes,bewickii,217911,217911-5.wav,wavfiles/217911-5.wav,//www.xeno-canto.org/217911,//creativecommons.org/licenses/by-nc-sa/4.0/,Paul Marvin,2012-04-05,"call, song"
train,Bewick's Wren,bewicks_wren,Thryomanes,bewickii,217911,217911-6.wav,wavfiles/217911-6.wav,//www.xeno-canto.org/217911,//creativecommons.org/licenses/by-nc-sa/4.0/,Paul Marvin,2012-04-05,"call, song"
train,Bewick's Wren,bewicks_wren,Thryomanes,bewickii,217911,217911-7.wav,wavfiles/217911-7.wav,//www.xeno-canto.org/217911,//creativecommons.org/licenses/by-nc-sa/4.0/,Paul Marvin,2012-04-05,"call, song"
train,Bewick's Wren,bewicks_wren,Thryomanes,bewickii,217913,217913-0.wav,wavfiles/217913-0.wav,//www.xeno-canto.org/217913,//creativecommons.org/licenses/by-nc-sa/4.0/,Paul Marvin,2012-04-08,"call, song"
train,Bewick's Wren,bewicks_wren,Thryomanes,bewickii,217913,217913-1.wav,wavfiles/217913-1.wav,//www.xeno-canto.org/217913,//creativecommons.org/licenses/by-nc-sa/4.0/,Paul Marvin,2012-04-08,"call, song"
train,Bewick's Wren,bewicks_wren,Thryomanes,bewickii,217913,217913-10.wav,wavfiles/217913-10.wav,//www.xeno-canto.org/217913,//creativecommons.org/licenses/by-nc-sa/4.0/,Paul Marvin,2012-04-08,"call, song"
train,Bewick's Wren,bewicks_wren,Thryomanes,bewickii,217913,217913-11.wav,wavfiles/217913-11.wav,//www.xeno-canto.org/217913,//creativecommons.org/licenses/by-nc-sa/4.0/,Paul Marvin,2012-04-08,"call, song"
train,Bewick's Wren,bewicks_wren,Thryomanes,bewickii,217913,217913-2.wav,wavfiles/217913-2.wav,//www.xeno-canto.org/217913,//creativecommons.org/licenses/by-nc-sa/4.0/,Paul Marvin,2012-04-08,"call, song"
train,Bewick's Wren,bewicks_wren,Thryomanes,bewickii,217913,217913-3.wav,wavfiles/217913-3.wav,//www.xeno-canto.org/217913,//creativecommons.org/licenses/by-nc-sa/4.0/,Paul Marvin,2012-04-08,"call, song"
train,Bewick's Wren,bewicks_wren,Thryomanes,bewickii,217913,217913-4.wav,wavfiles/217913-4.wav,//www.xeno-canto.org/217913,//creativecommons.org/licenses/by-nc-sa/4.0/,Paul Marvin,2012-04-08,"call, song"
train,Bewick's Wren,bewicks_wren,Thryomanes,bewickii,217913,217913-5.wav,wavfiles/217913-5.wav,//www.xeno-canto.org/217913,//creativecommons.org/licenses/by-nc-sa/4.0/,Paul Marvin,2012-04-08,"call, song"
train,Bewick's Wren,bewicks_wren,Thryomanes,bewickii,217913,217913-6.wav,wavfiles/217913-6.wav,//www.xeno-canto.org/217913,//creativecommons.org/licenses/by-nc-sa/4.0/,Paul Marvin,2012-04-08,"call, song"
train,Bewick's Wren,bewicks_wren,Thryomanes,bewickii,217913,217913-7.wav,wavfiles/217913-7.wav,//www.xeno-canto.org/217913,//creativecommons.org/licenses/by-nc-sa/4.0/,Paul Marvin,2012-04-08,"call, song"
train,Bewick's Wren,bewicks_wren,Thryomanes,bewickii,217913,217913-8.wav,wavfiles/217913-8.wav,//www.xeno-canto.org/217913,//creativecommons.org/licenses/by-nc-sa/4.0/,Paul Marvin,2012-04-08,"call, song"
train,Bewick's Wren,bewicks_wren,Thryomanes,bewickii,217913,217913-9.wav,wavfiles/217913-9.wav,//www.xeno-canto.org/217913,//creativecommons.org/licenses/by-nc-sa/4.0/,Paul Marvin,2012-04-08,"call, song"
train,Bewick's Wren,bewicks_wren,Thryomanes,bewickii,237263,237263-0.wav,wavfiles/237263-0.wav,//www.xeno-canto.org/237263,//creativecommons.org/licenses/by-nc-sa/4.0/,Mouser Williams,2015-04-25,song
train,Bewick's Wren,bewicks_wren,Thryomanes,bewickii,237263,237263-1.wav,wavfiles/237263-1.wav,//www.xeno-canto.org/237263,//creativecommons.org/licenses/by-nc-sa/4.0/,Mouser Williams,2015-04-25,song
train,Bewick's Wren,bewicks_wren,Thryomanes,bewickii,237263,237263-10.wav,wavfiles/237263-10.wav,//www.xeno-canto.org/237263,//creativecommons.org/licenses/by-nc-sa/4.0/,Mouser Williams,2015-04-25,song
train,Bewick's Wren,bewicks_wren,Thryomanes,bewickii,237263,237263-11.wav,wavfiles/237263-11.wav,//www.xeno-canto.org/237263,//creativecommons.org/licenses/by-nc-sa/4.0/,Mouser Williams,2015-04-25,song
train,Bewick's Wren,bewicks_wren,Thryomanes,bewickii,237263,237263-12.wav,wavfiles/237263-12.wav,//www.xeno-canto.org/237263,//creativecommons.org/licenses/by-nc-sa/4.0/,Mouser Williams,2015-04-25,song
train,Bewick's Wren,bewicks_wren,Thryomanes,bewickii,237263,237263-13.wav,wavfiles/237263-13.wav,//www.xeno-canto.org/237263,//creativecommons.org/licenses/by-nc-sa/4.0/,Mouser Williams,2015-04-25,song
train,Bewick's Wren,bewicks_wren,Thryomanes,bewickii,237263,237263-14.wav,wavfiles/237263-14.wav,//www.xeno-canto.org/237263,//creativecommons.org/licenses/by-nc-sa/4.0/,Mouser Williams,2015-04-25,song
train,Bewick's Wren,bewicks_wren,Thryomanes,bewickii,237263,237263-2.wav,wavfiles/237263-2.wav,//www.xeno-canto.org/237263,//creativecommons.org/licenses/by-nc-sa/4.0/,Mouser Williams,2015-04-25,song
train,Bewick's Wren,bewicks_wren,Thryomanes,bewickii,237263,237263-4.wav,wavfiles/237263-4.wav,//www.xeno-canto.org/237263,//creativecommons.org/licenses/by-nc-sa/4.0/,Mouser Williams,2015-04-25,song
train,Bewick's Wren,bewicks_wren,Thryomanes,bewickii,237263,237263-5.wav,wavfiles/237263-5.wav,//www.xeno-canto.org/237263,//creativecommons.org/licenses/by-nc-sa/4.0/,Mouser Williams,2015-04-25,song
train,Bewick's Wren,bewicks_wren,Thryomanes,bewickii,237263,237263-6.wav,wavfiles/237263-6.wav,//www.xeno-canto.org/237263,//creativecommons.org/licenses/by-nc-sa/4.0/,Mouser Williams,2015-04-25,song
train,Bewick's Wren,bewicks_wren,Thryomanes,bewickii,237263,237263-7.wav,wavfiles/237263-7.wav,//www.xeno-canto.org/237263,//creativecommons.org/licenses/by-nc-sa/4.0/,Mouser Williams,2015-04-25,song
train,Bewick's Wren,bewicks_wren,Thryomanes,bewickii,237263,237263-8.wav,wavfiles/237263-8.wav,//www.xeno-canto.org/237263,//creativecommons.org/licenses/by-nc-sa/4.0/,Mouser Williams,2015-04-25,song
train,Bewick's Wren,bewicks_wren,Thryomanes,bewickii,237263,237263-9.wav,wavfiles/237263-9.wav,//www.xeno-canto.org/237263,//creativecommons.org/licenses/by-nc-sa/4.0/,Mouser Williams,2015-04-25,song
train,Bewick's Wren,bewicks_wren,Thryomanes,bewickii,243688,243688-0.wav,wavfiles/243688-0.wav,//www.xeno-canto.org/243688,//creativecommons.org/licenses/by-nc-sa/4.0/,Ryan P. O'Donnell,2015-04-10,"call, song"
train,Bewick's Wren,bewicks_wren,Thryomanes,bewickii,243688,243688-1.wav,wavfiles/243688-1.wav,//www.xeno-canto.org/243688,//creativecommons.org/licenses/by-nc-sa/4.0/,Ryan P. O'Donnell,2015-04-10,"call, song"
train,Bewick's Wren,bewicks_wren,Thryomanes,bewickii,243688,243688-2.wav,wavfiles/243688-2.wav,//www.xeno-canto.org/243688,//creativecommons.org/licenses/by-nc-sa/4.0/,Ryan P. O'Donnell,2015-04-10,"call, song"
train,Bewick's Wren,bewicks_wren,Thryomanes,bewickii,243688,243688-3.wav,wavfiles/243688-3.wav,//www.xeno-canto.org/243688,//creativecommons.org/licenses/by-nc-sa/4.0/,Ryan P. O'Donnell,2015-04-10,"call, song"
train,Bewick's Wren,bewicks_wren,Thryomanes,bewickii,269166,269166-0.wav,wavfiles/269166-0.wav,//www.xeno-canto.org/269166,//creativecommons.org/licenses/by-nc-nd/4.0/,Frank Lambert,2015-06-20,song
train,Bewick's Wren,bewicks_wren,Thryomanes,bewickii,269166,269166-1.wav,wavfiles/269166-1.wav,//www.xeno-canto.org/269166,//creativecommons.org/licenses/by-nc-nd/4.0/,Frank Lambert,2015-06-20,song
train,Bewick's Wren,bewicks_wren,Thryomanes,bewickii,269166,269166-10.wav,wavfiles/269166-10.wav,//www.xeno-canto.org/269166,//creativecommons.org/licenses/by-nc-nd/4.0/,Frank Lambert,2015-06-20,song
train,Bewick's Wren,bewicks_wren,Thryomanes,bewickii,269166,269166-11.wav,wavfiles/269166-11.wav,//www.xeno-canto.org/269166,//creativecommons.org/licenses/by-nc-nd/4.0/,Frank Lambert,2015-06-20,song
train,Bewick's Wren,bewicks_wren,Thryomanes,bewickii,269166,269166-12.wav,wavfiles/269166-12.wav,//www.xeno-canto.org/269166,//creativecommons.org/licenses/by-nc-nd/4.0/,Frank Lambert,2015-06-20,song
train,Bewick's Wren,bewicks_wren,Thryomanes,bewickii,269166,269166-13.wav,wavfiles/269166-13.wav,//www.xeno-canto.org/269166,//creativecommons.org/licenses/by-nc-nd/4.0/,Frank Lambert,2015-06-20,song
train,Bewick's Wren,bewicks_wren,Thryomanes,bewickii,269166,269166-14.wav,wavfiles/269166-14.wav,//www.xeno-canto.org/269166,//creativecommons.org/licenses/by-nc-nd/4.0/,Frank Lambert,2015-06-20,song
train,Bewick's Wren,bewicks_wren,Thryomanes,bewickii,269166,269166-15.wav,wavfiles/269166-15.wav,//www.xeno-canto.org/269166,//creativecommons.org/licenses/by-nc-nd/4.0/,Frank Lambert,2015-06-20,song
train,Bewick's Wren,bewicks_wren,Thryomanes,bewickii,269166,269166-16.wav,wavfiles/269166-16.wav,//www.xeno-canto.org/269166,//creativecommons.org/licenses/by-nc-nd/4.0/,Frank Lambert,2015-06-20,song
train,Bewick's Wren,bewicks_wren,Thryomanes,bewickii,269166,269166-2.wav,wavfiles/269166-2.wav,//www.xeno-canto.org/269166,//creativecommons.org/licenses/by-nc-nd/4.0/,Frank Lambert,2015-06-20,song
train,Bewick's Wren,bewicks_wren,Thryomanes,bewickii,269166,269166-3.wav,wavfiles/269166-3.wav,//www.xeno-canto.org/269166,//creativecommons.org/licenses/by-nc-nd/4.0/,Frank Lambert,2015-06-20,song
train,Bewick's Wren,bewicks_wren,Thryomanes,bewickii,269166,269166-4.wav,wavfiles/269166-4.wav,//www.xeno-canto.org/269166,//creativecommons.org/licenses/by-nc-nd/4.0/,Frank Lambert,2015-06-20,song
train,Bewick's Wren,bewicks_wren,Thryomanes,bewickii,269166,269166-8.wav,wavfiles/269166-8.wav,//www.xeno-canto.org/269166,//creativecommons.org/licenses/by-nc-nd/4.0/,Frank Lambert,2015-06-20,song
train,Bewick's Wren,bewicks_wren,Thryomanes,bewickii,269166,269166-9.wav,wavfiles/269166-9.wav,//www.xeno-canto.org/269166,//creativecommons.org/licenses/by-nc-nd/4.0/,Frank Lambert,2015-06-20,song
train,Bewick's Wren,bewicks_wren,Thryomanes,bewickii,306680,306680-0.wav,wavfiles/306680-0.wav,//www.xeno-canto.org/306680,//creativecommons.org/licenses/by-nc-sa/4.0/,Lance A. M. Benner,2016-03-11,song
train,Bewick's Wren,bewicks_wren,Thryomanes,bewickii,306680,306680-1.wav,wavfiles/306680-1.wav,//www.xeno-canto.org/306680,//creativecommons.org/licenses/by-nc-sa/4.0/,Lance A. M. Benner,2016-03-11,song
train,Bewick's Wren,bewicks_wren,Thryomanes,bewickii,306680,306680-14.wav,wavfiles/306680-14.wav,//www.xeno-canto.org/306680,//creativecommons.org/licenses/by-nc-sa/4.0/,Lance A. M. Benner,2016-03-11,song
train,Bewick's Wren,bewicks_wren,Thryomanes,bewickii,306680,306680-15.wav,wavfiles/306680-15.wav,//www.xeno-canto.org/306680,//creativecommons.org/licenses/by-nc-sa/4.0/,Lance A. M. Benner,2016-03-11,song
train,Bewick's Wren,bewicks_wren,Thryomanes,bewickii,306680,306680-2.wav,wavfiles/306680-2.wav,//www.xeno-canto.org/306680,//creativecommons.org/licenses/by-nc-sa/4.0/,Lance A. M. Benner,2016-03-11,song
train,Bewick's Wren,bewicks_wren,Thryomanes,bewickii,306680,306680-3.wav,wavfiles/306680-3.wav,//www.xeno-canto.org/306680,//creativecommons.org/licenses/by-nc-sa/4.0/,Lance A. M. Benner,2016-03-11,song
train,Bewick's Wren,bewicks_wren,Thryomanes,bewickii,306680,306680-4.wav,wavfiles/306680-4.wav,//www.xeno-canto.org/306680,//creativecommons.org/licenses/by-nc-sa/4.0/,Lance A. M. Benner,2016-03-11,song
train,Bewick's Wren,bewicks_wren,Thryomanes,bewickii,306680,306680-5.wav,wavfiles/306680-5.wav,//www.xeno-canto.org/306680,//creativecommons.org/licenses/by-nc-sa/4.0/,Lance A. M. Benner,2016-03-11,song
train,Bewick's Wren,bewicks_wren,Thryomanes,bewickii,306680,306680-6.wav,wavfiles/306680-6.wav,//www.xeno-canto.org/306680,//creativecommons.org/licenses/by-nc-sa/4.0/,Lance A. M. Benner,2016-03-11,song
train,Bewick's Wren,bewicks_wren,Thryomanes,bewickii,306680,306680-8.wav,wavfiles/306680-8.wav,//www.xeno-canto.org/306680,//creativecommons.org/licenses/by-nc-sa/4.0/,Lance A. M. Benner,2016-03-11,song
train,Bewick's Wren,bewicks_wren,Thryomanes,bewickii,306680,306680-9.wav,wavfiles/306680-9.wav,//www.xeno-canto.org/306680,//creativecommons.org/licenses/by-nc-sa/4.0/,Lance A. M. Benner,2016-03-11,song
train,Bewick's Wren,bewicks_wren,Thryomanes,bewickii,321497,321497-0.wav,wavfiles/321497-0.wav,//www.xeno-canto.org/321497,//creativecommons.org/licenses/by-nc-sa/4.0/,Joshua Jaeger,2016-06-13,"call, song"
train,Bewick's Wren,bewicks_wren,Thryomanes,bewickii,321497,321497-1.wav,wavfiles/321497-1.wav,//www.xeno-canto.org/321497,//creativecommons.org/licenses/by-nc-sa/4.0/,Joshua Jaeger,2016-06-13,"call, song"
train,Bewick's Wren,bewicks_wren,Thryomanes,bewickii,321497,321497-4.wav,wavfiles/321497-4.wav,//www.xeno-canto.org/321497,//creativecommons.org/licenses/by-nc-sa/4.0/,Joshua Jaeger,2016-06-13,"call, song"
train,Bewick's Wren,bewicks_wren,Thryomanes,bewickii,321497,321497-7.wav,wavfiles/321497-7.wav,//www.xeno-canto.org/321497,//creativecommons.org/licenses/by-nc-sa/4.0/,Joshua Jaeger,2016-06-13,"call, song"
train,Bewick's Wren,bewicks_wren,Thryomanes,bewickii,321497,321497-8.wav,wavfiles/321497-8.wav,//www.xeno-canto.org/321497,//creativecommons.org/licenses/by-nc-sa/4.0/,Joshua Jaeger,2016-06-13,"call, song"
train,Bewick's Wren,bewicks_wren,Thryomanes,bewickii,323974,323974-0.wav,wavfiles/323974-0.wav,//www.xeno-canto.org/323974,//creativecommons.org/licenses/by-nc-sa/4.0/,Richard E. Webster,2015-05-01,song
train,Bewick's Wren,bewicks_wren,Thryomanes,bewickii,323974,323974-1.wav,wavfiles/323974-1.wav,//www.xeno-canto.org/323974,//creativecommons.org/licenses/by-nc-sa/4.0/,Richard E. Webster,2015-05-01,song
train,Bewick's Wren,bewicks_wren,Thryomanes,bewickii,323974,323974-10.wav,wavfiles/323974-10.wav,//www.xeno-canto.org/323974,//creativecommons.org/licenses/by-nc-sa/4.0/,Richard E. Webster,2015-05-01,song
train,Bewick's Wren,bewicks_wren,Thryomanes,bewickii,323974,323974-11.wav,wavfiles/323974-11.wav,//www.xeno-canto.org/323974,//creativecommons.org/licenses/by-nc-sa/4.0/,Richard E. Webster,2015-05-01,song
train,Bewick's Wren,bewicks_wren,Thryomanes,bewickii,323974,323974-3.wav,wavfiles/323974-3.wav,//www.xeno-canto.org/323974,//creativecommons.org/licenses/by-nc-sa/4.0/,Richard E. Webster,2015-05-01,song
train,Bewick's Wren,bewicks_wren,Thryomanes,bewickii,323974,323974-4.wav,wavfiles/323974-4.wav,//www.xeno-canto.org/323974,//creativecommons.org/licenses/by-nc-sa/4.0/,Richard E. Webster,2015-05-01,song
train,Bewick's Wren,bewicks_wren,Thryomanes,bewickii,323974,323974-5.wav,wavfiles/323974-5.wav,//www.xeno-canto.org/323974,//creativecommons.org/licenses/by-nc-sa/4.0/,Richard E. Webster,2015-05-01,song
train,Bewick's Wren,bewicks_wren,Thryomanes,bewickii,323974,323974-6.wav,wavfiles/323974-6.wav,//www.xeno-canto.org/323974,//creativecommons.org/licenses/by-nc-sa/4.0/,Richard E. Webster,2015-05-01,song
train,Bewick's Wren,bewicks_wren,Thryomanes,bewickii,323974,323974-7.wav,wavfiles/323974-7.wav,//www.xeno-canto.org/323974,//creativecommons.org/licenses/by-nc-sa/4.0/,Richard E. Webster,2015-05-01,song
train,Bewick's Wren,bewicks_wren,Thryomanes,bewickii,323974,323974-9.wav,wavfiles/323974-9.wav,//www.xeno-canto.org/323974,//creativecommons.org/licenses/by-nc-sa/4.0/,Richard E. Webster,2015-05-01,song
train,Bewick's Wren,bewicks_wren,Thryomanes,bewickii,323975,323975-0.wav,wavfiles/323975-0.wav,//www.xeno-canto.org/323975,//creativecommons.org/licenses/by-nc-sa/4.0/,Richard E. Webster,2015-05-02,song
train,Bewick's Wren,bewicks_wren,Thryomanes,bewickii,323975,323975-1.wav,wavfiles/323975-1.wav,//www.xeno-canto.org/323975,//creativecommons.org/licenses/by-nc-sa/4.0/,Richard E. Webster,2015-05-02,song
train,Bewick's Wren,bewicks_wren,Thryomanes,bewickii,323975,323975-2.wav,wavfiles/323975-2.wav,//www.xeno-canto.org/323975,//creativecommons.org/licenses/by-nc-sa/4.0/,Richard E. Webster,2015-05-02,song
train,Bewick's Wren,bewicks_wren,Thryomanes,bewickii,323975,323975-3.wav,wavfiles/323975-3.wav,//www.xeno-canto.org/323975,//creativecommons.org/licenses/by-nc-sa/4.0/,Richard E. Webster,2015-05-02,song
train,Bewick's Wren,bewicks_wren,Thryomanes,bewickii,323975,323975-4.wav,wavfiles/323975-4.wav,//www.xeno-canto.org/323975,//creativecommons.org/licenses/by-nc-sa/4.0/,Richard E. Webster,2015-05-02,song
train,Bewick's Wren,bewicks_wren,Thryomanes,bewickii,323975,323975-5.wav,wavfiles/323975-5.wav,//www.xeno-canto.org/323975,//creativecommons.org/licenses/by-nc-sa/4.0/,Richard E. Webster,2015-05-02,song
train,Bewick's Wren,bewicks_wren,Thryomanes,bewickii,323975,323975-6.wav,wavfiles/323975-6.wav,//www.xeno-canto.org/323975,//creativecommons.org/licenses/by-nc-sa/4.0/,Richard E. Webster,2015-05-02,song
train,Bewick's Wren,bewicks_wren,Thryomanes,bewickii,323975,323975-7.wav,wavfiles/323975-7.wav,//www.xeno-canto.org/323975,//creativecommons.org/licenses/by-nc-sa/4.0/,Richard E. Webster,2015-05-02,song
train,Bewick's Wren,bewicks_wren,Thryomanes,bewickii,323975,323975-8.wav,wavfiles/323975-8.wav,//www.xeno-canto.org/323975,//creativecommons.org/licenses/by-nc-sa/4.0/,Richard E. Webster,2015-05-02,song
train,Bewick's Wren,bewicks_wren,Thryomanes,bewickii,323977,323977-0.wav,wavfiles/323977-0.wav,//www.xeno-canto.org/323977,//creativecommons.org/licenses/by-nc-sa/4.0/,Richard E. Webster,2015-04-30,song
train,Bewick's Wren,bewicks_wren,Thryomanes,bewickii,323977,323977-1.wav,wavfiles/323977-1.wav,//www.xeno-canto.org/323977,//creativecommons.org/licenses/by-nc-sa/4.0/,Richard E. Webster,2015-04-30,song
train,Bewick's Wren,bewicks_wren,Thryomanes,bewickii,323977,323977-10.wav,wavfiles/323977-10.wav,//www.xeno-canto.org/323977,//creativecommons.org/licenses/by-nc-sa/4.0/,Richard E. Webster,2015-04-30,song
train,Bewick's Wren,bewicks_wren,Thryomanes,bewickii,323977,323977-11.wav,wavfiles/323977-11.wav,//www.xeno-canto.org/323977,//creativecommons.org/licenses/by-nc-sa/4.0/,Richard E. Webster,2015-04-30,song
train,Bewick's Wren,bewicks_wren,Thryomanes,bewickii,323977,323977-12.wav,wavfiles/323977-12.wav,//www.xeno-canto.org/323977,//creativecommons.org/licenses/by-nc-sa/4.0/,Richard E. Webster,2015-04-30,song
train,Bewick's Wren,bewicks_wren,Thryomanes,bewickii,323977,323977-2.wav,wavfiles/323977-2.wav,//www.xeno-canto.org/323977,//creativecommons.org/licenses/by-nc-sa/4.0/,Richard E. Webster,2015-04-30,song
train,Bewick's Wren,bewicks_wren,Thryomanes,bewickii,323977,323977-3.wav,wavfiles/323977-3.wav,//www.xeno-canto.org/323977,//creativecommons.org/licenses/by-nc-sa/4.0/,Richard E. Webster,2015-04-30,song
train,Bewick's Wren,bewicks_wren,Thryomanes,bewickii,323977,323977-4.wav,wavfiles/323977-4.wav,//www.xeno-canto.org/323977,//creativecommons.org/licenses/by-nc-sa/4.0/,Richard E. Webster,2015-04-30,song
train,Bewick's Wren,bewicks_wren,Thryomanes,bewickii,323977,323977-5.wav,wavfiles/323977-5.wav,//www.xeno-canto.org/323977,//creativecommons.org/licenses/by-nc-sa/4.0/,Richard E. Webster,2015-04-30,song
train,Bewick's Wren,bewicks_wren,Thryomanes,bewickii,323977,323977-6.wav,wavfiles/323977-6.wav,//www.xeno-canto.org/323977,//creativecommons.org/licenses/by-nc-sa/4.0/,Richard E. Webster,2015-04-30,song
train,Bewick's Wren,bewicks_wren,Thryomanes,bewickii,323977,323977-7.wav,wavfiles/323977-7.wav,//www.xeno-canto.org/323977,//creativecommons.org/licenses/by-nc-sa/4.0/,Richard E. Webster,2015-04-30,song
train,Bewick's Wren,bewicks_wren,Thryomanes,bewickii,323977,323977-8.wav,wavfiles/323977-8.wav,//www.xeno-canto.org/323977,//creativecommons.org/licenses/by-nc-sa/4.0/,Richard E. Webster,2015-04-30,song
train,Bewick's Wren,bewicks_wren,Thryomanes,bewickii,323977,323977-9.wav,wavfiles/323977-9.wav,//www.xeno-canto.org/323977,//creativecommons.org/licenses/by-nc-sa/4.0/,Richard E. Webster,2015-04-30,song
train,Bewick's Wren,bewicks_wren,Thryomanes,bewickii,323979,323979-0.wav,wavfiles/323979-0.wav,//www.xeno-canto.org/323979,//creativecommons.org/licenses/by-nc-sa/4.0/,Richard E. Webster,2015-05-10,song
train,Bewick's Wren,bewicks_wren,Thryomanes,bewickii,323979,323979-1.wav,wavfiles/323979-1.wav,//www.xeno-canto.org/323979,//creativecommons.org/licenses/by-nc-sa/4.0/,Richard E. Webster,2015-05-10,song
train,Bewick's Wren,bewicks_wren,Thryomanes,bewickii,323979,323979-10.wav,wavfiles/323979-10.wav,//www.xeno-canto.org/323979,//creativecommons.org/licenses/by-nc-sa/4.0/,Richard E. Webster,2015-05-10,song
train,Bewick's Wren,bewicks_wren,Thryomanes,bewickii,323979,323979-11.wav,wavfiles/323979-11.wav,//www.xeno-canto.org/323979,//creativecommons.org/licenses/by-nc-sa/4.0/,Richard E. Webster,2015-05-10,song
train,Bewick's Wren,bewicks_wren,Thryomanes,bewickii,323979,323979-12.wav,wavfiles/323979-12.wav,//www.xeno-canto.org/323979,//creativecommons.org/licenses/by-nc-sa/4.0/,Richard E. Webster,2015-05-10,song
train,Bewick's Wren,bewicks_wren,Thryomanes,bewickii,323979,323979-13.wav,wavfiles/323979-13.wav,//www.xeno-canto.org/323979,//creativecommons.org/licenses/by-nc-sa/4.0/,Richard E. Webster,2015-05-10,song
train,Bewick's Wren,bewicks_wren,Thryomanes,bewickii,323979,323979-2.wav,wavfiles/323979-2.wav,//www.xeno-canto.org/323979,//creativecommons.org/licenses/by-nc-sa/4.0/,Richard E. Webster,2015-05-10,song
train,Bewick's Wren,bewicks_wren,Thryomanes,bewickii,323979,323979-3.wav,wavfiles/323979-3.wav,//www.xeno-canto.org/323979,//creativecommons.org/licenses/by-nc-sa/4.0/,Richard E. Webster,2015-05-10,song
train,Bewick's Wren,bewicks_wren,Thryomanes,bewickii,323979,323979-4.wav,wavfiles/323979-4.wav,//www.xeno-canto.org/323979,//creativecommons.org/licenses/by-nc-sa/4.0/,Richard E. Webster,2015-05-10,song
train,Bewick's Wren,bewicks_wren,Thryomanes,bewickii,323979,323979-5.wav,wavfiles/323979-5.wav,//www.xeno-canto.org/323979,//creativecommons.org/licenses/by-nc-sa/4.0/,Richard E. Webster,2015-05-10,song
train,Bewick's Wren,bewicks_wren,Thryomanes,bewickii,323979,323979-6.wav,wavfiles/323979-6.wav,//www.xeno-canto.org/323979,//creativecommons.org/licenses/by-nc-sa/4.0/,Richard E. Webster,2015-05-10,song
train,Bewick's Wren,bewicks_wren,Thryomanes,bewickii,323979,323979-7.wav,wavfiles/323979-7.wav,//www.xeno-canto.org/323979,//creativecommons.org/licenses/by-nc-sa/4.0/,Richard E. Webster,2015-05-10,song
train,Bewick's Wren,bewicks_wren,Thryomanes,bewickii,323979,323979-8.wav,wavfiles/323979-8.wav,//www.xeno-canto.org/323979,//creativecommons.org/licenses/by-nc-sa/4.0/,Richard E. Webster,2015-05-10,song
train,Bewick's Wren,bewicks_wren,Thryomanes,bewickii,323979,323979-9.wav,wavfiles/323979-9.wav,//www.xeno-canto.org/323979,//creativecommons.org/licenses/by-nc-sa/4.0/,Richard E. Webster,2015-05-10,song
train,Bewick's Wren,bewicks_wren,Thryomanes,bewickii,323981,323981-0.wav,wavfiles/323981-0.wav,//www.xeno-canto.org/323981,//creativecommons.org/licenses/by-nc-sa/4.0/,Richard E. Webster,2015-05-02,song
train,Bewick's Wren,bewicks_wren,Thryomanes,bewickii,323981,323981-1.wav,wavfiles/323981-1.wav,//www.xeno-canto.org/323981,//creativecommons.org/licenses/by-nc-sa/4.0/,Richard E. Webster,2015-05-02,song
train,Bewick's Wren,bewicks_wren,Thryomanes,bewickii,323981,323981-2.wav,wavfiles/323981-2.wav,//www.xeno-canto.org/323981,//creativecommons.org/licenses/by-nc-sa/4.0/,Richard E. Webster,2015-05-02,song
train,Bewick's Wren,bewicks_wren,Thryomanes,bewickii,323981,323981-3.wav,wavfiles/323981-3.wav,//www.xeno-canto.org/323981,//creativecommons.org/licenses/by-nc-sa/4.0/,Richard E. Webster,2015-05-02,song
train,Bewick's Wren,bewicks_wren,Thryomanes,bewickii,323981,323981-4.wav,wavfiles/323981-4.wav,//www.xeno-canto.org/323981,//creativecommons.org/licenses/by-nc-sa/4.0/,Richard E. Webster,2015-05-02,song
train,Bewick's Wren,bewicks_wren,Thryomanes,bewickii,323981,323981-5.wav,wavfiles/323981-5.wav,//www.xeno-canto.org/323981,//creativecommons.org/licenses/by-nc-sa/4.0/,Richard E. Webster,2015-05-02,song
train,Bewick's Wren,bewicks_wren,Thryomanes,bewickii,332644,332644-0.wav,wavfiles/332644-0.wav,//www.xeno-canto.org/332644,//creativecommons.org/licenses/by-nc-sa/4.0/,Aidan Place,2016-08-13,song
train,Bewick's Wren,bewicks_wren,Thryomanes,bewickii,332644,332644-1.wav,wavfiles/332644-1.wav,//www.xeno-canto.org/332644,//creativecommons.org/licenses/by-nc-sa/4.0/,Aidan Place,2016-08-13,song
train,Bewick's Wren,bewicks_wren,Thryomanes,bewickii,332644,332644-12.wav,wavfiles/332644-12.wav,//www.xeno-canto.org/332644,//creativecommons.org/licenses/by-nc-sa/4.0/,Aidan Place,2016-08-13,song
train,Bewick's Wren,bewicks_wren,Thryomanes,bewickii,332644,332644-13.wav,wavfiles/332644-13.wav,//www.xeno-canto.org/332644,//creativecommons.org/licenses/by-nc-sa/4.0/,Aidan Place,2016-08-13,song
train,Bewick's Wren,bewicks_wren,Thryomanes,bewickii,332644,332644-2.wav,wavfiles/332644-2.wav,//www.xeno-canto.org/332644,//creativecommons.org/licenses/by-nc-sa/4.0/,Aidan Place,2016-08-13,song
train,Bewick's Wren,bewicks_wren,Thryomanes,bewickii,332644,332644-3.wav,wavfiles/332644-3.wav,//www.xeno-canto.org/332644,//creativecommons.org/licenses/by-nc-sa/4.0/,Aidan Place,2016-08-13,song
train,Bewick's Wren,bewicks_wren,Thryomanes,bewickii,332644,332644-4.wav,wavfiles/332644-4.wav,//www.xeno-canto.org/332644,//creativecommons.org/licenses/by-nc-sa/4.0/,Aidan Place,2016-08-13,song
train,Bewick's Wren,bewicks_wren,Thryomanes,bewickii,332644,332644-5.wav,wavfiles/332644-5.wav,//www.xeno-canto.org/332644,//creativecommons.org/licenses/by-nc-sa/4.0/,Aidan Place,2016-08-13,song
train,Bewick's Wren,bewicks_wren,Thryomanes,bewickii,332644,332644-6.wav,wavfiles/332644-6.wav,//www.xeno-canto.org/332644,//creativecommons.org/licenses/by-nc-sa/4.0/,Aidan Place,2016-08-13,song
train,Bewick's Wren,bewicks_wren,Thryomanes,bewickii,332644,332644-7.wav,wavfiles/332644-7.wav,//www.xeno-canto.org/332644,//creativecommons.org/licenses/by-nc-sa/4.0/,Aidan Place,2016-08-13,song
train,Bewick's Wren,bewicks_wren,Thryomanes,bewickii,351038,351038-0.wav,wavfiles/351038-0.wav,//www.xeno-canto.org/351038,//creativecommons.org/licenses/by-nc-sa/4.0/,Richard E. Webster,2000-07-09,song
train,Bewick's Wren,bewicks_wren,Thryomanes,bewickii,351038,351038-1.wav,wavfiles/351038-1.wav,//www.xeno-canto.org/351038,//creativecommons.org/licenses/by-nc-sa/4.0/,Richard E. Webster,2000-07-09,song
train,Bewick's Wren,bewicks_wren,Thryomanes,bewickii,351038,351038-10.wav,wavfiles/351038-10.wav,//www.xeno-canto.org/351038,//creativecommons.org/licenses/by-nc-sa/4.0/,Richard E. Webster,2000-07-09,song
train,Bewick's Wren,bewicks_wren,Thryomanes,bewickii,351038,351038-11.wav,wavfiles/351038-11.wav,//www.xeno-canto.org/351038,//creativecommons.org/licenses/by-nc-sa/4.0/,Richard E. Webster,2000-07-09,song
train,Bewick's Wren,bewicks_wren,Thryomanes,bewickii,351038,351038-3.wav,wavfiles/351038-3.wav,//www.xeno-canto.org/351038,//creativecommons.org/licenses/by-nc-sa/4.0/,Richard E. Webster,2000-07-09,song
train,Bewick's Wren,bewicks_wren,Thryomanes,bewickii,351038,351038-4.wav,wavfiles/351038-4.wav,//www.xeno-canto.org/351038,//creativecommons.org/licenses/by-nc-sa/4.0/,Richard E. Webster,2000-07-09,song
train,Bewick's Wren,bewicks_wren,Thryomanes,bewickii,351038,351038-5.wav,wavfiles/351038-5.wav,//www.xeno-canto.org/351038,//creativecommons.org/licenses/by-nc-sa/4.0/,Richard E. Webster,2000-07-09,song
train,Bewick's Wren,bewicks_wren,Thryomanes,bewickii,351038,351038-6.wav,wavfiles/351038-6.wav,//www.xeno-canto.org/351038,//creativecommons.org/licenses/by-nc-sa/4.0/,Richard E. Webster,2000-07-09,song
train,Bewick's Wren,bewicks_wren,Thryomanes,bewickii,351038,351038-7.wav,wavfiles/351038-7.wav,//www.xeno-canto.org/351038,//creativecommons.org/licenses/by-nc-sa/4.0/,Richard E. Webster,2000-07-09,song
train,Bewick's Wren,bewicks_wren,Thryomanes,bewickii,351038,351038-8.wav,wavfiles/351038-8.wav,//www.xeno-canto.org/351038,//creativecommons.org/licenses/by-nc-sa/4.0/,Richard E. Webster,2000-07-09,song
train,Bewick's Wren,bewicks_wren,Thryomanes,bewickii,351038,351038-9.wav,wavfiles/351038-9.wav,//www.xeno-canto.org/351038,//creativecommons.org/licenses/by-nc-sa/4.0/,Richard E. Webster,2000-07-09,song
train,Bewick's Wren,bewicks_wren,Thryomanes,bewickii,351049,351049-0.wav,wavfiles/351049-0.wav,//www.xeno-canto.org/351049,//creativecommons.org/licenses/by-nc-sa/4.0/,Richard E. Webster,1997-03-17,song
train,Bewick's Wren,bewicks_wren,Thryomanes,bewickii,351049,351049-1.wav,wavfiles/351049-1.wav,//www.xeno-canto.org/351049,//creativecommons.org/licenses/by-nc-sa/4.0/,Richard E. Webster,1997-03-17,song
train,Bewick's Wren,bewicks_wren,Thryomanes,bewickii,351049,351049-10.wav,wavfiles/351049-10.wav,//www.xeno-canto.org/351049,//creativecommons.org/licenses/by-nc-sa/4.0/,Richard E. Webster,1997-03-17,song
train,Bewick's Wren,bewicks_wren,Thryomanes,bewickii,351049,351049-2.wav,wavfiles/351049-2.wav,//www.xeno-canto.org/351049,//creativecommons.org/licenses/by-nc-sa/4.0/,Richard E. Webster,1997-03-17,song
train,Bewick's Wren,bewicks_wren,Thryomanes,bewickii,351049,351049-3.wav,wavfiles/351049-3.wav,//www.xeno-canto.org/351049,//creativecommons.org/licenses/by-nc-sa/4.0/,Richard E. Webster,1997-03-17,song
train,Bewick's Wren,bewicks_wren,Thryomanes,bewickii,351049,351049-4.wav,wavfiles/351049-4.wav,//www.xeno-canto.org/351049,//creativecommons.org/licenses/by-nc-sa/4.0/,Richard E. Webster,1997-03-17,song
train,Bewick's Wren,bewicks_wren,Thryomanes,bewickii,351049,351049-6.wav,wavfiles/351049-6.wav,//www.xeno-canto.org/351049,//creativecommons.org/licenses/by-nc-sa/4.0/,Richard E. Webster,1997-03-17,song
train,Bewick's Wren,bewicks_wren,Thryomanes,bewickii,351049,351049-7.wav,wavfiles/351049-7.wav,//www.xeno-canto.org/351049,//creativecommons.org/licenses/by-nc-sa/4.0/,Richard E. Webster,1997-03-17,song
train,Bewick's Wren,bewicks_wren,Thryomanes,bewickii,351049,351049-8.wav,wavfiles/351049-8.wav,//www.xeno-canto.org/351049,//creativecommons.org/licenses/by-nc-sa/4.0/,Richard E. Webster,1997-03-17,song
train,Bewick's Wren,bewicks_wren,Thryomanes,bewickii,351049,351049-9.wav,wavfiles/351049-9.wav,//www.xeno-canto.org/351049,//creativecommons.org/licenses/by-nc-sa/4.0/,Richard E. Webster,1997-03-17,song
train,Bewick's Wren,bewicks_wren,Thryomanes,bewickii,351065,351065-0.wav,wavfiles/351065-0.wav,//www.xeno-canto.org/351065,//creativecommons.org/licenses/by-nc-sa/4.0/,Richard E. Webster,2000-06-15,song
train,Bewick's Wren,bewicks_wren,Thryomanes,bewickii,351065,351065-1.wav,wavfiles/351065-1.wav,//www.xeno-canto.org/351065,//creativecommons.org/licenses/by-nc-sa/4.0/,Richard E. Webster,2000-06-15,song
train,Bewick's Wren,bewicks_wren,Thryomanes,bewickii,351065,351065-10.wav,wavfiles/351065-10.wav,//www.xeno-canto.org/351065,//creativecommons.org/licenses/by-nc-sa/4.0/,Richard E. Webster,2000-06-15,song
train,Bewick's Wren,bewicks_wren,Thryomanes,bewickii,351065,351065-11.wav,wavfiles/351065-11.wav,//www.xeno-canto.org/351065,//creativecommons.org/licenses/by-nc-sa/4.0/,Richard E. Webster,2000-06-15,song
train,Bewick's Wren,bewicks_wren,Thryomanes,bewickii,351065,351065-12.wav,wavfiles/351065-12.wav,//www.xeno-canto.org/351065,//creativecommons.org/licenses/by-nc-sa/4.0/,Richard E. Webster,2000-06-15,song
train,Bewick's Wren,bewicks_wren,Thryomanes,bewickii,351065,351065-2.wav,wavfiles/351065-2.wav,//www.xeno-canto.org/351065,//creativecommons.org/licenses/by-nc-sa/4.0/,Richard E. Webster,2000-06-15,song
train,Bewick's Wren,bewicks_wren,Thryomanes,bewickii,351065,351065-3.wav,wavfiles/351065-3.wav,//www.xeno-canto.org/351065,//creativecommons.org/licenses/by-nc-sa/4.0/,Richard E. Webster,2000-06-15,song
train,Bewick's Wren,bewicks_wren,Thryomanes,bewickii,351065,351065-4.wav,wavfiles/351065-4.wav,//www.xeno-canto.org/351065,//creativecommons.org/licenses/by-nc-sa/4.0/,Richard E. Webster,2000-06-15,song
train,Bewick's Wren,bewicks_wren,Thryomanes,bewickii,351065,351065-5.wav,wavfiles/351065-5.wav,//www.xeno-canto.org/351065,//creativecommons.org/licenses/by-nc-sa/4.0/,Richard E. Webster,2000-06-15,song
train,Bewick's Wren,bewicks_wren,Thryomanes,bewickii,351065,351065-6.wav,wavfiles/351065-6.wav,//www.xeno-canto.org/351065,//creativecommons.org/licenses/by-nc-sa/4.0/,Richard E. Webster,2000-06-15,song
train,Bewick's Wren,bewicks_wren,Thryomanes,bewickii,351065,351065-8.wav,wavfiles/351065-8.wav,//www.xeno-canto.org/351065,//creativecommons.org/licenses/by-nc-sa/4.0/,Richard E. Webster,2000-06-15,song
train,Bewick's Wren,bewicks_wren,Thryomanes,bewickii,351065,351065-9.wav,wavfiles/351065-9.wav,//www.xeno-canto.org/351065,//creativecommons.org/licenses/by-nc-sa/4.0/,Richard E. Webster,2000-06-15,song
train,Bewick's Wren,bewicks_wren,Thryomanes,bewickii,351078,351078-0.wav,wavfiles/351078-0.wav,//www.xeno-canto.org/351078,//creativecommons.org/licenses/by-nc-sa/4.0/,Richard E. Webster,1995-05-19,song
train,Bewick's Wren,bewicks_wren,Thryomanes,bewickii,351078,351078-1.wav,wavfiles/351078-1.wav,//www.xeno-canto.org/351078,//creativecommons.org/licenses/by-nc-sa/4.0/,Richard E. Webster,1995-05-19,song
train,Bewick's Wren,bewicks_wren,Thryomanes,bewickii,351078,351078-12.wav,wavfiles/351078-12.wav,//www.xeno-canto.org/351078,//creativecommons.org/licenses/by-nc-sa/4.0/,Richard E. Webster,1995-05-19,song
train,Bewick's Wren,bewicks_wren,Thryomanes,bewickii,351078,351078-2.wav,wavfiles/351078-2.wav,//www.xeno-canto.org/351078,//creativecommons.org/licenses/by-nc-sa/4.0/,Richard E. Webster,1995-05-19,song
train,Bewick's Wren,bewicks_wren,Thryomanes,bewickii,351078,351078-3.wav,wavfiles/351078-3.wav,//www.xeno-canto.org/351078,//creativecommons.org/licenses/by-nc-sa/4.0/,Richard E. Webster,1995-05-19,song
train,Bewick's Wren,bewicks_wren,Thryomanes,bewickii,351078,351078-4.wav,wavfiles/351078-4.wav,//www.xeno-canto.org/351078,//creativecommons.org/licenses/by-nc-sa/4.0/,Richard E. Webster,1995-05-19,song
train,Bewick's Wren,bewicks_wren,Thryomanes,bewickii,351078,351078-5.wav,wavfiles/351078-5.wav,//www.xeno-canto.org/351078,//creativecommons.org/licenses/by-nc-sa/4.0/,Richard E. Webster,1995-05-19,song
train,Bewick's Wren,bewicks_wren,Thryomanes,bewickii,351078,351078-6.wav,wavfiles/351078-6.wav,//www.xeno-canto.org/351078,//creativecommons.org/licenses/by-nc-sa/4.0/,Richard E. Webster,1995-05-19,song
train,Bewick's Wren,bewicks_wren,Thryomanes,bewickii,351078,351078-7.wav,wavfiles/351078-7.wav,//www.xeno-canto.org/351078,//creativecommons.org/licenses/by-nc-sa/4.0/,Richard E. Webster,1995-05-19,song
train,Bewick's Wren,bewicks_wren,Thryomanes,bewickii,351078,351078-8.wav,wavfiles/351078-8.wav,//www.xeno-canto.org/351078,//creativecommons.org/licenses/by-nc-sa/4.0/,Richard E. Webster,1995-05-19,song
train,Bewick's Wren,bewicks_wren,Thryomanes,bewickii,351078,351078-9.wav,wavfiles/351078-9.wav,//www.xeno-canto.org/351078,//creativecommons.org/licenses/by-nc-sa/4.0/,Richard E. Webster,1995-05-19,song
train,Bewick's Wren,bewicks_wren,Thryomanes,bewickii,351081,351081-0.wav,wavfiles/351081-0.wav,//www.xeno-canto.org/351081,//creativecommons.org/licenses/by-nc-sa/4.0/,Richard E. Webster,1995-06-23,song
train,Bewick's Wren,bewicks_wren,Thryomanes,bewickii,351081,351081-1.wav,wavfiles/351081-1.wav,//www.xeno-canto.org/351081,//creativecommons.org/licenses/by-nc-sa/4.0/,Richard E. Webster,1995-06-23,song
train,Bewick's Wren,bewicks_wren,Thryomanes,bewickii,351081,351081-10.wav,wavfiles/351081-10.wav,//www.xeno-canto.org/351081,//creativecommons.org/licenses/by-nc-sa/4.0/,Richard E. Webster,1995-06-23,song
train,Bewick's Wren,bewicks_wren,Thryomanes,bewickii,351081,351081-11.wav,wavfiles/351081-11.wav,//www.xeno-canto.org/351081,//creativecommons.org/licenses/by-nc-sa/4.0/,Richard E. Webster,1995-06-23,song
train,Bewick's Wren,bewicks_wren,Thryomanes,bewickii,351081,351081-12.wav,wavfiles/351081-12.wav,//www.xeno-canto.org/351081,//creativecommons.org/licenses/by-nc-sa/4.0/,Richard E. Webster,1995-06-23,song
train,Bewick's Wren,bewicks_wren,Thryomanes,bewickii,351081,351081-13.wav,wavfiles/351081-13.wav,//www.xeno-canto.org/351081,//creativecommons.org/licenses/by-nc-sa/4.0/,Richard E. Webster,1995-06-23,song
train,Bewick's Wren,bewicks_wren,Thryomanes,bewickii,351081,351081-3.wav,wavfiles/351081-3.wav,//www.xeno-canto.org/351081,//creativecommons.org/licenses/by-nc-sa/4.0/,Richard E. Webster,1995-06-23,song
train,Bewick's Wren,bewicks_wren,Thryomanes,bewickii,351081,351081-4.wav,wavfiles/351081-4.wav,//www.xeno-canto.org/351081,//creativecommons.org/licenses/by-nc-sa/4.0/,Richard E. Webster,1995-06-23,song
train,Bewick's Wren,bewicks_wren,Thryomanes,bewickii,351081,351081-6.wav,wavfiles/351081-6.wav,//www.xeno-canto.org/351081,//creativecommons.org/licenses/by-nc-sa/4.0/,Richard E. Webster,1995-06-23,song
train,Bewick's Wren,bewicks_wren,Thryomanes,bewickii,351081,351081-9.wav,wavfiles/351081-9.wav,//www.xeno-canto.org/351081,//creativecommons.org/licenses/by-nc-sa/4.0/,Richard E. Webster,1995-06-23,song
train,Bewick's Wren,bewicks_wren,Thryomanes,bewickii,351091,351091-0.wav,wavfiles/351091-0.wav,//www.xeno-canto.org/351091,//creativecommons.org/licenses/by-nc-sa/4.0/,Richard E. Webster,2000-05-21,song
train,Bewick's Wren,bewicks_wren,Thryomanes,bewickii,351091,351091-1.wav,wavfiles/351091-1.wav,//www.xeno-canto.org/351091,//creativecommons.org/licenses/by-nc-sa/4.0/,Richard E. Webster,2000-05-21,song
train,Bewick's Wren,bewicks_wren,Thryomanes,bewickii,351091,351091-10.wav,wavfiles/351091-10.wav,//www.xeno-canto.org/351091,//creativecommons.org/licenses/by-nc-sa/4.0/,Richard E. Webster,2000-05-21,song
train,Bewick's Wren,bewicks_wren,Thryomanes,bewickii,351091,351091-11.wav,wavfiles/351091-11.wav,//www.xeno-canto.org/351091,//creativecommons.org/licenses/by-nc-sa/4.0/,Richard E. Webster,2000-05-21,song
train,Bewick's Wren,bewicks_wren,Thryomanes,bewickii,351091,351091-12.wav,wavfiles/351091-12.wav,//www.xeno-canto.org/351091,//creativecommons.org/licenses/by-nc-sa/4.0/,Richard E. Webster,2000-05-21,song
train,Bewick's Wren,bewicks_wren,Thryomanes,bewickii,351091,351091-13.wav,wavfiles/351091-13.wav,//www.xeno-canto.org/351091,//creativecommons.org/licenses/by-nc-sa/4.0/,Richard E. Webster,2000-05-21,song
train,Bewick's Wren,bewicks_wren,Thryomanes,bewickii,351091,351091-14.wav,wavfiles/351091-14.wav,//www.xeno-canto.org/351091,//creativecommons.org/licenses/by-nc-sa/4.0/,Richard E. Webster,2000-05-21,song
train,Bewick's Wren,bewicks_wren,Thryomanes,bewickii,351091,351091-2.wav,wavfiles/351091-2.wav,//www.xeno-canto.org/351091,//creativecommons.org/licenses/by-nc-sa/4.0/,Richard E. Webster,2000-05-21,song
train,Bewick's Wren,bewicks_wren,Thryomanes,bewickii,351091,351091-3.wav,wavfiles/351091-3.wav,//www.xeno-canto.org/351091,//creativecommons.org/licenses/by-nc-sa/4.0/,Richard E. Webster,2000-05-21,song
train,Bewick's Wren,bewicks_wren,Thryomanes,bewickii,351091,351091-4.wav,wavfiles/351091-4.wav,//www.xeno-canto.org/351091,//creativecommons.org/licenses/by-nc-sa/4.0/,Richard E. Webster,2000-05-21,song
train,Bewick's Wren,bewicks_wren,Thryomanes,bewickii,351091,351091-5.wav,wavfiles/351091-5.wav,//www.xeno-canto.org/351091,//creativecommons.org/licenses/by-nc-sa/4.0/,Richard E. Webster,2000-05-21,song
train,Bewick's Wren,bewicks_wren,Thryomanes,bewickii,351091,351091-6.wav,wavfiles/351091-6.wav,//www.xeno-canto.org/351091,//creativecommons.org/licenses/by-nc-sa/4.0/,Richard E. Webster,2000-05-21,song
train,Bewick's Wren,bewicks_wren,Thryomanes,bewickii,351091,351091-7.wav,wavfiles/351091-7.wav,//www.xeno-canto.org/351091,//creativecommons.org/licenses/by-nc-sa/4.0/,Richard E. Webster,2000-05-21,song
train,Bewick's Wren,bewicks_wren,Thryomanes,bewickii,351091,351091-8.wav,wavfiles/351091-8.wav,//www.xeno-canto.org/351091,//creativecommons.org/licenses/by-nc-sa/4.0/,Richard E. Webster,2000-05-21,song
train,Bewick's Wren,bewicks_wren,Thryomanes,bewickii,351091,351091-9.wav,wavfiles/351091-9.wav,//www.xeno-canto.org/351091,//creativecommons.org/licenses/by-nc-sa/4.0/,Richard E. Webster,2000-05-21,song
train,Bewick's Wren,bewicks_wren,Thryomanes,bewickii,351179,351179-0.wav,wavfiles/351179-0.wav,//www.xeno-canto.org/351179,//creativecommons.org/licenses/by-nc-sa/4.0/,Richard E. Webster,2010-08-08,song
train,Bewick's Wren,bewicks_wren,Thryomanes,bewickii,351179,351179-1.wav,wavfiles/351179-1.wav,//www.xeno-canto.org/351179,//creativecommons.org/licenses/by-nc-sa/4.0/,Richard E. Webster,2010-08-08,song
train,Bewick's Wren,bewicks_wren,Thryomanes,bewickii,351179,351179-10.wav,wavfiles/351179-10.wav,//www.xeno-canto.org/351179,//creativecommons.org/licenses/by-nc-sa/4.0/,Richard E. Webster,2010-08-08,song
train,Bewick's Wren,bewicks_wren,Thryomanes,bewickii,351179,351179-11.wav,wavfiles/351179-11.wav,//www.xeno-canto.org/351179,//creativecommons.org/licenses/by-nc-sa/4.0/,Richard E. Webster,2010-08-08,song
train,Bewick's Wren,bewicks_wren,Thryomanes,bewickii,351179,351179-12.wav,wavfiles/351179-12.wav,//www.xeno-canto.org/351179,//creativecommons.org/licenses/by-nc-sa/4.0/,Richard E. Webster,2010-08-08,song
train,Bewick's Wren,bewicks_wren,Thryomanes,bewickii,351179,351179-13.wav,wavfiles/351179-13.wav,//www.xeno-canto.org/351179,//creativecommons.org/licenses/by-nc-sa/4.0/,Richard E. Webster,2010-08-08,song
train,Bewick's Wren,bewicks_wren,Thryomanes,bewickii,351179,351179-2.wav,wavfiles/351179-2.wav,//www.xeno-canto.org/351179,//creativecommons.org/licenses/by-nc-sa/4.0/,Richard E. Webster,2010-08-08,song
train,Bewick's Wren,bewicks_wren,Thryomanes,bewickii,351179,351179-3.wav,wavfiles/351179-3.wav,//www.xeno-canto.org/351179,//creativecommons.org/licenses/by-nc-sa/4.0/,Richard E. Webster,2010-08-08,song
train,Bewick's Wren,bewicks_wren,Thryomanes,bewickii,351179,351179-4.wav,wavfiles/351179-4.wav,//www.xeno-canto.org/351179,//creativecommons.org/licenses/by-nc-sa/4.0/,Richard E. Webster,2010-08-08,song
train,Bewick's Wren,bewicks_wren,Thryomanes,bewickii,351179,351179-5.wav,wavfiles/351179-5.wav,//www.xeno-canto.org/351179,//creativecommons.org/licenses/by-nc-sa/4.0/,Richard E. Webster,2010-08-08,song
train,Bewick's Wren,bewicks_wren,Thryomanes,bewickii,351179,351179-6.wav,wavfiles/351179-6.wav,//www.xeno-canto.org/351179,//creativecommons.org/licenses/by-nc-sa/4.0/,Richard E. Webster,2010-08-08,song
train,Bewick's Wren,bewicks_wren,Thryomanes,bewickii,351179,351179-7.wav,wavfiles/351179-7.wav,//www.xeno-canto.org/351179,//creativecommons.org/licenses/by-nc-sa/4.0/,Richard E. Webster,2010-08-08,song
train,Bewick's Wren,bewicks_wren,Thryomanes,bewickii,351179,351179-8.wav,wavfiles/351179-8.wav,//www.xeno-canto.org/351179,//creativecommons.org/licenses/by-nc-sa/4.0/,Richard E. Webster,2010-08-08,song
train,Bewick's Wren,bewicks_wren,Thryomanes,bewickii,351179,351179-9.wav,wavfiles/351179-9.wav,//www.xeno-canto.org/351179,//creativecommons.org/licenses/by-nc-sa/4.0/,Richard E. Webster,2010-08-08,song
train,Bewick's Wren,bewicks_wren,Thryomanes,bewickii,408543,408543-0.wav,wavfiles/408543-0.wav,//www.xeno-canto.org/408543,//creativecommons.org/licenses/by-nc-nd/4.0/,Frank Lambert,2015-05-05,song
train,Bewick's Wren,bewicks_wren,Thryomanes,bewickii,408543,408543-1.wav,wavfiles/408543-1.wav,//www.xeno-canto.org/408543,//creativecommons.org/licenses/by-nc-nd/4.0/,Frank Lambert,2015-05-05,song
train,Bewick's Wren,bewicks_wren,Thryomanes,bewickii,408543,408543-10.wav,wavfiles/408543-10.wav,//www.xeno-canto.org/408543,//creativecommons.org/licenses/by-nc-nd/4.0/,Frank Lambert,2015-05-05,song
train,Bewick's Wren,bewicks_wren,Thryomanes,bewickii,408543,408543-2.wav,wavfiles/408543-2.wav,//www.xeno-canto.org/408543,//creativecommons.org/licenses/by-nc-nd/4.0/,Frank Lambert,2015-05-05,song
train,Bewick's Wren,bewicks_wren,Thryomanes,bewickii,408543,408543-4.wav,wavfiles/408543-4.wav,//www.xeno-canto.org/408543,//creativecommons.org/licenses/by-nc-nd/4.0/,Frank Lambert,2015-05-05,song
train,Bewick's Wren,bewicks_wren,Thryomanes,bewickii,408543,408543-5.wav,wavfiles/408543-5.wav,//www.xeno-canto.org/408543,//creativecommons.org/licenses/by-nc-nd/4.0/,Frank Lambert,2015-05-05,song
train,Bewick's Wren,bewicks_wren,Thryomanes,bewickii,408543,408543-6.wav,wavfiles/408543-6.wav,//www.xeno-canto.org/408543,//creativecommons.org/licenses/by-nc-nd/4.0/,Frank Lambert,2015-05-05,song
train,Bewick's Wren,bewicks_wren,Thryomanes,bewickii,408543,408543-8.wav,wavfiles/408543-8.wav,//www.xeno-canto.org/408543,//creativecommons.org/licenses/by-nc-nd/4.0/,Frank Lambert,2015-05-05,song
train,Bewick's Wren,bewicks_wren,Thryomanes,bewickii,408543,408543-9.wav,wavfiles/408543-9.wav,//www.xeno-canto.org/408543,//creativecommons.org/licenses/by-nc-nd/4.0/,Frank Lambert,2015-05-05,song
train,Bewick's Wren,bewicks_wren,Thryomanes,bewickii,417877,417877-0.wav,wavfiles/417877-0.wav,//www.xeno-canto.org/417877,//creativecommons.org/licenses/by-nc-sa/4.0/,Bobby Wilcox,2018-04-25,song
train,Bewick's Wren,bewicks_wren,Thryomanes,bewickii,417877,417877-1.wav,wavfiles/417877-1.wav,//www.xeno-canto.org/417877,//creativecommons.org/licenses/by-nc-sa/4.0/,Bobby Wilcox,2018-04-25,song
train,Bewick's Wren,bewicks_wren,Thryomanes,bewickii,417877,417877-10.wav,wavfiles/417877-10.wav,//www.xeno-canto.org/417877,//creativecommons.org/licenses/by-nc-sa/4.0/,Bobby Wilcox,2018-04-25,song
train,Bewick's Wren,bewicks_wren,Thryomanes,bewickii,417877,417877-11.wav,wavfiles/417877-11.wav,//www.xeno-canto.org/417877,//creativecommons.org/licenses/by-nc-sa/4.0/,Bobby Wilcox,2018-04-25,song
train,Bewick's Wren,bewicks_wren,Thryomanes,bewickii,417877,417877-2.wav,wavfiles/417877-2.wav,//www.xeno-canto.org/417877,//creativecommons.org/licenses/by-nc-sa/4.0/,Bobby Wilcox,2018-04-25,song
train,Bewick's Wren,bewicks_wren,Thryomanes,bewickii,417877,417877-3.wav,wavfiles/417877-3.wav,//www.xeno-canto.org/417877,//creativecommons.org/licenses/by-nc-sa/4.0/,Bobby Wilcox,2018-04-25,song
train,Bewick's Wren,bewicks_wren,Thryomanes,bewickii,417877,417877-4.wav,wavfiles/417877-4.wav,//www.xeno-canto.org/417877,//creativecommons.org/licenses/by-nc-sa/4.0/,Bobby Wilcox,2018-04-25,song
train,Bewick's Wren,bewicks_wren,Thryomanes,bewickii,417877,417877-5.wav,wavfiles/417877-5.wav,//www.xeno-canto.org/417877,//creativecommons.org/licenses/by-nc-sa/4.0/,Bobby Wilcox,2018-04-25,song
train,Bewick's Wren,bewicks_wren,Thryomanes,bewickii,417877,417877-6.wav,wavfiles/417877-6.wav,//www.xeno-canto.org/417877,//creativecommons.org/licenses/by-nc-sa/4.0/,Bobby Wilcox,2018-04-25,song
train,Bewick's Wren,bewicks_wren,Thryomanes,bewickii,417877,417877-7.wav,wavfiles/417877-7.wav,//www.xeno-canto.org/417877,//creativecommons.org/licenses/by-nc-sa/4.0/,Bobby Wilcox,2018-04-25,song
train,Bewick's Wren,bewicks_wren,Thryomanes,bewickii,417877,417877-8.wav,wavfiles/417877-8.wav,//www.xeno-canto.org/417877,//creativecommons.org/licenses/by-nc-sa/4.0/,Bobby Wilcox,2018-04-25,song
train,Bewick's Wren,bewicks_wren,Thryomanes,bewickii,417877,417877-9.wav,wavfiles/417877-9.wav,//www.xeno-canto.org/417877,//creativecommons.org/licenses/by-nc-sa/4.0/,Bobby Wilcox,2018-04-25,song
train,Bewick's Wren,bewicks_wren,Thryomanes,bewickii,451298,451298-0.wav,wavfiles/451298-0.wav,//www.xeno-canto.org/451298,//creativecommons.org/licenses/by-nc-sa/4.0/,Ed Pandolfino,2015-05-22,song
train,Bewick's Wren,bewicks_wren,Thryomanes,bewickii,451298,451298-1.wav,wavfiles/451298-1.wav,//www.xeno-canto.org/451298,//creativecommons.org/licenses/by-nc-sa/4.0/,Ed Pandolfino,2015-05-22,song
train,Bewick's Wren,bewicks_wren,Thryomanes,bewickii,451298,451298-10.wav,wavfiles/451298-10.wav,//www.xeno-canto.org/451298,//creativecommons.org/licenses/by-nc-sa/4.0/,Ed Pandolfino,2015-05-22,song
train,Bewick's Wren,bewicks_wren,Thryomanes,bewickii,451298,451298-11.wav,wavfiles/451298-11.wav,//www.xeno-canto.org/451298,//creativecommons.org/licenses/by-nc-sa/4.0/,Ed Pandolfino,2015-05-22,song
train,Bewick's Wren,bewicks_wren,Thryomanes,bewickii,451298,451298-12.wav,wavfiles/451298-12.wav,//www.xeno-canto.org/451298,//creativecommons.org/licenses/by-nc-sa/4.0/,Ed Pandolfino,2015-05-22,song
train,Bewick's Wren,bewicks_wren,Thryomanes,bewickii,451298,451298-13.wav,wavfiles/451298-13.wav,//www.xeno-canto.org/451298,//creativecommons.org/licenses/by-nc-sa/4.0/,Ed Pandolfino,2015-05-22,song
train,Bewick's Wren,bewicks_wren,Thryomanes,bewickii,451298,451298-2.wav,wavfiles/451298-2.wav,//www.xeno-canto.org/451298,//creativecommons.org/licenses/by-nc-sa/4.0/,Ed Pandolfino,2015-05-22,song
train,Bewick's Wren,bewicks_wren,Thryomanes,bewickii,451298,451298-3.wav,wavfiles/451298-3.wav,//www.xeno-canto.org/451298,//creativecommons.org/licenses/by-nc-sa/4.0/,Ed Pandolfino,2015-05-22,song
train,Bewick's Wren,bewicks_wren,Thryomanes,bewickii,451298,451298-4.wav,wavfiles/451298-4.wav,//www.xeno-canto.org/451298,//creativecommons.org/licenses/by-nc-sa/4.0/,Ed Pandolfino,2015-05-22,song
train,Bewick's Wren,bewicks_wren,Thryomanes,bewickii,451298,451298-5.wav,wavfiles/451298-5.wav,//www.xeno-canto.org/451298,//creativecommons.org/licenses/by-nc-sa/4.0/,Ed Pandolfino,2015-05-22,song
train,Bewick's Wren,bewicks_wren,Thryomanes,bewickii,451298,451298-6.wav,wavfiles/451298-6.wav,//www.xeno-canto.org/451298,//creativecommons.org/licenses/by-nc-sa/4.0/,Ed Pandolfino,2015-05-22,song
train,Bewick's Wren,bewicks_wren,Thryomanes,bewickii,451298,451298-7.wav,wavfiles/451298-7.wav,//www.xeno-canto.org/451298,//creativecommons.org/licenses/by-nc-sa/4.0/,Ed Pandolfino,2015-05-22,song
train,Bewick's Wren,bewicks_wren,Thryomanes,bewickii,451298,451298-8.wav,wavfiles/451298-8.wav,//www.xeno-canto.org/451298,//creativecommons.org/licenses/by-nc-sa/4.0/,Ed Pandolfino,2015-05-22,song
train,Bewick's Wren,bewicks_wren,Thryomanes,bewickii,451298,451298-9.wav,wavfiles/451298-9.wav,//www.xeno-canto.org/451298,//creativecommons.org/licenses/by-nc-sa/4.0/,Ed Pandolfino,2015-05-22,song
train,Bewick's Wren,bewicks_wren,Thryomanes,bewickii,451371,451371-0.wav,wavfiles/451371-0.wav,//www.xeno-canto.org/451371,//creativecommons.org/licenses/by-nc-sa/4.0/,Ed Pandolfino,2014-04-30,song
train,Bewick's Wren,bewicks_wren,Thryomanes,bewickii,451371,451371-1.wav,wavfiles/451371-1.wav,//www.xeno-canto.org/451371,//creativecommons.org/licenses/by-nc-sa/4.0/,Ed Pandolfino,2014-04-30,song
train,Bewick's Wren,bewicks_wren,Thryomanes,bewickii,451371,451371-10.wav,wavfiles/451371-10.wav,//www.xeno-canto.org/451371,//creativecommons.org/licenses/by-nc-sa/4.0/,Ed Pandolfino,2014-04-30,song
train,Bewick's Wren,bewicks_wren,Thryomanes,bewickii,451371,451371-12.wav,wavfiles/451371-12.wav,//www.xeno-canto.org/451371,//creativecommons.org/licenses/by-nc-sa/4.0/,Ed Pandolfino,2014-04-30,song
train,Bewick's Wren,bewicks_wren,Thryomanes,bewickii,451371,451371-13.wav,wavfiles/451371-13.wav,//www.xeno-canto.org/451371,//creativecommons.org/licenses/by-nc-sa/4.0/,Ed Pandolfino,2014-04-30,song
train,Bewick's Wren,bewicks_wren,Thryomanes,bewickii,451371,451371-14.wav,wavfiles/451371-14.wav,//www.xeno-canto.org/451371,//creativecommons.org/licenses/by-nc-sa/4.0/,Ed Pandolfino,2014-04-30,song
train,Bewick's Wren,bewicks_wren,Thryomanes,bewickii,451371,451371-2.wav,wavfiles/451371-2.wav,//www.xeno-canto.org/451371,//creativecommons.org/licenses/by-nc-sa/4.0/,Ed Pandolfino,2014-04-30,song
train,Bewick's Wren,bewicks_wren,Thryomanes,bewickii,451371,451371-3.wav,wavfiles/451371-3.wav,//www.xeno-canto.org/451371,//creativecommons.org/licenses/by-nc-sa/4.0/,Ed Pandolfino,2014-04-30,song
train,Bewick's Wren,bewicks_wren,Thryomanes,bewickii,451371,451371-4.wav,wavfiles/451371-4.wav,//www.xeno-canto.org/451371,//creativecommons.org/licenses/by-nc-sa/4.0/,Ed Pandolfino,2014-04-30,song
train,Bewick's Wren,bewicks_wren,Thryomanes,bewickii,451371,451371-6.wav,wavfiles/451371-6.wav,//www.xeno-canto.org/451371,//creativecommons.org/licenses/by-nc-sa/4.0/,Ed Pandolfino,2014-04-30,song
train,Bewick's Wren,bewicks_wren,Thryomanes,bewickii,451371,451371-7.wav,wavfiles/451371-7.wav,//www.xeno-canto.org/451371,//creativecommons.org/licenses/by-nc-sa/4.0/,Ed Pandolfino,2014-04-30,song
train,Bewick's Wren,bewicks_wren,Thryomanes,bewickii,451371,451371-9.wav,wavfiles/451371-9.wav,//www.xeno-canto.org/451371,//creativecommons.org/licenses/by-nc-sa/4.0/,Ed Pandolfino,2014-04-30,song
train,Bewick's Wren,bewicks_wren,Thryomanes,bewickii,451372,451372-0.wav,wavfiles/451372-0.wav,//www.xeno-canto.org/451372,//creativecommons.org/licenses/by-nc-sa/4.0/,Ed Pandolfino,2014-04-30,song
train,Bewick's Wren,bewicks_wren,Thryomanes,bewickii,451372,451372-1.wav,wavfiles/451372-1.wav,//www.xeno-canto.org/451372,//creativecommons.org/licenses/by-nc-sa/4.0/,Ed Pandolfino,2014-04-30,song
train,Bewick's Wren,bewicks_wren,Thryomanes,bewickii,451372,451372-10.wav,wavfiles/451372-10.wav,//www.xeno-canto.org/451372,//creativecommons.org/licenses/by-nc-sa/4.0/,Ed Pandolfino,2014-04-30,song
train,Bewick's Wren,bewicks_wren,Thryomanes,bewickii,451372,451372-11.wav,wavfiles/451372-11.wav,//www.xeno-canto.org/451372,//creativecommons.org/licenses/by-nc-sa/4.0/,Ed Pandolfino,2014-04-30,song
train,Bewick's Wren,bewicks_wren,Thryomanes,bewickii,451372,451372-12.wav,wavfiles/451372-12.wav,//www.xeno-canto.org/451372,//creativecommons.org/licenses/by-nc-sa/4.0/,Ed Pandolfino,2014-04-30,song
train,Bewick's Wren,bewicks_wren,Thryomanes,bewickii,451372,451372-13.wav,wavfiles/451372-13.wav,//www.xeno-canto.org/451372,//creativecommons.org/licenses/by-nc-sa/4.0/,Ed Pandolfino,2014-04-30,song
train,Bewick's Wren,bewicks_wren,Thryomanes,bewickii,451372,451372-2.wav,wavfiles/451372-2.wav,//www.xeno-canto.org/451372,//creativecommons.org/licenses/by-nc-sa/4.0/,Ed Pandolfino,2014-04-30,song
train,Bewick's Wren,bewicks_wren,Thryomanes,bewickii,451372,451372-3.wav,wavfiles/451372-3.wav,//www.xeno-canto.org/451372,//creativecommons.org/licenses/by-nc-sa/4.0/,Ed Pandolfino,2014-04-30,song
train,Bewick's Wren,bewicks_wren,Thryomanes,bewickii,451372,451372-4.wav,wavfiles/451372-4.wav,//www.xeno-canto.org/451372,//creativecommons.org/licenses/by-nc-sa/4.0/,Ed Pandolfino,2014-04-30,song
train,Bewick's Wren,bewicks_wren,Thryomanes,bewickii,451372,451372-5.wav,wavfiles/451372-5.wav,//www.xeno-canto.org/451372,//creativecommons.org/licenses/by-nc-sa/4.0/,Ed Pandolfino,2014-04-30,song
train,Bewick's Wren,bewicks_wren,Thryomanes,bewickii,451372,451372-6.wav,wavfiles/451372-6.wav,//www.xeno-canto.org/451372,//creativecommons.org/licenses/by-nc-sa/4.0/,Ed Pandolfino,2014-04-30,song
train,Bewick's Wren,bewicks_wren,Thryomanes,bewickii,451372,451372-7.wav,wavfiles/451372-7.wav,//www.xeno-canto.org/451372,//creativecommons.org/licenses/by-nc-sa/4.0/,Ed Pandolfino,2014-04-30,song
train,Bewick's Wren,bewicks_wren,Thryomanes,bewickii,451372,451372-8.wav,wavfiles/451372-8.wav,//www.xeno-canto.org/451372,//creativecommons.org/licenses/by-nc-sa/4.0/,Ed Pandolfino,2014-04-30,song
train,Bewick's Wren,bewicks_wren,Thryomanes,bewickii,469010,469010-0.wav,wavfiles/469010-0.wav,//www.xeno-canto.org/469010,//creativecommons.org/licenses/by-nc-sa/4.0/,bowtyler,2019-04-03,song
train,Bewick's Wren,bewicks_wren,Thryomanes,bewickii,469010,469010-1.wav,wavfiles/469010-1.wav,//www.xeno-canto.org/469010,//creativecommons.org/licenses/by-nc-sa/4.0/,bowtyler,2019-04-03,song
train,Bewick's Wren,bewicks_wren,Thryomanes,bewickii,469010,469010-10.wav,wavfiles/469010-10.wav,//www.xeno-canto.org/469010,//creativecommons.org/licenses/by-nc-sa/4.0/,bowtyler,2019-04-03,song
train,Bewick's Wren,bewicks_wren,Thryomanes,bewickii,469010,469010-12.wav,wavfiles/469010-12.wav,//www.xeno-canto.org/469010,//creativecommons.org/licenses/by-nc-sa/4.0/,bowtyler,2019-04-03,song
train,Bewick's Wren,bewicks_wren,Thryomanes,bewickii,469010,469010-13.wav,wavfiles/469010-13.wav,//www.xeno-canto.org/469010,//creativecommons.org/licenses/by-nc-sa/4.0/,bowtyler,2019-04-03,song
train,Bewick's Wren,bewicks_wren,Thryomanes,bewickii,469010,469010-3.wav,wavfiles/469010-3.wav,//www.xeno-canto.org/469010,//creativecommons.org/licenses/by-nc-sa/4.0/,bowtyler,2019-04-03,song
train,Bewick's Wren,bewicks_wren,Thryomanes,bewickii,469010,469010-4.wav,wavfiles/469010-4.wav,//www.xeno-canto.org/469010,//creativecommons.org/licenses/by-nc-sa/4.0/,bowtyler,2019-04-03,song
train,Bewick's Wren,bewicks_wren,Thryomanes,bewickii,469010,469010-6.wav,wavfiles/469010-6.wav,//www.xeno-canto.org/469010,//creativecommons.org/licenses/by-nc-sa/4.0/,bowtyler,2019-04-03,song
train,Bewick's Wren,bewicks_wren,Thryomanes,bewickii,469010,469010-7.wav,wavfiles/469010-7.wav,//www.xeno-canto.org/469010,//creativecommons.org/licenses/by-nc-sa/4.0/,bowtyler,2019-04-03,song
train,Bewick's Wren,bewicks_wren,Thryomanes,bewickii,469010,469010-9.wav,wavfiles/469010-9.wav,//www.xeno-canto.org/469010,//creativecommons.org/licenses/by-nc-sa/4.0/,bowtyler,2019-04-03,song
train,Bewick's Wren,bewicks_wren,Thryomanes,bewickii,473447,473447-0.wav,wavfiles/473447-0.wav,//www.xeno-canto.org/473447,//creativecommons.org/licenses/by-nc-sa/4.0/,bowtyler,2019-05-05,song
train,Bewick's Wren,bewicks_wren,Thryomanes,bewickii,473447,473447-1.wav,wavfiles/473447-1.wav,//www.xeno-canto.org/473447,//creativecommons.org/licenses/by-nc-sa/4.0/,bowtyler,2019-05-05,song
train,Bewick's Wren,bewicks_wren,Thryomanes,bewickii,473447,473447-10.wav,wavfiles/473447-10.wav,//www.xeno-canto.org/473447,//creativecommons.org/licenses/by-nc-sa/4.0/,bowtyler,2019-05-05,song
train,Bewick's Wren,bewicks_wren,Thryomanes,bewickii,473447,473447-3.wav,wavfiles/473447-3.wav,//www.xeno-canto.org/473447,//creativecommons.org/licenses/by-nc-sa/4.0/,bowtyler,2019-05-05,song
train,Bewick's Wren,bewicks_wren,Thryomanes,bewickii,473447,473447-4.wav,wavfiles/473447-4.wav,//www.xeno-canto.org/473447,//creativecommons.org/licenses/by-nc-sa/4.0/,bowtyler,2019-05-05,song
train,Bewick's Wren,bewicks_wren,Thryomanes,bewickii,473447,473447-6.wav,wavfiles/473447-6.wav,//www.xeno-canto.org/473447,//creativecommons.org/licenses/by-nc-sa/4.0/,bowtyler,2019-05-05,song
train,Bewick's Wren,bewicks_wren,Thryomanes,bewickii,473447,473447-7.wav,wavfiles/473447-7.wav,//www.xeno-canto.org/473447,//creativecommons.org/licenses/by-nc-sa/4.0/,bowtyler,2019-05-05,song
train,Bewick's Wren,bewicks_wren,Thryomanes,bewickii,473447,473447-9.wav,wavfiles/473447-9.wav,//www.xeno-canto.org/473447,//creativecommons.org/licenses/by-nc-sa/4.0/,bowtyler,2019-05-05,song
train,Bewick's Wren,bewicks_wren,Thryomanes,bewickii,486798,486798-0.wav,wavfiles/486798-0.wav,//www.xeno-canto.org/486798,//creativecommons.org/licenses/by-nc-sa/4.0/,Paul Marvin,2019-07-11,song
train,Bewick's Wren,bewicks_wren,Thryomanes,bewickii,486798,486798-1.wav,wavfiles/486798-1.wav,//www.xeno-canto.org/486798,//creativecommons.org/licenses/by-nc-sa/4.0/,Paul Marvin,2019-07-11,song
train,Bewick's Wren,bewicks_wren,Thryomanes,bewickii,486798,486798-12.wav,wavfiles/486798-12.wav,//www.xeno-canto.org/486798,//creativecommons.org/licenses/by-nc-sa/4.0/,Paul Marvin,2019-07-11,song
train,Bewick's Wren,bewicks_wren,Thryomanes,bewickii,486798,486798-13.wav,wavfiles/486798-13.wav,//www.xeno-canto.org/486798,//creativecommons.org/licenses/by-nc-sa/4.0/,Paul Marvin,2019-07-11,song
train,Bewick's Wren,bewicks_wren,Thryomanes,bewickii,486798,486798-3.wav,wavfiles/486798-3.wav,//www.xeno-canto.org/486798,//creativecommons.org/licenses/by-nc-sa/4.0/,Paul Marvin,2019-07-11,song
train,Bewick's Wren,bewicks_wren,Thryomanes,bewickii,486798,486798-4.wav,wavfiles/486798-4.wav,//www.xeno-canto.org/486798,//creativecommons.org/licenses/by-nc-sa/4.0/,Paul Marvin,2019-07-11,song
train,Bewick's Wren,bewicks_wren,Thryomanes,bewickii,486798,486798-6.wav,wavfiles/486798-6.wav,//www.xeno-canto.org/486798,//creativecommons.org/licenses/by-nc-sa/4.0/,Paul Marvin,2019-07-11,song
train,Bewick's Wren,bewicks_wren,Thryomanes,bewickii,486798,486798-7.wav,wavfiles/486798-7.wav,//www.xeno-canto.org/486798,//creativecommons.org/licenses/by-nc-sa/4.0/,Paul Marvin,2019-07-11,song
train,Bewick's Wren,bewicks_wren,Thryomanes,bewickii,486798,486798-8.wav,wavfiles/486798-8.wav,//www.xeno-canto.org/486798,//creativecommons.org/licenses/by-nc-sa/4.0/,Paul Marvin,2019-07-11,song
train,Bewick's Wren,bewicks_wren,Thryomanes,bewickii,493957,493957-0.wav,wavfiles/493957-0.wav,//www.xeno-canto.org/493957,//creativecommons.org/licenses/by-nc-sa/4.0/,Steve Hampton,2019-08-22,song
train,Bewick's Wren,bewicks_wren,Thryomanes,bewickii,493957,493957-1.wav,wavfiles/493957-1.wav,//www.xeno-canto.org/493957,//creativecommons.org/licenses/by-nc-sa/4.0/,Steve Hampton,2019-08-22,song
train,Bewick's Wren,bewicks_wren,Thryomanes,bewickii,493957,493957-2.wav,wavfiles/493957-2.wav,//www.xeno-canto.org/493957,//creativecommons.org/licenses/by-nc-sa/4.0/,Steve Hampton,2019-08-22,song
train,Bewick's Wren,bewicks_wren,Thryomanes,bewickii,493957,493957-3.wav,wavfiles/493957-3.wav,//www.xeno-canto.org/493957,//creativecommons.org/licenses/by-nc-sa/4.0/,Steve Hampton,2019-08-22,song
train,Bewick's Wren,bewicks_wren,Thryomanes,bewickii,493957,493957-4.wav,wavfiles/493957-4.wav,//www.xeno-canto.org/493957,//creativecommons.org/licenses/by-nc-sa/4.0/,Steve Hampton,2019-08-22,song
train,Bewick's Wren,bewicks_wren,Thryomanes,bewickii,493957,493957-5.wav,wavfiles/493957-5.wav,//www.xeno-canto.org/493957,//creativecommons.org/licenses/by-nc-sa/4.0/,Steve Hampton,2019-08-22,song
train,Bewick's Wren,bewicks_wren,Thryomanes,bewickii,493957,493957-6.wav,wavfiles/493957-6.wav,//www.xeno-canto.org/493957,//creativecommons.org/licenses/by-nc-sa/4.0/,Steve Hampton,2019-08-22,song
train,Bewick's Wren,bewicks_wren,Thryomanes,bewickii,493957,493957-7.wav,wavfiles/493957-7.wav,//www.xeno-canto.org/493957,//creativecommons.org/licenses/by-nc-sa/4.0/,Steve Hampton,2019-08-22,song
train,Bewick's Wren,bewicks_wren,Thryomanes,bewickii,493957,493957-8.wav,wavfiles/493957-8.wav,//www.xeno-canto.org/493957,//creativecommons.org/licenses/by-nc-sa/4.0/,Steve Hampton,2019-08-22,song
train,Bewick's Wren,bewicks_wren,Thryomanes,bewickii,544036,544036-0.wav,wavfiles/544036-0.wav,//www.xeno-canto.org/544036,//creativecommons.org/licenses/by-nc-sa/4.0/,Bobby Wilcox,2020-04-10,song
train,Bewick's Wren,bewicks_wren,Thryomanes,bewickii,544036,544036-1.wav,wavfiles/544036-1.wav,//www.xeno-canto.org/544036,//creativecommons.org/licenses/by-nc-sa/4.0/,Bobby Wilcox,2020-04-10,song
train,Bewick's Wren,bewicks_wren,Thryomanes,bewickii,544036,544036-10.wav,wavfiles/544036-10.wav,//www.xeno-canto.org/544036,//creativecommons.org/licenses/by-nc-sa/4.0/,Bobby Wilcox,2020-04-10,song
train,Bewick's Wren,bewicks_wren,Thryomanes,bewickii,544036,544036-12.wav,wavfiles/544036-12.wav,//www.xeno-canto.org/544036,//creativecommons.org/licenses/by-nc-sa/4.0/,Bobby Wilcox,2020-04-10,song
train,Bewick's Wren,bewicks_wren,Thryomanes,bewickii,544036,544036-13.wav,wavfiles/544036-13.wav,//www.xeno-canto.org/544036,//creativecommons.org/licenses/by-nc-sa/4.0/,Bobby Wilcox,2020-04-10,song
train,Bewick's Wren,bewicks_wren,Thryomanes,bewickii,544036,544036-2.wav,wavfiles/544036-2.wav,//www.xeno-canto.org/544036,//creativecommons.org/licenses/by-nc-sa/4.0/,Bobby Wilcox,2020-04-10,song
train,Bewick's Wren,bewicks_wren,Thryomanes,bewickii,544036,544036-3.wav,wavfiles/544036-3.wav,//www.xeno-canto.org/544036,//creativecommons.org/licenses/by-nc-sa/4.0/,Bobby Wilcox,2020-04-10,song
train,Bewick's Wren,bewicks_wren,Thryomanes,bewickii,544036,544036-4.wav,wavfiles/544036-4.wav,//www.xeno-canto.org/544036,//creativecommons.org/licenses/by-nc-sa/4.0/,Bobby Wilcox,2020-04-10,song
train,Bewick's Wren,bewicks_wren,Thryomanes,bewickii,544036,544036-5.wav,wavfiles/544036-5.wav,//www.xeno-canto.org/544036,//creativecommons.org/licenses/by-nc-sa/4.0/,Bobby Wilcox,2020-04-10,song
train,Bewick's Wren,bewicks_wren,Thryomanes,bewickii,544036,544036-6.wav,wavfiles/544036-6.wav,//www.xeno-canto.org/544036,//creativecommons.org/licenses/by-nc-sa/4.0/,Bobby Wilcox,2020-04-10,song
train,Bewick's Wren,bewicks_wren,Thryomanes,bewickii,544036,544036-7.wav,wavfiles/544036-7.wav,//www.xeno-canto.org/544036,//creativecommons.org/licenses/by-nc-sa/4.0/,Bobby Wilcox,2020-04-10,song
train,Bewick's Wren,bewicks_wren,Thryomanes,bewickii,544036,544036-8.wav,wavfiles/544036-8.wav,//www.xeno-canto.org/544036,//creativecommons.org/licenses/by-nc-sa/4.0/,Bobby Wilcox,2020-04-10,song
train,Bewick's Wren,bewicks_wren,Thryomanes,bewickii,544036,544036-9.wav,wavfiles/544036-9.wav,//www.xeno-canto.org/544036,//creativecommons.org/licenses/by-nc-sa/4.0/,Bobby Wilcox,2020-04-10,song
train,Bewick's Wren,bewicks_wren,Thryomanes,bewickii,557838,557838-0.wav,wavfiles/557838-0.wav,//www.xeno-canto.org/557838,//creativecommons.org/licenses/by-nc-sa/4.0/,Whitney Neufeld-Kaiser,2020-03-14,"adult, sex uncertain, song"
train,Bewick's Wren,bewicks_wren,Thryomanes,bewickii,557838,557838-1.wav,wavfiles/557838-1.wav,//www.xeno-canto.org/557838,//creativecommons.org/licenses/by-nc-sa/4.0/,Whitney Neufeld-Kaiser,2020-03-14,"adult, sex uncertain, song"
train,Bewick's Wren,bewicks_wren,Thryomanes,bewickii,557838,557838-11.wav,wavfiles/557838-11.wav,//www.xeno-canto.org/557838,//creativecommons.org/licenses/by-nc-sa/4.0/,Whitney Neufeld-Kaiser,2020-03-14,"adult, sex uncertain, song"
train,Bewick's Wren,bewicks_wren,Thryomanes,bewickii,557838,557838-14.wav,wavfiles/557838-14.wav,//www.xeno-canto.org/557838,//creativecommons.org/licenses/by-nc-sa/4.0/,Whitney Neufeld-Kaiser,2020-03-14,"adult, sex uncertain, song"
train,Bewick's Wren,bewicks_wren,Thryomanes,bewickii,557838,557838-15.wav,wavfiles/557838-15.wav,//www.xeno-canto.org/557838,//creativecommons.org/licenses/by-nc-sa/4.0/,Whitney Neufeld-Kaiser,2020-03-14,"adult, sex uncertain, song"
train,Bewick's Wren,bewicks_wren,Thryomanes,bewickii,557838,557838-17.wav,wavfiles/557838-17.wav,//www.xeno-canto.org/557838,//creativecommons.org/licenses/by-nc-sa/4.0/,Whitney Neufeld-Kaiser,2020-03-14,"adult, sex uncertain, song"
train,Bewick's Wren,bewicks_wren,Thryomanes,bewickii,557838,557838-4.wav,wavfiles/557838-4.wav,//www.xeno-canto.org/557838,//creativecommons.org/licenses/by-nc-sa/4.0/,Whitney Neufeld-Kaiser,2020-03-14,"adult, sex uncertain, song"
train,Bewick's Wren,bewicks_wren,Thryomanes,bewickii,557838,557838-5.wav,wavfiles/557838-5.wav,//www.xeno-canto.org/557838,//creativecommons.org/licenses/by-nc-sa/4.0/,Whitney Neufeld-Kaiser,2020-03-14,"adult, sex uncertain, song"
train,Bewick's Wren,bewicks_wren,Thryomanes,bewickii,557838,557838-6.wav,wavfiles/557838-6.wav,//www.xeno-canto.org/557838,//creativecommons.org/licenses/by-nc-sa/4.0/,Whitney Neufeld-Kaiser,2020-03-14,"adult, sex uncertain, song"
train,Bewick's Wren,bewicks_wren,Thryomanes,bewickii,557838,557838-8.wav,wavfiles/557838-8.wav,//www.xeno-canto.org/557838,//creativecommons.org/licenses/by-nc-sa/4.0/,Whitney Neufeld-Kaiser,2020-03-14,"adult, sex uncertain, song"
train,Bewick's Wren,bewicks_wren,Thryomanes,bewickii,557838,557838-9.wav,wavfiles/557838-9.wav,//www.xeno-canto.org/557838,//creativecommons.org/licenses/by-nc-sa/4.0/,Whitney Neufeld-Kaiser,2020-03-14,"adult, sex uncertain, song"
train,Northern Cardinal,northern_cardinal,Cardinalis,cardinalis,11713,11713-0.wav,wavfiles/11713-0.wav,//www.xeno-canto.org/11713,//creativecommons.org/licenses/by-nc-nd/2.5/,Chris Parrish,2007-03-31,song
train,Northern Cardinal,northern_cardinal,Cardinalis,cardinalis,11713,11713-1.wav,wavfiles/11713-1.wav,//www.xeno-canto.org/11713,//creativecommons.org/licenses/by-nc-nd/2.5/,Chris Parrish,2007-03-31,song
train,Northern Cardinal,northern_cardinal,Cardinalis,cardinalis,11713,11713-10.wav,wavfiles/11713-10.wav,//www.xeno-canto.org/11713,//creativecommons.org/licenses/by-nc-nd/2.5/,Chris Parrish,2007-03-31,song
train,Northern Cardinal,northern_cardinal,Cardinalis,cardinalis,11713,11713-14.wav,wavfiles/11713-14.wav,//www.xeno-canto.org/11713,//creativecommons.org/licenses/by-nc-nd/2.5/,Chris Parrish,2007-03-31,song
train,Northern Cardinal,northern_cardinal,Cardinalis,cardinalis,11713,11713-15.wav,wavfiles/11713-15.wav,//www.xeno-canto.org/11713,//creativecommons.org/licenses/by-nc-nd/2.5/,Chris Parrish,2007-03-31,song
train,Northern Cardinal,northern_cardinal,Cardinalis,cardinalis,11713,11713-16.wav,wavfiles/11713-16.wav,//www.xeno-canto.org/11713,//creativecommons.org/licenses/by-nc-nd/2.5/,Chris Parrish,2007-03-31,song
train,Northern Cardinal,northern_cardinal,Cardinalis,cardinalis,11713,11713-2.wav,wavfiles/11713-2.wav,//www.xeno-canto.org/11713,//creativecommons.org/licenses/by-nc-nd/2.5/,Chris Parrish,2007-03-31,song
train,Northern Cardinal,northern_cardinal,Cardinalis,cardinalis,11713,11713-3.wav,wavfiles/11713-3.wav,//www.xeno-canto.org/11713,//creativecommons.org/licenses/by-nc-nd/2.5/,Chris Parrish,2007-03-31,song
train,Northern Cardinal,northern_cardinal,Cardinalis,cardinalis,11713,11713-4.wav,wavfiles/11713-4.wav,//www.xeno-canto.org/11713,//creativecommons.org/licenses/by-nc-nd/2.5/,Chris Parrish,2007-03-31,song
train,Northern Cardinal,northern_cardinal,Cardinalis,cardinalis,11713,11713-5.wav,wavfiles/11713-5.wav,//www.xeno-canto.org/11713,//creativecommons.org/licenses/by-nc-nd/2.5/,Chris Parrish,2007-03-31,song
train,Northern Cardinal,northern_cardinal,Cardinalis,cardinalis,11713,11713-6.wav,wavfiles/11713-6.wav,//www.xeno-canto.org/11713,//creativecommons.org/licenses/by-nc-nd/2.5/,Chris Parrish,2007-03-31,song
train,Northern Cardinal,northern_cardinal,Cardinalis,cardinalis,11713,11713-7.wav,wavfiles/11713-7.wav,//www.xeno-canto.org/11713,//creativecommons.org/licenses/by-nc-nd/2.5/,Chris Parrish,2007-03-31,song
train,Northern Cardinal,northern_cardinal,Cardinalis,cardinalis,11713,11713-8.wav,wavfiles/11713-8.wav,//www.xeno-canto.org/11713,//creativecommons.org/licenses/by-nc-nd/2.5/,Chris Parrish,2007-03-31,song
train,Northern Cardinal,northern_cardinal,Cardinalis,cardinalis,12876,12876-0.wav,wavfiles/12876-0.wav,//www.xeno-canto.org/12876,//creativecommons.org/licenses/by-nc-nd/2.5/,Chris Parrish,2007-04-24,song
train,Northern Cardinal,northern_cardinal,Cardinalis,cardinalis,12876,12876-1.wav,wavfiles/12876-1.wav,//www.xeno-canto.org/12876,//creativecommons.org/licenses/by-nc-nd/2.5/,Chris Parrish,2007-04-24,song
train,Northern Cardinal,northern_cardinal,Cardinalis,cardinalis,12876,12876-10.wav,wavfiles/12876-10.wav,//www.xeno-canto.org/12876,//creativecommons.org/licenses/by-nc-nd/2.5/,Chris Parrish,2007-04-24,song
train,Northern Cardinal,northern_cardinal,Cardinalis,cardinalis,12876,12876-11.wav,wavfiles/12876-11.wav,//www.xeno-canto.org/12876,//creativecommons.org/licenses/by-nc-nd/2.5/,Chris Parrish,2007-04-24,song
train,Northern Cardinal,northern_cardinal,Cardinalis,cardinalis,12876,12876-12.wav,wavfiles/12876-12.wav,//www.xeno-canto.org/12876,//creativecommons.org/licenses/by-nc-nd/2.5/,Chris Parrish,2007-04-24,song
train,Northern Cardinal,northern_cardinal,Cardinalis,cardinalis,12876,12876-13.wav,wavfiles/12876-13.wav,//www.xeno-canto.org/12876,//creativecommons.org/licenses/by-nc-nd/2.5/,Chris Parrish,2007-04-24,song
train,Northern Cardinal,northern_cardinal,Cardinalis,cardinalis,12876,12876-14.wav,wavfiles/12876-14.wav,//www.xeno-canto.org/12876,//creativecommons.org/licenses/by-nc-nd/2.5/,Chris Parrish,2007-04-24,song
train,Northern Cardinal,northern_cardinal,Cardinalis,cardinalis,12876,12876-15.wav,wavfiles/12876-15.wav,//www.xeno-canto.org/12876,//creativecommons.org/licenses/by-nc-nd/2.5/,Chris Parrish,2007-04-24,song
train,Northern Cardinal,northern_cardinal,Cardinalis,cardinalis,12876,12876-2.wav,wavfiles/12876-2.wav,//www.xeno-canto.org/12876,//creativecommons.org/licenses/by-nc-nd/2.5/,Chris Parrish,2007-04-24,song
train,Northern Cardinal,northern_cardinal,Cardinalis,cardinalis,12876,12876-3.wav,wavfiles/12876-3.wav,//www.xeno-canto.org/12876,//creativecommons.org/licenses/by-nc-nd/2.5/,Chris Parrish,2007-04-24,song
train,Northern Cardinal,northern_cardinal,Cardinalis,cardinalis,12876,12876-4.wav,wavfiles/12876-4.wav,//www.xeno-canto.org/12876,//creativecommons.org/licenses/by-nc-nd/2.5/,Chris Parrish,2007-04-24,song
train,Northern Cardinal,northern_cardinal,Cardinalis,cardinalis,12876,12876-8.wav,wavfiles/12876-8.wav,//www.xeno-canto.org/12876,//creativecommons.org/licenses/by-nc-nd/2.5/,Chris Parrish,2007-04-24,song
train,Northern Cardinal,northern_cardinal,Cardinalis,cardinalis,12876,12876-9.wav,wavfiles/12876-9.wav,//www.xeno-canto.org/12876,//creativecommons.org/licenses/by-nc-nd/2.5/,Chris Parrish,2007-04-24,song
train,Northern Cardinal,northern_cardinal,Cardinalis,cardinalis,18125,18125-0.wav,wavfiles/18125-0.wav,//www.xeno-canto.org/18125,//creativecommons.org/licenses/by-nc-nd/2.5/,Andrew Spencer,2008-02-23,song
train,Northern Cardinal,northern_cardinal,Cardinalis,cardinalis,18125,18125-1.wav,wavfiles/18125-1.wav,//www.xeno-canto.org/18125,//creativecommons.org/licenses/by-nc-nd/2.5/,Andrew Spencer,2008-02-23,song
train,Northern Cardinal,northern_cardinal,Cardinalis,cardinalis,18125,18125-2.wav,wavfiles/18125-2.wav,//www.xeno-canto.org/18125,//creativecommons.org/licenses/by-nc-nd/2.5/,Andrew Spencer,2008-02-23,song
train,Northern Cardinal,northern_cardinal,Cardinalis,cardinalis,18125,18125-3.wav,wavfiles/18125-3.wav,//www.xeno-canto.org/18125,//creativecommons.org/licenses/by-nc-nd/2.5/,Andrew Spencer,2008-02-23,song
train,Northern Cardinal,northern_cardinal,Cardinalis,cardinalis,18125,18125-4.wav,wavfiles/18125-4.wav,//www.xeno-canto.org/18125,//creativecommons.org/licenses/by-nc-nd/2.5/,Andrew Spencer,2008-02-23,song
train,Northern Cardinal,northern_cardinal,Cardinalis,cardinalis,18125,18125-5.wav,wavfiles/18125-5.wav,//www.xeno-canto.org/18125,//creativecommons.org/licenses/by-nc-nd/2.5/,Andrew Spencer,2008-02-23,song
train,Northern Cardinal,northern_cardinal,Cardinalis,cardinalis,18125,18125-6.wav,wavfiles/18125-6.wav,//www.xeno-canto.org/18125,//creativecommons.org/licenses/by-nc-nd/2.5/,Andrew Spencer,2008-02-23,song
train,Northern Cardinal,northern_cardinal,Cardinalis,cardinalis,18125,18125-7.wav,wavfiles/18125-7.wav,//www.xeno-canto.org/18125,//creativecommons.org/licenses/by-nc-nd/2.5/,Andrew Spencer,2008-02-23,song
train,Northern Cardinal,northern_cardinal,Cardinalis,cardinalis,18125,18125-8.wav,wavfiles/18125-8.wav,//www.xeno-canto.org/18125,//creativecommons.org/licenses/by-nc-nd/2.5/,Andrew Spencer,2008-02-23,song
train,Northern Cardinal,northern_cardinal,Cardinalis,cardinalis,18344,18344-0.wav,wavfiles/18344-0.wav,//www.xeno-canto.org/18344,//creativecommons.org/licenses/by-nc-nd/2.5/,Chris Parrish,2008-03-08,song
train,Northern Cardinal,northern_cardinal,Cardinalis,cardinalis,18344,18344-1.wav,wavfiles/18344-1.wav,//www.xeno-canto.org/18344,//creativecommons.org/licenses/by-nc-nd/2.5/,Chris Parrish,2008-03-08,song
train,Northern Cardinal,northern_cardinal,Cardinalis,cardinalis,18344,18344-10.wav,wavfiles/18344-10.wav,//www.xeno-canto.org/18344,//creativecommons.org/licenses/by-nc-nd/2.5/,Chris Parrish,2008-03-08,song
train,Northern Cardinal,northern_cardinal,Cardinalis,cardinalis,18344,18344-11.wav,wavfiles/18344-11.wav,//www.xeno-canto.org/18344,//creativecommons.org/licenses/by-nc-nd/2.5/,Chris Parrish,2008-03-08,song
train,Northern Cardinal,northern_cardinal,Cardinalis,cardinalis,18344,18344-12.wav,wavfiles/18344-12.wav,//www.xeno-canto.org/18344,//creativecommons.org/licenses/by-nc-nd/2.5/,Chris Parrish,2008-03-08,song
train,Northern Cardinal,northern_cardinal,Cardinalis,cardinalis,18344,18344-13.wav,wavfiles/18344-13.wav,//www.xeno-canto.org/18344,//creativecommons.org/licenses/by-nc-nd/2.5/,Chris Parrish,2008-03-08,song
train,Northern Cardinal,northern_cardinal,Cardinalis,cardinalis,18344,18344-14.wav,wavfiles/18344-14.wav,//www.xeno-canto.org/18344,//creativecommons.org/licenses/by-nc-nd/2.5/,Chris Parrish,2008-03-08,song
train,Northern Cardinal,northern_cardinal,Cardinalis,cardinalis,18344,18344-15.wav,wavfiles/18344-15.wav,//www.xeno-canto.org/18344,//creativecommons.org/licenses/by-nc-nd/2.5/,Chris Parrish,2008-03-08,song
train,Northern Cardinal,northern_cardinal,Cardinalis,cardinalis,18344,18344-2.wav,wavfiles/18344-2.wav,//www.xeno-canto.org/18344,//creativecommons.org/licenses/by-nc-nd/2.5/,Chris Parrish,2008-03-08,song
train,Northern Cardinal,northern_cardinal,Cardinalis,cardinalis,18344,18344-3.wav,wavfiles/18344-3.wav,//www.xeno-canto.org/18344,//creativecommons.org/licenses/by-nc-nd/2.5/,Chris Parrish,2008-03-08,song
train,Northern Cardinal,northern_cardinal,Cardinalis,cardinalis,18344,18344-4.wav,wavfiles/18344-4.wav,//www.xeno-canto.org/18344,//creativecommons.org/licenses/by-nc-nd/2.5/,Chris Parrish,2008-03-08,song
train,Northern Cardinal,northern_cardinal,Cardinalis,cardinalis,18344,18344-5.wav,wavfiles/18344-5.wav,//www.xeno-canto.org/18344,//creativecommons.org/licenses/by-nc-nd/2.5/,Chris Parrish,2008-03-08,song
train,Northern Cardinal,northern_cardinal,Cardinalis,cardinalis,18344,18344-6.wav,wavfiles/18344-6.wav,//www.xeno-canto.org/18344,//creativecommons.org/licenses/by-nc-nd/2.5/,Chris Parrish,2008-03-08,song
train,Northern Cardinal,northern_cardinal,Cardinalis,cardinalis,18344,18344-7.wav,wavfiles/18344-7.wav,//www.xeno-canto.org/18344,//creativecommons.org/licenses/by-nc-nd/2.5/,Chris Parrish,2008-03-08,song
train,Northern Cardinal,northern_cardinal,Cardinalis,cardinalis,18344,18344-8.wav,wavfiles/18344-8.wav,//www.xeno-canto.org/18344,//creativecommons.org/licenses/by-nc-nd/2.5/,Chris Parrish,2008-03-08,song
train,Northern Cardinal,northern_cardinal,Cardinalis,cardinalis,18344,18344-9.wav,wavfiles/18344-9.wav,//www.xeno-canto.org/18344,//creativecommons.org/licenses/by-nc-nd/2.5/,Chris Parrish,2008-03-08,song
train,Northern Cardinal,northern_cardinal,Cardinalis,cardinalis,20420,20420-0.wav,wavfiles/20420-0.wav,//www.xeno-canto.org/20420,//creativecommons.org/licenses/by-nc-nd/2.5/,Chris Parrish,2008-05-04,song
train,Northern Cardinal,northern_cardinal,Cardinalis,cardinalis,20420,20420-1.wav,wavfiles/20420-1.wav,//www.xeno-canto.org/20420,//creativecommons.org/licenses/by-nc-nd/2.5/,Chris Parrish,2008-05-04,song
train,Northern Cardinal,northern_cardinal,Cardinalis,cardinalis,20420,20420-10.wav,wavfiles/20420-10.wav,//www.xeno-canto.org/20420,//creativecommons.org/licenses/by-nc-nd/2.5/,Chris Parrish,2008-05-04,song
train,Northern Cardinal,northern_cardinal,Cardinalis,cardinalis,20420,20420-11.wav,wavfiles/20420-11.wav,//www.xeno-canto.org/20420,//creativecommons.org/licenses/by-nc-nd/2.5/,Chris Parrish,2008-05-04,song
train,Northern Cardinal,northern_cardinal,Cardinalis,cardinalis,20420,20420-12.wav,wavfiles/20420-12.wav,//www.xeno-canto.org/20420,//creativecommons.org/licenses/by-nc-nd/2.5/,Chris Parrish,2008-05-04,song
train,Northern Cardinal,northern_cardinal,Cardinalis,cardinalis,20420,20420-13.wav,wavfiles/20420-13.wav,//www.xeno-canto.org/20420,//creativecommons.org/licenses/by-nc-nd/2.5/,Chris Parrish,2008-05-04,song
train,Northern Cardinal,northern_cardinal,Cardinalis,cardinalis,20420,20420-2.wav,wavfiles/20420-2.wav,//www.xeno-canto.org/20420,//creativecommons.org/licenses/by-nc-nd/2.5/,Chris Parrish,2008-05-04,song
train,Northern Cardinal,northern_cardinal,Cardinalis,cardinalis,20420,20420-3.wav,wavfiles/20420-3.wav,//www.xeno-canto.org/20420,//creativecommons.org/licenses/by-nc-nd/2.5/,Chris Parrish,2008-05-04,song
train,Northern Cardinal,northern_cardinal,Cardinalis,cardinalis,20420,20420-4.wav,wavfiles/20420-4.wav,//www.xeno-canto.org/20420,//creativecommons.org/licenses/by-nc-nd/2.5/,Chris Parrish,2008-05-04,song
train,Northern Cardinal,northern_cardinal,Cardinalis,cardinalis,20420,20420-5.wav,wavfiles/20420-5.wav,//www.xeno-canto.org/20420,//creativecommons.org/licenses/by-nc-nd/2.5/,Chris Parrish,2008-05-04,song
train,Northern Cardinal,northern_cardinal,Cardinalis,cardinalis,20420,20420-6.wav,wavfiles/20420-6.wav,//www.xeno-canto.org/20420,//creativecommons.org/licenses/by-nc-nd/2.5/,Chris Parrish,2008-05-04,song
train,Northern Cardinal,northern_cardinal,Cardinalis,cardinalis,20420,20420-7.wav,wavfiles/20420-7.wav,//www.xeno-canto.org/20420,//creativecommons.org/licenses/by-nc-nd/2.5/,Chris Parrish,2008-05-04,song
train,Northern Cardinal,northern_cardinal,Cardinalis,cardinalis,20420,20420-8.wav,wavfiles/20420-8.wav,//www.xeno-canto.org/20420,//creativecommons.org/licenses/by-nc-nd/2.5/,Chris Parrish,2008-05-04,song
train,Northern Cardinal,northern_cardinal,Cardinalis,cardinalis,54652,54652-0.wav,wavfiles/54652-0.wav,//www.xeno-canto.org/54652,//creativecommons.org/licenses/by-nc-nd/2.5/,Stuart Fisher,2010-05-26,Song
train,Northern Cardinal,northern_cardinal,Cardinalis,cardinalis,54652,54652-1.wav,wavfiles/54652-1.wav,//www.xeno-canto.org/54652,//creativecommons.org/licenses/by-nc-nd/2.5/,Stuart Fisher,2010-05-26,Song
train,Northern Cardinal,northern_cardinal,Cardinalis,cardinalis,54652,54652-10.wav,wavfiles/54652-10.wav,//www.xeno-canto.org/54652,//creativecommons.org/licenses/by-nc-nd/2.5/,Stuart Fisher,2010-05-26,Song
train,Northern Cardinal,northern_cardinal,Cardinalis,cardinalis,54652,54652-11.wav,wavfiles/54652-11.wav,//www.xeno-canto.org/54652,//creativecommons.org/licenses/by-nc-nd/2.5/,Stuart Fisher,2010-05-26,Song
train,Northern Cardinal,northern_cardinal,Cardinalis,cardinalis,54652,54652-2.wav,wavfiles/54652-2.wav,//www.xeno-canto.org/54652,//creativecommons.org/licenses/by-nc-nd/2.5/,Stuart Fisher,2010-05-26,Song
train,Northern Cardinal,northern_cardinal,Cardinalis,cardinalis,54652,54652-3.wav,wavfiles/54652-3.wav,//www.xeno-canto.org/54652,//creativecommons.org/licenses/by-nc-nd/2.5/,Stuart Fisher,2010-05-26,Song
train,Northern Cardinal,northern_cardinal,Cardinalis,cardinalis,54652,54652-4.wav,wavfiles/54652-4.wav,//www.xeno-canto.org/54652,//creativecommons.org/licenses/by-nc-nd/2.5/,Stuart Fisher,2010-05-26,Song
train,Northern Cardinal,northern_cardinal,Cardinalis,cardinalis,54652,54652-5.wav,wavfiles/54652-5.wav,//www.xeno-canto.org/54652,//creativecommons.org/licenses/by-nc-nd/2.5/,Stuart Fisher,2010-05-26,Song
train,Northern Cardinal,northern_cardinal,Cardinalis,cardinalis,54652,54652-6.wav,wavfiles/54652-6.wav,//www.xeno-canto.org/54652,//creativecommons.org/licenses/by-nc-nd/2.5/,Stuart Fisher,2010-05-26,Song
train,Northern Cardinal,northern_cardinal,Cardinalis,cardinalis,54652,54652-7.wav,wavfiles/54652-7.wav,//www.xeno-canto.org/54652,//creativecommons.org/licenses/by-nc-nd/2.5/,Stuart Fisher,2010-05-26,Song
train,Northern Cardinal,northern_cardinal,Cardinalis,cardinalis,54652,54652-8.wav,wavfiles/54652-8.wav,//www.xeno-canto.org/54652,//creativecommons.org/licenses/by-nc-nd/2.5/,Stuart Fisher,2010-05-26,Song
train,Northern Cardinal,northern_cardinal,Cardinalis,cardinalis,54652,54652-9.wav,wavfiles/54652-9.wav,//www.xeno-canto.org/54652,//creativecommons.org/licenses/by-nc-nd/2.5/,Stuart Fisher,2010-05-26,Song
train,Northern Cardinal,northern_cardinal,Cardinalis,cardinalis,82113,82113-0.wav,wavfiles/82113-0.wav,//www.xeno-canto.org/82113,//creativecommons.org/licenses/by-nc-nd/2.5/,Mike Nelson,2011-06-25,Song
train,Northern Cardinal,northern_cardinal,Cardinalis,cardinalis,82113,82113-1.wav,wavfiles/82113-1.wav,//www.xeno-canto.org/82113,//creativecommons.org/licenses/by-nc-nd/2.5/,Mike Nelson,2011-06-25,Song
train,Northern Cardinal,northern_cardinal,Cardinalis,cardinalis,82113,82113-10.wav,wavfiles/82113-10.wav,//www.xeno-canto.org/82113,//creativecommons.org/licenses/by-nc-nd/2.5/,Mike Nelson,2011-06-25,Song
train,Northern Cardinal,northern_cardinal,Cardinalis,cardinalis,82113,82113-11.wav,wavfiles/82113-11.wav,//www.xeno-canto.org/82113,//creativecommons.org/licenses/by-nc-nd/2.5/,Mike Nelson,2011-06-25,Song
train,Northern Cardinal,northern_cardinal,Cardinalis,cardinalis,82113,82113-12.wav,wavfiles/82113-12.wav,//www.xeno-canto.org/82113,//creativecommons.org/licenses/by-nc-nd/2.5/,Mike Nelson,2011-06-25,Song
train,Northern Cardinal,northern_cardinal,Cardinalis,cardinalis,82113,82113-13.wav,wavfiles/82113-13.wav,//www.xeno-canto.org/82113,//creativecommons.org/licenses/by-nc-nd/2.5/,Mike Nelson,2011-06-25,Song
train,Northern Cardinal,northern_cardinal,Cardinalis,cardinalis,82113,82113-2.wav,wavfiles/82113-2.wav,//www.xeno-canto.org/82113,//creativecommons.org/licenses/by-nc-nd/2.5/,Mike Nelson,2011-06-25,Song
train,Northern Cardinal,northern_cardinal,Cardinalis,cardinalis,82113,82113-3.wav,wavfiles/82113-3.wav,//www.xeno-canto.org/82113,//creativecommons.org/licenses/by-nc-nd/2.5/,Mike Nelson,2011-06-25,Song
train,Northern Cardinal,northern_cardinal,Cardinalis,cardinalis,82113,82113-5.wav,wavfiles/82113-5.wav,//www.xeno-canto.org/82113,//creativecommons.org/licenses/by-nc-nd/2.5/,Mike Nelson,2011-06-25,Song
train,Northern Cardinal,northern_cardinal,Cardinalis,cardinalis,82113,82113-6.wav,wavfiles/82113-6.wav,//www.xeno-canto.org/82113,//creativecommons.org/licenses/by-nc-nd/2.5/,Mike Nelson,2011-06-25,Song
train,Northern Cardinal,northern_cardinal,Cardinalis,cardinalis,82113,82113-7.wav,wavfiles/82113-7.wav,//www.xeno-canto.org/82113,//creativecommons.org/licenses/by-nc-nd/2.5/,Mike Nelson,2011-06-25,Song
train,Northern Cardinal,northern_cardinal,Cardinalis,cardinalis,82113,82113-8.wav,wavfiles/82113-8.wav,//www.xeno-canto.org/82113,//creativecommons.org/licenses/by-nc-nd/2.5/,Mike Nelson,2011-06-25,Song
train,Northern Cardinal,northern_cardinal,Cardinalis,cardinalis,109034,109034-0.wav,wavfiles/109034-0.wav,//www.xeno-canto.org/109034,//creativecommons.org/licenses/by-nc-sa/3.0/,Andrew Spencer,2012-05-22,song
train,Northern Cardinal,northern_cardinal,Cardinalis,cardinalis,109034,109034-1.wav,wavfiles/109034-1.wav,//www.xeno-canto.org/109034,//creativecommons.org/licenses/by-nc-sa/3.0/,Andrew Spencer,2012-05-22,song
train,Northern Cardinal,northern_cardinal,Cardinalis,cardinalis,109034,109034-10.wav,wavfiles/109034-10.wav,//www.xeno-canto.org/109034,//creativecommons.org/licenses/by-nc-sa/3.0/,Andrew Spencer,2012-05-22,song
train,Northern Cardinal,northern_cardinal,Cardinalis,cardinalis,109034,109034-11.wav,wavfiles/109034-11.wav,//www.xeno-canto.org/109034,//creativecommons.org/licenses/by-nc-sa/3.0/,Andrew Spencer,2012-05-22,song
train,Northern Cardinal,northern_cardinal,Cardinalis,cardinalis,109034,109034-2.wav,wavfiles/109034-2.wav,//www.xeno-canto.org/109034,//creativecommons.org/licenses/by-nc-sa/3.0/,Andrew Spencer,2012-05-22,song
train,Northern Cardinal,northern_cardinal,Cardinalis,cardinalis,109034,109034-3.wav,wavfiles/109034-3.wav,//www.xeno-canto.org/109034,//creativecommons.org/licenses/by-nc-sa/3.0/,Andrew Spencer,2012-05-22,song
train,Northern Cardinal,northern_cardinal,Cardinalis,cardinalis,109034,109034-4.wav,wavfiles/109034-4.wav,//www.xeno-canto.org/109034,//creativecommons.org/licenses/by-nc-sa/3.0/,Andrew Spencer,2012-05-22,song
train,Northern Cardinal,northern_cardinal,Cardinalis,cardinalis,109034,109034-5.wav,wavfiles/109034-5.wav,//www.xeno-canto.org/109034,//creativecommons.org/licenses/by-nc-sa/3.0/,Andrew Spencer,2012-05-22,song
train,Northern Cardinal,northern_cardinal,Cardinalis,cardinalis,109034,109034-6.wav,wavfiles/109034-6.wav,//www.xeno-canto.org/109034,//creativecommons.org/licenses/by-nc-sa/3.0/,Andrew Spencer,2012-05-22,song
train,Northern Cardinal,northern_cardinal,Cardinalis,cardinalis,109034,109034-7.wav,wavfiles/109034-7.wav,//www.xeno-canto.org/109034,//creativecommons.org/licenses/by-nc-sa/3.0/,Andrew Spencer,2012-05-22,song
train,Northern Cardinal,northern_cardinal,Cardinalis,cardinalis,109034,109034-8.wav,wavfiles/109034-8.wav,//www.xeno-canto.org/109034,//creativecommons.org/licenses/by-nc-sa/3.0/,Andrew Spencer,2012-05-22,song
train,Northern Cardinal,northern_cardinal,Cardinalis,cardinalis,109034,109034-9.wav,wavfiles/109034-9.wav,//www.xeno-canto.org/109034,//creativecommons.org/licenses/by-nc-sa/3.0/,Andrew Spencer,2012-05-22,song
train,Northern Cardinal,northern_cardinal,Cardinalis,cardinalis,125284,125284-0.wav,wavfiles/125284-0.wav,//www.xeno-canto.org/125284,//creativecommons.org/licenses/by-sa/3.0/,Jonathon Jongsma,2013-03-16,song
train,Northern Cardinal,northern_cardinal,Cardinalis,cardinalis,125284,125284-1.wav,wavfiles/125284-1.wav,//www.xeno-canto.org/125284,//creativecommons.org/licenses/by-sa/3.0/,Jonathon Jongsma,2013-03-16,song
train,Northern Cardinal,northern_cardinal,Cardinalis,cardinalis,125284,125284-10.wav,wavfiles/125284-10.wav,//www.xeno-canto.org/125284,//creativecommons.org/licenses/by-sa/3.0/,Jonathon Jongsma,2013-03-16,song
train,Northern Cardinal,northern_cardinal,Cardinalis,cardinalis,125284,125284-11.wav,wavfiles/125284-11.wav,//www.xeno-canto.org/125284,//creativecommons.org/licenses/by-sa/3.0/,Jonathon Jongsma,2013-03-16,song
train,Northern Cardinal,northern_cardinal,Cardinalis,cardinalis,125284,125284-2.wav,wavfiles/125284-2.wav,//www.xeno-canto.org/125284,//creativecommons.org/licenses/by-sa/3.0/,Jonathon Jongsma,2013-03-16,song
train,Northern Cardinal,northern_cardinal,Cardinalis,cardinalis,125284,125284-3.wav,wavfiles/125284-3.wav,//www.xeno-canto.org/125284,//creativecommons.org/licenses/by-sa/3.0/,Jonathon Jongsma,2013-03-16,song
train,Northern Cardinal,northern_cardinal,Cardinalis,cardinalis,125284,125284-4.wav,wavfiles/125284-4.wav,//www.xeno-canto.org/125284,//creativecommons.org/licenses/by-sa/3.0/,Jonathon Jongsma,2013-03-16,song
train,Northern Cardinal,northern_cardinal,Cardinalis,cardinalis,125284,125284-5.wav,wavfiles/125284-5.wav,//www.xeno-canto.org/125284,//creativecommons.org/licenses/by-sa/3.0/,Jonathon Jongsma,2013-03-16,song
train,Northern Cardinal,northern_cardinal,Cardinalis,cardinalis,125284,125284-6.wav,wavfiles/125284-6.wav,//www.xeno-canto.org/125284,//creativecommons.org/licenses/by-sa/3.0/,Jonathon Jongsma,2013-03-16,song
train,Northern Cardinal,northern_cardinal,Cardinalis,cardinalis,125284,125284-7.wav,wavfiles/125284-7.wav,//www.xeno-canto.org/125284,//creativecommons.org/licenses/by-sa/3.0/,Jonathon Jongsma,2013-03-16,song
train,Northern Cardinal,northern_cardinal,Cardinalis,cardinalis,125284,125284-8.wav,wavfiles/125284-8.wav,//www.xeno-canto.org/125284,//creativecommons.org/licenses/by-sa/3.0/,Jonathon Jongsma,2013-03-16,song
train,Northern Cardinal,northern_cardinal,Cardinalis,cardinalis,125284,125284-9.wav,wavfiles/125284-9.wav,//www.xeno-canto.org/125284,//creativecommons.org/licenses/by-sa/3.0/,Jonathon Jongsma,2013-03-16,song
train,Northern Cardinal,northern_cardinal,Cardinalis,cardinalis,138075,138075-0.wav,wavfiles/138075-0.wav,//www.xeno-canto.org/138075,//creativecommons.org/licenses/by-nc-sa/3.0/,Paul Driver,2013-03-09,"male-female duet, song"
train,Northern Cardinal,northern_cardinal,Cardinalis,cardinalis,138075,138075-1.wav,wavfiles/138075-1.wav,//www.xeno-canto.org/138075,//creativecommons.org/licenses/by-nc-sa/3.0/,Paul Driver,2013-03-09,"male-female duet, song"
train,Northern Cardinal,northern_cardinal,Cardinalis,cardinalis,138075,138075-12.wav,wavfiles/138075-12.wav,//www.xeno-canto.org/138075,//creativecommons.org/licenses/by-nc-sa/3.0/,Paul Driver,2013-03-09,"male-female duet, song"
train,Northern Cardinal,northern_cardinal,Cardinalis,cardinalis,138075,138075-13.wav,wavfiles/138075-13.wav,//www.xeno-canto.org/138075,//creativecommons.org/licenses/by-nc-sa/3.0/,Paul Driver,2013-03-09,"male-female duet, song"
train,Northern Cardinal,northern_cardinal,Cardinalis,cardinalis,138075,138075-14.wav,wavfiles/138075-14.wav,//www.xeno-canto.org/138075,//creativecommons.org/licenses/by-nc-sa/3.0/,Paul Driver,2013-03-09,"male-female duet, song"
train,Northern Cardinal,northern_cardinal,Cardinalis,cardinalis,138075,138075-15.wav,wavfiles/138075-15.wav,//www.xeno-canto.org/138075,//creativecommons.org/licenses/by-nc-sa/3.0/,Paul Driver,2013-03-09,"male-female duet, song"
train,Northern Cardinal,northern_cardinal,Cardinalis,cardinalis,138075,138075-16.wav,wavfiles/138075-16.wav,//www.xeno-canto.org/138075,//creativecommons.org/licenses/by-nc-sa/3.0/,Paul Driver,2013-03-09,"male-female duet, song"
train,Northern Cardinal,northern_cardinal,Cardinalis,cardinalis,138075,138075-2.wav,wavfiles/138075-2.wav,//www.xeno-canto.org/138075,//creativecommons.org/licenses/by-nc-sa/3.0/,Paul Driver,2013-03-09,"male-female duet, song"
train,Northern Cardinal,northern_cardinal,Cardinalis,cardinalis,138075,138075-3.wav,wavfiles/138075-3.wav,//www.xeno-canto.org/138075,//creativecommons.org/licenses/by-nc-sa/3.0/,Paul Driver,2013-03-09,"male-female duet, song"
train,Northern Cardinal,northern_cardinal,Cardinalis,cardinalis,138075,138075-4.wav,wavfiles/138075-4.wav,//www.xeno-canto.org/138075,//creativecommons.org/licenses/by-nc-sa/3.0/,Paul Driver,2013-03-09,"male-female duet, song"
train,Northern Cardinal,northern_cardinal,Cardinalis,cardinalis,138075,138075-5.wav,wavfiles/138075-5.wav,//www.xeno-canto.org/138075,//creativecommons.org/licenses/by-nc-sa/3.0/,Paul Driver,2013-03-09,"male-female duet, song"
train,Northern Cardinal,northern_cardinal,Cardinalis,cardinalis,138075,138075-6.wav,wavfiles/138075-6.wav,//www.xeno-canto.org/138075,//creativecommons.org/licenses/by-nc-sa/3.0/,Paul Driver,2013-03-09,"male-female duet, song"
train,Northern Cardinal,northern_cardinal,Cardinalis,cardinalis,138075,138075-7.wav,wavfiles/138075-7.wav,//www.xeno-canto.org/138075,//creativecommons.org/licenses/by-nc-sa/3.0/,Paul Driver,2013-03-09,"male-female duet, song"
train,Northern Cardinal,northern_cardinal,Cardinalis,cardinalis,138075,138075-8.wav,wavfiles/138075-8.wav,//www.xeno-canto.org/138075,//creativecommons.org/licenses/by-nc-sa/3.0/,Paul Driver,2013-03-09,"male-female duet, song"
train,Northern Cardinal,northern_cardinal,Cardinalis,cardinalis,138075,138075-9.wav,wavfiles/138075-9.wav,//www.xeno-canto.org/138075,//creativecommons.org/licenses/by-nc-sa/3.0/,Paul Driver,2013-03-09,"male-female duet, song"
train,Northern Cardinal,northern_cardinal,Cardinalis,cardinalis,140466,140466-0.wav,wavfiles/140466-0.wav,//www.xeno-canto.org/140466,//creativecommons.org/licenses/by-nc-sa/3.0/,Russ Wigh,2013-06-28,song
train,Northern Cardinal,northern_cardinal,Cardinalis,cardinalis,140466,140466-1.wav,wavfiles/140466-1.wav,//www.xeno-canto.org/140466,//creativecommons.org/licenses/by-nc-sa/3.0/,Russ Wigh,2013-06-28,song
train,Northern Cardinal,northern_cardinal,Cardinalis,cardinalis,140466,140466-10.wav,wavfiles/140466-10.wav,//www.xeno-canto.org/140466,//creativecommons.org/licenses/by-nc-sa/3.0/,Russ Wigh,2013-06-28,song
train,Northern Cardinal,northern_cardinal,Cardinalis,cardinalis,140466,140466-11.wav,wavfiles/140466-11.wav,//www.xeno-canto.org/140466,//creativecommons.org/licenses/by-nc-sa/3.0/,Russ Wigh,2013-06-28,song
train,Northern Cardinal,northern_cardinal,Cardinalis,cardinalis,140466,140466-12.wav,wavfiles/140466-12.wav,//www.xeno-canto.org/140466,//creativecommons.org/licenses/by-nc-sa/3.0/,Russ Wigh,2013-06-28,song
train,Northern Cardinal,northern_cardinal,Cardinalis,cardinalis,140466,140466-13.wav,wavfiles/140466-13.wav,//www.xeno-canto.org/140466,//creativecommons.org/licenses/by-nc-sa/3.0/,Russ Wigh,2013-06-28,song
train,Northern Cardinal,northern_cardinal,Cardinalis,cardinalis,140466,140466-14.wav,wavfiles/140466-14.wav,//www.xeno-canto.org/140466,//creativecommons.org/licenses/by-nc-sa/3.0/,Russ Wigh,2013-06-28,song
train,Northern Cardinal,northern_cardinal,Cardinalis,cardinalis,140466,140466-15.wav,wavfiles/140466-15.wav,//www.xeno-canto.org/140466,//creativecommons.org/licenses/by-nc-sa/3.0/,Russ Wigh,2013-06-28,song
train,Northern Cardinal,northern_cardinal,Cardinalis,cardinalis,140466,140466-16.wav,wavfiles/140466-16.wav,//www.xeno-canto.org/140466,//creativecommons.org/licenses/by-nc-sa/3.0/,Russ Wigh,2013-06-28,song
train,Northern Cardinal,northern_cardinal,Cardinalis,cardinalis,140466,140466-2.wav,wavfiles/140466-2.wav,//www.xeno-canto.org/140466,//creativecommons.org/licenses/by-nc-sa/3.0/,Russ Wigh,2013-06-28,song
train,Northern Cardinal,northern_cardinal,Cardinalis,cardinalis,140466,140466-3.wav,wavfiles/140466-3.wav,//www.xeno-canto.org/140466,//creativecommons.org/licenses/by-nc-sa/3.0/,Russ Wigh,2013-06-28,song
train,Northern Cardinal,northern_cardinal,Cardinalis,cardinalis,140466,140466-4.wav,wavfiles/140466-4.wav,//www.xeno-canto.org/140466,//creativecommons.org/licenses/by-nc-sa/3.0/,Russ Wigh,2013-06-28,song
train,Northern Cardinal,northern_cardinal,Cardinalis,cardinalis,140466,140466-5.wav,wavfiles/140466-5.wav,//www.xeno-canto.org/140466,//creativecommons.org/licenses/by-nc-sa/3.0/,Russ Wigh,2013-06-28,song
train,Northern Cardinal,northern_cardinal,Cardinalis,cardinalis,140466,140466-6.wav,wavfiles/140466-6.wav,//www.xeno-canto.org/140466,//creativecommons.org/licenses/by-nc-sa/3.0/,Russ Wigh,2013-06-28,song
train,Northern Cardinal,northern_cardinal,Cardinalis,cardinalis,140466,140466-9.wav,wavfiles/140466-9.wav,//www.xeno-canto.org/140466,//creativecommons.org/licenses/by-nc-sa/3.0/,Russ Wigh,2013-06-28,song
train,Northern Cardinal,northern_cardinal,Cardinalis,cardinalis,143800,143800-0.wav,wavfiles/143800-0.wav,//www.xeno-canto.org/143800,//creativecommons.org/licenses/by-nc-sa/3.0/,Paul Marvin,2013-07-20,song
train,Northern Cardinal,northern_cardinal,Cardinalis,cardinalis,143800,143800-1.wav,wavfiles/143800-1.wav,//www.xeno-canto.org/143800,//creativecommons.org/licenses/by-nc-sa/3.0/,Paul Marvin,2013-07-20,song
train,Northern Cardinal,northern_cardinal,Cardinalis,cardinalis,143800,143800-10.wav,wavfiles/143800-10.wav,//www.xeno-canto.org/143800,//creativecommons.org/licenses/by-nc-sa/3.0/,Paul Marvin,2013-07-20,song
train,Northern Cardinal,northern_cardinal,Cardinalis,cardinalis,143800,143800-2.wav,wavfiles/143800-2.wav,//www.xeno-canto.org/143800,//creativecommons.org/licenses/by-nc-sa/3.0/,Paul Marvin,2013-07-20,song
train,Northern Cardinal,northern_cardinal,Cardinalis,cardinalis,143800,143800-3.wav,wavfiles/143800-3.wav,//www.xeno-canto.org/143800,//creativecommons.org/licenses/by-nc-sa/3.0/,Paul Marvin,2013-07-20,song
train,Northern Cardinal,northern_cardinal,Cardinalis,cardinalis,143800,143800-4.wav,wavfiles/143800-4.wav,//www.xeno-canto.org/143800,//creativecommons.org/licenses/by-nc-sa/3.0/,Paul Marvin,2013-07-20,song
train,Northern Cardinal,northern_cardinal,Cardinalis,cardinalis,143800,143800-6.wav,wavfiles/143800-6.wav,//www.xeno-canto.org/143800,//creativecommons.org/licenses/by-nc-sa/3.0/,Paul Marvin,2013-07-20,song
train,Northern Cardinal,northern_cardinal,Cardinalis,cardinalis,143800,143800-7.wav,wavfiles/143800-7.wav,//www.xeno-canto.org/143800,//creativecommons.org/licenses/by-nc-sa/3.0/,Paul Marvin,2013-07-20,song
train,Northern Cardinal,northern_cardinal,Cardinalis,cardinalis,143800,143800-9.wav,wavfiles/143800-9.wav,//www.xeno-canto.org/143800,//creativecommons.org/licenses/by-nc-sa/3.0/,Paul Marvin,2013-07-20,song
train,Northern Cardinal,northern_cardinal,Cardinalis,cardinalis,165345,165345-0.wav,wavfiles/165345-0.wav,//www.xeno-canto.org/165345,//creativecommons.org/licenses/by-nc-sa/3.0/,Paul Marvin,2014-01-17,song
train,Northern Cardinal,northern_cardinal,Cardinalis,cardinalis,165345,165345-1.wav,wavfiles/165345-1.wav,//www.xeno-canto.org/165345,//creativecommons.org/licenses/by-nc-sa/3.0/,Paul Marvin,2014-01-17,song
train,Northern Cardinal,northern_cardinal,Cardinalis,cardinalis,165345,165345-10.wav,wavfiles/165345-10.wav,//www.xeno-canto.org/165345,//creativecommons.org/licenses/by-nc-sa/3.0/,Paul Marvin,2014-01-17,song
train,Northern Cardinal,northern_cardinal,Cardinalis,cardinalis,165345,165345-11.wav,wavfiles/165345-11.wav,//www.xeno-canto.org/165345,//creativecommons.org/licenses/by-nc-sa/3.0/,Paul Marvin,2014-01-17,song
train,Northern Cardinal,northern_cardinal,Cardinalis,cardinalis,165345,165345-2.wav,wavfiles/165345-2.wav,//www.xeno-canto.org/165345,//creativecommons.org/licenses/by-nc-sa/3.0/,Paul Marvin,2014-01-17,song
train,Northern Cardinal,northern_cardinal,Cardinalis,cardinalis,165345,165345-4.wav,wavfiles/165345-4.wav,//www.xeno-canto.org/165345,//creativecommons.org/licenses/by-nc-sa/3.0/,Paul Marvin,2014-01-17,song
train,Northern Cardinal,northern_cardinal,Cardinalis,cardinalis,165345,165345-5.wav,wavfiles/165345-5.wav,//www.xeno-canto.org/165345,//creativecommons.org/licenses/by-nc-sa/3.0/,Paul Marvin,2014-01-17,song
train,Northern Cardinal,northern_cardinal,Cardinalis,cardinalis,165345,165345-6.wav,wavfiles/165345-6.wav,//www.xeno-canto.org/165345,//creativecommons.org/licenses/by-nc-sa/3.0/,Paul Marvin,2014-01-17,song
train,Northern Cardinal,northern_cardinal,Cardinalis,cardinalis,165345,165345-8.wav,wavfiles/165345-8.wav,//www.xeno-canto.org/165345,//creativecommons.org/licenses/by-nc-sa/3.0/,Paul Marvin,2014-01-17,song
train,Northern Cardinal,northern_cardinal,Cardinalis,cardinalis,165345,165345-9.wav,wavfiles/165345-9.wav,//www.xeno-canto.org/165345,//creativecommons.org/licenses/by-nc-sa/3.0/,Paul Marvin,2014-01-17,song
train,Northern Cardinal,northern_cardinal,Cardinalis,cardinalis,165346,165346-0.wav,wavfiles/165346-0.wav,//www.xeno-canto.org/165346,//creativecommons.org/licenses/by-nc-sa/3.0/,Paul Marvin,2014-01-17,"male, song"
train,Northern Cardinal,northern_cardinal,Cardinalis,cardinalis,165346,165346-1.wav,wavfiles/165346-1.wav,//www.xeno-canto.org/165346,//creativecommons.org/licenses/by-nc-sa/3.0/,Paul Marvin,2014-01-17,"male, song"
train,Northern Cardinal,northern_cardinal,Cardinalis,cardinalis,165346,165346-10.wav,wavfiles/165346-10.wav,//www.xeno-canto.org/165346,//creativecommons.org/licenses/by-nc-sa/3.0/,Paul Marvin,2014-01-17,"male, song"
train,Northern Cardinal,northern_cardinal,Cardinalis,cardinalis,165346,165346-11.wav,wavfiles/165346-11.wav,//www.xeno-canto.org/165346,//creativecommons.org/licenses/by-nc-sa/3.0/,Paul Marvin,2014-01-17,"male, song"
train,Northern Cardinal,northern_cardinal,Cardinalis,cardinalis,165346,165346-12.wav,wavfiles/165346-12.wav,//www.xeno-canto.org/165346,//creativecommons.org/licenses/by-nc-sa/3.0/,Paul Marvin,2014-01-17,"male, song"
train,Northern Cardinal,northern_cardinal,Cardinalis,cardinalis,165346,165346-13.wav,wavfiles/165346-13.wav,//www.xeno-canto.org/165346,//creativecommons.org/licenses/by-nc-sa/3.0/,Paul Marvin,2014-01-17,"male, song"
train,Northern Cardinal,northern_cardinal,Cardinalis,cardinalis,165346,165346-4.wav,wavfiles/165346-4.wav,//www.xeno-canto.org/165346,//creativecommons.org/licenses/by-nc-sa/3.0/,Paul Marvin,2014-01-17,"male, song"
train,Northern Cardinal,northern_cardinal,Cardinalis,cardinalis,165346,165346-5.wav,wavfiles/165346-5.wav,//www.xeno-canto.org/165346,//creativecommons.org/licenses/by-nc-sa/3.0/,Paul Marvin,2014-01-17,"male, song"
train,Northern Cardinal,northern_cardinal,Cardinalis,cardinalis,165346,165346-6.wav,wavfiles/165346-6.wav,//www.xeno-canto.org/165346,//creativecommons.org/licenses/by-nc-sa/3.0/,Paul Marvin,2014-01-17,"male, song"
train,Northern Cardinal,northern_cardinal,Cardinalis,cardinalis,165346,165346-7.wav,wavfiles/165346-7.wav,//www.xeno-canto.org/165346,//creativecommons.org/licenses/by-nc-sa/3.0/,Paul Marvin,2014-01-17,"male, song"
train,Northern Cardinal,northern_cardinal,Cardinalis,cardinalis,165346,165346-8.wav,wavfiles/165346-8.wav,//www.xeno-canto.org/165346,//creativecommons.org/licenses/by-nc-sa/3.0/,Paul Marvin,2014-01-17,"male, song"
train,Northern Cardinal,northern_cardinal,Cardinalis,cardinalis,165346,165346-9.wav,wavfiles/165346-9.wav,//www.xeno-canto.org/165346,//creativecommons.org/licenses/by-nc-sa/3.0/,Paul Marvin,2014-01-17,"male, song"
train,Northern Cardinal,northern_cardinal,Cardinalis,cardinalis,169226,169226-0.wav,wavfiles/169226-0.wav,//www.xeno-canto.org/169226,//creativecommons.org/licenses/by-nc-sa/3.0/,Paul Marvin,2014-02-26,"call, female, song"
train,Northern Cardinal,northern_cardinal,Cardinalis,cardinalis,169226,169226-1.wav,wavfiles/169226-1.wav,//www.xeno-canto.org/169226,//creativecommons.org/licenses/by-nc-sa/3.0/,Paul Marvin,2014-02-26,"call, female, song"
train,Northern Cardinal,northern_cardinal,Cardinalis,cardinalis,169226,169226-10.wav,wavfiles/169226-10.wav,//www.xeno-canto.org/169226,//creativecommons.org/licenses/by-nc-sa/3.0/,Paul Marvin,2014-02-26,"call, female, song"
train,Northern Cardinal,northern_cardinal,Cardinalis,cardinalis,169226,169226-11.wav,wavfiles/169226-11.wav,//www.xeno-canto.org/169226,//creativecommons.org/licenses/by-nc-sa/3.0/,Paul Marvin,2014-02-26,"call, female, song"
train,Northern Cardinal,northern_cardinal,Cardinalis,cardinalis,169226,169226-2.wav,wavfiles/169226-2.wav,//www.xeno-canto.org/169226,//creativecommons.org/licenses/by-nc-sa/3.0/,Paul Marvin,2014-02-26,"call, female, song"
train,Northern Cardinal,northern_cardinal,Cardinalis,cardinalis,169226,169226-3.wav,wavfiles/169226-3.wav,//www.xeno-canto.org/169226,//creativecommons.org/licenses/by-nc-sa/3.0/,Paul Marvin,2014-02-26,"call, female, song"
train,Northern Cardinal,northern_cardinal,Cardinalis,cardinalis,169226,169226-5.wav,wavfiles/169226-5.wav,//www.xeno-canto.org/169226,//creativecommons.org/licenses/by-nc-sa/3.0/,Paul Marvin,2014-02-26,"call, female, song"
train,Northern Cardinal,northern_cardinal,Cardinalis,cardinalis,169226,169226-6.wav,wavfiles/169226-6.wav,//www.xeno-canto.org/169226,//creativecommons.org/licenses/by-nc-sa/3.0/,Paul Marvin,2014-02-26,"call, female, song"
train,Northern Cardinal,northern_cardinal,Cardinalis,cardinalis,169226,169226-7.wav,wavfiles/169226-7.wav,//www.xeno-canto.org/169226,//creativecommons.org/licenses/by-nc-sa/3.0/,Paul Marvin,2014-02-26,"call, female, song"
train,Northern Cardinal,northern_cardinal,Cardinalis,cardinalis,169226,169226-8.wav,wavfiles/169226-8.wav,//www.xeno-canto.org/169226,//creativecommons.org/licenses/by-nc-sa/3.0/,Paul Marvin,2014-02-26,"call, female, song"
train,Northern Cardinal,northern_cardinal,Cardinalis,cardinalis,169226,169226-9.wav,wavfiles/169226-9.wav,//www.xeno-canto.org/169226,//creativecommons.org/licenses/by-nc-sa/3.0/,Paul Marvin,2014-02-26,"call, female, song"
train,Northern Cardinal,northern_cardinal,Cardinalis,cardinalis,175226,175226-0.wav,wavfiles/175226-0.wav,//www.xeno-canto.org/175226,//creativecommons.org/licenses/by-sa/4.0/,Jonathon Jongsma,2014-04-18,song
train,Northern Cardinal,northern_cardinal,Cardinalis,cardinalis,175226,175226-1.wav,wavfiles/175226-1.wav,//www.xeno-canto.org/175226,//creativecommons.org/licenses/by-sa/4.0/,Jonathon Jongsma,2014-04-18,song
train,Northern Cardinal,northern_cardinal,Cardinalis,cardinalis,175226,175226-10.wav,wavfiles/175226-10.wav,//www.xeno-canto.org/175226,//creativecommons.org/licenses/by-sa/4.0/,Jonathon Jongsma,2014-04-18,song
train,Northern Cardinal,northern_cardinal,Cardinalis,cardinalis,175226,175226-11.wav,wavfiles/175226-11.wav,//www.xeno-canto.org/175226,//creativecommons.org/licenses/by-sa/4.0/,Jonathon Jongsma,2014-04-18,song
train,Northern Cardinal,northern_cardinal,Cardinalis,cardinalis,175226,175226-2.wav,wavfiles/175226-2.wav,//www.xeno-canto.org/175226,//creativecommons.org/licenses/by-sa/4.0/,Jonathon Jongsma,2014-04-18,song
train,Northern Cardinal,northern_cardinal,Cardinalis,cardinalis,175226,175226-3.wav,wavfiles/175226-3.wav,//www.xeno-canto.org/175226,//creativecommons.org/licenses/by-sa/4.0/,Jonathon Jongsma,2014-04-18,song
train,Northern Cardinal,northern_cardinal,Cardinalis,cardinalis,175226,175226-4.wav,wavfiles/175226-4.wav,//www.xeno-canto.org/175226,//creativecommons.org/licenses/by-sa/4.0/,Jonathon Jongsma,2014-04-18,song
train,Northern Cardinal,northern_cardinal,Cardinalis,cardinalis,175226,175226-5.wav,wavfiles/175226-5.wav,//www.xeno-canto.org/175226,//creativecommons.org/licenses/by-sa/4.0/,Jonathon Jongsma,2014-04-18,song
train,Northern Cardinal,northern_cardinal,Cardinalis,cardinalis,175226,175226-6.wav,wavfiles/175226-6.wav,//www.xeno-canto.org/175226,//creativecommons.org/licenses/by-sa/4.0/,Jonathon Jongsma,2014-04-18,song
train,Northern Cardinal,northern_cardinal,Cardinalis,cardinalis,175226,175226-7.wav,wavfiles/175226-7.wav,//www.xeno-canto.org/175226,//creativecommons.org/licenses/by-sa/4.0/,Jonathon Jongsma,2014-04-18,song
train,Northern Cardinal,northern_cardinal,Cardinalis,cardinalis,175226,175226-8.wav,wavfiles/175226-8.wav,//www.xeno-canto.org/175226,//creativecommons.org/licenses/by-sa/4.0/,Jonathon Jongsma,2014-04-18,song
train,Northern Cardinal,northern_cardinal,Cardinalis,cardinalis,175226,175226-9.wav,wavfiles/175226-9.wav,//www.xeno-canto.org/175226,//creativecommons.org/licenses/by-sa/4.0/,Jonathon Jongsma,2014-04-18,song
train,Northern Cardinal,northern_cardinal,Cardinalis,cardinalis,183008,183008-0.wav,wavfiles/183008-0.wav,//www.xeno-canto.org/183008,//creativecommons.org/licenses/by-nc-sa/4.0/,Tim Marquardt,2014-06-21,song
train,Northern Cardinal,northern_cardinal,Cardinalis,cardinalis,183008,183008-1.wav,wavfiles/183008-1.wav,//www.xeno-canto.org/183008,//creativecommons.org/licenses/by-nc-sa/4.0/,Tim Marquardt,2014-06-21,song
train,Northern Cardinal,northern_cardinal,Cardinalis,cardinalis,183008,183008-10.wav,wavfiles/183008-10.wav,//www.xeno-canto.org/183008,//creativecommons.org/licenses/by-nc-sa/4.0/,Tim Marquardt,2014-06-21,song
train,Northern Cardinal,northern_cardinal,Cardinalis,cardinalis,183008,183008-11.wav,wavfiles/183008-11.wav,//www.xeno-canto.org/183008,//creativecommons.org/licenses/by-nc-sa/4.0/,Tim Marquardt,2014-06-21,song
train,Northern Cardinal,northern_cardinal,Cardinalis,cardinalis,183008,183008-12.wav,wavfiles/183008-12.wav,//www.xeno-canto.org/183008,//creativecommons.org/licenses/by-nc-sa/4.0/,Tim Marquardt,2014-06-21,song
train,Northern Cardinal,northern_cardinal,Cardinalis,cardinalis,183008,183008-13.wav,wavfiles/183008-13.wav,//www.xeno-canto.org/183008,//creativecommons.org/licenses/by-nc-sa/4.0/,Tim Marquardt,2014-06-21,song
train,Northern Cardinal,northern_cardinal,Cardinalis,cardinalis,183008,183008-5.wav,wavfiles/183008-5.wav,//www.xeno-canto.org/183008,//creativecommons.org/licenses/by-nc-sa/4.0/,Tim Marquardt,2014-06-21,song
train,Northern Cardinal,northern_cardinal,Cardinalis,cardinalis,183008,183008-6.wav,wavfiles/183008-6.wav,//www.xeno-canto.org/183008,//creativecommons.org/licenses/by-nc-sa/4.0/,Tim Marquardt,2014-06-21,song
train,Northern Cardinal,northern_cardinal,Cardinalis,cardinalis,183008,183008-7.wav,wavfiles/183008-7.wav,//www.xeno-canto.org/183008,//creativecommons.org/licenses/by-nc-sa/4.0/,Tim Marquardt,2014-06-21,song
train,Northern Cardinal,northern_cardinal,Cardinalis,cardinalis,183008,183008-8.wav,wavfiles/183008-8.wav,//www.xeno-canto.org/183008,//creativecommons.org/licenses/by-nc-sa/4.0/,Tim Marquardt,2014-06-21,song
train,Northern Cardinal,northern_cardinal,Cardinalis,cardinalis,183008,183008-9.wav,wavfiles/183008-9.wav,//www.xeno-canto.org/183008,//creativecommons.org/licenses/by-nc-sa/4.0/,Tim Marquardt,2014-06-21,song
train,Northern Cardinal,northern_cardinal,Cardinalis,cardinalis,185240,185240-0.wav,wavfiles/185240-0.wav,//www.xeno-canto.org/185240,//creativecommons.org/licenses/by-nc-sa/4.0/,Tim Marquardt,2014-07-04,song
train,Northern Cardinal,northern_cardinal,Cardinalis,cardinalis,185240,185240-1.wav,wavfiles/185240-1.wav,//www.xeno-canto.org/185240,//creativecommons.org/licenses/by-nc-sa/4.0/,Tim Marquardt,2014-07-04,song
train,Northern Cardinal,northern_cardinal,Cardinalis,cardinalis,185240,185240-10.wav,wavfiles/185240-10.wav,//www.xeno-canto.org/185240,//creativecommons.org/licenses/by-nc-sa/4.0/,Tim Marquardt,2014-07-04,song
train,Northern Cardinal,northern_cardinal,Cardinalis,cardinalis,185240,185240-11.wav,wavfiles/185240-11.wav,//www.xeno-canto.org/185240,//creativecommons.org/licenses/by-nc-sa/4.0/,Tim Marquardt,2014-07-04,song
train,Northern Cardinal,northern_cardinal,Cardinalis,cardinalis,185240,185240-2.wav,wavfiles/185240-2.wav,//www.xeno-canto.org/185240,//creativecommons.org/licenses/by-nc-sa/4.0/,Tim Marquardt,2014-07-04,song
train,Northern Cardinal,northern_cardinal,Cardinalis,cardinalis,185240,185240-3.wav,wavfiles/185240-3.wav,//www.xeno-canto.org/185240,//creativecommons.org/licenses/by-nc-sa/4.0/,Tim Marquardt,2014-07-04,song
train,Northern Cardinal,northern_cardinal,Cardinalis,cardinalis,185240,185240-5.wav,wavfiles/185240-5.wav,//www.xeno-canto.org/185240,//creativecommons.org/licenses/by-nc-sa/4.0/,Tim Marquardt,2014-07-04,song
train,Northern Cardinal,northern_cardinal,Cardinalis,cardinalis,185240,185240-6.wav,wavfiles/185240-6.wav,//www.xeno-canto.org/185240,//creativecommons.org/licenses/by-nc-sa/4.0/,Tim Marquardt,2014-07-04,song
train,Northern Cardinal,northern_cardinal,Cardinalis,cardinalis,185240,185240-7.wav,wavfiles/185240-7.wav,//www.xeno-canto.org/185240,//creativecommons.org/licenses/by-nc-sa/4.0/,Tim Marquardt,2014-07-04,song
train,Northern Cardinal,northern_cardinal,Cardinalis,cardinalis,185240,185240-9.wav,wavfiles/185240-9.wav,//www.xeno-canto.org/185240,//creativecommons.org/licenses/by-nc-sa/4.0/,Tim Marquardt,2014-07-04,song
train,Northern Cardinal,northern_cardinal,Cardinalis,cardinalis,190456,190456-0.wav,wavfiles/190456-0.wav,//www.xeno-canto.org/190456,//creativecommons.org/licenses/by-nc-nd/4.0/,Krzysztof Deoniziak,2014-08-03,"male, song"
train,Northern Cardinal,northern_cardinal,Cardinalis,cardinalis,190456,190456-1.wav,wavfiles/190456-1.wav,//www.xeno-canto.org/190456,//creativecommons.org/licenses/by-nc-nd/4.0/,Krzysztof Deoniziak,2014-08-03,"male, song"
train,Northern Cardinal,northern_cardinal,Cardinalis,cardinalis,190456,190456-10.wav,wavfiles/190456-10.wav,//www.xeno-canto.org/190456,//creativecommons.org/licenses/by-nc-nd/4.0/,Krzysztof Deoniziak,2014-08-03,"male, song"
train,Northern Cardinal,northern_cardinal,Cardinalis,cardinalis,190456,190456-11.wav,wavfiles/190456-11.wav,//www.xeno-canto.org/190456,//creativecommons.org/licenses/by-nc-nd/4.0/,Krzysztof Deoniziak,2014-08-03,"male, song"
train,Northern Cardinal,northern_cardinal,Cardinalis,cardinalis,190456,190456-2.wav,wavfiles/190456-2.wav,//www.xeno-canto.org/190456,//creativecommons.org/licenses/by-nc-nd/4.0/,Krzysztof Deoniziak,2014-08-03,"male, song"
train,Northern Cardinal,northern_cardinal,Cardinalis,cardinalis,190456,190456-3.wav,wavfiles/190456-3.wav,//www.xeno-canto.org/190456,//creativecommons.org/licenses/by-nc-nd/4.0/,Krzysztof Deoniziak,2014-08-03,"male, song"
train,Northern Cardinal,northern_cardinal,Cardinalis,cardinalis,190456,190456-4.wav,wavfiles/190456-4.wav,//www.xeno-canto.org/190456,//creativecommons.org/licenses/by-nc-nd/4.0/,Krzysztof Deoniziak,2014-08-03,"male, song"
train,Northern Cardinal,northern_cardinal,Cardinalis,cardinalis,190456,190456-5.wav,wavfiles/190456-5.wav,//www.xeno-canto.org/190456,//creativecommons.org/licenses/by-nc-nd/4.0/,Krzysztof Deoniziak,2014-08-03,"male, song"
train,Northern Cardinal,northern_cardinal,Cardinalis,cardinalis,190456,190456-6.wav,wavfiles/190456-6.wav,//www.xeno-canto.org/190456,//creativecommons.org/licenses/by-nc-nd/4.0/,Krzysztof Deoniziak,2014-08-03,"male, song"
train,Northern Cardinal,northern_cardinal,Cardinalis,cardinalis,190456,190456-7.wav,wavfiles/190456-7.wav,//www.xeno-canto.org/190456,//creativecommons.org/licenses/by-nc-nd/4.0/,Krzysztof Deoniziak,2014-08-03,"male, song"
train,Northern Cardinal,northern_cardinal,Cardinalis,cardinalis,190456,190456-8.wav,wavfiles/190456-8.wav,//www.xeno-canto.org/190456,//creativecommons.org/licenses/by-nc-nd/4.0/,Krzysztof Deoniziak,2014-08-03,"male, song"
train,Northern Cardinal,northern_cardinal,Cardinalis,cardinalis,190456,190456-9.wav,wavfiles/190456-9.wav,//www.xeno-canto.org/190456,//creativecommons.org/licenses/by-nc-nd/4.0/,Krzysztof Deoniziak,2014-08-03,"male, song"
train,Northern Cardinal,northern_cardinal,Cardinalis,cardinalis,190526,190526-0.wav,wavfiles/190526-0.wav,//www.xeno-canto.org/190526,//creativecommons.org/licenses/by-nc-nd/4.0/,Krzysztof Deoniziak,2014-08-01,"male, song"
train,Northern Cardinal,northern_cardinal,Cardinalis,cardinalis,190526,190526-1.wav,wavfiles/190526-1.wav,//www.xeno-canto.org/190526,//creativecommons.org/licenses/by-nc-nd/4.0/,Krzysztof Deoniziak,2014-08-01,"male, song"
train,Northern Cardinal,northern_cardinal,Cardinalis,cardinalis,190526,190526-10.wav,wavfiles/190526-10.wav,//www.xeno-canto.org/190526,//creativecommons.org/licenses/by-nc-nd/4.0/,Krzysztof Deoniziak,2014-08-01,"male, song"
train,Northern Cardinal,northern_cardinal,Cardinalis,cardinalis,190526,190526-11.wav,wavfiles/190526-11.wav,//www.xeno-canto.org/190526,//creativecommons.org/licenses/by-nc-nd/4.0/,Krzysztof Deoniziak,2014-08-01,"male, song"
train,Northern Cardinal,northern_cardinal,Cardinalis,cardinalis,190526,190526-12.wav,wavfiles/190526-12.wav,//www.xeno-canto.org/190526,//creativecommons.org/licenses/by-nc-nd/4.0/,Krzysztof Deoniziak,2014-08-01,"male, song"
train,Northern Cardinal,northern_cardinal,Cardinalis,cardinalis,190526,190526-2.wav,wavfiles/190526-2.wav,//www.xeno-canto.org/190526,//creativecommons.org/licenses/by-nc-nd/4.0/,Krzysztof Deoniziak,2014-08-01,"male, song"
train,Northern Cardinal,northern_cardinal,Cardinalis,cardinalis,190526,190526-3.wav,wavfiles/190526-3.wav,//www.xeno-canto.org/190526,//creativecommons.org/licenses/by-nc-nd/4.0/,Krzysztof Deoniziak,2014-08-01,"male, song"
train,Northern Cardinal,northern_cardinal,Cardinalis,cardinalis,190526,190526-4.wav,wavfiles/190526-4.wav,//www.xeno-canto.org/190526,//creativecommons.org/licenses/by-nc-nd/4.0/,Krzysztof Deoniziak,2014-08-01,"male, song"
train,Northern Cardinal,northern_cardinal,Cardinalis,cardinalis,190526,190526-5.wav,wavfiles/190526-5.wav,//www.xeno-canto.org/190526,//creativecommons.org/licenses/by-nc-nd/4.0/,Krzysztof Deoniziak,2014-08-01,"male, song"
train,Northern Cardinal,northern_cardinal,Cardinalis,cardinalis,190526,190526-6.wav,wavfiles/190526-6.wav,//www.xeno-canto.org/190526,//creativecommons.org/licenses/by-nc-nd/4.0/,Krzysztof Deoniziak,2014-08-01,"male, song"
train,Northern Cardinal,northern_cardinal,Cardinalis,cardinalis,190526,190526-7.wav,wavfiles/190526-7.wav,//www.xeno-canto.org/190526,//creativecommons.org/licenses/by-nc-nd/4.0/,Krzysztof Deoniziak,2014-08-01,"male, song"
train,Northern Cardinal,northern_cardinal,Cardinalis,cardinalis,190526,190526-8.wav,wavfiles/190526-8.wav,//www.xeno-canto.org/190526,//creativecommons.org/licenses/by-nc-nd/4.0/,Krzysztof Deoniziak,2014-08-01,"male, song"
train,Northern Cardinal,northern_cardinal,Cardinalis,cardinalis,190526,190526-9.wav,wavfiles/190526-9.wav,//www.xeno-canto.org/190526,//creativecommons.org/licenses/by-nc-nd/4.0/,Krzysztof Deoniziak,2014-08-01,"male, song"
train,Northern Cardinal,northern_cardinal,Cardinalis,cardinalis,205836,205836-0.wav,wavfiles/205836-0.wav,//www.xeno-canto.org/205836,//creativecommons.org/licenses/by-nc-sa/4.0/,Ross Gallardy,2014-12-07,"male, song"
train,Northern Cardinal,northern_cardinal,Cardinalis,cardinalis,205836,205836-1.wav,wavfiles/205836-1.wav,//www.xeno-canto.org/205836,//creativecommons.org/licenses/by-nc-sa/4.0/,Ross Gallardy,2014-12-07,"male, song"
train,Northern Cardinal,northern_cardinal,Cardinalis,cardinalis,205836,205836-10.wav,wavfiles/205836-10.wav,//www.xeno-canto.org/205836,//creativecommons.org/licenses/by-nc-sa/4.0/,Ross Gallardy,2014-12-07,"male, song"
train,Northern Cardinal,northern_cardinal,Cardinalis,cardinalis,205836,205836-11.wav,wavfiles/205836-11.wav,//www.xeno-canto.org/205836,//creativecommons.org/licenses/by-nc-sa/4.0/,Ross Gallardy,2014-12-07,"male, song"
train,Northern Cardinal,northern_cardinal,Cardinalis,cardinalis,205836,205836-2.wav,wavfiles/205836-2.wav,//www.xeno-canto.org/205836,//creativecommons.org/licenses/by-nc-sa/4.0/,Ross Gallardy,2014-12-07,"male, song"
train,Northern Cardinal,northern_cardinal,Cardinalis,cardinalis,205836,205836-4.wav,wavfiles/205836-4.wav,//www.xeno-canto.org/205836,//creativecommons.org/licenses/by-nc-sa/4.0/,Ross Gallardy,2014-12-07,"male, song"
train,Northern Cardinal,northern_cardinal,Cardinalis,cardinalis,205836,205836-5.wav,wavfiles/205836-5.wav,//www.xeno-canto.org/205836,//creativecommons.org/licenses/by-nc-sa/4.0/,Ross Gallardy,2014-12-07,"male, song"
train,Northern Cardinal,northern_cardinal,Cardinalis,cardinalis,205836,205836-6.wav,wavfiles/205836-6.wav,//www.xeno-canto.org/205836,//creativecommons.org/licenses/by-nc-sa/4.0/,Ross Gallardy,2014-12-07,"male, song"
train,Northern Cardinal,northern_cardinal,Cardinalis,cardinalis,205836,205836-7.wav,wavfiles/205836-7.wav,//www.xeno-canto.org/205836,//creativecommons.org/licenses/by-nc-sa/4.0/,Ross Gallardy,2014-12-07,"male, song"
train,Northern Cardinal,northern_cardinal,Cardinalis,cardinalis,205836,205836-8.wav,wavfiles/205836-8.wav,//www.xeno-canto.org/205836,//creativecommons.org/licenses/by-nc-sa/4.0/,Ross Gallardy,2014-12-07,"male, song"
train,Northern Cardinal,northern_cardinal,Cardinalis,cardinalis,205836,205836-9.wav,wavfiles/205836-9.wav,//www.xeno-canto.org/205836,//creativecommons.org/licenses/by-nc-sa/4.0/,Ross Gallardy,2014-12-07,"male, song"
train,Northern Cardinal,northern_cardinal,Cardinalis,cardinalis,211633,211633-0.wav,wavfiles/211633-0.wav,//www.xeno-canto.org/211633,//creativecommons.org/licenses/by-nc-sa/4.0/,Lauren Harter,2014-06-17,song
train,Northern Cardinal,northern_cardinal,Cardinalis,cardinalis,211633,211633-1.wav,wavfiles/211633-1.wav,//www.xeno-canto.org/211633,//creativecommons.org/licenses/by-nc-sa/4.0/,Lauren Harter,2014-06-17,song
train,Northern Cardinal,northern_cardinal,Cardinalis,cardinalis,211633,211633-10.wav,wavfiles/211633-10.wav,//www.xeno-canto.org/211633,//creativecommons.org/licenses/by-nc-sa/4.0/,Lauren Harter,2014-06-17,song
train,Northern Cardinal,northern_cardinal,Cardinalis,cardinalis,211633,211633-11.wav,wavfiles/211633-11.wav,//www.xeno-canto.org/211633,//creativecommons.org/licenses/by-nc-sa/4.0/,Lauren Harter,2014-06-17,song
train,Northern Cardinal,northern_cardinal,Cardinalis,cardinalis,211633,211633-12.wav,wavfiles/211633-12.wav,//www.xeno-canto.org/211633,//creativecommons.org/licenses/by-nc-sa/4.0/,Lauren Harter,2014-06-17,song
train,Northern Cardinal,northern_cardinal,Cardinalis,cardinalis,211633,211633-2.wav,wavfiles/211633-2.wav,//www.xeno-canto.org/211633,//creativecommons.org/licenses/by-nc-sa/4.0/,Lauren Harter,2014-06-17,song
train,Northern Cardinal,northern_cardinal,Cardinalis,cardinalis,211633,211633-3.wav,wavfiles/211633-3.wav,//www.xeno-canto.org/211633,//creativecommons.org/licenses/by-nc-sa/4.0/,Lauren Harter,2014-06-17,song
train,Northern Cardinal,northern_cardinal,Cardinalis,cardinalis,211633,211633-4.wav,wavfiles/211633-4.wav,//www.xeno-canto.org/211633,//creativecommons.org/licenses/by-nc-sa/4.0/,Lauren Harter,2014-06-17,song
train,Northern Cardinal,northern_cardinal,Cardinalis,cardinalis,211633,211633-5.wav,wavfiles/211633-5.wav,//www.xeno-canto.org/211633,//creativecommons.org/licenses/by-nc-sa/4.0/,Lauren Harter,2014-06-17,song
train,Northern Cardinal,northern_cardinal,Cardinalis,cardinalis,211633,211633-6.wav,wavfiles/211633-6.wav,//www.xeno-canto.org/211633,//creativecommons.org/licenses/by-nc-sa/4.0/,Lauren Harter,2014-06-17,song
train,Northern Cardinal,northern_cardinal,Cardinalis,cardinalis,211633,211633-7.wav,wavfiles/211633-7.wav,//www.xeno-canto.org/211633,//creativecommons.org/licenses/by-nc-sa/4.0/,Lauren Harter,2014-06-17,song
train,Northern Cardinal,northern_cardinal,Cardinalis,cardinalis,211633,211633-8.wav,wavfiles/211633-8.wav,//www.xeno-canto.org/211633,//creativecommons.org/licenses/by-nc-sa/4.0/,Lauren Harter,2014-06-17,song
train,Northern Cardinal,northern_cardinal,Cardinalis,cardinalis,211633,211633-9.wav,wavfiles/211633-9.wav,//www.xeno-canto.org/211633,//creativecommons.org/licenses/by-nc-sa/4.0/,Lauren Harter,2014-06-17,song
train,Northern Cardinal,northern_cardinal,Cardinalis,cardinalis,220400,220400-0.wav,wavfiles/220400-0.wav,//www.xeno-canto.org/220400,//creativecommons.org/licenses/by-nc-nd/4.0/,Peter Boesman,2007-02-17,song
train,Northern Cardinal,northern_cardinal,Cardinalis,cardinalis,220400,220400-1.wav,wavfiles/220400-1.wav,//www.xeno-canto.org/220400,//creativecommons.org/licenses/by-nc-nd/4.0/,Peter Boesman,2007-02-17,song
train,Northern Cardinal,northern_cardinal,Cardinalis,cardinalis,220400,220400-2.wav,wavfiles/220400-2.wav,//www.xeno-canto.org/220400,//creativecommons.org/licenses/by-nc-nd/4.0/,Peter Boesman,2007-02-17,song
train,Northern Cardinal,northern_cardinal,Cardinalis,cardinalis,220400,220400-5.wav,wavfiles/220400-5.wav,//www.xeno-canto.org/220400,//creativecommons.org/licenses/by-nc-nd/4.0/,Peter Boesman,2007-02-17,song
train,Northern Cardinal,northern_cardinal,Cardinalis,cardinalis,220400,220400-6.wav,wavfiles/220400-6.wav,//www.xeno-canto.org/220400,//creativecommons.org/licenses/by-nc-nd/4.0/,Peter Boesman,2007-02-17,song
train,Northern Cardinal,northern_cardinal,Cardinalis,cardinalis,220400,220400-7.wav,wavfiles/220400-7.wav,//www.xeno-canto.org/220400,//creativecommons.org/licenses/by-nc-nd/4.0/,Peter Boesman,2007-02-17,song
train,Northern Cardinal,northern_cardinal,Cardinalis,cardinalis,220401,220401-0.wav,wavfiles/220401-0.wav,//www.xeno-canto.org/220401,//creativecommons.org/licenses/by-nc-nd/4.0/,Peter Boesman,1998-02-20,song
train,Northern Cardinal,northern_cardinal,Cardinalis,cardinalis,220401,220401-1.wav,wavfiles/220401-1.wav,//www.xeno-canto.org/220401,//creativecommons.org/licenses/by-nc-nd/4.0/,Peter Boesman,1998-02-20,song
train,Northern Cardinal,northern_cardinal,Cardinalis,cardinalis,220401,220401-10.wav,wavfiles/220401-10.wav,//www.xeno-canto.org/220401,//creativecommons.org/licenses/by-nc-nd/4.0/,Peter Boesman,1998-02-20,song
train,Northern Cardinal,northern_cardinal,Cardinalis,cardinalis,220401,220401-11.wav,wavfiles/220401-11.wav,//www.xeno-canto.org/220401,//creativecommons.org/licenses/by-nc-nd/4.0/,Peter Boesman,1998-02-20,song
train,Northern Cardinal,northern_cardinal,Cardinalis,cardinalis,220401,220401-12.wav,wavfiles/220401-12.wav,//www.xeno-canto.org/220401,//creativecommons.org/licenses/by-nc-nd/4.0/,Peter Boesman,1998-02-20,song
train,Northern Cardinal,northern_cardinal,Cardinalis,cardinalis,220401,220401-14.wav,wavfiles/220401-14.wav,//www.xeno-canto.org/220401,//creativecommons.org/licenses/by-nc-nd/4.0/,Peter Boesman,1998-02-20,song
train,Northern Cardinal,northern_cardinal,Cardinalis,cardinalis,220401,220401-2.wav,wavfiles/220401-2.wav,//www.xeno-canto.org/220401,//creativecommons.org/licenses/by-nc-nd/4.0/,Peter Boesman,1998-02-20,song
train,Northern Cardinal,northern_cardinal,Cardinalis,cardinalis,220401,220401-3.wav,wavfiles/220401-3.wav,//www.xeno-canto.org/220401,//creativecommons.org/licenses/by-nc-nd/4.0/,Peter Boesman,1998-02-20,song
train,Northern Cardinal,northern_cardinal,Cardinalis,cardinalis,220401,220401-4.wav,wavfiles/220401-4.wav,//www.xeno-canto.org/220401,//creativecommons.org/licenses/by-nc-nd/4.0/,Peter Boesman,1998-02-20,song
train,Northern Cardinal,northern_cardinal,Cardinalis,cardinalis,220401,220401-5.wav,wavfiles/220401-5.wav,//www.xeno-canto.org/220401,//creativecommons.org/licenses/by-nc-nd/4.0/,Peter Boesman,1998-02-20,song
train,Northern Cardinal,northern_cardinal,Cardinalis,cardinalis,220401,220401-6.wav,wavfiles/220401-6.wav,//www.xeno-canto.org/220401,//creativecommons.org/licenses/by-nc-nd/4.0/,Peter Boesman,1998-02-20,song
train,Northern Cardinal,northern_cardinal,Cardinalis,cardinalis,220401,220401-7.wav,wavfiles/220401-7.wav,//www.xeno-canto.org/220401,//creativecommons.org/licenses/by-nc-nd/4.0/,Peter Boesman,1998-02-20,song
train,Northern Cardinal,northern_cardinal,Cardinalis,cardinalis,220401,220401-8.wav,wavfiles/220401-8.wav,//www.xeno-canto.org/220401,//creativecommons.org/licenses/by-nc-nd/4.0/,Peter Boesman,1998-02-20,song
train,Northern Cardinal,northern_cardinal,Cardinalis,cardinalis,220401,220401-9.wav,wavfiles/220401-9.wav,//www.xeno-canto.org/220401,//creativecommons.org/licenses/by-nc-nd/4.0/,Peter Boesman,1998-02-20,song
train,Northern Cardinal,northern_cardinal,Cardinalis,cardinalis,220402,220402-0.wav,wavfiles/220402-0.wav,//www.xeno-canto.org/220402,//creativecommons.org/licenses/by-nc-nd/4.0/,Peter Boesman,1998-02-20,song
train,Northern Cardinal,northern_cardinal,Cardinalis,cardinalis,220402,220402-1.wav,wavfiles/220402-1.wav,//www.xeno-canto.org/220402,//creativecommons.org/licenses/by-nc-nd/4.0/,Peter Boesman,1998-02-20,song
train,Northern Cardinal,northern_cardinal,Cardinalis,cardinalis,220402,220402-10.wav,wavfiles/220402-10.wav,//www.xeno-canto.org/220402,//creativecommons.org/licenses/by-nc-nd/4.0/,Peter Boesman,1998-02-20,song
train,Northern Cardinal,northern_cardinal,Cardinalis,cardinalis,220402,220402-11.wav,wavfiles/220402-11.wav,//www.xeno-canto.org/220402,//creativecommons.org/licenses/by-nc-nd/4.0/,Peter Boesman,1998-02-20,song
train,Northern Cardinal,northern_cardinal,Cardinalis,cardinalis,220402,220402-12.wav,wavfiles/220402-12.wav,//www.xeno-canto.org/220402,//creativecommons.org/licenses/by-nc-nd/4.0/,Peter Boesman,1998-02-20,song
train,Northern Cardinal,northern_cardinal,Cardinalis,cardinalis,220402,220402-2.wav,wavfiles/220402-2.wav,//www.xeno-canto.org/220402,//creativecommons.org/licenses/by-nc-nd/4.0/,Peter Boesman,1998-02-20,song
train,Northern Cardinal,northern_cardinal,Cardinalis,cardinalis,220402,220402-3.wav,wavfiles/220402-3.wav,//www.xeno-canto.org/220402,//creativecommons.org/licenses/by-nc-nd/4.0/,Peter Boesman,1998-02-20,song
train,Northern Cardinal,northern_cardinal,Cardinalis,cardinalis,220402,220402-4.wav,wavfiles/220402-4.wav,//www.xeno-canto.org/220402,//creativecommons.org/licenses/by-nc-nd/4.0/,Peter Boesman,1998-02-20,song
train,Northern Cardinal,northern_cardinal,Cardinalis,cardinalis,220402,220402-5.wav,wavfiles/220402-5.wav,//www.xeno-canto.org/220402,//creativecommons.org/licenses/by-nc-nd/4.0/,Peter Boesman,1998-02-20,song
train,Northern Cardinal,northern_cardinal,Cardinalis,cardinalis,220402,220402-6.wav,wavfiles/220402-6.wav,//www.xeno-canto.org/220402,//creativecommons.org/licenses/by-nc-nd/4.0/,Peter Boesman,1998-02-20,song
train,Northern Cardinal,northern_cardinal,Cardinalis,cardinalis,220402,220402-7.wav,wavfiles/220402-7.wav,//www.xeno-canto.org/220402,//creativecommons.org/licenses/by-nc-nd/4.0/,Peter Boesman,1998-02-20,song
train,Northern Cardinal,northern_cardinal,Cardinalis,cardinalis,220402,220402-8.wav,wavfiles/220402-8.wav,//www.xeno-canto.org/220402,//creativecommons.org/licenses/by-nc-nd/4.0/,Peter Boesman,1998-02-20,song
train,Northern Cardinal,northern_cardinal,Cardinalis,cardinalis,220402,220402-9.wav,wavfiles/220402-9.wav,//www.xeno-canto.org/220402,//creativecommons.org/licenses/by-nc-nd/4.0/,Peter Boesman,1998-02-20,song
train,Northern Cardinal,northern_cardinal,Cardinalis,cardinalis,233122,233122-0.wav,wavfiles/233122-0.wav,//www.xeno-canto.org/233122,//creativecommons.org/licenses/by-nc-sa/4.0/,David Vander Pluym,2015-03-18,song
train,Northern Cardinal,northern_cardinal,Cardinalis,cardinalis,233122,233122-1.wav,wavfiles/233122-1.wav,//www.xeno-canto.org/233122,//creativecommons.org/licenses/by-nc-sa/4.0/,David Vander Pluym,2015-03-18,song
train,Northern Cardinal,northern_cardinal,Cardinalis,cardinalis,233122,233122-10.wav,wavfiles/233122-10.wav,//www.xeno-canto.org/233122,//creativecommons.org/licenses/by-nc-sa/4.0/,David Vander Pluym,2015-03-18,song
train,Northern Cardinal,northern_cardinal,Cardinalis,cardinalis,233122,233122-11.wav,wavfiles/233122-11.wav,//www.xeno-canto.org/233122,//creativecommons.org/licenses/by-nc-sa/4.0/,David Vander Pluym,2015-03-18,song
train,Northern Cardinal,northern_cardinal,Cardinalis,cardinalis,233122,233122-2.wav,wavfiles/233122-2.wav,//www.xeno-canto.org/233122,//creativecommons.org/licenses/by-nc-sa/4.0/,David Vander Pluym,2015-03-18,song
train,Northern Cardinal,northern_cardinal,Cardinalis,cardinalis,233122,233122-3.wav,wavfiles/233122-3.wav,//www.xeno-canto.org/233122,//creativecommons.org/licenses/by-nc-sa/4.0/,David Vander Pluym,2015-03-18,song
train,Northern Cardinal,northern_cardinal,Cardinalis,cardinalis,233122,233122-4.wav,wavfiles/233122-4.wav,//www.xeno-canto.org/233122,//creativecommons.org/licenses/by-nc-sa/4.0/,David Vander Pluym,2015-03-18,song
train,Northern Cardinal,northern_cardinal,Cardinalis,cardinalis,233122,233122-5.wav,wavfiles/233122-5.wav,//www.xeno-canto.org/233122,//creativecommons.org/licenses/by-nc-sa/4.0/,David Vander Pluym,2015-03-18,song
train,Northern Cardinal,northern_cardinal,Cardinalis,cardinalis,233122,233122-6.wav,wavfiles/233122-6.wav,//www.xeno-canto.org/233122,//creativecommons.org/licenses/by-nc-sa/4.0/,David Vander Pluym,2015-03-18,song
train,Northern Cardinal,northern_cardinal,Cardinalis,cardinalis,233122,233122-7.wav,wavfiles/233122-7.wav,//www.xeno-canto.org/233122,//creativecommons.org/licenses/by-nc-sa/4.0/,David Vander Pluym,2015-03-18,song
train,Northern Cardinal,northern_cardinal,Cardinalis,cardinalis,233122,233122-9.wav,wavfiles/233122-9.wav,//www.xeno-canto.org/233122,//creativecommons.org/licenses/by-nc-sa/4.0/,David Vander Pluym,2015-03-18,song
train,Northern Cardinal,northern_cardinal,Cardinalis,cardinalis,233123,233123-0.wav,wavfiles/233123-0.wav,//www.xeno-canto.org/233123,//creativecommons.org/licenses/by-nc-sa/4.0/,David Vander Pluym,2015-03-18,song
train,Northern Cardinal,northern_cardinal,Cardinalis,cardinalis,233123,233123-1.wav,wavfiles/233123-1.wav,//www.xeno-canto.org/233123,//creativecommons.org/licenses/by-nc-sa/4.0/,David Vander Pluym,2015-03-18,song
train,Northern Cardinal,northern_cardinal,Cardinalis,cardinalis,233123,233123-10.wav,wavfiles/233123-10.wav,//www.xeno-canto.org/233123,//creativecommons.org/licenses/by-nc-sa/4.0/,David Vander Pluym,2015-03-18,song
train,Northern Cardinal,northern_cardinal,Cardinalis,cardinalis,233123,233123-11.wav,wavfiles/233123-11.wav,//www.xeno-canto.org/233123,//creativecommons.org/licenses/by-nc-sa/4.0/,David Vander Pluym,2015-03-18,song
train,Northern Cardinal,northern_cardinal,Cardinalis,cardinalis,233123,233123-12.wav,wavfiles/233123-12.wav,//www.xeno-canto.org/233123,//creativecommons.org/licenses/by-nc-sa/4.0/,David Vander Pluym,2015-03-18,song
train,Northern Cardinal,northern_cardinal,Cardinalis,cardinalis,233123,233123-2.wav,wavfiles/233123-2.wav,//www.xeno-canto.org/233123,//creativecommons.org/licenses/by-nc-sa/4.0/,David Vander Pluym,2015-03-18,song
train,Northern Cardinal,northern_cardinal,Cardinalis,cardinalis,233123,233123-3.wav,wavfiles/233123-3.wav,//www.xeno-canto.org/233123,//creativecommons.org/licenses/by-nc-sa/4.0/,David Vander Pluym,2015-03-18,song
train,Northern Cardinal,northern_cardinal,Cardinalis,cardinalis,233123,233123-4.wav,wavfiles/233123-4.wav,//www.xeno-canto.org/233123,//creativecommons.org/licenses/by-nc-sa/4.0/,David Vander Pluym,2015-03-18,song
train,Northern Cardinal,northern_cardinal,Cardinalis,cardinalis,233123,233123-5.wav,wavfiles/233123-5.wav,//www.xeno-canto.org/233123,//creativecommons.org/licenses/by-nc-sa/4.0/,David Vander Pluym,2015-03-18,song
train,Northern Cardinal,northern_cardinal,Cardinalis,cardinalis,233123,233123-6.wav,wavfiles/233123-6.wav,//www.xeno-canto.org/233123,//creativecommons.org/licenses/by-nc-sa/4.0/,David Vander Pluym,2015-03-18,song
train,Northern Cardinal,northern_cardinal,Cardinalis,cardinalis,233123,233123-7.wav,wavfiles/233123-7.wav,//www.xeno-canto.org/233123,//creativecommons.org/licenses/by-nc-sa/4.0/,David Vander Pluym,2015-03-18,song
train,Northern Cardinal,northern_cardinal,Cardinalis,cardinalis,233123,233123-8.wav,wavfiles/233123-8.wav,//www.xeno-canto.org/233123,//creativecommons.org/licenses/by-nc-sa/4.0/,David Vander Pluym,2015-03-18,song
train,Northern Cardinal,northern_cardinal,Cardinalis,cardinalis,233123,233123-9.wav,wavfiles/233123-9.wav,//www.xeno-canto.org/233123,//creativecommons.org/licenses/by-nc-sa/4.0/,David Vander Pluym,2015-03-18,song
train,Northern Cardinal,northern_cardinal,Cardinalis,cardinalis,313423,313423-0.wav,wavfiles/313423-0.wav,//www.xeno-canto.org/313423,//creativecommons.org/licenses/by-nc-sa/4.0/,Jim Berry,2016-04-23,song
train,Northern Cardinal,northern_cardinal,Cardinalis,cardinalis,313423,313423-1.wav,wavfiles/313423-1.wav,//www.xeno-canto.org/313423,//creativecommons.org/licenses/by-nc-sa/4.0/,Jim Berry,2016-04-23,song
train,Northern Cardinal,northern_cardinal,Cardinalis,cardinalis,313423,313423-10.wav,wavfiles/313423-10.wav,//www.xeno-canto.org/313423,//creativecommons.org/licenses/by-nc-sa/4.0/,Jim Berry,2016-04-23,song
train,Northern Cardinal,northern_cardinal,Cardinalis,cardinalis,313423,313423-11.wav,wavfiles/313423-11.wav,//www.xeno-canto.org/313423,//creativecommons.org/licenses/by-nc-sa/4.0/,Jim Berry,2016-04-23,song
train,Northern Cardinal,northern_cardinal,Cardinalis,cardinalis,313423,313423-12.wav,wavfiles/313423-12.wav,//www.xeno-canto.org/313423,//creativecommons.org/licenses/by-nc-sa/4.0/,Jim Berry,2016-04-23,song
train,Northern Cardinal,northern_cardinal,Cardinalis,cardinalis,313423,313423-13.wav,wavfiles/313423-13.wav,//www.xeno-canto.org/313423,//creativecommons.org/licenses/by-nc-sa/4.0/,Jim Berry,2016-04-23,song
train,Northern Cardinal,northern_cardinal,Cardinalis,cardinalis,313423,313423-2.wav,wavfiles/313423-2.wav,//www.xeno-canto.org/313423,//creativecommons.org/licenses/by-nc-sa/4.0/,Jim Berry,2016-04-23,song
train,Northern Cardinal,northern_cardinal,Cardinalis,cardinalis,313423,313423-3.wav,wavfiles/313423-3.wav,//www.xeno-canto.org/313423,//creativecommons.org/licenses/by-nc-sa/4.0/,Jim Berry,2016-04-23,song
train,Northern Cardinal,northern_cardinal,Cardinalis,cardinalis,313423,313423-5.wav,wavfiles/313423-5.wav,//www.xeno-canto.org/313423,//creativecommons.org/licenses/by-nc-sa/4.0/,Jim Berry,2016-04-23,song
train,Northern Cardinal,northern_cardinal,Cardinalis,cardinalis,313423,313423-6.wav,wavfiles/313423-6.wav,//www.xeno-canto.org/313423,//creativecommons.org/licenses/by-nc-sa/4.0/,Jim Berry,2016-04-23,song
train,Northern Cardinal,northern_cardinal,Cardinalis,cardinalis,313423,313423-7.wav,wavfiles/313423-7.wav,//www.xeno-canto.org/313423,//creativecommons.org/licenses/by-nc-sa/4.0/,Jim Berry,2016-04-23,song
train,Northern Cardinal,northern_cardinal,Cardinalis,cardinalis,313423,313423-8.wav,wavfiles/313423-8.wav,//www.xeno-canto.org/313423,//creativecommons.org/licenses/by-nc-sa/4.0/,Jim Berry,2016-04-23,song
train,Northern Cardinal,northern_cardinal,Cardinalis,cardinalis,317266,317266-0.wav,wavfiles/317266-0.wav,//www.xeno-canto.org/317266,//creativecommons.org/licenses/by-nc-sa/4.0/,Nick Komar,2016-05-15,"male, song"
train,Northern Cardinal,northern_cardinal,Cardinalis,cardinalis,317266,317266-1.wav,wavfiles/317266-1.wav,//www.xeno-canto.org/317266,//creativecommons.org/licenses/by-nc-sa/4.0/,Nick Komar,2016-05-15,"male, song"
train,Northern Cardinal,northern_cardinal,Cardinalis,cardinalis,317266,317266-12.wav,wavfiles/317266-12.wav,//www.xeno-canto.org/317266,//creativecommons.org/licenses/by-nc-sa/4.0/,Nick Komar,2016-05-15,"male, song"
train,Northern Cardinal,northern_cardinal,Cardinalis,cardinalis,317266,317266-13.wav,wavfiles/317266-13.wav,//www.xeno-canto.org/317266,//creativecommons.org/licenses/by-nc-sa/4.0/,Nick Komar,2016-05-15,"male, song"
train,Northern Cardinal,northern_cardinal,Cardinalis,cardinalis,317266,317266-14.wav,wavfiles/317266-14.wav,//www.xeno-canto.org/317266,//creativecommons.org/licenses/by-nc-sa/4.0/,Nick Komar,2016-05-15,"male, song"
train,Northern Cardinal,northern_cardinal,Cardinalis,cardinalis,317266,317266-2.wav,wavfiles/317266-2.wav,//www.xeno-canto.org/317266,//creativecommons.org/licenses/by-nc-sa/4.0/,Nick Komar,2016-05-15,"male, song"
train,Northern Cardinal,northern_cardinal,Cardinalis,cardinalis,317266,317266-3.wav,wavfiles/317266-3.wav,//www.xeno-canto.org/317266,//creativecommons.org/licenses/by-nc-sa/4.0/,Nick Komar,2016-05-15,"male, song"
train,Northern Cardinal,northern_cardinal,Cardinalis,cardinalis,317266,317266-4.wav,wavfiles/317266-4.wav,//www.xeno-canto.org/317266,//creativecommons.org/licenses/by-nc-sa/4.0/,Nick Komar,2016-05-15,"male, song"
train,Northern Cardinal,northern_cardinal,Cardinalis,cardinalis,317266,317266-5.wav,wavfiles/317266-5.wav,//www.xeno-canto.org/317266,//creativecommons.org/licenses/by-nc-sa/4.0/,Nick Komar,2016-05-15,"male, song"
train,Northern Cardinal,northern_cardinal,Cardinalis,cardinalis,317266,317266-6.wav,wavfiles/317266-6.wav,//www.xeno-canto.org/317266,//creativecommons.org/licenses/by-nc-sa/4.0/,Nick Komar,2016-05-15,"male, song"
train,Northern Cardinal,northern_cardinal,Cardinalis,cardinalis,317266,317266-7.wav,wavfiles/317266-7.wav,//www.xeno-canto.org/317266,//creativecommons.org/licenses/by-nc-sa/4.0/,Nick Komar,2016-05-15,"male, song"
train,Northern Cardinal,northern_cardinal,Cardinalis,cardinalis,317266,317266-8.wav,wavfiles/317266-8.wav,//www.xeno-canto.org/317266,//creativecommons.org/licenses/by-nc-sa/4.0/,Nick Komar,2016-05-15,"male, song"
train,Northern Cardinal,northern_cardinal,Cardinalis,cardinalis,321375,321375-0.wav,wavfiles/321375-0.wav,//www.xeno-canto.org/321375,//creativecommons.org/licenses/by-nc-sa/4.0/,Paul Marvin,2016-05-28,"male, song"
train,Northern Cardinal,northern_cardinal,Cardinalis,cardinalis,321375,321375-1.wav,wavfiles/321375-1.wav,//www.xeno-canto.org/321375,//creativecommons.org/licenses/by-nc-sa/4.0/,Paul Marvin,2016-05-28,"male, song"
train,Northern Cardinal,northern_cardinal,Cardinalis,cardinalis,321375,321375-2.wav,wavfiles/321375-2.wav,//www.xeno-canto.org/321375,//creativecommons.org/licenses/by-nc-sa/4.0/,Paul Marvin,2016-05-28,"male, song"
train,Northern Cardinal,northern_cardinal,Cardinalis,cardinalis,321375,321375-3.wav,wavfiles/321375-3.wav,//www.xeno-canto.org/321375,//creativecommons.org/licenses/by-nc-sa/4.0/,Paul Marvin,2016-05-28,"male, song"
train,Northern Cardinal,northern_cardinal,Cardinalis,cardinalis,321375,321375-4.wav,wavfiles/321375-4.wav,//www.xeno-canto.org/321375,//creativecommons.org/licenses/by-nc-sa/4.0/,Paul Marvin,2016-05-28,"male, song"
train,Northern Cardinal,northern_cardinal,Cardinalis,cardinalis,321375,321375-6.wav,wavfiles/321375-6.wav,//www.xeno-canto.org/321375,//creativecommons.org/licenses/by-nc-sa/4.0/,Paul Marvin,2016-05-28,"male, song"
train,Northern Cardinal,northern_cardinal,Cardinalis,cardinalis,321375,321375-7.wav,wavfiles/321375-7.wav,//www.xeno-canto.org/321375,//creativecommons.org/licenses/by-nc-sa/4.0/,Paul Marvin,2016-05-28,"male, song"
train,Northern Cardinal,northern_cardinal,Cardinalis,cardinalis,325658,325658-0.wav,wavfiles/325658-0.wav,//www.xeno-canto.org/325658,//creativecommons.org/licenses/by-nc-sa/4.0/,Jerald R,2016-07-04,song
train,Northern Cardinal,northern_cardinal,Cardinalis,cardinalis,325658,325658-1.wav,wavfiles/325658-1.wav,//www.xeno-canto.org/325658,//creativecommons.org/licenses/by-nc-sa/4.0/,Jerald R,2016-07-04,song
train,Northern Cardinal,northern_cardinal,Cardinalis,cardinalis,325658,325658-2.wav,wavfiles/325658-2.wav,//www.xeno-canto.org/325658,//creativecommons.org/licenses/by-nc-sa/4.0/,Jerald R,2016-07-04,song
train,Northern Cardinal,northern_cardinal,Cardinalis,cardinalis,325658,325658-3.wav,wavfiles/325658-3.wav,//www.xeno-canto.org/325658,//creativecommons.org/licenses/by-nc-sa/4.0/,Jerald R,2016-07-04,song
train,Northern Cardinal,northern_cardinal,Cardinalis,cardinalis,325658,325658-5.wav,wavfiles/325658-5.wav,//www.xeno-canto.org/325658,//creativecommons.org/licenses/by-nc-sa/4.0/,Jerald R,2016-07-04,song
train,Northern Cardinal,northern_cardinal,Cardinalis,cardinalis,325658,325658-6.wav,wavfiles/325658-6.wav,//www.xeno-canto.org/325658,//creativecommons.org/licenses/by-nc-sa/4.0/,Jerald R,2016-07-04,song
train,Northern Cardinal,northern_cardinal,Cardinalis,cardinalis,343926,343926-0.wav,wavfiles/343926-0.wav,//www.xeno-canto.org/343926,//creativecommons.org/licenses/by-nc-sa/4.0/,Sue Riffe,2016-04-25,song
train,Northern Cardinal,northern_cardinal,Cardinalis,cardinalis,343926,343926-1.wav,wavfiles/343926-1.wav,//www.xeno-canto.org/343926,//creativecommons.org/licenses/by-nc-sa/4.0/,Sue Riffe,2016-04-25,song
train,Northern Cardinal,northern_cardinal,Cardinalis,cardinalis,343926,343926-2.wav,wavfiles/343926-2.wav,//www.xeno-canto.org/343926,//creativecommons.org/licenses/by-nc-sa/4.0/,Sue Riffe,2016-04-25,song
train,Northern Cardinal,northern_cardinal,Cardinalis,cardinalis,343926,343926-3.wav,wavfiles/343926-3.wav,//www.xeno-canto.org/343926,//creativecommons.org/licenses/by-nc-sa/4.0/,Sue Riffe,2016-04-25,song
train,Northern Cardinal,northern_cardinal,Cardinalis,cardinalis,343926,343926-4.wav,wavfiles/343926-4.wav,//www.xeno-canto.org/343926,//creativecommons.org/licenses/by-nc-sa/4.0/,Sue Riffe,2016-04-25,song
train,Northern Cardinal,northern_cardinal,Cardinalis,cardinalis,343926,343926-5.wav,wavfiles/343926-5.wav,//www.xeno-canto.org/343926,//creativecommons.org/licenses/by-nc-sa/4.0/,Sue Riffe,2016-04-25,song
train,Northern Cardinal,northern_cardinal,Cardinalis,cardinalis,343926,343926-6.wav,wavfiles/343926-6.wav,//www.xeno-canto.org/343926,//creativecommons.org/licenses/by-nc-sa/4.0/,Sue Riffe,2016-04-25,song
train,Northern Cardinal,northern_cardinal,Cardinalis,cardinalis,343926,343926-8.wav,wavfiles/343926-8.wav,//www.xeno-canto.org/343926,//creativecommons.org/licenses/by-nc-sa/4.0/,Sue Riffe,2016-04-25,song
train,Northern Cardinal,northern_cardinal,Cardinalis,cardinalis,343926,343926-9.wav,wavfiles/343926-9.wav,//www.xeno-canto.org/343926,//creativecommons.org/licenses/by-nc-sa/4.0/,Sue Riffe,2016-04-25,song
train,Northern Cardinal,northern_cardinal,Cardinalis,cardinalis,356804,356804-0.wav,wavfiles/356804-0.wav,//www.xeno-canto.org/356804,//creativecommons.org/licenses/by-nc-sa/4.0/,Russ Wigh,2017-02-25,song
train,Northern Cardinal,northern_cardinal,Cardinalis,cardinalis,356804,356804-1.wav,wavfiles/356804-1.wav,//www.xeno-canto.org/356804,//creativecommons.org/licenses/by-nc-sa/4.0/,Russ Wigh,2017-02-25,song
train,Northern Cardinal,northern_cardinal,Cardinalis,cardinalis,356804,356804-10.wav,wavfiles/356804-10.wav,//www.xeno-canto.org/356804,//creativecommons.org/licenses/by-nc-sa/4.0/,Russ Wigh,2017-02-25,song
train,Northern Cardinal,northern_cardinal,Cardinalis,cardinalis,356804,356804-2.wav,wavfiles/356804-2.wav,//www.xeno-canto.org/356804,//creativecommons.org/licenses/by-nc-sa/4.0/,Russ Wigh,2017-02-25,song
train,Northern Cardinal,northern_cardinal,Cardinalis,cardinalis,356804,356804-3.wav,wavfiles/356804-3.wav,//www.xeno-canto.org/356804,//creativecommons.org/licenses/by-nc-sa/4.0/,Russ Wigh,2017-02-25,song
train,Northern Cardinal,northern_cardinal,Cardinalis,cardinalis,356804,356804-4.wav,wavfiles/356804-4.wav,//www.xeno-canto.org/356804,//creativecommons.org/licenses/by-nc-sa/4.0/,Russ Wigh,2017-02-25,song
train,Northern Cardinal,northern_cardinal,Cardinalis,cardinalis,356804,356804-5.wav,wavfiles/356804-5.wav,//www.xeno-canto.org/356804,//creativecommons.org/licenses/by-nc-sa/4.0/,Russ Wigh,2017-02-25,song
train,Northern Cardinal,northern_cardinal,Cardinalis,cardinalis,356804,356804-6.wav,wavfiles/356804-6.wav,//www.xeno-canto.org/356804,//creativecommons.org/licenses/by-nc-sa/4.0/,Russ Wigh,2017-02-25,song
train,Northern Cardinal,northern_cardinal,Cardinalis,cardinalis,356804,356804-7.wav,wavfiles/356804-7.wav,//www.xeno-canto.org/356804,//creativecommons.org/licenses/by-nc-sa/4.0/,Russ Wigh,2017-02-25,song
train,Northern Cardinal,northern_cardinal,Cardinalis,cardinalis,356804,356804-8.wav,wavfiles/356804-8.wav,//www.xeno-canto.org/356804,//creativecommons.org/licenses/by-nc-sa/4.0/,Russ Wigh,2017-02-25,song
train,Northern Cardinal,northern_cardinal,Cardinalis,cardinalis,356804,356804-9.wav,wavfiles/356804-9.wav,//www.xeno-canto.org/356804,//creativecommons.org/licenses/by-nc-sa/4.0/,Russ Wigh,2017-02-25,song
train,Northern Cardinal,northern_cardinal,Cardinalis,cardinalis,362753,362753-0.wav,wavfiles/362753-0.wav,//www.xeno-canto.org/362753,//creativecommons.org/licenses/by-nc-sa/4.0/,Scott Gravette,2017-04-02,song
train,Northern Cardinal,northern_cardinal,Cardinalis,cardinalis,362753,362753-1.wav,wavfiles/362753-1.wav,//www.xeno-canto.org/362753,//creativecommons.org/licenses/by-nc-sa/4.0/,Scott Gravette,2017-04-02,song
train,Northern Cardinal,northern_cardinal,Cardinalis,cardinalis,362753,362753-10.wav,wavfiles/362753-10.wav,//www.xeno-canto.org/362753,//creativecommons.org/licenses/by-nc-sa/4.0/,Scott Gravette,2017-04-02,song
train,Northern Cardinal,northern_cardinal,Cardinalis,cardinalis,362753,362753-11.wav,wavfiles/362753-11.wav,//www.xeno-canto.org/362753,//creativecommons.org/licenses/by-nc-sa/4.0/,Scott Gravette,2017-04-02,song
train,Northern Cardinal,northern_cardinal,Cardinalis,cardinalis,362753,362753-12.wav,wavfiles/362753-12.wav,//www.xeno-canto.org/362753,//creativecommons.org/licenses/by-nc-sa/4.0/,Scott Gravette,2017-04-02,song
train,Northern Cardinal,northern_cardinal,Cardinalis,cardinalis,362753,362753-13.wav,wavfiles/362753-13.wav,//www.xeno-canto.org/362753,//creativecommons.org/licenses/by-nc-sa/4.0/,Scott Gravette,2017-04-02,song
train,Northern Cardinal,northern_cardinal,Cardinalis,cardinalis,362753,362753-2.wav,wavfiles/362753-2.wav,//www.xeno-canto.org/362753,//creativecommons.org/licenses/by-nc-sa/4.0/,Scott Gravette,2017-04-02,song
train,Northern Cardinal,northern_cardinal,Cardinalis,cardinalis,362753,362753-3.wav,wavfiles/362753-3.wav,//www.xeno-canto.org/362753,//creativecommons.org/licenses/by-nc-sa/4.0/,Scott Gravette,2017-04-02,song
train,Northern Cardinal,northern_cardinal,Cardinalis,cardinalis,362753,362753-4.wav,wavfiles/362753-4.wav,//www.xeno-canto.org/362753,//creativecommons.org/licenses/by-nc-sa/4.0/,Scott Gravette,2017-04-02,song
train,Northern Cardinal,northern_cardinal,Cardinalis,cardinalis,362753,362753-6.wav,wavfiles/362753-6.wav,//www.xeno-canto.org/362753,//creativecommons.org/licenses/by-nc-sa/4.0/,Scott Gravette,2017-04-02,song
train,Northern Cardinal,northern_cardinal,Cardinalis,cardinalis,362753,362753-7.wav,wavfiles/362753-7.wav,//www.xeno-canto.org/362753,//creativecommons.org/licenses/by-nc-sa/4.0/,Scott Gravette,2017-04-02,song
train,Northern Cardinal,northern_cardinal,Cardinalis,cardinalis,362753,362753-8.wav,wavfiles/362753-8.wav,//www.xeno-canto.org/362753,//creativecommons.org/licenses/by-nc-sa/4.0/,Scott Gravette,2017-04-02,song
train,Northern Cardinal,northern_cardinal,Cardinalis,cardinalis,362753,362753-9.wav,wavfiles/362753-9.wav,//www.xeno-canto.org/362753,//creativecommons.org/licenses/by-nc-sa/4.0/,Scott Gravette,2017-04-02,song
train,Northern Cardinal,northern_cardinal,Cardinalis,cardinalis,363861,363861-0.wav,wavfiles/363861-0.wav,//www.xeno-canto.org/363861,//creativecommons.org/licenses/by-nc-sa/4.0/,Brian Murphy,2017-04-10,song
train,Northern Cardinal,northern_cardinal,Cardinalis,cardinalis,363861,363861-1.wav,wavfiles/363861-1.wav,//www.xeno-canto.org/363861,//creativecommons.org/licenses/by-nc-sa/4.0/,Brian Murphy,2017-04-10,song
train,Northern Cardinal,northern_cardinal,Cardinalis,cardinalis,363861,363861-10.wav,wavfiles/363861-10.wav,//www.xeno-canto.org/363861,//creativecommons.org/licenses/by-nc-sa/4.0/,Brian Murphy,2017-04-10,song
train,Northern Cardinal,northern_cardinal,Cardinalis,cardinalis,363861,363861-11.wav,wavfiles/363861-11.wav,//www.xeno-canto.org/363861,//creativecommons.org/licenses/by-nc-sa/4.0/,Brian Murphy,2017-04-10,song
train,Northern Cardinal,northern_cardinal,Cardinalis,cardinalis,363861,363861-12.wav,wavfiles/363861-12.wav,//www.xeno-canto.org/363861,//creativecommons.org/licenses/by-nc-sa/4.0/,Brian Murphy,2017-04-10,song
train,Northern Cardinal,northern_cardinal,Cardinalis,cardinalis,363861,363861-13.wav,wavfiles/363861-13.wav,//www.xeno-canto.org/363861,//creativecommons.org/licenses/by-nc-sa/4.0/,Brian Murphy,2017-04-10,song
train,Northern Cardinal,northern_cardinal,Cardinalis,cardinalis,363861,363861-14.wav,wavfiles/363861-14.wav,//www.xeno-canto.org/363861,//creativecommons.org/licenses/by-nc-sa/4.0/,Brian Murphy,2017-04-10,song
train,Northern Cardinal,northern_cardinal,Cardinalis,cardinalis,363861,363861-15.wav,wavfiles/363861-15.wav,//www.xeno-canto.org/363861,//creativecommons.org/licenses/by-nc-sa/4.0/,Brian Murphy,2017-04-10,song
train,Northern Cardinal,northern_cardinal,Cardinalis,cardinalis,363861,363861-16.wav,wavfiles/363861-16.wav,//www.xeno-canto.org/363861,//creativecommons.org/licenses/by-nc-sa/4.0/,Brian Murphy,2017-04-10,song
train,Northern Cardinal,northern_cardinal,Cardinalis,cardinalis,363861,363861-17.wav,wavfiles/363861-17.wav,//www.xeno-canto.org/363861,//creativecommons.org/licenses/by-nc-sa/4.0/,Brian Murphy,2017-04-10,song
train,Northern Cardinal,northern_cardinal,Cardinalis,cardinalis,363861,363861-2.wav,wavfiles/363861-2.wav,//www.xeno-canto.org/363861,//creativecommons.org/licenses/by-nc-sa/4.0/,Brian Murphy,2017-04-10,song
train,Northern Cardinal,northern_cardinal,Cardinalis,cardinalis,363861,363861-3.wav,wavfiles/363861-3.wav,//www.xeno-canto.org/363861,//creativecommons.org/licenses/by-nc-sa/4.0/,Brian Murphy,2017-04-10,song
train,Northern Cardinal,northern_cardinal,Cardinalis,cardinalis,363861,363861-4.wav,wavfiles/363861-4.wav,//www.xeno-canto.org/363861,//creativecommons.org/licenses/by-nc-sa/4.0/,Brian Murphy,2017-04-10,song
train,Northern Cardinal,northern_cardinal,Cardinalis,cardinalis,363861,363861-5.wav,wavfiles/363861-5.wav,//www.xeno-canto.org/363861,//creativecommons.org/licenses/by-nc-sa/4.0/,Brian Murphy,2017-04-10,song
train,Northern Cardinal,northern_cardinal,Cardinalis,cardinalis,363861,363861-6.wav,wavfiles/363861-6.wav,//www.xeno-canto.org/363861,//creativecommons.org/licenses/by-nc-sa/4.0/,Brian Murphy,2017-04-10,song
train,Northern Cardinal,northern_cardinal,Cardinalis,cardinalis,363861,363861-7.wav,wavfiles/363861-7.wav,//www.xeno-canto.org/363861,//creativecommons.org/licenses/by-nc-sa/4.0/,Brian Murphy,2017-04-10,song
train,Northern Cardinal,northern_cardinal,Cardinalis,cardinalis,363861,363861-8.wav,wavfiles/363861-8.wav,//www.xeno-canto.org/363861,//creativecommons.org/licenses/by-nc-sa/4.0/,Brian Murphy,2017-04-10,song
train,Northern Cardinal,northern_cardinal,Cardinalis,cardinalis,363861,363861-9.wav,wavfiles/363861-9.wav,//www.xeno-canto.org/363861,//creativecommons.org/licenses/by-nc-sa/4.0/,Brian Murphy,2017-04-10,song
train,Northern Cardinal,northern_cardinal,Cardinalis,cardinalis,370494,370494-0.wav,wavfiles/370494-0.wav,//www.xeno-canto.org/370494,//creativecommons.org/licenses/by-nc-sa/4.0/,Eric DeFonso,2017-05-12,"male, song"
train,Northern Cardinal,northern_cardinal,Cardinalis,cardinalis,370494,370494-1.wav,wavfiles/370494-1.wav,//www.xeno-canto.org/370494,//creativecommons.org/licenses/by-nc-sa/4.0/,Eric DeFonso,2017-05-12,"male, song"
train,Northern Cardinal,northern_cardinal,Cardinalis,cardinalis,370494,370494-2.wav,wavfiles/370494-2.wav,//www.xeno-canto.org/370494,//creativecommons.org/licenses/by-nc-sa/4.0/,Eric DeFonso,2017-05-12,"male, song"
train,Northern Cardinal,northern_cardinal,Cardinalis,cardinalis,370494,370494-3.wav,wavfiles/370494-3.wav,//www.xeno-canto.org/370494,//creativecommons.org/licenses/by-nc-sa/4.0/,Eric DeFonso,2017-05-12,"male, song"
train,Northern Cardinal,northern_cardinal,Cardinalis,cardinalis,370494,370494-4.wav,wavfiles/370494-4.wav,//www.xeno-canto.org/370494,//creativecommons.org/licenses/by-nc-sa/4.0/,Eric DeFonso,2017-05-12,"male, song"
train,Northern Cardinal,northern_cardinal,Cardinalis,cardinalis,370494,370494-5.wav,wavfiles/370494-5.wav,//www.xeno-canto.org/370494,//creativecommons.org/licenses/by-nc-sa/4.0/,Eric DeFonso,2017-05-12,"male, song"
train,Northern Cardinal,northern_cardinal,Cardinalis,cardinalis,370494,370494-6.wav,wavfiles/370494-6.wav,//www.xeno-canto.org/370494,//creativecommons.org/licenses/by-nc-sa/4.0/,Eric DeFonso,2017-05-12,"male, song"
train,Northern Cardinal,northern_cardinal,Cardinalis,cardinalis,370494,370494-7.wav,wavfiles/370494-7.wav,//www.xeno-canto.org/370494,//creativecommons.org/licenses/by-nc-sa/4.0/,Eric DeFonso,2017-05-12,"male, song"
train,Northern Cardinal,northern_cardinal,Cardinalis,cardinalis,370494,370494-8.wav,wavfiles/370494-8.wav,//www.xeno-canto.org/370494,//creativecommons.org/licenses/by-nc-sa/4.0/,Eric DeFonso,2017-05-12,"male, song"
train,Northern Cardinal,northern_cardinal,Cardinalis,cardinalis,370494,370494-9.wav,wavfiles/370494-9.wav,//www.xeno-canto.org/370494,//creativecommons.org/licenses/by-nc-sa/4.0/,Eric DeFonso,2017-05-12,"male, song"
train,Northern Cardinal,northern_cardinal,Cardinalis,cardinalis,372866,372866-0.wav,wavfiles/372866-0.wav,//www.xeno-canto.org/372866,//creativecommons.org/licenses/by-nc-sa/4.0/,Vicki Dern,2017-05-14,song
train,Northern Cardinal,northern_cardinal,Cardinalis,cardinalis,372866,372866-1.wav,wavfiles/372866-1.wav,//www.xeno-canto.org/372866,//creativecommons.org/licenses/by-nc-sa/4.0/,Vicki Dern,2017-05-14,song
train,Northern Cardinal,northern_cardinal,Cardinalis,cardinalis,372866,372866-10.wav,wavfiles/372866-10.wav,//www.xeno-canto.org/372866,//creativecommons.org/licenses/by-nc-sa/4.0/,Vicki Dern,2017-05-14,song
train,Northern Cardinal,northern_cardinal,Cardinalis,cardinalis,372866,372866-11.wav,wavfiles/372866-11.wav,//www.xeno-canto.org/372866,//creativecommons.org/licenses/by-nc-sa/4.0/,Vicki Dern,2017-05-14,song
train,Northern Cardinal,northern_cardinal,Cardinalis,cardinalis,372866,372866-12.wav,wavfiles/372866-12.wav,//www.xeno-canto.org/372866,//creativecommons.org/licenses/by-nc-sa/4.0/,Vicki Dern,2017-05-14,song
train,Northern Cardinal,northern_cardinal,Cardinalis,cardinalis,372866,372866-13.wav,wavfiles/372866-13.wav,//www.xeno-canto.org/372866,//creativecommons.org/licenses/by-nc-sa/4.0/,Vicki Dern,2017-05-14,song
train,Northern Cardinal,northern_cardinal,Cardinalis,cardinalis,372866,372866-2.wav,wavfiles/372866-2.wav,//www.xeno-canto.org/372866,//creativecommons.org/licenses/by-nc-sa/4.0/,Vicki Dern,2017-05-14,song
train,Northern Cardinal,northern_cardinal,Cardinalis,cardinalis,372866,372866-3.wav,wavfiles/372866-3.wav,//www.xeno-canto.org/372866,//creativecommons.org/licenses/by-nc-sa/4.0/,Vicki Dern,2017-05-14,song
train,Northern Cardinal,northern_cardinal,Cardinalis,cardinalis,372866,372866-4.wav,wavfiles/372866-4.wav,//www.xeno-canto.org/372866,//creativecommons.org/licenses/by-nc-sa/4.0/,Vicki Dern,2017-05-14,song
train,Northern Cardinal,northern_cardinal,Cardinalis,cardinalis,372866,372866-5.wav,wavfiles/372866-5.wav,//www.xeno-canto.org/372866,//creativecommons.org/licenses/by-nc-sa/4.0/,Vicki Dern,2017-05-14,song
train,Northern Cardinal,northern_cardinal,Cardinalis,cardinalis,372866,372866-6.wav,wavfiles/372866-6.wav,//www.xeno-canto.org/372866,//creativecommons.org/licenses/by-nc-sa/4.0/,Vicki Dern,2017-05-14,song
train,Northern Cardinal,northern_cardinal,Cardinalis,cardinalis,372866,372866-7.wav,wavfiles/372866-7.wav,//www.xeno-canto.org/372866,//creativecommons.org/licenses/by-nc-sa/4.0/,Vicki Dern,2017-05-14,song
train,Northern Cardinal,northern_cardinal,Cardinalis,cardinalis,372866,372866-8.wav,wavfiles/372866-8.wav,//www.xeno-canto.org/372866,//creativecommons.org/licenses/by-nc-sa/4.0/,Vicki Dern,2017-05-14,song
train,Northern Cardinal,northern_cardinal,Cardinalis,cardinalis,372866,372866-9.wav,wavfiles/372866-9.wav,//www.xeno-canto.org/372866,//creativecommons.org/licenses/by-nc-sa/4.0/,Vicki Dern,2017-05-14,song
train,Northern Cardinal,northern_cardinal,Cardinalis,cardinalis,373569,373569-0.wav,wavfiles/373569-0.wav,//www.xeno-canto.org/373569,//creativecommons.org/licenses/by-nc-sa/4.0/,Nicholas Comparato,2017-06-01,"call, song"
train,Northern Cardinal,northern_cardinal,Cardinalis,cardinalis,373569,373569-1.wav,wavfiles/373569-1.wav,//www.xeno-canto.org/373569,//creativecommons.org/licenses/by-nc-sa/4.0/,Nicholas Comparato,2017-06-01,"call, song"
train,Northern Cardinal,northern_cardinal,Cardinalis,cardinalis,373569,373569-2.wav,wavfiles/373569-2.wav,//www.xeno-canto.org/373569,//creativecommons.org/licenses/by-nc-sa/4.0/,Nicholas Comparato,2017-06-01,"call, song"
train,Northern Cardinal,northern_cardinal,Cardinalis,cardinalis,373569,373569-6.wav,wavfiles/373569-6.wav,//www.xeno-canto.org/373569,//creativecommons.org/licenses/by-nc-sa/4.0/,Nicholas Comparato,2017-06-01,"call, song"
train,Northern Cardinal,northern_cardinal,Cardinalis,cardinalis,373569,373569-7.wav,wavfiles/373569-7.wav,//www.xeno-canto.org/373569,//creativecommons.org/licenses/by-nc-sa/4.0/,Nicholas Comparato,2017-06-01,"call, song"
train,Northern Cardinal,northern_cardinal,Cardinalis,cardinalis,373569,373569-8.wav,wavfiles/373569-8.wav,//www.xeno-canto.org/373569,//creativecommons.org/licenses/by-nc-sa/4.0/,Nicholas Comparato,2017-06-01,"call, song"
train,Northern Cardinal,northern_cardinal,Cardinalis,cardinalis,375382,375382-0.wav,wavfiles/375382-0.wav,//www.xeno-canto.org/375382,//creativecommons.org/licenses/by-nc-sa/4.0/,Matt Baumann,2017-06-09,song
train,Northern Cardinal,northern_cardinal,Cardinalis,cardinalis,375382,375382-1.wav,wavfiles/375382-1.wav,//www.xeno-canto.org/375382,//creativecommons.org/licenses/by-nc-sa/4.0/,Matt Baumann,2017-06-09,song
train,Northern Cardinal,northern_cardinal,Cardinalis,cardinalis,375382,375382-12.wav,wavfiles/375382-12.wav,//www.xeno-canto.org/375382,//creativecommons.org/licenses/by-nc-sa/4.0/,Matt Baumann,2017-06-09,song
train,Northern Cardinal,northern_cardinal,Cardinalis,cardinalis,375382,375382-13.wav,wavfiles/375382-13.wav,//www.xeno-canto.org/375382,//creativecommons.org/licenses/by-nc-sa/4.0/,Matt Baumann,2017-06-09,song
train,Northern Cardinal,northern_cardinal,Cardinalis,cardinalis,375382,375382-2.wav,wavfiles/375382-2.wav,//www.xeno-canto.org/375382,//creativecommons.org/licenses/by-nc-sa/4.0/,Matt Baumann,2017-06-09,song
train,Northern Cardinal,northern_cardinal,Cardinalis,cardinalis,375382,375382-3.wav,wavfiles/375382-3.wav,//www.xeno-canto.org/375382,//creativecommons.org/licenses/by-nc-sa/4.0/,Matt Baumann,2017-06-09,song
train,Northern Cardinal,northern_cardinal,Cardinalis,cardinalis,375382,375382-4.wav,wavfiles/375382-4.wav,//www.xeno-canto.org/375382,//creativecommons.org/licenses/by-nc-sa/4.0/,Matt Baumann,2017-06-09,song
train,Northern Cardinal,northern_cardinal,Cardinalis,cardinalis,375382,375382-5.wav,wavfiles/375382-5.wav,//www.xeno-canto.org/375382,//creativecommons.org/licenses/by-nc-sa/4.0/,Matt Baumann,2017-06-09,song
train,Northern Cardinal,northern_cardinal,Cardinalis,cardinalis,375382,375382-6.wav,wavfiles/375382-6.wav,//www.xeno-canto.org/375382,//creativecommons.org/licenses/by-nc-sa/4.0/,Matt Baumann,2017-06-09,song
train,Northern Cardinal,northern_cardinal,Cardinalis,cardinalis,375382,375382-7.wav,wavfiles/375382-7.wav,//www.xeno-canto.org/375382,//creativecommons.org/licenses/by-nc-sa/4.0/,Matt Baumann,2017-06-09,song
train,Northern Cardinal,northern_cardinal,Cardinalis,cardinalis,375382,375382-8.wav,wavfiles/375382-8.wav,//www.xeno-canto.org/375382,//creativecommons.org/licenses/by-nc-sa/4.0/,Matt Baumann,2017-06-09,song
train,Northern Cardinal,northern_cardinal,Cardinalis,cardinalis,375382,375382-9.wav,wavfiles/375382-9.wav,//www.xeno-canto.org/375382,//creativecommons.org/licenses/by-nc-sa/4.0/,Matt Baumann,2017-06-09,song
train,Northern Cardinal,northern_cardinal,Cardinalis,cardinalis,382878,382878-0.wav,wavfiles/382878-0.wav,//www.xeno-canto.org/382878,//creativecommons.org/licenses/by-nc-sa/4.0/,Bobby Wilcox,2017-08-03,song
train,Northern Cardinal,northern_cardinal,Cardinalis,cardinalis,382878,382878-1.wav,wavfiles/382878-1.wav,//www.xeno-canto.org/382878,//creativecommons.org/licenses/by-nc-sa/4.0/,Bobby Wilcox,2017-08-03,song
train,Northern Cardinal,northern_cardinal,Cardinalis,cardinalis,382878,382878-10.wav,wavfiles/382878-10.wav,//www.xeno-canto.org/382878,//creativecommons.org/licenses/by-nc-sa/4.0/,Bobby Wilcox,2017-08-03,song
train,Northern Cardinal,northern_cardinal,Cardinalis,cardinalis,382878,382878-2.wav,wavfiles/382878-2.wav,//www.xeno-canto.org/382878,//creativecommons.org/licenses/by-nc-sa/4.0/,Bobby Wilcox,2017-08-03,song
train,Northern Cardinal,northern_cardinal,Cardinalis,cardinalis,382878,382878-4.wav,wavfiles/382878-4.wav,//www.xeno-canto.org/382878,//creativecommons.org/licenses/by-nc-sa/4.0/,Bobby Wilcox,2017-08-03,song
train,Northern Cardinal,northern_cardinal,Cardinalis,cardinalis,382878,382878-5.wav,wavfiles/382878-5.wav,//www.xeno-canto.org/382878,//creativecommons.org/licenses/by-nc-sa/4.0/,Bobby Wilcox,2017-08-03,song
train,Northern Cardinal,northern_cardinal,Cardinalis,cardinalis,382878,382878-6.wav,wavfiles/382878-6.wav,//www.xeno-canto.org/382878,//creativecommons.org/licenses/by-nc-sa/4.0/,Bobby Wilcox,2017-08-03,song
train,Northern Cardinal,northern_cardinal,Cardinalis,cardinalis,382878,382878-8.wav,wavfiles/382878-8.wav,//www.xeno-canto.org/382878,//creativecommons.org/licenses/by-nc-sa/4.0/,Bobby Wilcox,2017-08-03,song
train,Northern Cardinal,northern_cardinal,Cardinalis,cardinalis,382878,382878-9.wav,wavfiles/382878-9.wav,//www.xeno-canto.org/382878,//creativecommons.org/licenses/by-nc-sa/4.0/,Bobby Wilcox,2017-08-03,song
train,Northern Cardinal,northern_cardinal,Cardinalis,cardinalis,408321,408321-0.wav,wavfiles/408321-0.wav,//www.xeno-canto.org/408321,//creativecommons.org/licenses/by-nc-sa/4.0/,Scott Gravette,2018-03-31,"call, song"
train,Northern Cardinal,northern_cardinal,Cardinalis,cardinalis,408321,408321-1.wav,wavfiles/408321-1.wav,//www.xeno-canto.org/408321,//creativecommons.org/licenses/by-nc-sa/4.0/,Scott Gravette,2018-03-31,"call, song"
train,Northern Cardinal,northern_cardinal,Cardinalis,cardinalis,408321,408321-10.wav,wavfiles/408321-10.wav,//www.xeno-canto.org/408321,//creativecommons.org/licenses/by-nc-sa/4.0/,Scott Gravette,2018-03-31,"call, song"
train,Northern Cardinal,northern_cardinal,Cardinalis,cardinalis,408321,408321-12.wav,wavfiles/408321-12.wav,//www.xeno-canto.org/408321,//creativecommons.org/licenses/by-nc-sa/4.0/,Scott Gravette,2018-03-31,"call, song"
train,Northern Cardinal,northern_cardinal,Cardinalis,cardinalis,408321,408321-13.wav,wavfiles/408321-13.wav,//www.xeno-canto.org/408321,//creativecommons.org/licenses/by-nc-sa/4.0/,Scott Gravette,2018-03-31,"call, song"
train,Northern Cardinal,northern_cardinal,Cardinalis,cardinalis,408321,408321-2.wav,wavfiles/408321-2.wav,//www.xeno-canto.org/408321,//creativecommons.org/licenses/by-nc-sa/4.0/,Scott Gravette,2018-03-31,"call, song"
train,Northern Cardinal,northern_cardinal,Cardinalis,cardinalis,408321,408321-3.wav,wavfiles/408321-3.wav,//www.xeno-canto.org/408321,//creativecommons.org/licenses/by-nc-sa/4.0/,Scott Gravette,2018-03-31,"call, song"
train,Northern Cardinal,northern_cardinal,Cardinalis,cardinalis,408321,408321-4.wav,wavfiles/408321-4.wav,//www.xeno-canto.org/408321,//creativecommons.org/licenses/by-nc-sa/4.0/,Scott Gravette,2018-03-31,"call, song"
train,Northern Cardinal,northern_cardinal,Cardinalis,cardinalis,408321,408321-5.wav,wavfiles/408321-5.wav,//www.xeno-canto.org/408321,//creativecommons.org/licenses/by-nc-sa/4.0/,Scott Gravette,2018-03-31,"call, song"
train,Northern Cardinal,northern_cardinal,Cardinalis,cardinalis,408321,408321-6.wav,wavfiles/408321-6.wav,//www.xeno-canto.org/408321,//creativecommons.org/licenses/by-nc-sa/4.0/,Scott Gravette,2018-03-31,"call, song"
train,Northern Cardinal,northern_cardinal,Cardinalis,cardinalis,408321,408321-7.wav,wavfiles/408321-7.wav,//www.xeno-canto.org/408321,//creativecommons.org/licenses/by-nc-sa/4.0/,Scott Gravette,2018-03-31,"call, song"
train,Northern Cardinal,northern_cardinal,Cardinalis,cardinalis,408321,408321-8.wav,wavfiles/408321-8.wav,//www.xeno-canto.org/408321,//creativecommons.org/licenses/by-nc-sa/4.0/,Scott Gravette,2018-03-31,"call, song"
train,Northern Cardinal,northern_cardinal,Cardinalis,cardinalis,408321,408321-9.wav,wavfiles/408321-9.wav,//www.xeno-canto.org/408321,//creativecommons.org/licenses/by-nc-sa/4.0/,Scott Gravette,2018-03-31,"call, song"
train,Northern Cardinal,northern_cardinal,Cardinalis,cardinalis,409007,409007-0.wav,wavfiles/409007-0.wav,//www.xeno-canto.org/409007,//creativecommons.org/licenses/by-nc-nd/4.0/,Frank Lambert,2017-02-26,song
train,Northern Cardinal,northern_cardinal,Cardinalis,cardinalis,409007,409007-1.wav,wavfiles/409007-1.wav,//www.xeno-canto.org/409007,//creativecommons.org/licenses/by-nc-nd/4.0/,Frank Lambert,2017-02-26,song
train,Northern Cardinal,northern_cardinal,Cardinalis,cardinalis,409007,409007-10.wav,wavfiles/409007-10.wav,//www.xeno-canto.org/409007,//creativecommons.org/licenses/by-nc-nd/4.0/,Frank Lambert,2017-02-26,song
train,Northern Cardinal,northern_cardinal,Cardinalis,cardinalis,409007,409007-11.wav,wavfiles/409007-11.wav,//www.xeno-canto.org/409007,//creativecommons.org/licenses/by-nc-nd/4.0/,Frank Lambert,2017-02-26,song
train,Northern Cardinal,northern_cardinal,Cardinalis,cardinalis,409007,409007-12.wav,wavfiles/409007-12.wav,//www.xeno-canto.org/409007,//creativecommons.org/licenses/by-nc-nd/4.0/,Frank Lambert,2017-02-26,song
train,Northern Cardinal,northern_cardinal,Cardinalis,cardinalis,409007,409007-2.wav,wavfiles/409007-2.wav,//www.xeno-canto.org/409007,//creativecommons.org/licenses/by-nc-nd/4.0/,Frank Lambert,2017-02-26,song
train,Northern Cardinal,northern_cardinal,Cardinalis,cardinalis,409007,409007-3.wav,wavfiles/409007-3.wav,//www.xeno-canto.org/409007,//creativecommons.org/licenses/by-nc-nd/4.0/,Frank Lambert,2017-02-26,song
train,Northern Cardinal,northern_cardinal,Cardinalis,cardinalis,409007,409007-5.wav,wavfiles/409007-5.wav,//www.xeno-canto.org/409007,//creativecommons.org/licenses/by-nc-nd/4.0/,Frank Lambert,2017-02-26,song
train,Northern Cardinal,northern_cardinal,Cardinalis,cardinalis,409007,409007-6.wav,wavfiles/409007-6.wav,//www.xeno-canto.org/409007,//creativecommons.org/licenses/by-nc-nd/4.0/,Frank Lambert,2017-02-26,song
train,Northern Cardinal,northern_cardinal,Cardinalis,cardinalis,409007,409007-7.wav,wavfiles/409007-7.wav,//www.xeno-canto.org/409007,//creativecommons.org/licenses/by-nc-nd/4.0/,Frank Lambert,2017-02-26,song
train,Northern Cardinal,northern_cardinal,Cardinalis,cardinalis,409007,409007-9.wav,wavfiles/409007-9.wav,//www.xeno-canto.org/409007,//creativecommons.org/licenses/by-nc-nd/4.0/,Frank Lambert,2017-02-26,song
train,Northern Cardinal,northern_cardinal,Cardinalis,cardinalis,409009,409009-0.wav,wavfiles/409009-0.wav,//www.xeno-canto.org/409009,//creativecommons.org/licenses/by-nc-nd/4.0/,Frank Lambert,2017-02-26,song
train,Northern Cardinal,northern_cardinal,Cardinalis,cardinalis,409009,409009-1.wav,wavfiles/409009-1.wav,//www.xeno-canto.org/409009,//creativecommons.org/licenses/by-nc-nd/4.0/,Frank Lambert,2017-02-26,song
train,Northern Cardinal,northern_cardinal,Cardinalis,cardinalis,409009,409009-2.wav,wavfiles/409009-2.wav,//www.xeno-canto.org/409009,//creativecommons.org/licenses/by-nc-nd/4.0/,Frank Lambert,2017-02-26,song
train,Northern Cardinal,northern_cardinal,Cardinalis,cardinalis,409009,409009-3.wav,wavfiles/409009-3.wav,//www.xeno-canto.org/409009,//creativecommons.org/licenses/by-nc-nd/4.0/,Frank Lambert,2017-02-26,song
train,Northern Cardinal,northern_cardinal,Cardinalis,cardinalis,409009,409009-4.wav,wavfiles/409009-4.wav,//www.xeno-canto.org/409009,//creativecommons.org/licenses/by-nc-nd/4.0/,Frank Lambert,2017-02-26,song
train,Northern Cardinal,northern_cardinal,Cardinalis,cardinalis,409009,409009-5.wav,wavfiles/409009-5.wav,//www.xeno-canto.org/409009,//creativecommons.org/licenses/by-nc-nd/4.0/,Frank Lambert,2017-02-26,song
train,Northern Cardinal,northern_cardinal,Cardinalis,cardinalis,409009,409009-6.wav,wavfiles/409009-6.wav,//www.xeno-canto.org/409009,//creativecommons.org/licenses/by-nc-nd/4.0/,Frank Lambert,2017-02-26,song
train,Northern Cardinal,northern_cardinal,Cardinalis,cardinalis,409009,409009-7.wav,wavfiles/409009-7.wav,//www.xeno-canto.org/409009,//creativecommons.org/licenses/by-nc-nd/4.0/,Frank Lambert,2017-02-26,song
train,Northern Cardinal,northern_cardinal,Cardinalis,cardinalis,412330,412330-0.wav,wavfiles/412330-0.wav,//www.xeno-canto.org/412330,//creativecommons.org/licenses/by-nc-sa/4.0/,Brian Henderson,2017-04-15,song
train,Northern Cardinal,northern_cardinal,Cardinalis,cardinalis,412330,412330-1.wav,wavfiles/412330-1.wav,//www.xeno-canto.org/412330,//creativecommons.org/licenses/by-nc-sa/4.0/,Brian Henderson,2017-04-15,song
train,Northern Cardinal,northern_cardinal,Cardinalis,cardinalis,412330,412330-11.wav,wavfiles/412330-11.wav,//www.xeno-canto.org/412330,//creativecommons.org/licenses/by-nc-sa/4.0/,Brian Henderson,2017-04-15,song
train,Northern Cardinal,northern_cardinal,Cardinalis,cardinalis,412330,412330-3.wav,wavfiles/412330-3.wav,//www.xeno-canto.org/412330,//creativecommons.org/licenses/by-nc-sa/4.0/,Brian Henderson,2017-04-15,song
train,Northern Cardinal,northern_cardinal,Cardinalis,cardinalis,412330,412330-4.wav,wavfiles/412330-4.wav,//www.xeno-canto.org/412330,//creativecommons.org/licenses/by-nc-sa/4.0/,Brian Henderson,2017-04-15,song
train,Northern Cardinal,northern_cardinal,Cardinalis,cardinalis,412330,412330-6.wav,wavfiles/412330-6.wav,//www.xeno-canto.org/412330,//creativecommons.org/licenses/by-nc-sa/4.0/,Brian Henderson,2017-04-15,song
train,Northern Cardinal,northern_cardinal,Cardinalis,cardinalis,412330,412330-7.wav,wavfiles/412330-7.wav,//www.xeno-canto.org/412330,//creativecommons.org/licenses/by-nc-sa/4.0/,Brian Henderson,2017-04-15,song
train,Northern Cardinal,northern_cardinal,Cardinalis,cardinalis,412668,412668-0.wav,wavfiles/412668-0.wav,//www.xeno-canto.org/412668,//creativecommons.org/licenses/by-nc-sa/4.0/,Nicholas Comparato,2018-04-24,song
train,Northern Cardinal,northern_cardinal,Cardinalis,cardinalis,412668,412668-1.wav,wavfiles/412668-1.wav,//www.xeno-canto.org/412668,//creativecommons.org/licenses/by-nc-sa/4.0/,Nicholas Comparato,2018-04-24,song
train,Northern Cardinal,northern_cardinal,Cardinalis,cardinalis,412668,412668-10.wav,wavfiles/412668-10.wav,//www.xeno-canto.org/412668,//creativecommons.org/licenses/by-nc-sa/4.0/,Nicholas Comparato,2018-04-24,song
train,Northern Cardinal,northern_cardinal,Cardinalis,cardinalis,412668,412668-11.wav,wavfiles/412668-11.wav,//www.xeno-canto.org/412668,//creativecommons.org/licenses/by-nc-sa/4.0/,Nicholas Comparato,2018-04-24,song
train,Northern Cardinal,northern_cardinal,Cardinalis,cardinalis,412668,412668-2.wav,wavfiles/412668-2.wav,//www.xeno-canto.org/412668,//creativecommons.org/licenses/by-nc-sa/4.0/,Nicholas Comparato,2018-04-24,song
train,Northern Cardinal,northern_cardinal,Cardinalis,cardinalis,412668,412668-3.wav,wavfiles/412668-3.wav,//www.xeno-canto.org/412668,//creativecommons.org/licenses/by-nc-sa/4.0/,Nicholas Comparato,2018-04-24,song
train,Northern Cardinal,northern_cardinal,Cardinalis,cardinalis,412668,412668-4.wav,wavfiles/412668-4.wav,//www.xeno-canto.org/412668,//creativecommons.org/licenses/by-nc-sa/4.0/,Nicholas Comparato,2018-04-24,song
train,Northern Cardinal,northern_cardinal,Cardinalis,cardinalis,412668,412668-6.wav,wavfiles/412668-6.wav,//www.xeno-canto.org/412668,//creativecommons.org/licenses/by-nc-sa/4.0/,Nicholas Comparato,2018-04-24,song
train,Northern Cardinal,northern_cardinal,Cardinalis,cardinalis,412668,412668-7.wav,wavfiles/412668-7.wav,//www.xeno-canto.org/412668,//creativecommons.org/licenses/by-nc-sa/4.0/,Nicholas Comparato,2018-04-24,song
train,Northern Cardinal,northern_cardinal,Cardinalis,cardinalis,412668,412668-8.wav,wavfiles/412668-8.wav,//www.xeno-canto.org/412668,//creativecommons.org/licenses/by-nc-sa/4.0/,Nicholas Comparato,2018-04-24,song
train,Northern Cardinal,northern_cardinal,Cardinalis,cardinalis,412668,412668-9.wav,wavfiles/412668-9.wav,//www.xeno-canto.org/412668,//creativecommons.org/licenses/by-nc-sa/4.0/,Nicholas Comparato,2018-04-24,song
train,Northern Cardinal,northern_cardinal,Cardinalis,cardinalis,412669,412669-0.wav,wavfiles/412669-0.wav,//www.xeno-canto.org/412669,//creativecommons.org/licenses/by-nc-sa/4.0/,Nicholas Comparato,2018-04-24,song
train,Northern Cardinal,northern_cardinal,Cardinalis,cardinalis,412669,412669-1.wav,wavfiles/412669-1.wav,//www.xeno-canto.org/412669,//creativecommons.org/licenses/by-nc-sa/4.0/,Nicholas Comparato,2018-04-24,song
train,Northern Cardinal,northern_cardinal,Cardinalis,cardinalis,412669,412669-10.wav,wavfiles/412669-10.wav,//www.xeno-canto.org/412669,//creativecommons.org/licenses/by-nc-sa/4.0/,Nicholas Comparato,2018-04-24,song
train,Northern Cardinal,northern_cardinal,Cardinalis,cardinalis,412669,412669-15.wav,wavfiles/412669-15.wav,//www.xeno-canto.org/412669,//creativecommons.org/licenses/by-nc-sa/4.0/,Nicholas Comparato,2018-04-24,song
train,Northern Cardinal,northern_cardinal,Cardinalis,cardinalis,412669,412669-16.wav,wavfiles/412669-16.wav,//www.xeno-canto.org/412669,//creativecommons.org/licenses/by-nc-sa/4.0/,Nicholas Comparato,2018-04-24,song
train,Northern Cardinal,northern_cardinal,Cardinalis,cardinalis,412669,412669-2.wav,wavfiles/412669-2.wav,//www.xeno-canto.org/412669,//creativecommons.org/licenses/by-nc-sa/4.0/,Nicholas Comparato,2018-04-24,song
train,Northern Cardinal,northern_cardinal,Cardinalis,cardinalis,412669,412669-3.wav,wavfiles/412669-3.wav,//www.xeno-canto.org/412669,//creativecommons.org/licenses/by-nc-sa/4.0/,Nicholas Comparato,2018-04-24,song
train,Northern Cardinal,northern_cardinal,Cardinalis,cardinalis,412669,412669-6.wav,wavfiles/412669-6.wav,//www.xeno-canto.org/412669,//creativecommons.org/licenses/by-nc-sa/4.0/,Nicholas Comparato,2018-04-24,song
train,Northern Cardinal,northern_cardinal,Cardinalis,cardinalis,412669,412669-7.wav,wavfiles/412669-7.wav,//www.xeno-canto.org/412669,//creativecommons.org/licenses/by-nc-sa/4.0/,Nicholas Comparato,2018-04-24,song
train,Northern Cardinal,northern_cardinal,Cardinalis,cardinalis,412669,412669-8.wav,wavfiles/412669-8.wav,//www.xeno-canto.org/412669,//creativecommons.org/licenses/by-nc-sa/4.0/,Nicholas Comparato,2018-04-24,song
train,Northern Cardinal,northern_cardinal,Cardinalis,cardinalis,412669,412669-9.wav,wavfiles/412669-9.wav,//www.xeno-canto.org/412669,//creativecommons.org/licenses/by-nc-sa/4.0/,Nicholas Comparato,2018-04-24,song
train,Northern Cardinal,northern_cardinal,Cardinalis,cardinalis,415386,415386-0.wav,wavfiles/415386-0.wav,//www.xeno-canto.org/415386,//creativecommons.org/licenses/by-nc-sa/4.0/,Russ Wigh,2018-05-07,song
train,Northern Cardinal,northern_cardinal,Cardinalis,cardinalis,415386,415386-1.wav,wavfiles/415386-1.wav,//www.xeno-canto.org/415386,//creativecommons.org/licenses/by-nc-sa/4.0/,Russ Wigh,2018-05-07,song
train,Northern Cardinal,northern_cardinal,Cardinalis,cardinalis,415386,415386-10.wav,wavfiles/415386-10.wav,//www.xeno-canto.org/415386,//creativecommons.org/licenses/by-nc-sa/4.0/,Russ Wigh,2018-05-07,song
train,Northern Cardinal,northern_cardinal,Cardinalis,cardinalis,415386,415386-11.wav,wavfiles/415386-11.wav,//www.xeno-canto.org/415386,//creativecommons.org/licenses/by-nc-sa/4.0/,Russ Wigh,2018-05-07,song
train,Northern Cardinal,northern_cardinal,Cardinalis,cardinalis,415386,415386-12.wav,wavfiles/415386-12.wav,//www.xeno-canto.org/415386,//creativecommons.org/licenses/by-nc-sa/4.0/,Russ Wigh,2018-05-07,song
train,Northern Cardinal,northern_cardinal,Cardinalis,cardinalis,415386,415386-13.wav,wavfiles/415386-13.wav,//www.xeno-canto.org/415386,//creativecommons.org/licenses/by-nc-sa/4.0/,Russ Wigh,2018-05-07,song
train,Northern Cardinal,northern_cardinal,Cardinalis,cardinalis,415386,415386-14.wav,wavfiles/415386-14.wav,//www.xeno-canto.org/415386,//creativecommons.org/licenses/by-nc-sa/4.0/,Russ Wigh,2018-05-07,song
train,Northern Cardinal,northern_cardinal,Cardinalis,cardinalis,415386,415386-15.wav,wavfiles/415386-15.wav,//www.xeno-canto.org/415386,//creativecommons.org/licenses/by-nc-sa/4.0/,Russ Wigh,2018-05-07,song
train,Northern Cardinal,northern_cardinal,Cardinalis,cardinalis,415386,415386-16.wav,wavfiles/415386-16.wav,//www.xeno-canto.org/415386,//creativecommons.org/licenses/by-nc-sa/4.0/,Russ Wigh,2018-05-07,song
train,Northern Cardinal,northern_cardinal,Cardinalis,cardinalis,415386,415386-17.wav,wavfiles/415386-17.wav,//www.xeno-canto.org/415386,//creativecommons.org/licenses/by-nc-sa/4.0/,Russ Wigh,2018-05-07,song
train,Northern Cardinal,northern_cardinal,Cardinalis,cardinalis,415386,415386-18.wav,wavfiles/415386-18.wav,//www.xeno-canto.org/415386,//creativecommons.org/licenses/by-nc-sa/4.0/,Russ Wigh,2018-05-07,song
train,Northern Cardinal,northern_cardinal,Cardinalis,cardinalis,415386,415386-2.wav,wavfiles/415386-2.wav,//www.xeno-canto.org/415386,//creativecommons.org/licenses/by-nc-sa/4.0/,Russ Wigh,2018-05-07,song
train,Northern Cardinal,northern_cardinal,Cardinalis,cardinalis,415386,415386-3.wav,wavfiles/415386-3.wav,//www.xeno-canto.org/415386,//creativecommons.org/licenses/by-nc-sa/4.0/,Russ Wigh,2018-05-07,song
train,Northern Cardinal,northern_cardinal,Cardinalis,cardinalis,415386,415386-4.wav,wavfiles/415386-4.wav,//www.xeno-canto.org/415386,//creativecommons.org/licenses/by-nc-sa/4.0/,Russ Wigh,2018-05-07,song
train,Northern Cardinal,northern_cardinal,Cardinalis,cardinalis,415386,415386-5.wav,wavfiles/415386-5.wav,//www.xeno-canto.org/415386,//creativecommons.org/licenses/by-nc-sa/4.0/,Russ Wigh,2018-05-07,song
train,Northern Cardinal,northern_cardinal,Cardinalis,cardinalis,415386,415386-6.wav,wavfiles/415386-6.wav,//www.xeno-canto.org/415386,//creativecommons.org/licenses/by-nc-sa/4.0/,Russ Wigh,2018-05-07,song
train,Northern Cardinal,northern_cardinal,Cardinalis,cardinalis,415386,415386-7.wav,wavfiles/415386-7.wav,//www.xeno-canto.org/415386,//creativecommons.org/licenses/by-nc-sa/4.0/,Russ Wigh,2018-05-07,song
train,Northern Cardinal,northern_cardinal,Cardinalis,cardinalis,415386,415386-8.wav,wavfiles/415386-8.wav,//www.xeno-canto.org/415386,//creativecommons.org/licenses/by-nc-sa/4.0/,Russ Wigh,2018-05-07,song
train,Northern Cardinal,northern_cardinal,Cardinalis,cardinalis,415386,415386-9.wav,wavfiles/415386-9.wav,//www.xeno-canto.org/415386,//creativecommons.org/licenses/by-nc-sa/4.0/,Russ Wigh,2018-05-07,song
train,Northern Cardinal,northern_cardinal,Cardinalis,cardinalis,451804,451804-0.wav,wavfiles/451804-0.wav,//www.xeno-canto.org/451804,//creativecommons.org/licenses/by-nc-sa/4.0/,Paul Marvin,2018-02-28,"male, song"
train,Northern Cardinal,northern_cardinal,Cardinalis,cardinalis,451804,451804-1.wav,wavfiles/451804-1.wav,//www.xeno-canto.org/451804,//creativecommons.org/licenses/by-nc-sa/4.0/,Paul Marvin,2018-02-28,"male, song"
train,Northern Cardinal,northern_cardinal,Cardinalis,cardinalis,451804,451804-10.wav,wavfiles/451804-10.wav,//www.xeno-canto.org/451804,//creativecommons.org/licenses/by-nc-sa/4.0/,Paul Marvin,2018-02-28,"male, song"
train,Northern Cardinal,northern_cardinal,Cardinalis,cardinalis,451804,451804-2.wav,wavfiles/451804-2.wav,//www.xeno-canto.org/451804,//creativecommons.org/licenses/by-nc-sa/4.0/,Paul Marvin,2018-02-28,"male, song"
train,Northern Cardinal,northern_cardinal,Cardinalis,cardinalis,451804,451804-3.wav,wavfiles/451804-3.wav,//www.xeno-canto.org/451804,//creativecommons.org/licenses/by-nc-sa/4.0/,Paul Marvin,2018-02-28,"male, song"
train,Northern Cardinal,northern_cardinal,Cardinalis,cardinalis,451804,451804-4.wav,wavfiles/451804-4.wav,//www.xeno-canto.org/451804,//creativecommons.org/licenses/by-nc-sa/4.0/,Paul Marvin,2018-02-28,"male, song"
train,Northern Cardinal,northern_cardinal,Cardinalis,cardinalis,451804,451804-5.wav,wavfiles/451804-5.wav,//www.xeno-canto.org/451804,//creativecommons.org/licenses/by-nc-sa/4.0/,Paul Marvin,2018-02-28,"male, song"
train,Northern Cardinal,northern_cardinal,Cardinalis,cardinalis,451804,451804-6.wav,wavfiles/451804-6.wav,//www.xeno-canto.org/451804,//creativecommons.org/licenses/by-nc-sa/4.0/,Paul Marvin,2018-02-28,"male, song"
train,Northern Cardinal,northern_cardinal,Cardinalis,cardinalis,451804,451804-7.wav,wavfiles/451804-7.wav,//www.xeno-canto.org/451804,//creativecommons.org/licenses/by-nc-sa/4.0/,Paul Marvin,2018-02-28,"male, song"
train,Northern Cardinal,northern_cardinal,Cardinalis,cardinalis,451804,451804-8.wav,wavfiles/451804-8.wav,//www.xeno-canto.org/451804,//creativecommons.org/licenses/by-nc-sa/4.0/,Paul Marvin,2018-02-28,"male, song"
train,Northern Cardinal,northern_cardinal,Cardinalis,cardinalis,460604,460604-0.wav,wavfiles/460604-0.wav,//www.xeno-canto.org/460604,//creativecommons.org/licenses/by-nc-sa/4.0/,Paul Marvin,2012-04-09,song
train,Northern Cardinal,northern_cardinal,Cardinalis,cardinalis,460604,460604-1.wav,wavfiles/460604-1.wav,//www.xeno-canto.org/460604,//creativecommons.org/licenses/by-nc-sa/4.0/,Paul Marvin,2012-04-09,song
train,Northern Cardinal,northern_cardinal,Cardinalis,cardinalis,460604,460604-10.wav,wavfiles/460604-10.wav,//www.xeno-canto.org/460604,//creativecommons.org/licenses/by-nc-sa/4.0/,Paul Marvin,2012-04-09,song
train,Northern Cardinal,northern_cardinal,Cardinalis,cardinalis,460604,460604-2.wav,wavfiles/460604-2.wav,//www.xeno-canto.org/460604,//creativecommons.org/licenses/by-nc-sa/4.0/,Paul Marvin,2012-04-09,song
train,Northern Cardinal,northern_cardinal,Cardinalis,cardinalis,460604,460604-4.wav,wavfiles/460604-4.wav,//www.xeno-canto.org/460604,//creativecommons.org/licenses/by-nc-sa/4.0/,Paul Marvin,2012-04-09,song
train,Northern Cardinal,northern_cardinal,Cardinalis,cardinalis,460604,460604-5.wav,wavfiles/460604-5.wav,//www.xeno-canto.org/460604,//creativecommons.org/licenses/by-nc-sa/4.0/,Paul Marvin,2012-04-09,song
train,Northern Cardinal,northern_cardinal,Cardinalis,cardinalis,460604,460604-6.wav,wavfiles/460604-6.wav,//www.xeno-canto.org/460604,//creativecommons.org/licenses/by-nc-sa/4.0/,Paul Marvin,2012-04-09,song
train,Northern Cardinal,northern_cardinal,Cardinalis,cardinalis,460604,460604-7.wav,wavfiles/460604-7.wav,//www.xeno-canto.org/460604,//creativecommons.org/licenses/by-nc-sa/4.0/,Paul Marvin,2012-04-09,song
train,Northern Cardinal,northern_cardinal,Cardinalis,cardinalis,460604,460604-8.wav,wavfiles/460604-8.wav,//www.xeno-canto.org/460604,//creativecommons.org/licenses/by-nc-sa/4.0/,Paul Marvin,2012-04-09,song
train,Northern Cardinal,northern_cardinal,Cardinalis,cardinalis,460604,460604-9.wav,wavfiles/460604-9.wav,//www.xeno-canto.org/460604,//creativecommons.org/licenses/by-nc-sa/4.0/,Paul Marvin,2012-04-09,song
train,Northern Cardinal,northern_cardinal,Cardinalis,cardinalis,463767,463767-0.wav,wavfiles/463767-0.wav,//www.xeno-canto.org/463767,//creativecommons.org/licenses/by-nc-sa/4.0/,Frank-Udo Tielmann,2018-03-31,"call, male, song"
train,Northern Cardinal,northern_cardinal,Cardinalis,cardinalis,463767,463767-1.wav,wavfiles/463767-1.wav,//www.xeno-canto.org/463767,//creativecommons.org/licenses/by-nc-sa/4.0/,Frank-Udo Tielmann,2018-03-31,"call, male, song"
train,Northern Cardinal,northern_cardinal,Cardinalis,cardinalis,463767,463767-10.wav,wavfiles/463767-10.wav,//www.xeno-canto.org/463767,//creativecommons.org/licenses/by-nc-sa/4.0/,Frank-Udo Tielmann,2018-03-31,"call, male, song"
train,Northern Cardinal,northern_cardinal,Cardinalis,cardinalis,463767,463767-11.wav,wavfiles/463767-11.wav,//www.xeno-canto.org/463767,//creativecommons.org/licenses/by-nc-sa/4.0/,Frank-Udo Tielmann,2018-03-31,"call, male, song"
train,Northern Cardinal,northern_cardinal,Cardinalis,cardinalis,463767,463767-12.wav,wavfiles/463767-12.wav,//www.xeno-canto.org/463767,//creativecommons.org/licenses/by-nc-sa/4.0/,Frank-Udo Tielmann,2018-03-31,"call, male, song"
train,Northern Cardinal,northern_cardinal,Cardinalis,cardinalis,463767,463767-13.wav,wavfiles/463767-13.wav,//www.xeno-canto.org/463767,//creativecommons.org/licenses/by-nc-sa/4.0/,Frank-Udo Tielmann,2018-03-31,"call, male, song"
train,Northern Cardinal,northern_cardinal,Cardinalis,cardinalis,463767,463767-2.wav,wavfiles/463767-2.wav,//www.xeno-canto.org/463767,//creativecommons.org/licenses/by-nc-sa/4.0/,Frank-Udo Tielmann,2018-03-31,"call, male, song"
train,Northern Cardinal,northern_cardinal,Cardinalis,cardinalis,463767,463767-3.wav,wavfiles/463767-3.wav,//www.xeno-canto.org/463767,//creativecommons.org/licenses/by-nc-sa/4.0/,Frank-Udo Tielmann,2018-03-31,"call, male, song"
train,Northern Cardinal,northern_cardinal,Cardinalis,cardinalis,463767,463767-4.wav,wavfiles/463767-4.wav,//www.xeno-canto.org/463767,//creativecommons.org/licenses/by-nc-sa/4.0/,Frank-Udo Tielmann,2018-03-31,"call, male, song"
train,Northern Cardinal,northern_cardinal,Cardinalis,cardinalis,463767,463767-5.wav,wavfiles/463767-5.wav,//www.xeno-canto.org/463767,//creativecommons.org/licenses/by-nc-sa/4.0/,Frank-Udo Tielmann,2018-03-31,"call, male, song"
train,Northern Cardinal,northern_cardinal,Cardinalis,cardinalis,463767,463767-6.wav,wavfiles/463767-6.wav,//www.xeno-canto.org/463767,//creativecommons.org/licenses/by-nc-sa/4.0/,Frank-Udo Tielmann,2018-03-31,"call, male, song"
train,Northern Cardinal,northern_cardinal,Cardinalis,cardinalis,463767,463767-7.wav,wavfiles/463767-7.wav,//www.xeno-canto.org/463767,//creativecommons.org/licenses/by-nc-sa/4.0/,Frank-Udo Tielmann,2018-03-31,"call, male, song"
train,Northern Cardinal,northern_cardinal,Cardinalis,cardinalis,463767,463767-8.wav,wavfiles/463767-8.wav,//www.xeno-canto.org/463767,//creativecommons.org/licenses/by-nc-sa/4.0/,Frank-Udo Tielmann,2018-03-31,"call, male, song"
train,Northern Cardinal,northern_cardinal,Cardinalis,cardinalis,463767,463767-9.wav,wavfiles/463767-9.wav,//www.xeno-canto.org/463767,//creativecommons.org/licenses/by-nc-sa/4.0/,Frank-Udo Tielmann,2018-03-31,"call, male, song"
train,Northern Cardinal,northern_cardinal,Cardinalis,cardinalis,464152,464152-0.wav,wavfiles/464152-0.wav,//www.xeno-canto.org/464152,//creativecommons.org/licenses/by-nc-sa/4.0/,Matt Wistrand,2019-03-30,"male, song"
train,Northern Cardinal,northern_cardinal,Cardinalis,cardinalis,464152,464152-1.wav,wavfiles/464152-1.wav,//www.xeno-canto.org/464152,//creativecommons.org/licenses/by-nc-sa/4.0/,Matt Wistrand,2019-03-30,"male, song"
train,Northern Cardinal,northern_cardinal,Cardinalis,cardinalis,464152,464152-10.wav,wavfiles/464152-10.wav,//www.xeno-canto.org/464152,//creativecommons.org/licenses/by-nc-sa/4.0/,Matt Wistrand,2019-03-30,"male, song"
train,Northern Cardinal,northern_cardinal,Cardinalis,cardinalis,464152,464152-11.wav,wavfiles/464152-11.wav,//www.xeno-canto.org/464152,//creativecommons.org/licenses/by-nc-sa/4.0/,Matt Wistrand,2019-03-30,"male, song"
train,Northern Cardinal,northern_cardinal,Cardinalis,cardinalis,464152,464152-12.wav,wavfiles/464152-12.wav,//www.xeno-canto.org/464152,//creativecommons.org/licenses/by-nc-sa/4.0/,Matt Wistrand,2019-03-30,"male, song"
train,Northern Cardinal,northern_cardinal,Cardinalis,cardinalis,464152,464152-13.wav,wavfiles/464152-13.wav,//www.xeno-canto.org/464152,//creativecommons.org/licenses/by-nc-sa/4.0/,Matt Wistrand,2019-03-30,"male, song"
train,Northern Cardinal,northern_cardinal,Cardinalis,cardinalis,464152,464152-2.wav,wavfiles/464152-2.wav,//www.xeno-canto.org/464152,//creativecommons.org/licenses/by-nc-sa/4.0/,Matt Wistrand,2019-03-30,"male, song"
train,Northern Cardinal,northern_cardinal,Cardinalis,cardinalis,464152,464152-3.wav,wavfiles/464152-3.wav,//www.xeno-canto.org/464152,//creativecommons.org/licenses/by-nc-sa/4.0/,Matt Wistrand,2019-03-30,"male, song"
train,Northern Cardinal,northern_cardinal,Cardinalis,cardinalis,464152,464152-5.wav,wavfiles/464152-5.wav,//www.xeno-canto.org/464152,//creativecommons.org/licenses/by-nc-sa/4.0/,Matt Wistrand,2019-03-30,"male, song"
train,Northern Cardinal,northern_cardinal,Cardinalis,cardinalis,464152,464152-6.wav,wavfiles/464152-6.wav,//www.xeno-canto.org/464152,//creativecommons.org/licenses/by-nc-sa/4.0/,Matt Wistrand,2019-03-30,"male, song"
train,Northern Cardinal,northern_cardinal,Cardinalis,cardinalis,464152,464152-7.wav,wavfiles/464152-7.wav,//www.xeno-canto.org/464152,//creativecommons.org/licenses/by-nc-sa/4.0/,Matt Wistrand,2019-03-30,"male, song"
train,Northern Cardinal,northern_cardinal,Cardinalis,cardinalis,464152,464152-8.wav,wavfiles/464152-8.wav,//www.xeno-canto.org/464152,//creativecommons.org/licenses/by-nc-sa/4.0/,Matt Wistrand,2019-03-30,"male, song"
train,Northern Cardinal,northern_cardinal,Cardinalis,cardinalis,464152,464152-9.wav,wavfiles/464152-9.wav,//www.xeno-canto.org/464152,//creativecommons.org/licenses/by-nc-sa/4.0/,Matt Wistrand,2019-03-30,"male, song"
train,Northern Cardinal,northern_cardinal,Cardinalis,cardinalis,466692,466692-0.wav,wavfiles/466692-0.wav,//www.xeno-canto.org/466692,//creativecommons.org/licenses/by-nc-sa/4.0/,Brian Hendrix,2019-04-14,song
train,Northern Cardinal,northern_cardinal,Cardinalis,cardinalis,466692,466692-1.wav,wavfiles/466692-1.wav,//www.xeno-canto.org/466692,//creativecommons.org/licenses/by-nc-sa/4.0/,Brian Hendrix,2019-04-14,song
train,Northern Cardinal,northern_cardinal,Cardinalis,cardinalis,466692,466692-10.wav,wavfiles/466692-10.wav,//www.xeno-canto.org/466692,//creativecommons.org/licenses/by-nc-sa/4.0/,Brian Hendrix,2019-04-14,song
train,Northern Cardinal,northern_cardinal,Cardinalis,cardinalis,466692,466692-11.wav,wavfiles/466692-11.wav,//www.xeno-canto.org/466692,//creativecommons.org/licenses/by-nc-sa/4.0/,Brian Hendrix,2019-04-14,song
train,Northern Cardinal,northern_cardinal,Cardinalis,cardinalis,466692,466692-12.wav,wavfiles/466692-12.wav,//www.xeno-canto.org/466692,//creativecommons.org/licenses/by-nc-sa/4.0/,Brian Hendrix,2019-04-14,song
train,Northern Cardinal,northern_cardinal,Cardinalis,cardinalis,466692,466692-14.wav,wavfiles/466692-14.wav,//www.xeno-canto.org/466692,//creativecommons.org/licenses/by-nc-sa/4.0/,Brian Hendrix,2019-04-14,song
train,Northern Cardinal,northern_cardinal,Cardinalis,cardinalis,466692,466692-15.wav,wavfiles/466692-15.wav,//www.xeno-canto.org/466692,//creativecommons.org/licenses/by-nc-sa/4.0/,Brian Hendrix,2019-04-14,song
train,Northern Cardinal,northern_cardinal,Cardinalis,cardinalis,466692,466692-2.wav,wavfiles/466692-2.wav,//www.xeno-canto.org/466692,//creativecommons.org/licenses/by-nc-sa/4.0/,Brian Hendrix,2019-04-14,song
train,Northern Cardinal,northern_cardinal,Cardinalis,cardinalis,466692,466692-3.wav,wavfiles/466692-3.wav,//www.xeno-canto.org/466692,//creativecommons.org/licenses/by-nc-sa/4.0/,Brian Hendrix,2019-04-14,song
train,Northern Cardinal,northern_cardinal,Cardinalis,cardinalis,466692,466692-4.wav,wavfiles/466692-4.wav,//www.xeno-canto.org/466692,//creativecommons.org/licenses/by-nc-sa/4.0/,Brian Hendrix,2019-04-14,song
train,Northern Cardinal,northern_cardinal,Cardinalis,cardinalis,466692,466692-5.wav,wavfiles/466692-5.wav,//www.xeno-canto.org/466692,//creativecommons.org/licenses/by-nc-sa/4.0/,Brian Hendrix,2019-04-14,song
train,Northern Cardinal,northern_cardinal,Cardinalis,cardinalis,466692,466692-6.wav,wavfiles/466692-6.wav,//www.xeno-canto.org/466692,//creativecommons.org/licenses/by-nc-sa/4.0/,Brian Hendrix,2019-04-14,song
train,Northern Cardinal,northern_cardinal,Cardinalis,cardinalis,466692,466692-8.wav,wavfiles/466692-8.wav,//www.xeno-canto.org/466692,//creativecommons.org/licenses/by-nc-sa/4.0/,Brian Hendrix,2019-04-14,song
train,Northern Cardinal,northern_cardinal,Cardinalis,cardinalis,466692,466692-9.wav,wavfiles/466692-9.wav,//www.xeno-canto.org/466692,//creativecommons.org/licenses/by-nc-sa/4.0/,Brian Hendrix,2019-04-14,song
train,Northern Cardinal,northern_cardinal,Cardinalis,cardinalis,466697,466697-0.wav,wavfiles/466697-0.wav,//www.xeno-canto.org/466697,//creativecommons.org/licenses/by-nc-sa/4.0/,Brian Hendrix,2019-04-14,song
train,Northern Cardinal,northern_cardinal,Cardinalis,cardinalis,466697,466697-1.wav,wavfiles/466697-1.wav,//www.xeno-canto.org/466697,//creativecommons.org/licenses/by-nc-sa/4.0/,Brian Hendrix,2019-04-14,song
train,Northern Cardinal,northern_cardinal,Cardinalis,cardinalis,466697,466697-10.wav,wavfiles/466697-10.wav,//www.xeno-canto.org/466697,//creativecommons.org/licenses/by-nc-sa/4.0/,Brian Hendrix,2019-04-14,song
train,Northern Cardinal,northern_cardinal,Cardinalis,cardinalis,466697,466697-12.wav,wavfiles/466697-12.wav,//www.xeno-canto.org/466697,//creativecommons.org/licenses/by-nc-sa/4.0/,Brian Hendrix,2019-04-14,song
train,Northern Cardinal,northern_cardinal,Cardinalis,cardinalis,466697,466697-2.wav,wavfiles/466697-2.wav,//www.xeno-canto.org/466697,//creativecommons.org/licenses/by-nc-sa/4.0/,Brian Hendrix,2019-04-14,song
train,Northern Cardinal,northern_cardinal,Cardinalis,cardinalis,466697,466697-3.wav,wavfiles/466697-3.wav,//www.xeno-canto.org/466697,//creativecommons.org/licenses/by-nc-sa/4.0/,Brian Hendrix,2019-04-14,song
train,Northern Cardinal,northern_cardinal,Cardinalis,cardinalis,466697,466697-4.wav,wavfiles/466697-4.wav,//www.xeno-canto.org/466697,//creativecommons.org/licenses/by-nc-sa/4.0/,Brian Hendrix,2019-04-14,song
train,Northern Cardinal,northern_cardinal,Cardinalis,cardinalis,466697,466697-5.wav,wavfiles/466697-5.wav,//www.xeno-canto.org/466697,//creativecommons.org/licenses/by-nc-sa/4.0/,Brian Hendrix,2019-04-14,song
train,Northern Cardinal,northern_cardinal,Cardinalis,cardinalis,466697,466697-6.wav,wavfiles/466697-6.wav,//www.xeno-canto.org/466697,//creativecommons.org/licenses/by-nc-sa/4.0/,Brian Hendrix,2019-04-14,song
train,Northern Cardinal,northern_cardinal,Cardinalis,cardinalis,466697,466697-7.wav,wavfiles/466697-7.wav,//www.xeno-canto.org/466697,//creativecommons.org/licenses/by-nc-sa/4.0/,Brian Hendrix,2019-04-14,song
train,Northern Cardinal,northern_cardinal,Cardinalis,cardinalis,466697,466697-8.wav,wavfiles/466697-8.wav,//www.xeno-canto.org/466697,//creativecommons.org/licenses/by-nc-sa/4.0/,Brian Hendrix,2019-04-14,song
train,Northern Cardinal,northern_cardinal,Cardinalis,cardinalis,466697,466697-9.wav,wavfiles/466697-9.wav,//www.xeno-canto.org/466697,//creativecommons.org/licenses/by-nc-sa/4.0/,Brian Hendrix,2019-04-14,song
train,Northern Cardinal,northern_cardinal,Cardinalis,cardinalis,467213,467213-0.wav,wavfiles/467213-0.wav,//www.xeno-canto.org/467213,//creativecommons.org/licenses/by-nc-sa/4.0/,William Whitehead,2019-04-17,song
train,Northern Cardinal,northern_cardinal,Cardinalis,cardinalis,467213,467213-1.wav,wavfiles/467213-1.wav,//www.xeno-canto.org/467213,//creativecommons.org/licenses/by-nc-sa/4.0/,William Whitehead,2019-04-17,song
train,Northern Cardinal,northern_cardinal,Cardinalis,cardinalis,467213,467213-10.wav,wavfiles/467213-10.wav,//www.xeno-canto.org/467213,//creativecommons.org/licenses/by-nc-sa/4.0/,William Whitehead,2019-04-17,song
train,Northern Cardinal,northern_cardinal,Cardinalis,cardinalis,467213,467213-12.wav,wavfiles/467213-12.wav,//www.xeno-canto.org/467213,//creativecommons.org/licenses/by-nc-sa/4.0/,William Whitehead,2019-04-17,song
train,Northern Cardinal,northern_cardinal,Cardinalis,cardinalis,467213,467213-13.wav,wavfiles/467213-13.wav,//www.xeno-canto.org/467213,//creativecommons.org/licenses/by-nc-sa/4.0/,William Whitehead,2019-04-17,song
train,Northern Cardinal,northern_cardinal,Cardinalis,cardinalis,467213,467213-14.wav,wavfiles/467213-14.wav,//www.xeno-canto.org/467213,//creativecommons.org/licenses/by-nc-sa/4.0/,William Whitehead,2019-04-17,song
train,Northern Cardinal,northern_cardinal,Cardinalis,cardinalis,467213,467213-2.wav,wavfiles/467213-2.wav,//www.xeno-canto.org/467213,//creativecommons.org/licenses/by-nc-sa/4.0/,William Whitehead,2019-04-17,song
train,Northern Cardinal,northern_cardinal,Cardinalis,cardinalis,467213,467213-4.wav,wavfiles/467213-4.wav,//www.xeno-canto.org/467213,//creativecommons.org/licenses/by-nc-sa/4.0/,William Whitehead,2019-04-17,song
train,Northern Cardinal,northern_cardinal,Cardinalis,cardinalis,467213,467213-8.wav,wavfiles/467213-8.wav,//www.xeno-canto.org/467213,//creativecommons.org/licenses/by-nc-sa/4.0/,William Whitehead,2019-04-17,song
train,Northern Cardinal,northern_cardinal,Cardinalis,cardinalis,467213,467213-9.wav,wavfiles/467213-9.wav,//www.xeno-canto.org/467213,//creativecommons.org/licenses/by-nc-sa/4.0/,William Whitehead,2019-04-17,song
train,Northern Cardinal,northern_cardinal,Cardinalis,cardinalis,470301,470301-0.wav,wavfiles/470301-0.wav,//www.xeno-canto.org/470301,//creativecommons.org/licenses/by-nc-sa/4.0/,Pat Goltz,2019-04-12,song
train,Northern Cardinal,northern_cardinal,Cardinalis,cardinalis,470301,470301-1.wav,wavfiles/470301-1.wav,//www.xeno-canto.org/470301,//creativecommons.org/licenses/by-nc-sa/4.0/,Pat Goltz,2019-04-12,song
train,Northern Cardinal,northern_cardinal,Cardinalis,cardinalis,470301,470301-10.wav,wavfiles/470301-10.wav,//www.xeno-canto.org/470301,//creativecommons.org/licenses/by-nc-sa/4.0/,Pat Goltz,2019-04-12,song
train,Northern Cardinal,northern_cardinal,Cardinalis,cardinalis,470301,470301-11.wav,wavfiles/470301-11.wav,//www.xeno-canto.org/470301,//creativecommons.org/licenses/by-nc-sa/4.0/,Pat Goltz,2019-04-12,song
train,Northern Cardinal,northern_cardinal,Cardinalis,cardinalis,470301,470301-2.wav,wavfiles/470301-2.wav,//www.xeno-canto.org/470301,//creativecommons.org/licenses/by-nc-sa/4.0/,Pat Goltz,2019-04-12,song
train,Northern Cardinal,northern_cardinal,Cardinalis,cardinalis,470301,470301-3.wav,wavfiles/470301-3.wav,//www.xeno-canto.org/470301,//creativecommons.org/licenses/by-nc-sa/4.0/,Pat Goltz,2019-04-12,song
train,Northern Cardinal,northern_cardinal,Cardinalis,cardinalis,470301,470301-4.wav,wavfiles/470301-4.wav,//www.xeno-canto.org/470301,//creativecommons.org/licenses/by-nc-sa/4.0/,Pat Goltz,2019-04-12,song
train,Northern Cardinal,northern_cardinal,Cardinalis,cardinalis,470301,470301-5.wav,wavfiles/470301-5.wav,//www.xeno-canto.org/470301,//creativecommons.org/licenses/by-nc-sa/4.0/,Pat Goltz,2019-04-12,song
train,Northern Cardinal,northern_cardinal,Cardinalis,cardinalis,470301,470301-6.wav,wavfiles/470301-6.wav,//www.xeno-canto.org/470301,//creativecommons.org/licenses/by-nc-sa/4.0/,Pat Goltz,2019-04-12,song
train,Northern Cardinal,northern_cardinal,Cardinalis,cardinalis,474134,474134-0.wav,wavfiles/474134-0.wav,//www.xeno-canto.org/474134,//creativecommons.org/licenses/by-nc-nd/4.0/,Frank Lambert,2018-04-06,"male, song"
train,Northern Cardinal,northern_cardinal,Cardinalis,cardinalis,474134,474134-1.wav,wavfiles/474134-1.wav,//www.xeno-canto.org/474134,//creativecommons.org/licenses/by-nc-nd/4.0/,Frank Lambert,2018-04-06,"male, song"
train,Northern Cardinal,northern_cardinal,Cardinalis,cardinalis,474134,474134-10.wav,wavfiles/474134-10.wav,//www.xeno-canto.org/474134,//creativecommons.org/licenses/by-nc-nd/4.0/,Frank Lambert,2018-04-06,"male, song"
train,Northern Cardinal,northern_cardinal,Cardinalis,cardinalis,474134,474134-11.wav,wavfiles/474134-11.wav,//www.xeno-canto.org/474134,//creativecommons.org/licenses/by-nc-nd/4.0/,Frank Lambert,2018-04-06,"male, song"
train,Northern Cardinal,northern_cardinal,Cardinalis,cardinalis,474134,474134-12.wav,wavfiles/474134-12.wav,//www.xeno-canto.org/474134,//creativecommons.org/licenses/by-nc-nd/4.0/,Frank Lambert,2018-04-06,"male, song"
train,Northern Cardinal,northern_cardinal,Cardinalis,cardinalis,474134,474134-13.wav,wavfiles/474134-13.wav,//www.xeno-canto.org/474134,//creativecommons.org/licenses/by-nc-nd/4.0/,Frank Lambert,2018-04-06,"male, song"
train,Northern Cardinal,northern_cardinal,Cardinalis,cardinalis,474134,474134-14.wav,wavfiles/474134-14.wav,//www.xeno-canto.org/474134,//creativecommons.org/licenses/by-nc-nd/4.0/,Frank Lambert,2018-04-06,"male, song"
train,Northern Cardinal,northern_cardinal,Cardinalis,cardinalis,474134,474134-15.wav,wavfiles/474134-15.wav,//www.xeno-canto.org/474134,//creativecommons.org/licenses/by-nc-nd/4.0/,Frank Lambert,2018-04-06,"male, song"
train,Northern Cardinal,northern_cardinal,Cardinalis,cardinalis,474134,474134-2.wav,wavfiles/474134-2.wav,//www.xeno-canto.org/474134,//creativecommons.org/licenses/by-nc-nd/4.0/,Frank Lambert,2018-04-06,"male, song"
train,Northern Cardinal,northern_cardinal,Cardinalis,cardinalis,474134,474134-4.wav,wavfiles/474134-4.wav,//www.xeno-canto.org/474134,//creativecommons.org/licenses/by-nc-nd/4.0/,Frank Lambert,2018-04-06,"male, song"
train,Northern Cardinal,northern_cardinal,Cardinalis,cardinalis,474134,474134-5.wav,wavfiles/474134-5.wav,//www.xeno-canto.org/474134,//creativecommons.org/licenses/by-nc-nd/4.0/,Frank Lambert,2018-04-06,"male, song"
train,Northern Cardinal,northern_cardinal,Cardinalis,cardinalis,474134,474134-7.wav,wavfiles/474134-7.wav,//www.xeno-canto.org/474134,//creativecommons.org/licenses/by-nc-nd/4.0/,Frank Lambert,2018-04-06,"male, song"
train,Northern Cardinal,northern_cardinal,Cardinalis,cardinalis,474134,474134-8.wav,wavfiles/474134-8.wav,//www.xeno-canto.org/474134,//creativecommons.org/licenses/by-nc-nd/4.0/,Frank Lambert,2018-04-06,"male, song"
train,Northern Cardinal,northern_cardinal,Cardinalis,cardinalis,474134,474134-9.wav,wavfiles/474134-9.wav,//www.xeno-canto.org/474134,//creativecommons.org/licenses/by-nc-nd/4.0/,Frank Lambert,2018-04-06,"male, song"
train,Northern Cardinal,northern_cardinal,Cardinalis,cardinalis,483878,483878-0.wav,wavfiles/483878-0.wav,//www.xeno-canto.org/483878,//creativecommons.org/licenses/by-nc-sa/4.0/,Barry Edmonston,2019-06-16,song
train,Northern Cardinal,northern_cardinal,Cardinalis,cardinalis,483878,483878-1.wav,wavfiles/483878-1.wav,//www.xeno-canto.org/483878,//creativecommons.org/licenses/by-nc-sa/4.0/,Barry Edmonston,2019-06-16,song
train,Northern Cardinal,northern_cardinal,Cardinalis,cardinalis,483878,483878-10.wav,wavfiles/483878-10.wav,//www.xeno-canto.org/483878,//creativecommons.org/licenses/by-nc-sa/4.0/,Barry Edmonston,2019-06-16,song
train,Northern Cardinal,northern_cardinal,Cardinalis,cardinalis,483878,483878-2.wav,wavfiles/483878-2.wav,//www.xeno-canto.org/483878,//creativecommons.org/licenses/by-nc-sa/4.0/,Barry Edmonston,2019-06-16,song
train,Northern Cardinal,northern_cardinal,Cardinalis,cardinalis,483878,483878-3.wav,wavfiles/483878-3.wav,//www.xeno-canto.org/483878,//creativecommons.org/licenses/by-nc-sa/4.0/,Barry Edmonston,2019-06-16,song
train,Northern Cardinal,northern_cardinal,Cardinalis,cardinalis,483878,483878-4.wav,wavfiles/483878-4.wav,//www.xeno-canto.org/483878,//creativecommons.org/licenses/by-nc-sa/4.0/,Barry Edmonston,2019-06-16,song
train,Northern Cardinal,northern_cardinal,Cardinalis,cardinalis,483878,483878-5.wav,wavfiles/483878-5.wav,//www.xeno-canto.org/483878,//creativecommons.org/licenses/by-nc-sa/4.0/,Barry Edmonston,2019-06-16,song
train,Northern Cardinal,northern_cardinal,Cardinalis,cardinalis,483878,483878-6.wav,wavfiles/483878-6.wav,//www.xeno-canto.org/483878,//creativecommons.org/licenses/by-nc-sa/4.0/,Barry Edmonston,2019-06-16,song
train,Northern Cardinal,northern_cardinal,Cardinalis,cardinalis,483878,483878-7.wav,wavfiles/483878-7.wav,//www.xeno-canto.org/483878,//creativecommons.org/licenses/by-nc-sa/4.0/,Barry Edmonston,2019-06-16,song
train,Northern Cardinal,northern_cardinal,Cardinalis,cardinalis,483878,483878-8.wav,wavfiles/483878-8.wav,//www.xeno-canto.org/483878,//creativecommons.org/licenses/by-nc-sa/4.0/,Barry Edmonston,2019-06-16,song
train,Northern Cardinal,northern_cardinal,Cardinalis,cardinalis,483878,483878-9.wav,wavfiles/483878-9.wav,//www.xeno-canto.org/483878,//creativecommons.org/licenses/by-nc-sa/4.0/,Barry Edmonston,2019-06-16,song
train,Northern Cardinal,northern_cardinal,Cardinalis,cardinalis,489171,489171-0.wav,wavfiles/489171-0.wav,//www.xeno-canto.org/489171,//creativecommons.org/licenses/by-nc-sa/4.0/,Phoenix Birder,2019-07-27,song
train,Northern Cardinal,northern_cardinal,Cardinalis,cardinalis,489171,489171-1.wav,wavfiles/489171-1.wav,//www.xeno-canto.org/489171,//creativecommons.org/licenses/by-nc-sa/4.0/,Phoenix Birder,2019-07-27,song
train,Northern Cardinal,northern_cardinal,Cardinalis,cardinalis,489171,489171-10.wav,wavfiles/489171-10.wav,//www.xeno-canto.org/489171,//creativecommons.org/licenses/by-nc-sa/4.0/,Phoenix Birder,2019-07-27,song
train,Northern Cardinal,northern_cardinal,Cardinalis,cardinalis,489171,489171-11.wav,wavfiles/489171-11.wav,//www.xeno-canto.org/489171,//creativecommons.org/licenses/by-nc-sa/4.0/,Phoenix Birder,2019-07-27,song
train,Northern Cardinal,northern_cardinal,Cardinalis,cardinalis,489171,489171-12.wav,wavfiles/489171-12.wav,//www.xeno-canto.org/489171,//creativecommons.org/licenses/by-nc-sa/4.0/,Phoenix Birder,2019-07-27,song
train,Northern Cardinal,northern_cardinal,Cardinalis,cardinalis,489171,489171-2.wav,wavfiles/489171-2.wav,//www.xeno-canto.org/489171,//creativecommons.org/licenses/by-nc-sa/4.0/,Phoenix Birder,2019-07-27,song
train,Northern Cardinal,northern_cardinal,Cardinalis,cardinalis,489171,489171-3.wav,wavfiles/489171-3.wav,//www.xeno-canto.org/489171,//creativecommons.org/licenses/by-nc-sa/4.0/,Phoenix Birder,2019-07-27,song
train,Northern Cardinal,northern_cardinal,Cardinalis,cardinalis,489171,489171-4.wav,wavfiles/489171-4.wav,//www.xeno-canto.org/489171,//creativecommons.org/licenses/by-nc-sa/4.0/,Phoenix Birder,2019-07-27,song
train,Northern Cardinal,northern_cardinal,Cardinalis,cardinalis,489171,489171-5.wav,wavfiles/489171-5.wav,//www.xeno-canto.org/489171,//creativecommons.org/licenses/by-nc-sa/4.0/,Phoenix Birder,2019-07-27,song
train,Northern Cardinal,northern_cardinal,Cardinalis,cardinalis,489171,489171-6.wav,wavfiles/489171-6.wav,//www.xeno-canto.org/489171,//creativecommons.org/licenses/by-nc-sa/4.0/,Phoenix Birder,2019-07-27,song
train,Northern Cardinal,northern_cardinal,Cardinalis,cardinalis,489171,489171-7.wav,wavfiles/489171-7.wav,//www.xeno-canto.org/489171,//creativecommons.org/licenses/by-nc-sa/4.0/,Phoenix Birder,2019-07-27,song
train,Northern Cardinal,northern_cardinal,Cardinalis,cardinalis,489171,489171-8.wav,wavfiles/489171-8.wav,//www.xeno-canto.org/489171,//creativecommons.org/licenses/by-nc-sa/4.0/,Phoenix Birder,2019-07-27,song
train,Northern Cardinal,northern_cardinal,Cardinalis,cardinalis,489171,489171-9.wav,wavfiles/489171-9.wav,//www.xeno-canto.org/489171,//creativecommons.org/licenses/by-nc-sa/4.0/,Phoenix Birder,2019-07-27,song
train,Northern Cardinal,northern_cardinal,Cardinalis,cardinalis,523589,523589-14.wav,wavfiles/523589-14.wav,//www.xeno-canto.org/523589,//creativecommons.org/licenses/by-nc-sa/4.0/,William Whitehead,2020-02-01,"adult, male, song"
train,Northern Cardinal,northern_cardinal,Cardinalis,cardinalis,523589,523589-15.wav,wavfiles/523589-15.wav,//www.xeno-canto.org/523589,//creativecommons.org/licenses/by-nc-sa/4.0/,William Whitehead,2020-02-01,"adult, male, song"
train,Northern Cardinal,northern_cardinal,Cardinalis,cardinalis,523589,523589-19.wav,wavfiles/523589-19.wav,//www.xeno-canto.org/523589,//creativecommons.org/licenses/by-nc-sa/4.0/,William Whitehead,2020-02-01,"adult, male, song"
train,Northern Cardinal,northern_cardinal,Cardinalis,cardinalis,523589,523589-20.wav,wavfiles/523589-20.wav,//www.xeno-canto.org/523589,//creativecommons.org/licenses/by-nc-sa/4.0/,William Whitehead,2020-02-01,"adult, male, song"
train,Northern Cardinal,northern_cardinal,Cardinalis,cardinalis,523589,523589-6.wav,wavfiles/523589-6.wav,//www.xeno-canto.org/523589,//creativecommons.org/licenses/by-nc-sa/4.0/,William Whitehead,2020-02-01,"adult, male, song"
train,Northern Cardinal,northern_cardinal,Cardinalis,cardinalis,523589,523589-7.wav,wavfiles/523589-7.wav,//www.xeno-canto.org/523589,//creativecommons.org/licenses/by-nc-sa/4.0/,William Whitehead,2020-02-01,"adult, male, song"
train,Northern Cardinal,northern_cardinal,Cardinalis,cardinalis,542090,542090-0.wav,wavfiles/542090-0.wav,//www.xeno-canto.org/542090,//creativecommons.org/licenses/by-nc-sa/4.0/,Brian Hendrix,2020-04-05,song
train,Northern Cardinal,northern_cardinal,Cardinalis,cardinalis,542090,542090-1.wav,wavfiles/542090-1.wav,//www.xeno-canto.org/542090,//creativecommons.org/licenses/by-nc-sa/4.0/,Brian Hendrix,2020-04-05,song
train,Northern Cardinal,northern_cardinal,Cardinalis,cardinalis,542090,542090-10.wav,wavfiles/542090-10.wav,//www.xeno-canto.org/542090,//creativecommons.org/licenses/by-nc-sa/4.0/,Brian Hendrix,2020-04-05,song
train,Northern Cardinal,northern_cardinal,Cardinalis,cardinalis,542090,542090-13.wav,wavfiles/542090-13.wav,//www.xeno-canto.org/542090,//creativecommons.org/licenses/by-nc-sa/4.0/,Brian Hendrix,2020-04-05,song
train,Northern Cardinal,northern_cardinal,Cardinalis,cardinalis,542090,542090-14.wav,wavfiles/542090-14.wav,//www.xeno-canto.org/542090,//creativecommons.org/licenses/by-nc-sa/4.0/,Brian Hendrix,2020-04-05,song
train,Northern Cardinal,northern_cardinal,Cardinalis,cardinalis,542090,542090-15.wav,wavfiles/542090-15.wav,//www.xeno-canto.org/542090,//creativecommons.org/licenses/by-nc-sa/4.0/,Brian Hendrix,2020-04-05,song
train,Northern Cardinal,northern_cardinal,Cardinalis,cardinalis,542090,542090-2.wav,wavfiles/542090-2.wav,//www.xeno-canto.org/542090,//creativecommons.org/licenses/by-nc-sa/4.0/,Brian Hendrix,2020-04-05,song
train,Northern Cardinal,northern_cardinal,Cardinalis,cardinalis,542090,542090-3.wav,wavfiles/542090-3.wav,//www.xeno-canto.org/542090,//creativecommons.org/licenses/by-nc-sa/4.0/,Brian Hendrix,2020-04-05,song
train,Northern Cardinal,northern_cardinal,Cardinalis,cardinalis,542090,542090-4.wav,wavfiles/542090-4.wav,//www.xeno-canto.org/542090,//creativecommons.org/licenses/by-nc-sa/4.0/,Brian Hendrix,2020-04-05,song
train,Northern Cardinal,northern_cardinal,Cardinalis,cardinalis,542090,542090-5.wav,wavfiles/542090-5.wav,//www.xeno-canto.org/542090,//creativecommons.org/licenses/by-nc-sa/4.0/,Brian Hendrix,2020-04-05,song
train,Northern Cardinal,northern_cardinal,Cardinalis,cardinalis,542090,542090-6.wav,wavfiles/542090-6.wav,//www.xeno-canto.org/542090,//creativecommons.org/licenses/by-nc-sa/4.0/,Brian Hendrix,2020-04-05,song
train,Northern Cardinal,northern_cardinal,Cardinalis,cardinalis,542090,542090-7.wav,wavfiles/542090-7.wav,//www.xeno-canto.org/542090,//creativecommons.org/licenses/by-nc-sa/4.0/,Brian Hendrix,2020-04-05,song
train,Northern Cardinal,northern_cardinal,Cardinalis,cardinalis,542090,542090-8.wav,wavfiles/542090-8.wav,//www.xeno-canto.org/542090,//creativecommons.org/licenses/by-nc-sa/4.0/,Brian Hendrix,2020-04-05,song
train,Northern Cardinal,northern_cardinal,Cardinalis,cardinalis,542090,542090-9.wav,wavfiles/542090-9.wav,//www.xeno-canto.org/542090,//creativecommons.org/licenses/by-nc-sa/4.0/,Brian Hendrix,2020-04-05,song
train,Northern Cardinal,northern_cardinal,Cardinalis,cardinalis,559516,559516-0.wav,wavfiles/559516-0.wav,//www.xeno-canto.org/559516,//creativecommons.org/licenses/by-nc-sa/4.0/,Jim Berry,2020-05-18,"adult, call, sex uncertain, song"
train,Northern Cardinal,northern_cardinal,Cardinalis,cardinalis,559516,559516-1.wav,wavfiles/559516-1.wav,//www.xeno-canto.org/559516,//creativecommons.org/licenses/by-nc-sa/4.0/,Jim Berry,2020-05-18,"adult, call, sex uncertain, song"
train,Northern Cardinal,northern_cardinal,Cardinalis,cardinalis,559516,559516-10.wav,wavfiles/559516-10.wav,//www.xeno-canto.org/559516,//creativecommons.org/licenses/by-nc-sa/4.0/,Jim Berry,2020-05-18,"adult, call, sex uncertain, song"
train,Northern Cardinal,northern_cardinal,Cardinalis,cardinalis,559516,559516-11.wav,wavfiles/559516-11.wav,//www.xeno-canto.org/559516,//creativecommons.org/licenses/by-nc-sa/4.0/,Jim Berry,2020-05-18,"adult, call, sex uncertain, song"
train,Northern Cardinal,northern_cardinal,Cardinalis,cardinalis,559516,559516-12.wav,wavfiles/559516-12.wav,//www.xeno-canto.org/559516,//creativecommons.org/licenses/by-nc-sa/4.0/,Jim Berry,2020-05-18,"adult, call, sex uncertain, song"
train,Northern Cardinal,northern_cardinal,Cardinalis,cardinalis,559516,559516-2.wav,wavfiles/559516-2.wav,//www.xeno-canto.org/559516,//creativecommons.org/licenses/by-nc-sa/4.0/,Jim Berry,2020-05-18,"adult, call, sex uncertain, song"
train,Northern Cardinal,northern_cardinal,Cardinalis,cardinalis,559516,559516-3.wav,wavfiles/559516-3.wav,//www.xeno-canto.org/559516,//creativecommons.org/licenses/by-nc-sa/4.0/,Jim Berry,2020-05-18,"adult, call, sex uncertain, song"
train,Northern Cardinal,northern_cardinal,Cardinalis,cardinalis,559516,559516-4.wav,wavfiles/559516-4.wav,//www.xeno-canto.org/559516,//creativecommons.org/licenses/by-nc-sa/4.0/,Jim Berry,2020-05-18,"adult, call, sex uncertain, song"
train,Northern Cardinal,northern_cardinal,Cardinalis,cardinalis,559516,559516-6.wav,wavfiles/559516-6.wav,//www.xeno-canto.org/559516,//creativecommons.org/licenses/by-nc-sa/4.0/,Jim Berry,2020-05-18,"adult, call, sex uncertain, song"
train,Northern Cardinal,northern_cardinal,Cardinalis,cardinalis,559516,559516-7.wav,wavfiles/559516-7.wav,//www.xeno-canto.org/559516,//creativecommons.org/licenses/by-nc-sa/4.0/,Jim Berry,2020-05-18,"adult, call, sex uncertain, song"
train,Northern Cardinal,northern_cardinal,Cardinalis,cardinalis,559516,559516-8.wav,wavfiles/559516-8.wav,//www.xeno-canto.org/559516,//creativecommons.org/licenses/by-nc-sa/4.0/,Jim Berry,2020-05-18,"adult, call, sex uncertain, song"
train,Northern Cardinal,northern_cardinal,Cardinalis,cardinalis,559516,559516-9.wav,wavfiles/559516-9.wav,//www.xeno-canto.org/559516,//creativecommons.org/licenses/by-nc-sa/4.0/,Jim Berry,2020-05-18,"adult, call, sex uncertain, song"
train,Northern Cardinal,northern_cardinal,Cardinalis,cardinalis,563619,563619-0.wav,wavfiles/563619-0.wav,//www.xeno-canto.org/563619,//creativecommons.org/licenses/by-nc-sa/4.0/,Brian Hendrix,2020-05-30,song
train,Northern Cardinal,northern_cardinal,Cardinalis,cardinalis,563619,563619-1.wav,wavfiles/563619-1.wav,//www.xeno-canto.org/563619,//creativecommons.org/licenses/by-nc-sa/4.0/,Brian Hendrix,2020-05-30,song
train,Northern Cardinal,northern_cardinal,Cardinalis,cardinalis,563619,563619-10.wav,wavfiles/563619-10.wav,//www.xeno-canto.org/563619,//creativecommons.org/licenses/by-nc-sa/4.0/,Brian Hendrix,2020-05-30,song
train,Northern Cardinal,northern_cardinal,Cardinalis,cardinalis,563619,563619-11.wav,wavfiles/563619-11.wav,//www.xeno-canto.org/563619,//creativecommons.org/licenses/by-nc-sa/4.0/,Brian Hendrix,2020-05-30,song
train,Northern Cardinal,northern_cardinal,Cardinalis,cardinalis,563619,563619-12.wav,wavfiles/563619-12.wav,//www.xeno-canto.org/563619,//creativecommons.org/licenses/by-nc-sa/4.0/,Brian Hendrix,2020-05-30,song
train,Northern Cardinal,northern_cardinal,Cardinalis,cardinalis,563619,563619-2.wav,wavfiles/563619-2.wav,//www.xeno-canto.org/563619,//creativecommons.org/licenses/by-nc-sa/4.0/,Brian Hendrix,2020-05-30,song
train,Northern Cardinal,northern_cardinal,Cardinalis,cardinalis,563619,563619-3.wav,wavfiles/563619-3.wav,//www.xeno-canto.org/563619,//creativecommons.org/licenses/by-nc-sa/4.0/,Brian Hendrix,2020-05-30,song
train,Northern Cardinal,northern_cardinal,Cardinalis,cardinalis,563619,563619-4.wav,wavfiles/563619-4.wav,//www.xeno-canto.org/563619,//creativecommons.org/licenses/by-nc-sa/4.0/,Brian Hendrix,2020-05-30,song
train,Northern Cardinal,northern_cardinal,Cardinalis,cardinalis,563619,563619-5.wav,wavfiles/563619-5.wav,//www.xeno-canto.org/563619,//creativecommons.org/licenses/by-nc-sa/4.0/,Brian Hendrix,2020-05-30,song
train,Northern Cardinal,northern_cardinal,Cardinalis,cardinalis,563619,563619-6.wav,wavfiles/563619-6.wav,//www.xeno-canto.org/563619,//creativecommons.org/licenses/by-nc-sa/4.0/,Brian Hendrix,2020-05-30,song
train,Northern Cardinal,northern_cardinal,Cardinalis,cardinalis,563619,563619-7.wav,wavfiles/563619-7.wav,//www.xeno-canto.org/563619,//creativecommons.org/licenses/by-nc-sa/4.0/,Brian Hendrix,2020-05-30,song
train,Northern Cardinal,northern_cardinal,Cardinalis,cardinalis,563619,563619-8.wav,wavfiles/563619-8.wav,//www.xeno-canto.org/563619,//creativecommons.org/licenses/by-nc-sa/4.0/,Brian Hendrix,2020-05-30,song
train,Northern Cardinal,northern_cardinal,Cardinalis,cardinalis,563619,563619-9.wav,wavfiles/563619-9.wav,//www.xeno-canto.org/563619,//creativecommons.org/licenses/by-nc-sa/4.0/,Brian Hendrix,2020-05-30,song
train,Northern Cardinal,northern_cardinal,Cardinalis,cardinalis,564311,564311-0.wav,wavfiles/564311-0.wav,//www.xeno-canto.org/564311,//creativecommons.org/licenses/by-nc-sa/4.0/,Brian Hendrix,2020-06-01,song
train,Northern Cardinal,northern_cardinal,Cardinalis,cardinalis,564311,564311-1.wav,wavfiles/564311-1.wav,//www.xeno-canto.org/564311,//creativecommons.org/licenses/by-nc-sa/4.0/,Brian Hendrix,2020-06-01,song
train,Northern Cardinal,northern_cardinal,Cardinalis,cardinalis,564311,564311-10.wav,wavfiles/564311-10.wav,//www.xeno-canto.org/564311,//creativecommons.org/licenses/by-nc-sa/4.0/,Brian Hendrix,2020-06-01,song
train,Northern Cardinal,northern_cardinal,Cardinalis,cardinalis,564311,564311-11.wav,wavfiles/564311-11.wav,//www.xeno-canto.org/564311,//creativecommons.org/licenses/by-nc-sa/4.0/,Brian Hendrix,2020-06-01,song
train,Northern Cardinal,northern_cardinal,Cardinalis,cardinalis,564311,564311-12.wav,wavfiles/564311-12.wav,//www.xeno-canto.org/564311,//creativecommons.org/licenses/by-nc-sa/4.0/,Brian Hendrix,2020-06-01,song
train,Northern Cardinal,northern_cardinal,Cardinalis,cardinalis,564311,564311-13.wav,wavfiles/564311-13.wav,//www.xeno-canto.org/564311,//creativecommons.org/licenses/by-nc-sa/4.0/,Brian Hendrix,2020-06-01,song
train,Northern Cardinal,northern_cardinal,Cardinalis,cardinalis,564311,564311-16.wav,wavfiles/564311-16.wav,//www.xeno-canto.org/564311,//creativecommons.org/licenses/by-nc-sa/4.0/,Brian Hendrix,2020-06-01,song
train,Northern Cardinal,northern_cardinal,Cardinalis,cardinalis,564311,564311-17.wav,wavfiles/564311-17.wav,//www.xeno-canto.org/564311,//creativecommons.org/licenses/by-nc-sa/4.0/,Brian Hendrix,2020-06-01,song
train,Northern Cardinal,northern_cardinal,Cardinalis,cardinalis,564311,564311-2.wav,wavfiles/564311-2.wav,//www.xeno-canto.org/564311,//creativecommons.org/licenses/by-nc-sa/4.0/,Brian Hendrix,2020-06-01,song
train,Northern Cardinal,northern_cardinal,Cardinalis,cardinalis,564311,564311-3.wav,wavfiles/564311-3.wav,//www.xeno-canto.org/564311,//creativecommons.org/licenses/by-nc-sa/4.0/,Brian Hendrix,2020-06-01,song
train,Northern Cardinal,northern_cardinal,Cardinalis,cardinalis,564311,564311-4.wav,wavfiles/564311-4.wav,//www.xeno-canto.org/564311,//creativecommons.org/licenses/by-nc-sa/4.0/,Brian Hendrix,2020-06-01,song
train,Northern Cardinal,northern_cardinal,Cardinalis,cardinalis,564311,564311-5.wav,wavfiles/564311-5.wav,//www.xeno-canto.org/564311,//creativecommons.org/licenses/by-nc-sa/4.0/,Brian Hendrix,2020-06-01,song
train,Northern Cardinal,northern_cardinal,Cardinalis,cardinalis,564311,564311-6.wav,wavfiles/564311-6.wav,//www.xeno-canto.org/564311,//creativecommons.org/licenses/by-nc-sa/4.0/,Brian Hendrix,2020-06-01,song
train,Northern Cardinal,northern_cardinal,Cardinalis,cardinalis,564311,564311-7.wav,wavfiles/564311-7.wav,//www.xeno-canto.org/564311,//creativecommons.org/licenses/by-nc-sa/4.0/,Brian Hendrix,2020-06-01,song
train,Northern Cardinal,northern_cardinal,Cardinalis,cardinalis,564311,564311-8.wav,wavfiles/564311-8.wav,//www.xeno-canto.org/564311,//creativecommons.org/licenses/by-nc-sa/4.0/,Brian Hendrix,2020-06-01,song
train,Northern Cardinal,northern_cardinal,Cardinalis,cardinalis,564311,564311-9.wav,wavfiles/564311-9.wav,//www.xeno-canto.org/564311,//creativecommons.org/licenses/by-nc-sa/4.0/,Brian Hendrix,2020-06-01,song
train,Northern Cardinal,northern_cardinal,Cardinalis,cardinalis,564312,564312-0.wav,wavfiles/564312-0.wav,//www.xeno-canto.org/564312,//creativecommons.org/licenses/by-nc-sa/4.0/,Brian Hendrix,2020-06-01,song
train,Northern Cardinal,northern_cardinal,Cardinalis,cardinalis,564312,564312-1.wav,wavfiles/564312-1.wav,//www.xeno-canto.org/564312,//creativecommons.org/licenses/by-nc-sa/4.0/,Brian Hendrix,2020-06-01,song
train,Northern Cardinal,northern_cardinal,Cardinalis,cardinalis,564312,564312-10.wav,wavfiles/564312-10.wav,//www.xeno-canto.org/564312,//creativecommons.org/licenses/by-nc-sa/4.0/,Brian Hendrix,2020-06-01,song
train,Northern Cardinal,northern_cardinal,Cardinalis,cardinalis,564312,564312-11.wav,wavfiles/564312-11.wav,//www.xeno-canto.org/564312,//creativecommons.org/licenses/by-nc-sa/4.0/,Brian Hendrix,2020-06-01,song
train,Northern Cardinal,northern_cardinal,Cardinalis,cardinalis,564312,564312-12.wav,wavfiles/564312-12.wav,//www.xeno-canto.org/564312,//creativecommons.org/licenses/by-nc-sa/4.0/,Brian Hendrix,2020-06-01,song
train,Northern Cardinal,northern_cardinal,Cardinalis,cardinalis,564312,564312-13.wav,wavfiles/564312-13.wav,//www.xeno-canto.org/564312,//creativecommons.org/licenses/by-nc-sa/4.0/,Brian Hendrix,2020-06-01,song
train,Northern Cardinal,northern_cardinal,Cardinalis,cardinalis,564312,564312-14.wav,wavfiles/564312-14.wav,//www.xeno-canto.org/564312,//creativecommons.org/licenses/by-nc-sa/4.0/,Brian Hendrix,2020-06-01,song
train,Northern Cardinal,northern_cardinal,Cardinalis,cardinalis,564312,564312-15.wav,wavfiles/564312-15.wav,//www.xeno-canto.org/564312,//creativecommons.org/licenses/by-nc-sa/4.0/,Brian Hendrix,2020-06-01,song
train,Northern Cardinal,northern_cardinal,Cardinalis,cardinalis,564312,564312-2.wav,wavfiles/564312-2.wav,//www.xeno-canto.org/564312,//creativecommons.org/licenses/by-nc-sa/4.0/,Brian Hendrix,2020-06-01,song
train,Northern Cardinal,northern_cardinal,Cardinalis,cardinalis,564312,564312-3.wav,wavfiles/564312-3.wav,//www.xeno-canto.org/564312,//creativecommons.org/licenses/by-nc-sa/4.0/,Brian Hendrix,2020-06-01,song
train,Northern Cardinal,northern_cardinal,Cardinalis,cardinalis,564312,564312-4.wav,wavfiles/564312-4.wav,//www.xeno-canto.org/564312,//creativecommons.org/licenses/by-nc-sa/4.0/,Brian Hendrix,2020-06-01,song
train,Northern Cardinal,northern_cardinal,Cardinalis,cardinalis,564312,564312-5.wav,wavfiles/564312-5.wav,//www.xeno-canto.org/564312,//creativecommons.org/licenses/by-nc-sa/4.0/,Brian Hendrix,2020-06-01,song
train,Northern Cardinal,northern_cardinal,Cardinalis,cardinalis,564312,564312-6.wav,wavfiles/564312-6.wav,//www.xeno-canto.org/564312,//creativecommons.org/licenses/by-nc-sa/4.0/,Brian Hendrix,2020-06-01,song
train,Northern Cardinal,northern_cardinal,Cardinalis,cardinalis,564312,564312-7.wav,wavfiles/564312-7.wav,//www.xeno-canto.org/564312,//creativecommons.org/licenses/by-nc-sa/4.0/,Brian Hendrix,2020-06-01,song
train,Northern Cardinal,northern_cardinal,Cardinalis,cardinalis,564312,564312-8.wav,wavfiles/564312-8.wav,//www.xeno-canto.org/564312,//creativecommons.org/licenses/by-nc-sa/4.0/,Brian Hendrix,2020-06-01,song
train,Northern Cardinal,northern_cardinal,Cardinalis,cardinalis,564312,564312-9.wav,wavfiles/564312-9.wav,//www.xeno-canto.org/564312,//creativecommons.org/licenses/by-nc-sa/4.0/,Brian Hendrix,2020-06-01,song
train,Northern Mockingbird,northern_mockingbird,Mimus,polyglottos,13609,13609-0.wav,wavfiles/13609-0.wav,//www.xeno-canto.org/13609,//creativecommons.org/licenses/by-nc-nd/2.5/,Andrew Spencer,2007-05-20,song
train,Northern Mockingbird,northern_mockingbird,Mimus,polyglottos,13609,13609-1.wav,wavfiles/13609-1.wav,//www.xeno-canto.org/13609,//creativecommons.org/licenses/by-nc-nd/2.5/,Andrew Spencer,2007-05-20,song
train,Northern Mockingbird,northern_mockingbird,Mimus,polyglottos,13609,13609-10.wav,wavfiles/13609-10.wav,//www.xeno-canto.org/13609,//creativecommons.org/licenses/by-nc-nd/2.5/,Andrew Spencer,2007-05-20,song
train,Northern Mockingbird,northern_mockingbird,Mimus,polyglottos,13609,13609-11.wav,wavfiles/13609-11.wav,//www.xeno-canto.org/13609,//creativecommons.org/licenses/by-nc-nd/2.5/,Andrew Spencer,2007-05-20,song
train,Northern Mockingbird,northern_mockingbird,Mimus,polyglottos,13609,13609-12.wav,wavfiles/13609-12.wav,//www.xeno-canto.org/13609,//creativecommons.org/licenses/by-nc-nd/2.5/,Andrew Spencer,2007-05-20,song
train,Northern Mockingbird,northern_mockingbird,Mimus,polyglottos,13609,13609-13.wav,wavfiles/13609-13.wav,//www.xeno-canto.org/13609,//creativecommons.org/licenses/by-nc-nd/2.5/,Andrew Spencer,2007-05-20,song
train,Northern Mockingbird,northern_mockingbird,Mimus,polyglottos,13609,13609-14.wav,wavfiles/13609-14.wav,//www.xeno-canto.org/13609,//creativecommons.org/licenses/by-nc-nd/2.5/,Andrew Spencer,2007-05-20,song
train,Northern Mockingbird,northern_mockingbird,Mimus,polyglottos,13609,13609-15.wav,wavfiles/13609-15.wav,//www.xeno-canto.org/13609,//creativecommons.org/licenses/by-nc-nd/2.5/,Andrew Spencer,2007-05-20,song
train,Northern Mockingbird,northern_mockingbird,Mimus,polyglottos,13609,13609-2.wav,wavfiles/13609-2.wav,//www.xeno-canto.org/13609,//creativecommons.org/licenses/by-nc-nd/2.5/,Andrew Spencer,2007-05-20,song
train,Northern Mockingbird,northern_mockingbird,Mimus,polyglottos,13609,13609-3.wav,wavfiles/13609-3.wav,//www.xeno-canto.org/13609,//creativecommons.org/licenses/by-nc-nd/2.5/,Andrew Spencer,2007-05-20,song
train,Northern Mockingbird,northern_mockingbird,Mimus,polyglottos,13609,13609-4.wav,wavfiles/13609-4.wav,//www.xeno-canto.org/13609,//creativecommons.org/licenses/by-nc-nd/2.5/,Andrew Spencer,2007-05-20,song
train,Northern Mockingbird,northern_mockingbird,Mimus,polyglottos,13609,13609-5.wav,wavfiles/13609-5.wav,//www.xeno-canto.org/13609,//creativecommons.org/licenses/by-nc-nd/2.5/,Andrew Spencer,2007-05-20,song
train,Northern Mockingbird,northern_mockingbird,Mimus,polyglottos,13609,13609-6.wav,wavfiles/13609-6.wav,//www.xeno-canto.org/13609,//creativecommons.org/licenses/by-nc-nd/2.5/,Andrew Spencer,2007-05-20,song
train,Northern Mockingbird,northern_mockingbird,Mimus,polyglottos,13609,13609-7.wav,wavfiles/13609-7.wav,//www.xeno-canto.org/13609,//creativecommons.org/licenses/by-nc-nd/2.5/,Andrew Spencer,2007-05-20,song
train,Northern Mockingbird,northern_mockingbird,Mimus,polyglottos,13609,13609-8.wav,wavfiles/13609-8.wav,//www.xeno-canto.org/13609,//creativecommons.org/licenses/by-nc-nd/2.5/,Andrew Spencer,2007-05-20,song
train,Northern Mockingbird,northern_mockingbird,Mimus,polyglottos,13609,13609-9.wav,wavfiles/13609-9.wav,//www.xeno-canto.org/13609,//creativecommons.org/licenses/by-nc-nd/2.5/,Andrew Spencer,2007-05-20,song
train,Northern Mockingbird,northern_mockingbird,Mimus,polyglottos,14213,14213-0.wav,wavfiles/14213-0.wav,//www.xeno-canto.org/14213,//creativecommons.org/licenses/by-nc-nd/2.5/,Chris Parrish,2007-07-01,song
train,Northern Mockingbird,northern_mockingbird,Mimus,polyglottos,14213,14213-1.wav,wavfiles/14213-1.wav,//www.xeno-canto.org/14213,//creativecommons.org/licenses/by-nc-nd/2.5/,Chris Parrish,2007-07-01,song
train,Northern Mockingbird,northern_mockingbird,Mimus,polyglottos,14213,14213-10.wav,wavfiles/14213-10.wav,//www.xeno-canto.org/14213,//creativecommons.org/licenses/by-nc-nd/2.5/,Chris Parrish,2007-07-01,song
train,Northern Mockingbird,northern_mockingbird,Mimus,polyglottos,14213,14213-11.wav,wavfiles/14213-11.wav,//www.xeno-canto.org/14213,//creativecommons.org/licenses/by-nc-nd/2.5/,Chris Parrish,2007-07-01,song
train,Northern Mockingbird,northern_mockingbird,Mimus,polyglottos,14213,14213-12.wav,wavfiles/14213-12.wav,//www.xeno-canto.org/14213,//creativecommons.org/licenses/by-nc-nd/2.5/,Chris Parrish,2007-07-01,song
train,Northern Mockingbird,northern_mockingbird,Mimus,polyglottos,14213,14213-13.wav,wavfiles/14213-13.wav,//www.xeno-canto.org/14213,//creativecommons.org/licenses/by-nc-nd/2.5/,Chris Parrish,2007-07-01,song
train,Northern Mockingbird,northern_mockingbird,Mimus,polyglottos,14213,14213-14.wav,wavfiles/14213-14.wav,//www.xeno-canto.org/14213,//creativecommons.org/licenses/by-nc-nd/2.5/,Chris Parrish,2007-07-01,song
train,Northern Mockingbird,northern_mockingbird,Mimus,polyglottos,14213,14213-15.wav,wavfiles/14213-15.wav,//www.xeno-canto.org/14213,//creativecommons.org/licenses/by-nc-nd/2.5/,Chris Parrish,2007-07-01,song
train,Northern Mockingbird,northern_mockingbird,Mimus,polyglottos,14213,14213-2.wav,wavfiles/14213-2.wav,//www.xeno-canto.org/14213,//creativecommons.org/licenses/by-nc-nd/2.5/,Chris Parrish,2007-07-01,song
train,Northern Mockingbird,northern_mockingbird,Mimus,polyglottos,14213,14213-3.wav,wavfiles/14213-3.wav,//www.xeno-canto.org/14213,//creativecommons.org/licenses/by-nc-nd/2.5/,Chris Parrish,2007-07-01,song
train,Northern Mockingbird,northern_mockingbird,Mimus,polyglottos,14213,14213-4.wav,wavfiles/14213-4.wav,//www.xeno-canto.org/14213,//creativecommons.org/licenses/by-nc-nd/2.5/,Chris Parrish,2007-07-01,song
train,Northern Mockingbird,northern_mockingbird,Mimus,polyglottos,14213,14213-5.wav,wavfiles/14213-5.wav,//www.xeno-canto.org/14213,//creativecommons.org/licenses/by-nc-nd/2.5/,Chris Parrish,2007-07-01,song
train,Northern Mockingbird,northern_mockingbird,Mimus,polyglottos,14213,14213-6.wav,wavfiles/14213-6.wav,//www.xeno-canto.org/14213,//creativecommons.org/licenses/by-nc-nd/2.5/,Chris Parrish,2007-07-01,song
train,Northern Mockingbird,northern_mockingbird,Mimus,polyglottos,14213,14213-7.wav,wavfiles/14213-7.wav,//www.xeno-canto.org/14213,//creativecommons.org/licenses/by-nc-nd/2.5/,Chris Parrish,2007-07-01,song
train,Northern Mockingbird,northern_mockingbird,Mimus,polyglottos,14213,14213-8.wav,wavfiles/14213-8.wav,//www.xeno-canto.org/14213,//creativecommons.org/licenses/by-nc-nd/2.5/,Chris Parrish,2007-07-01,song
train,Northern Mockingbird,northern_mockingbird,Mimus,polyglottos,14213,14213-9.wav,wavfiles/14213-9.wav,//www.xeno-canto.org/14213,//creativecommons.org/licenses/by-nc-nd/2.5/,Chris Parrish,2007-07-01,song
train,Northern Mockingbird,northern_mockingbird,Mimus,polyglottos,18484,18484-0.wav,wavfiles/18484-0.wav,//www.xeno-canto.org/18484,//creativecommons.org/licenses/by-nc-nd/2.5/,Chris Parrish,2008-03-13,song
train,Northern Mockingbird,northern_mockingbird,Mimus,polyglottos,18484,18484-1.wav,wavfiles/18484-1.wav,//www.xeno-canto.org/18484,//creativecommons.org/licenses/by-nc-nd/2.5/,Chris Parrish,2008-03-13,song
train,Northern Mockingbird,northern_mockingbird,Mimus,polyglottos,18484,18484-10.wav,wavfiles/18484-10.wav,//www.xeno-canto.org/18484,//creativecommons.org/licenses/by-nc-nd/2.5/,Chris Parrish,2008-03-13,song
train,Northern Mockingbird,northern_mockingbird,Mimus,polyglottos,18484,18484-11.wav,wavfiles/18484-11.wav,//www.xeno-canto.org/18484,//creativecommons.org/licenses/by-nc-nd/2.5/,Chris Parrish,2008-03-13,song
train,Northern Mockingbird,northern_mockingbird,Mimus,polyglottos,18484,18484-12.wav,wavfiles/18484-12.wav,//www.xeno-canto.org/18484,//creativecommons.org/licenses/by-nc-nd/2.5/,Chris Parrish,2008-03-13,song
train,Northern Mockingbird,northern_mockingbird,Mimus,polyglottos,18484,18484-2.wav,wavfiles/18484-2.wav,//www.xeno-canto.org/18484,//creativecommons.org/licenses/by-nc-nd/2.5/,Chris Parrish,2008-03-13,song
train,Northern Mockingbird,northern_mockingbird,Mimus,polyglottos,18484,18484-3.wav,wavfiles/18484-3.wav,//www.xeno-canto.org/18484,//creativecommons.org/licenses/by-nc-nd/2.5/,Chris Parrish,2008-03-13,song
train,Northern Mockingbird,northern_mockingbird,Mimus,polyglottos,18484,18484-4.wav,wavfiles/18484-4.wav,//www.xeno-canto.org/18484,//creativecommons.org/licenses/by-nc-nd/2.5/,Chris Parrish,2008-03-13,song
train,Northern Mockingbird,northern_mockingbird,Mimus,polyglottos,18484,18484-5.wav,wavfiles/18484-5.wav,//www.xeno-canto.org/18484,//creativecommons.org/licenses/by-nc-nd/2.5/,Chris Parrish,2008-03-13,song
train,Northern Mockingbird,northern_mockingbird,Mimus,polyglottos,18484,18484-6.wav,wavfiles/18484-6.wav,//www.xeno-canto.org/18484,//creativecommons.org/licenses/by-nc-nd/2.5/,Chris Parrish,2008-03-13,song
train,Northern Mockingbird,northern_mockingbird,Mimus,polyglottos,18484,18484-7.wav,wavfiles/18484-7.wav,//www.xeno-canto.org/18484,//creativecommons.org/licenses/by-nc-nd/2.5/,Chris Parrish,2008-03-13,song
train,Northern Mockingbird,northern_mockingbird,Mimus,polyglottos,18484,18484-8.wav,wavfiles/18484-8.wav,//www.xeno-canto.org/18484,//creativecommons.org/licenses/by-nc-nd/2.5/,Chris Parrish,2008-03-13,song
train,Northern Mockingbird,northern_mockingbird,Mimus,polyglottos,18484,18484-9.wav,wavfiles/18484-9.wav,//www.xeno-canto.org/18484,//creativecommons.org/licenses/by-nc-nd/2.5/,Chris Parrish,2008-03-13,song
train,Northern Mockingbird,northern_mockingbird,Mimus,polyglottos,21732,21732-0.wav,wavfiles/21732-0.wav,//www.xeno-canto.org/21732,//creativecommons.org/licenses/by-nc-nd/2.5/,Chris Parrish,2008-07-13,song
train,Northern Mockingbird,northern_mockingbird,Mimus,polyglottos,21732,21732-1.wav,wavfiles/21732-1.wav,//www.xeno-canto.org/21732,//creativecommons.org/licenses/by-nc-nd/2.5/,Chris Parrish,2008-07-13,song
train,Northern Mockingbird,northern_mockingbird,Mimus,polyglottos,21732,21732-11.wav,wavfiles/21732-11.wav,//www.xeno-canto.org/21732,//creativecommons.org/licenses/by-nc-nd/2.5/,Chris Parrish,2008-07-13,song
train,Northern Mockingbird,northern_mockingbird,Mimus,polyglottos,21732,21732-12.wav,wavfiles/21732-12.wav,//www.xeno-canto.org/21732,//creativecommons.org/licenses/by-nc-nd/2.5/,Chris Parrish,2008-07-13,song
train,Northern Mockingbird,northern_mockingbird,Mimus,polyglottos,21732,21732-13.wav,wavfiles/21732-13.wav,//www.xeno-canto.org/21732,//creativecommons.org/licenses/by-nc-nd/2.5/,Chris Parrish,2008-07-13,song
train,Northern Mockingbird,northern_mockingbird,Mimus,polyglottos,21732,21732-14.wav,wavfiles/21732-14.wav,//www.xeno-canto.org/21732,//creativecommons.org/licenses/by-nc-nd/2.5/,Chris Parrish,2008-07-13,song
train,Northern Mockingbird,northern_mockingbird,Mimus,polyglottos,21732,21732-2.wav,wavfiles/21732-2.wav,//www.xeno-canto.org/21732,//creativecommons.org/licenses/by-nc-nd/2.5/,Chris Parrish,2008-07-13,song
train,Northern Mockingbird,northern_mockingbird,Mimus,polyglottos,21732,21732-3.wav,wavfiles/21732-3.wav,//www.xeno-canto.org/21732,//creativecommons.org/licenses/by-nc-nd/2.5/,Chris Parrish,2008-07-13,song
train,Northern Mockingbird,northern_mockingbird,Mimus,polyglottos,21732,21732-4.wav,wavfiles/21732-4.wav,//www.xeno-canto.org/21732,//creativecommons.org/licenses/by-nc-nd/2.5/,Chris Parrish,2008-07-13,song
train,Northern Mockingbird,northern_mockingbird,Mimus,polyglottos,21732,21732-5.wav,wavfiles/21732-5.wav,//www.xeno-canto.org/21732,//creativecommons.org/licenses/by-nc-nd/2.5/,Chris Parrish,2008-07-13,song
train,Northern Mockingbird,northern_mockingbird,Mimus,polyglottos,21732,21732-6.wav,wavfiles/21732-6.wav,//www.xeno-canto.org/21732,//creativecommons.org/licenses/by-nc-nd/2.5/,Chris Parrish,2008-07-13,song
train,Northern Mockingbird,northern_mockingbird,Mimus,polyglottos,21732,21732-7.wav,wavfiles/21732-7.wav,//www.xeno-canto.org/21732,//creativecommons.org/licenses/by-nc-nd/2.5/,Chris Parrish,2008-07-13,song
train,Northern Mockingbird,northern_mockingbird,Mimus,polyglottos,21732,21732-8.wav,wavfiles/21732-8.wav,//www.xeno-canto.org/21732,//creativecommons.org/licenses/by-nc-nd/2.5/,Chris Parrish,2008-07-13,song
train,Northern Mockingbird,northern_mockingbird,Mimus,polyglottos,21733,21733-0.wav,wavfiles/21733-0.wav,//www.xeno-canto.org/21733,//creativecommons.org/licenses/by-nc-nd/2.5/,Chris Parrish,2008-07-13,song
train,Northern Mockingbird,northern_mockingbird,Mimus,polyglottos,21733,21733-1.wav,wavfiles/21733-1.wav,//www.xeno-canto.org/21733,//creativecommons.org/licenses/by-nc-nd/2.5/,Chris Parrish,2008-07-13,song
train,Northern Mockingbird,northern_mockingbird,Mimus,polyglottos,21733,21733-10.wav,wavfiles/21733-10.wav,//www.xeno-canto.org/21733,//creativecommons.org/licenses/by-nc-nd/2.5/,Chris Parrish,2008-07-13,song
train,Northern Mockingbird,northern_mockingbird,Mimus,polyglottos,21733,21733-11.wav,wavfiles/21733-11.wav,//www.xeno-canto.org/21733,//creativecommons.org/licenses/by-nc-nd/2.5/,Chris Parrish,2008-07-13,song
train,Northern Mockingbird,northern_mockingbird,Mimus,polyglottos,21733,21733-12.wav,wavfiles/21733-12.wav,//www.xeno-canto.org/21733,//creativecommons.org/licenses/by-nc-nd/2.5/,Chris Parrish,2008-07-13,song
train,Northern Mockingbird,northern_mockingbird,Mimus,polyglottos,21733,21733-13.wav,wavfiles/21733-13.wav,//www.xeno-canto.org/21733,//creativecommons.org/licenses/by-nc-nd/2.5/,Chris Parrish,2008-07-13,song
train,Northern Mockingbird,northern_mockingbird,Mimus,polyglottos,21733,21733-14.wav,wavfiles/21733-14.wav,//www.xeno-canto.org/21733,//creativecommons.org/licenses/by-nc-nd/2.5/,Chris Parrish,2008-07-13,song
train,Northern Mockingbird,northern_mockingbird,Mimus,polyglottos,21733,21733-15.wav,wavfiles/21733-15.wav,//www.xeno-canto.org/21733,//creativecommons.org/licenses/by-nc-nd/2.5/,Chris Parrish,2008-07-13,song
train,Northern Mockingbird,northern_mockingbird,Mimus,polyglottos,21733,21733-16.wav,wavfiles/21733-16.wav,//www.xeno-canto.org/21733,//creativecommons.org/licenses/by-nc-nd/2.5/,Chris Parrish,2008-07-13,song
train,Northern Mockingbird,northern_mockingbird,Mimus,polyglottos,21733,21733-2.wav,wavfiles/21733-2.wav,//www.xeno-canto.org/21733,//creativecommons.org/licenses/by-nc-nd/2.5/,Chris Parrish,2008-07-13,song
train,Northern Mockingbird,northern_mockingbird,Mimus,polyglottos,21733,21733-3.wav,wavfiles/21733-3.wav,//www.xeno-canto.org/21733,//creativecommons.org/licenses/by-nc-nd/2.5/,Chris Parrish,2008-07-13,song
train,Northern Mockingbird,northern_mockingbird,Mimus,polyglottos,21733,21733-4.wav,wavfiles/21733-4.wav,//www.xeno-canto.org/21733,//creativecommons.org/licenses/by-nc-nd/2.5/,Chris Parrish,2008-07-13,song
train,Northern Mockingbird,northern_mockingbird,Mimus,polyglottos,21733,21733-5.wav,wavfiles/21733-5.wav,//www.xeno-canto.org/21733,//creativecommons.org/licenses/by-nc-nd/2.5/,Chris Parrish,2008-07-13,song
train,Northern Mockingbird,northern_mockingbird,Mimus,polyglottos,21733,21733-6.wav,wavfiles/21733-6.wav,//www.xeno-canto.org/21733,//creativecommons.org/licenses/by-nc-nd/2.5/,Chris Parrish,2008-07-13,song
train,Northern Mockingbird,northern_mockingbird,Mimus,polyglottos,21733,21733-7.wav,wavfiles/21733-7.wav,//www.xeno-canto.org/21733,//creativecommons.org/licenses/by-nc-nd/2.5/,Chris Parrish,2008-07-13,song
train,Northern Mockingbird,northern_mockingbird,Mimus,polyglottos,21733,21733-8.wav,wavfiles/21733-8.wav,//www.xeno-canto.org/21733,//creativecommons.org/licenses/by-nc-nd/2.5/,Chris Parrish,2008-07-13,song
train,Northern Mockingbird,northern_mockingbird,Mimus,polyglottos,21733,21733-9.wav,wavfiles/21733-9.wav,//www.xeno-canto.org/21733,//creativecommons.org/licenses/by-nc-nd/2.5/,Chris Parrish,2008-07-13,song
train,Northern Mockingbird,northern_mockingbird,Mimus,polyglottos,54019,54019-0.wav,wavfiles/54019-0.wav,//www.xeno-canto.org/54019,//creativecommons.org/licenses/by-nc-sa/3.0/,Mike Nelson,2009-03-12,song
train,Northern Mockingbird,northern_mockingbird,Mimus,polyglottos,54019,54019-1.wav,wavfiles/54019-1.wav,//www.xeno-canto.org/54019,//creativecommons.org/licenses/by-nc-sa/3.0/,Mike Nelson,2009-03-12,song
train,Northern Mockingbird,northern_mockingbird,Mimus,polyglottos,54019,54019-10.wav,wavfiles/54019-10.wav,//www.xeno-canto.org/54019,//creativecommons.org/licenses/by-nc-sa/3.0/,Mike Nelson,2009-03-12,song
train,Northern Mockingbird,northern_mockingbird,Mimus,polyglottos,54019,54019-11.wav,wavfiles/54019-11.wav,//www.xeno-canto.org/54019,//creativecommons.org/licenses/by-nc-sa/3.0/,Mike Nelson,2009-03-12,song
train,Northern Mockingbird,northern_mockingbird,Mimus,polyglottos,54019,54019-12.wav,wavfiles/54019-12.wav,//www.xeno-canto.org/54019,//creativecommons.org/licenses/by-nc-sa/3.0/,Mike Nelson,2009-03-12,song
train,Northern Mockingbird,northern_mockingbird,Mimus,polyglottos,54019,54019-13.wav,wavfiles/54019-13.wav,//www.xeno-canto.org/54019,//creativecommons.org/licenses/by-nc-sa/3.0/,Mike Nelson,2009-03-12,song
train,Northern Mockingbird,northern_mockingbird,Mimus,polyglottos,54019,54019-16.wav,wavfiles/54019-16.wav,//www.xeno-canto.org/54019,//creativecommons.org/licenses/by-nc-sa/3.0/,Mike Nelson,2009-03-12,song
train,Northern Mockingbird,northern_mockingbird,Mimus,polyglottos,54019,54019-17.wav,wavfiles/54019-17.wav,//www.xeno-canto.org/54019,//creativecommons.org/licenses/by-nc-sa/3.0/,Mike Nelson,2009-03-12,song
train,Northern Mockingbird,northern_mockingbird,Mimus,polyglottos,54019,54019-18.wav,wavfiles/54019-18.wav,//www.xeno-canto.org/54019,//creativecommons.org/licenses/by-nc-sa/3.0/,Mike Nelson,2009-03-12,song
train,Northern Mockingbird,northern_mockingbird,Mimus,polyglottos,54019,54019-2.wav,wavfiles/54019-2.wav,//www.xeno-canto.org/54019,//creativecommons.org/licenses/by-nc-sa/3.0/,Mike Nelson,2009-03-12,song
train,Northern Mockingbird,northern_mockingbird,Mimus,polyglottos,54019,54019-3.wav,wavfiles/54019-3.wav,//www.xeno-canto.org/54019,//creativecommons.org/licenses/by-nc-sa/3.0/,Mike Nelson,2009-03-12,song
train,Northern Mockingbird,northern_mockingbird,Mimus,polyglottos,54019,54019-4.wav,wavfiles/54019-4.wav,//www.xeno-canto.org/54019,//creativecommons.org/licenses/by-nc-sa/3.0/,Mike Nelson,2009-03-12,song
train,Northern Mockingbird,northern_mockingbird,Mimus,polyglottos,54019,54019-5.wav,wavfiles/54019-5.wav,//www.xeno-canto.org/54019,//creativecommons.org/licenses/by-nc-sa/3.0/,Mike Nelson,2009-03-12,song
train,Northern Mockingbird,northern_mockingbird,Mimus,polyglottos,54019,54019-6.wav,wavfiles/54019-6.wav,//www.xeno-canto.org/54019,//creativecommons.org/licenses/by-nc-sa/3.0/,Mike Nelson,2009-03-12,song
train,Northern Mockingbird,northern_mockingbird,Mimus,polyglottos,54019,54019-7.wav,wavfiles/54019-7.wav,//www.xeno-canto.org/54019,//creativecommons.org/licenses/by-nc-sa/3.0/,Mike Nelson,2009-03-12,song
train,Northern Mockingbird,northern_mockingbird,Mimus,polyglottos,54019,54019-8.wav,wavfiles/54019-8.wav,//www.xeno-canto.org/54019,//creativecommons.org/licenses/by-nc-sa/3.0/,Mike Nelson,2009-03-12,song
train,Northern Mockingbird,northern_mockingbird,Mimus,polyglottos,54019,54019-9.wav,wavfiles/54019-9.wav,//www.xeno-canto.org/54019,//creativecommons.org/licenses/by-nc-sa/3.0/,Mike Nelson,2009-03-12,song
train,Northern Mockingbird,northern_mockingbird,Mimus,polyglottos,54725,54725-0.wav,wavfiles/54725-0.wav,//www.xeno-canto.org/54725,//creativecommons.org/licenses/by-nc-nd/2.5/,Stuart Fisher,2010-05-22,Song
train,Northern Mockingbird,northern_mockingbird,Mimus,polyglottos,54725,54725-1.wav,wavfiles/54725-1.wav,//www.xeno-canto.org/54725,//creativecommons.org/licenses/by-nc-nd/2.5/,Stuart Fisher,2010-05-22,Song
train,Northern Mockingbird,northern_mockingbird,Mimus,polyglottos,54725,54725-10.wav,wavfiles/54725-10.wav,//www.xeno-canto.org/54725,//creativecommons.org/licenses/by-nc-nd/2.5/,Stuart Fisher,2010-05-22,Song
train,Northern Mockingbird,northern_mockingbird,Mimus,polyglottos,54725,54725-11.wav,wavfiles/54725-11.wav,//www.xeno-canto.org/54725,//creativecommons.org/licenses/by-nc-nd/2.5/,Stuart Fisher,2010-05-22,Song
train,Northern Mockingbird,northern_mockingbird,Mimus,polyglottos,54725,54725-12.wav,wavfiles/54725-12.wav,//www.xeno-canto.org/54725,//creativecommons.org/licenses/by-nc-nd/2.5/,Stuart Fisher,2010-05-22,Song
train,Northern Mockingbird,northern_mockingbird,Mimus,polyglottos,54725,54725-13.wav,wavfiles/54725-13.wav,//www.xeno-canto.org/54725,//creativecommons.org/licenses/by-nc-nd/2.5/,Stuart Fisher,2010-05-22,Song
train,Northern Mockingbird,northern_mockingbird,Mimus,polyglottos,54725,54725-14.wav,wavfiles/54725-14.wav,//www.xeno-canto.org/54725,//creativecommons.org/licenses/by-nc-nd/2.5/,Stuart Fisher,2010-05-22,Song
train,Northern Mockingbird,northern_mockingbird,Mimus,polyglottos,54725,54725-15.wav,wavfiles/54725-15.wav,//www.xeno-canto.org/54725,//creativecommons.org/licenses/by-nc-nd/2.5/,Stuart Fisher,2010-05-22,Song
train,Northern Mockingbird,northern_mockingbird,Mimus,polyglottos,54725,54725-16.wav,wavfiles/54725-16.wav,//www.xeno-canto.org/54725,//creativecommons.org/licenses/by-nc-nd/2.5/,Stuart Fisher,2010-05-22,Song
train,Northern Mockingbird,northern_mockingbird,Mimus,polyglottos,54725,54725-17.wav,wavfiles/54725-17.wav,//www.xeno-canto.org/54725,//creativecommons.org/licenses/by-nc-nd/2.5/,Stuart Fisher,2010-05-22,Song
train,Northern Mockingbird,northern_mockingbird,Mimus,polyglottos,54725,54725-2.wav,wavfiles/54725-2.wav,//www.xeno-canto.org/54725,//creativecommons.org/licenses/by-nc-nd/2.5/,Stuart Fisher,2010-05-22,Song
train,Northern Mockingbird,northern_mockingbird,Mimus,polyglottos,54725,54725-3.wav,wavfiles/54725-3.wav,//www.xeno-canto.org/54725,//creativecommons.org/licenses/by-nc-nd/2.5/,Stuart Fisher,2010-05-22,Song
train,Northern Mockingbird,northern_mockingbird,Mimus,polyglottos,54725,54725-4.wav,wavfiles/54725-4.wav,//www.xeno-canto.org/54725,//creativecommons.org/licenses/by-nc-nd/2.5/,Stuart Fisher,2010-05-22,Song
train,Northern Mockingbird,northern_mockingbird,Mimus,polyglottos,54725,54725-5.wav,wavfiles/54725-5.wav,//www.xeno-canto.org/54725,//creativecommons.org/licenses/by-nc-nd/2.5/,Stuart Fisher,2010-05-22,Song
train,Northern Mockingbird,northern_mockingbird,Mimus,polyglottos,54725,54725-6.wav,wavfiles/54725-6.wav,//www.xeno-canto.org/54725,//creativecommons.org/licenses/by-nc-nd/2.5/,Stuart Fisher,2010-05-22,Song
train,Northern Mockingbird,northern_mockingbird,Mimus,polyglottos,54725,54725-7.wav,wavfiles/54725-7.wav,//www.xeno-canto.org/54725,//creativecommons.org/licenses/by-nc-nd/2.5/,Stuart Fisher,2010-05-22,Song
train,Northern Mockingbird,northern_mockingbird,Mimus,polyglottos,54725,54725-8.wav,wavfiles/54725-8.wav,//www.xeno-canto.org/54725,//creativecommons.org/licenses/by-nc-nd/2.5/,Stuart Fisher,2010-05-22,Song
train,Northern Mockingbird,northern_mockingbird,Mimus,polyglottos,54725,54725-9.wav,wavfiles/54725-9.wav,//www.xeno-canto.org/54725,//creativecommons.org/licenses/by-nc-nd/2.5/,Stuart Fisher,2010-05-22,Song
train,Northern Mockingbird,northern_mockingbird,Mimus,polyglottos,57040,57040-0.wav,wavfiles/57040-0.wav,//www.xeno-canto.org/57040,//creativecommons.org/licenses/by-nc-sa/3.0/,Mike Nelson,2010-06-29,song
train,Northern Mockingbird,northern_mockingbird,Mimus,polyglottos,57040,57040-1.wav,wavfiles/57040-1.wav,//www.xeno-canto.org/57040,//creativecommons.org/licenses/by-nc-sa/3.0/,Mike Nelson,2010-06-29,song
train,Northern Mockingbird,northern_mockingbird,Mimus,polyglottos,57040,57040-10.wav,wavfiles/57040-10.wav,//www.xeno-canto.org/57040,//creativecommons.org/licenses/by-nc-sa/3.0/,Mike Nelson,2010-06-29,song
train,Northern Mockingbird,northern_mockingbird,Mimus,polyglottos,57040,57040-11.wav,wavfiles/57040-11.wav,//www.xeno-canto.org/57040,//creativecommons.org/licenses/by-nc-sa/3.0/,Mike Nelson,2010-06-29,song
train,Northern Mockingbird,northern_mockingbird,Mimus,polyglottos,57040,57040-12.wav,wavfiles/57040-12.wav,//www.xeno-canto.org/57040,//creativecommons.org/licenses/by-nc-sa/3.0/,Mike Nelson,2010-06-29,song
train,Northern Mockingbird,northern_mockingbird,Mimus,polyglottos,57040,57040-13.wav,wavfiles/57040-13.wav,//www.xeno-canto.org/57040,//creativecommons.org/licenses/by-nc-sa/3.0/,Mike Nelson,2010-06-29,song
train,Northern Mockingbird,northern_mockingbird,Mimus,polyglottos,57040,57040-2.wav,wavfiles/57040-2.wav,//www.xeno-canto.org/57040,//creativecommons.org/licenses/by-nc-sa/3.0/,Mike Nelson,2010-06-29,song
train,Northern Mockingbird,northern_mockingbird,Mimus,polyglottos,57040,57040-3.wav,wavfiles/57040-3.wav,//www.xeno-canto.org/57040,//creativecommons.org/licenses/by-nc-sa/3.0/,Mike Nelson,2010-06-29,song
train,Northern Mockingbird,northern_mockingbird,Mimus,polyglottos,57040,57040-4.wav,wavfiles/57040-4.wav,//www.xeno-canto.org/57040,//creativecommons.org/licenses/by-nc-sa/3.0/,Mike Nelson,2010-06-29,song
train,Northern Mockingbird,northern_mockingbird,Mimus,polyglottos,57040,57040-5.wav,wavfiles/57040-5.wav,//www.xeno-canto.org/57040,//creativecommons.org/licenses/by-nc-sa/3.0/,Mike Nelson,2010-06-29,song
train,Northern Mockingbird,northern_mockingbird,Mimus,polyglottos,57040,57040-6.wav,wavfiles/57040-6.wav,//www.xeno-canto.org/57040,//creativecommons.org/licenses/by-nc-sa/3.0/,Mike Nelson,2010-06-29,song
train,Northern Mockingbird,northern_mockingbird,Mimus,polyglottos,57040,57040-7.wav,wavfiles/57040-7.wav,//www.xeno-canto.org/57040,//creativecommons.org/licenses/by-nc-sa/3.0/,Mike Nelson,2010-06-29,song
train,Northern Mockingbird,northern_mockingbird,Mimus,polyglottos,57040,57040-8.wav,wavfiles/57040-8.wav,//www.xeno-canto.org/57040,//creativecommons.org/licenses/by-nc-sa/3.0/,Mike Nelson,2010-06-29,song
train,Northern Mockingbird,northern_mockingbird,Mimus,polyglottos,57040,57040-9.wav,wavfiles/57040-9.wav,//www.xeno-canto.org/57040,//creativecommons.org/licenses/by-nc-sa/3.0/,Mike Nelson,2010-06-29,song
train,Northern Mockingbird,northern_mockingbird,Mimus,polyglottos,130970,130970-0.wav,wavfiles/130970-0.wav,//www.xeno-canto.org/130970,//creativecommons.org/licenses/by-nc-sa/3.0/,Mike Nelson,2013-04-04,song
train,Northern Mockingbird,northern_mockingbird,Mimus,polyglottos,130970,130970-1.wav,wavfiles/130970-1.wav,//www.xeno-canto.org/130970,//creativecommons.org/licenses/by-nc-sa/3.0/,Mike Nelson,2013-04-04,song
train,Northern Mockingbird,northern_mockingbird,Mimus,polyglottos,130970,130970-10.wav,wavfiles/130970-10.wav,//www.xeno-canto.org/130970,//creativecommons.org/licenses/by-nc-sa/3.0/,Mike Nelson,2013-04-04,song
train,Northern Mockingbird,northern_mockingbird,Mimus,polyglottos,130970,130970-3.wav,wavfiles/130970-3.wav,//www.xeno-canto.org/130970,//creativecommons.org/licenses/by-nc-sa/3.0/,Mike Nelson,2013-04-04,song
train,Northern Mockingbird,northern_mockingbird,Mimus,polyglottos,130970,130970-4.wav,wavfiles/130970-4.wav,//www.xeno-canto.org/130970,//creativecommons.org/licenses/by-nc-sa/3.0/,Mike Nelson,2013-04-04,song
train,Northern Mockingbird,northern_mockingbird,Mimus,polyglottos,130970,130970-5.wav,wavfiles/130970-5.wav,//www.xeno-canto.org/130970,//creativecommons.org/licenses/by-nc-sa/3.0/,Mike Nelson,2013-04-04,song
train,Northern Mockingbird,northern_mockingbird,Mimus,polyglottos,130970,130970-6.wav,wavfiles/130970-6.wav,//www.xeno-canto.org/130970,//creativecommons.org/licenses/by-nc-sa/3.0/,Mike Nelson,2013-04-04,song
train,Northern Mockingbird,northern_mockingbird,Mimus,polyglottos,130970,130970-7.wav,wavfiles/130970-7.wav,//www.xeno-canto.org/130970,//creativecommons.org/licenses/by-nc-sa/3.0/,Mike Nelson,2013-04-04,song
train,Northern Mockingbird,northern_mockingbird,Mimus,polyglottos,130970,130970-8.wav,wavfiles/130970-8.wav,//www.xeno-canto.org/130970,//creativecommons.org/licenses/by-nc-sa/3.0/,Mike Nelson,2013-04-04,song
train,Northern Mockingbird,northern_mockingbird,Mimus,polyglottos,130970,130970-9.wav,wavfiles/130970-9.wav,//www.xeno-canto.org/130970,//creativecommons.org/licenses/by-nc-sa/3.0/,Mike Nelson,2013-04-04,song
train,Northern Mockingbird,northern_mockingbird,Mimus,polyglottos,170052,170052-0.wav,wavfiles/170052-0.wav,//www.xeno-canto.org/170052,//creativecommons.org/licenses/by-nc-sa/3.0/,Joshua Stevenson,2014-03-11,"Mimic, song"
train,Northern Mockingbird,northern_mockingbird,Mimus,polyglottos,170052,170052-1.wav,wavfiles/170052-1.wav,//www.xeno-canto.org/170052,//creativecommons.org/licenses/by-nc-sa/3.0/,Joshua Stevenson,2014-03-11,"Mimic, song"
train,Northern Mockingbird,northern_mockingbird,Mimus,polyglottos,170052,170052-10.wav,wavfiles/170052-10.wav,//www.xeno-canto.org/170052,//creativecommons.org/licenses/by-nc-sa/3.0/,Joshua Stevenson,2014-03-11,"Mimic, song"
train,Northern Mockingbird,northern_mockingbird,Mimus,polyglottos,170052,170052-11.wav,wavfiles/170052-11.wav,//www.xeno-canto.org/170052,//creativecommons.org/licenses/by-nc-sa/3.0/,Joshua Stevenson,2014-03-11,"Mimic, song"
train,Northern Mockingbird,northern_mockingbird,Mimus,polyglottos,170052,170052-12.wav,wavfiles/170052-12.wav,//www.xeno-canto.org/170052,//creativecommons.org/licenses/by-nc-sa/3.0/,Joshua Stevenson,2014-03-11,"Mimic, song"
train,Northern Mockingbird,northern_mockingbird,Mimus,polyglottos,170052,170052-13.wav,wavfiles/170052-13.wav,//www.xeno-canto.org/170052,//creativecommons.org/licenses/by-nc-sa/3.0/,Joshua Stevenson,2014-03-11,"Mimic, song"
train,Northern Mockingbird,northern_mockingbird,Mimus,polyglottos,170052,170052-14.wav,wavfiles/170052-14.wav,//www.xeno-canto.org/170052,//creativecommons.org/licenses/by-nc-sa/3.0/,Joshua Stevenson,2014-03-11,"Mimic, song"
train,Northern Mockingbird,northern_mockingbird,Mimus,polyglottos,170052,170052-15.wav,wavfiles/170052-15.wav,//www.xeno-canto.org/170052,//creativecommons.org/licenses/by-nc-sa/3.0/,Joshua Stevenson,2014-03-11,"Mimic, song"
train,Northern Mockingbird,northern_mockingbird,Mimus,polyglottos,170052,170052-16.wav,wavfiles/170052-16.wav,//www.xeno-canto.org/170052,//creativecommons.org/licenses/by-nc-sa/3.0/,Joshua Stevenson,2014-03-11,"Mimic, song"
train,Northern Mockingbird,northern_mockingbird,Mimus,polyglottos,170052,170052-2.wav,wavfiles/170052-2.wav,//www.xeno-canto.org/170052,//creativecommons.org/licenses/by-nc-sa/3.0/,Joshua Stevenson,2014-03-11,"Mimic, song"
train,Northern Mockingbird,northern_mockingbird,Mimus,polyglottos,170052,170052-3.wav,wavfiles/170052-3.wav,//www.xeno-canto.org/170052,//creativecommons.org/licenses/by-nc-sa/3.0/,Joshua Stevenson,2014-03-11,"Mimic, song"
train,Northern Mockingbird,northern_mockingbird,Mimus,polyglottos,170052,170052-4.wav,wavfiles/170052-4.wav,//www.xeno-canto.org/170052,//creativecommons.org/licenses/by-nc-sa/3.0/,Joshua Stevenson,2014-03-11,"Mimic, song"
train,Northern Mockingbird,northern_mockingbird,Mimus,polyglottos,170052,170052-5.wav,wavfiles/170052-5.wav,//www.xeno-canto.org/170052,//creativecommons.org/licenses/by-nc-sa/3.0/,Joshua Stevenson,2014-03-11,"Mimic, song"
train,Northern Mockingbird,northern_mockingbird,Mimus,polyglottos,170052,170052-6.wav,wavfiles/170052-6.wav,//www.xeno-canto.org/170052,//creativecommons.org/licenses/by-nc-sa/3.0/,Joshua Stevenson,2014-03-11,"Mimic, song"
train,Northern Mockingbird,northern_mockingbird,Mimus,polyglottos,170052,170052-7.wav,wavfiles/170052-7.wav,//www.xeno-canto.org/170052,//creativecommons.org/licenses/by-nc-sa/3.0/,Joshua Stevenson,2014-03-11,"Mimic, song"
train,Northern Mockingbird,northern_mockingbird,Mimus,polyglottos,170052,170052-8.wav,wavfiles/170052-8.wav,//www.xeno-canto.org/170052,//creativecommons.org/licenses/by-nc-sa/3.0/,Joshua Stevenson,2014-03-11,"Mimic, song"
train,Northern Mockingbird,northern_mockingbird,Mimus,polyglottos,170052,170052-9.wav,wavfiles/170052-9.wav,//www.xeno-canto.org/170052,//creativecommons.org/licenses/by-nc-sa/3.0/,Joshua Stevenson,2014-03-11,"Mimic, song"
train,Northern Mockingbird,northern_mockingbird,Mimus,polyglottos,172494,172494-0.wav,wavfiles/172494-0.wav,//www.xeno-canto.org/172494,//creativecommons.org/licenses/by-nc-sa/4.0/,Eric DeFonso,2013-05-13,song
train,Northern Mockingbird,northern_mockingbird,Mimus,polyglottos,172494,172494-1.wav,wavfiles/172494-1.wav,//www.xeno-canto.org/172494,//creativecommons.org/licenses/by-nc-sa/4.0/,Eric DeFonso,2013-05-13,song
train,Northern Mockingbird,northern_mockingbird,Mimus,polyglottos,172494,172494-10.wav,wavfiles/172494-10.wav,//www.xeno-canto.org/172494,//creativecommons.org/licenses/by-nc-sa/4.0/,Eric DeFonso,2013-05-13,song
train,Northern Mockingbird,northern_mockingbird,Mimus,polyglottos,172494,172494-11.wav,wavfiles/172494-11.wav,//www.xeno-canto.org/172494,//creativecommons.org/licenses/by-nc-sa/4.0/,Eric DeFonso,2013-05-13,song
train,Northern Mockingbird,northern_mockingbird,Mimus,polyglottos,172494,172494-12.wav,wavfiles/172494-12.wav,//www.xeno-canto.org/172494,//creativecommons.org/licenses/by-nc-sa/4.0/,Eric DeFonso,2013-05-13,song
train,Northern Mockingbird,northern_mockingbird,Mimus,polyglottos,172494,172494-13.wav,wavfiles/172494-13.wav,//www.xeno-canto.org/172494,//creativecommons.org/licenses/by-nc-sa/4.0/,Eric DeFonso,2013-05-13,song
train,Northern Mockingbird,northern_mockingbird,Mimus,polyglottos,172494,172494-14.wav,wavfiles/172494-14.wav,//www.xeno-canto.org/172494,//creativecommons.org/licenses/by-nc-sa/4.0/,Eric DeFonso,2013-05-13,song
train,Northern Mockingbird,northern_mockingbird,Mimus,polyglottos,172494,172494-15.wav,wavfiles/172494-15.wav,//www.xeno-canto.org/172494,//creativecommons.org/licenses/by-nc-sa/4.0/,Eric DeFonso,2013-05-13,song
train,Northern Mockingbird,northern_mockingbird,Mimus,polyglottos,172494,172494-16.wav,wavfiles/172494-16.wav,//www.xeno-canto.org/172494,//creativecommons.org/licenses/by-nc-sa/4.0/,Eric DeFonso,2013-05-13,song
train,Northern Mockingbird,northern_mockingbird,Mimus,polyglottos,172494,172494-17.wav,wavfiles/172494-17.wav,//www.xeno-canto.org/172494,//creativecommons.org/licenses/by-nc-sa/4.0/,Eric DeFonso,2013-05-13,song
train,Northern Mockingbird,northern_mockingbird,Mimus,polyglottos,172494,172494-18.wav,wavfiles/172494-18.wav,//www.xeno-canto.org/172494,//creativecommons.org/licenses/by-nc-sa/4.0/,Eric DeFonso,2013-05-13,song
train,Northern Mockingbird,northern_mockingbird,Mimus,polyglottos,172494,172494-2.wav,wavfiles/172494-2.wav,//www.xeno-canto.org/172494,//creativecommons.org/licenses/by-nc-sa/4.0/,Eric DeFonso,2013-05-13,song
train,Northern Mockingbird,northern_mockingbird,Mimus,polyglottos,172494,172494-3.wav,wavfiles/172494-3.wav,//www.xeno-canto.org/172494,//creativecommons.org/licenses/by-nc-sa/4.0/,Eric DeFonso,2013-05-13,song
train,Northern Mockingbird,northern_mockingbird,Mimus,polyglottos,172494,172494-4.wav,wavfiles/172494-4.wav,//www.xeno-canto.org/172494,//creativecommons.org/licenses/by-nc-sa/4.0/,Eric DeFonso,2013-05-13,song
train,Northern Mockingbird,northern_mockingbird,Mimus,polyglottos,172494,172494-5.wav,wavfiles/172494-5.wav,//www.xeno-canto.org/172494,//creativecommons.org/licenses/by-nc-sa/4.0/,Eric DeFonso,2013-05-13,song
train,Northern Mockingbird,northern_mockingbird,Mimus,polyglottos,172494,172494-6.wav,wavfiles/172494-6.wav,//www.xeno-canto.org/172494,//creativecommons.org/licenses/by-nc-sa/4.0/,Eric DeFonso,2013-05-13,song
train,Northern Mockingbird,northern_mockingbird,Mimus,polyglottos,172494,172494-7.wav,wavfiles/172494-7.wav,//www.xeno-canto.org/172494,//creativecommons.org/licenses/by-nc-sa/4.0/,Eric DeFonso,2013-05-13,song
train,Northern Mockingbird,northern_mockingbird,Mimus,polyglottos,172494,172494-8.wav,wavfiles/172494-8.wav,//www.xeno-canto.org/172494,//creativecommons.org/licenses/by-nc-sa/4.0/,Eric DeFonso,2013-05-13,song
train,Northern Mockingbird,northern_mockingbird,Mimus,polyglottos,172494,172494-9.wav,wavfiles/172494-9.wav,//www.xeno-canto.org/172494,//creativecommons.org/licenses/by-nc-sa/4.0/,Eric DeFonso,2013-05-13,song
train,Northern Mockingbird,northern_mockingbird,Mimus,polyglottos,172647,172647-0.wav,wavfiles/172647-0.wav,//www.xeno-canto.org/172647,//creativecommons.org/licenses/by-nc-sa/4.0/,Eric DeFonso,2013-05-25,song
train,Northern Mockingbird,northern_mockingbird,Mimus,polyglottos,172647,172647-1.wav,wavfiles/172647-1.wav,//www.xeno-canto.org/172647,//creativecommons.org/licenses/by-nc-sa/4.0/,Eric DeFonso,2013-05-25,song
train,Northern Mockingbird,northern_mockingbird,Mimus,polyglottos,172647,172647-10.wav,wavfiles/172647-10.wav,//www.xeno-canto.org/172647,//creativecommons.org/licenses/by-nc-sa/4.0/,Eric DeFonso,2013-05-25,song
train,Northern Mockingbird,northern_mockingbird,Mimus,polyglottos,172647,172647-11.wav,wavfiles/172647-11.wav,//www.xeno-canto.org/172647,//creativecommons.org/licenses/by-nc-sa/4.0/,Eric DeFonso,2013-05-25,song
train,Northern Mockingbird,northern_mockingbird,Mimus,polyglottos,172647,172647-12.wav,wavfiles/172647-12.wav,//www.xeno-canto.org/172647,//creativecommons.org/licenses/by-nc-sa/4.0/,Eric DeFonso,2013-05-25,song
train,Northern Mockingbird,northern_mockingbird,Mimus,polyglottos,172647,172647-2.wav,wavfiles/172647-2.wav,//www.xeno-canto.org/172647,//creativecommons.org/licenses/by-nc-sa/4.0/,Eric DeFonso,2013-05-25,song
train,Northern Mockingbird,northern_mockingbird,Mimus,polyglottos,172647,172647-3.wav,wavfiles/172647-3.wav,//www.xeno-canto.org/172647,//creativecommons.org/licenses/by-nc-sa/4.0/,Eric DeFonso,2013-05-25,song
train,Northern Mockingbird,northern_mockingbird,Mimus,polyglottos,172647,172647-4.wav,wavfiles/172647-4.wav,//www.xeno-canto.org/172647,//creativecommons.org/licenses/by-nc-sa/4.0/,Eric DeFonso,2013-05-25,song
train,Northern Mockingbird,northern_mockingbird,Mimus,polyglottos,172647,172647-6.wav,wavfiles/172647-6.wav,//www.xeno-canto.org/172647,//creativecommons.org/licenses/by-nc-sa/4.0/,Eric DeFonso,2013-05-25,song
train,Northern Mockingbird,northern_mockingbird,Mimus,polyglottos,172647,172647-7.wav,wavfiles/172647-7.wav,//www.xeno-canto.org/172647,//creativecommons.org/licenses/by-nc-sa/4.0/,Eric DeFonso,2013-05-25,song
train,Northern Mockingbird,northern_mockingbird,Mimus,polyglottos,172647,172647-8.wav,wavfiles/172647-8.wav,//www.xeno-canto.org/172647,//creativecommons.org/licenses/by-nc-sa/4.0/,Eric DeFonso,2013-05-25,song
train,Northern Mockingbird,northern_mockingbird,Mimus,polyglottos,172647,172647-9.wav,wavfiles/172647-9.wav,//www.xeno-canto.org/172647,//creativecommons.org/licenses/by-nc-sa/4.0/,Eric DeFonso,2013-05-25,song
train,Northern Mockingbird,northern_mockingbird,Mimus,polyglottos,172648,172648-0.wav,wavfiles/172648-0.wav,//www.xeno-canto.org/172648,//creativecommons.org/licenses/by-nc-sa/4.0/,Eric DeFonso,2013-05-25,song
train,Northern Mockingbird,northern_mockingbird,Mimus,polyglottos,172648,172648-1.wav,wavfiles/172648-1.wav,//www.xeno-canto.org/172648,//creativecommons.org/licenses/by-nc-sa/4.0/,Eric DeFonso,2013-05-25,song
train,Northern Mockingbird,northern_mockingbird,Mimus,polyglottos,172648,172648-10.wav,wavfiles/172648-10.wav,//www.xeno-canto.org/172648,//creativecommons.org/licenses/by-nc-sa/4.0/,Eric DeFonso,2013-05-25,song
train,Northern Mockingbird,northern_mockingbird,Mimus,polyglottos,172648,172648-11.wav,wavfiles/172648-11.wav,//www.xeno-canto.org/172648,//creativecommons.org/licenses/by-nc-sa/4.0/,Eric DeFonso,2013-05-25,song
train,Northern Mockingbird,northern_mockingbird,Mimus,polyglottos,172648,172648-12.wav,wavfiles/172648-12.wav,//www.xeno-canto.org/172648,//creativecommons.org/licenses/by-nc-sa/4.0/,Eric DeFonso,2013-05-25,song
train,Northern Mockingbird,northern_mockingbird,Mimus,polyglottos,172648,172648-13.wav,wavfiles/172648-13.wav,//www.xeno-canto.org/172648,//creativecommons.org/licenses/by-nc-sa/4.0/,Eric DeFonso,2013-05-25,song
train,Northern Mockingbird,northern_mockingbird,Mimus,polyglottos,172648,172648-14.wav,wavfiles/172648-14.wav,//www.xeno-canto.org/172648,//creativecommons.org/licenses/by-nc-sa/4.0/,Eric DeFonso,2013-05-25,song
train,Northern Mockingbird,northern_mockingbird,Mimus,polyglottos,172648,172648-2.wav,wavfiles/172648-2.wav,//www.xeno-canto.org/172648,//creativecommons.org/licenses/by-nc-sa/4.0/,Eric DeFonso,2013-05-25,song
train,Northern Mockingbird,northern_mockingbird,Mimus,polyglottos,172648,172648-3.wav,wavfiles/172648-3.wav,//www.xeno-canto.org/172648,//creativecommons.org/licenses/by-nc-sa/4.0/,Eric DeFonso,2013-05-25,song
train,Northern Mockingbird,northern_mockingbird,Mimus,polyglottos,172648,172648-4.wav,wavfiles/172648-4.wav,//www.xeno-canto.org/172648,//creativecommons.org/licenses/by-nc-sa/4.0/,Eric DeFonso,2013-05-25,song
train,Northern Mockingbird,northern_mockingbird,Mimus,polyglottos,172648,172648-5.wav,wavfiles/172648-5.wav,//www.xeno-canto.org/172648,//creativecommons.org/licenses/by-nc-sa/4.0/,Eric DeFonso,2013-05-25,song
train,Northern Mockingbird,northern_mockingbird,Mimus,polyglottos,172648,172648-6.wav,wavfiles/172648-6.wav,//www.xeno-canto.org/172648,//creativecommons.org/licenses/by-nc-sa/4.0/,Eric DeFonso,2013-05-25,song
train,Northern Mockingbird,northern_mockingbird,Mimus,polyglottos,172648,172648-7.wav,wavfiles/172648-7.wav,//www.xeno-canto.org/172648,//creativecommons.org/licenses/by-nc-sa/4.0/,Eric DeFonso,2013-05-25,song
train,Northern Mockingbird,northern_mockingbird,Mimus,polyglottos,172648,172648-8.wav,wavfiles/172648-8.wav,//www.xeno-canto.org/172648,//creativecommons.org/licenses/by-nc-sa/4.0/,Eric DeFonso,2013-05-25,song
train,Northern Mockingbird,northern_mockingbird,Mimus,polyglottos,172648,172648-9.wav,wavfiles/172648-9.wav,//www.xeno-canto.org/172648,//creativecommons.org/licenses/by-nc-sa/4.0/,Eric DeFonso,2013-05-25,song
train,Northern Mockingbird,northern_mockingbird,Mimus,polyglottos,179351,179351-0.wav,wavfiles/179351-0.wav,//www.xeno-canto.org/179351,//creativecommons.org/licenses/by-nc-sa/4.0/,Richard Dunn,2014-04-14,song
train,Northern Mockingbird,northern_mockingbird,Mimus,polyglottos,179351,179351-1.wav,wavfiles/179351-1.wav,//www.xeno-canto.org/179351,//creativecommons.org/licenses/by-nc-sa/4.0/,Richard Dunn,2014-04-14,song
train,Northern Mockingbird,northern_mockingbird,Mimus,polyglottos,179351,179351-10.wav,wavfiles/179351-10.wav,//www.xeno-canto.org/179351,//creativecommons.org/licenses/by-nc-sa/4.0/,Richard Dunn,2014-04-14,song
train,Northern Mockingbird,northern_mockingbird,Mimus,polyglottos,179351,179351-11.wav,wavfiles/179351-11.wav,//www.xeno-canto.org/179351,//creativecommons.org/licenses/by-nc-sa/4.0/,Richard Dunn,2014-04-14,song
train,Northern Mockingbird,northern_mockingbird,Mimus,polyglottos,179351,179351-12.wav,wavfiles/179351-12.wav,//www.xeno-canto.org/179351,//creativecommons.org/licenses/by-nc-sa/4.0/,Richard Dunn,2014-04-14,song
train,Northern Mockingbird,northern_mockingbird,Mimus,polyglottos,179351,179351-2.wav,wavfiles/179351-2.wav,//www.xeno-canto.org/179351,//creativecommons.org/licenses/by-nc-sa/4.0/,Richard Dunn,2014-04-14,song
train,Northern Mockingbird,northern_mockingbird,Mimus,polyglottos,179351,179351-3.wav,wavfiles/179351-3.wav,//www.xeno-canto.org/179351,//creativecommons.org/licenses/by-nc-sa/4.0/,Richard Dunn,2014-04-14,song
train,Northern Mockingbird,northern_mockingbird,Mimus,polyglottos,179351,179351-4.wav,wavfiles/179351-4.wav,//www.xeno-canto.org/179351,//creativecommons.org/licenses/by-nc-sa/4.0/,Richard Dunn,2014-04-14,song
train,Northern Mockingbird,northern_mockingbird,Mimus,polyglottos,179351,179351-5.wav,wavfiles/179351-5.wav,//www.xeno-canto.org/179351,//creativecommons.org/licenses/by-nc-sa/4.0/,Richard Dunn,2014-04-14,song
train,Northern Mockingbird,northern_mockingbird,Mimus,polyglottos,179351,179351-6.wav,wavfiles/179351-6.wav,//www.xeno-canto.org/179351,//creativecommons.org/licenses/by-nc-sa/4.0/,Richard Dunn,2014-04-14,song
train,Northern Mockingbird,northern_mockingbird,Mimus,polyglottos,179351,179351-7.wav,wavfiles/179351-7.wav,//www.xeno-canto.org/179351,//creativecommons.org/licenses/by-nc-sa/4.0/,Richard Dunn,2014-04-14,song
train,Northern Mockingbird,northern_mockingbird,Mimus,polyglottos,179351,179351-8.wav,wavfiles/179351-8.wav,//www.xeno-canto.org/179351,//creativecommons.org/licenses/by-nc-sa/4.0/,Richard Dunn,2014-04-14,song
train,Northern Mockingbird,northern_mockingbird,Mimus,polyglottos,179351,179351-9.wav,wavfiles/179351-9.wav,//www.xeno-canto.org/179351,//creativecommons.org/licenses/by-nc-sa/4.0/,Richard Dunn,2014-04-14,song
train,Northern Mockingbird,northern_mockingbird,Mimus,polyglottos,179353,179353-0.wav,wavfiles/179353-0.wav,//www.xeno-canto.org/179353,//creativecommons.org/licenses/by-nc-sa/4.0/,Richard Dunn,2014-04-14,song
train,Northern Mockingbird,northern_mockingbird,Mimus,polyglottos,179353,179353-1.wav,wavfiles/179353-1.wav,//www.xeno-canto.org/179353,//creativecommons.org/licenses/by-nc-sa/4.0/,Richard Dunn,2014-04-14,song
train,Northern Mockingbird,northern_mockingbird,Mimus,polyglottos,179353,179353-2.wav,wavfiles/179353-2.wav,//www.xeno-canto.org/179353,//creativecommons.org/licenses/by-nc-sa/4.0/,Richard Dunn,2014-04-14,song
train,Northern Mockingbird,northern_mockingbird,Mimus,polyglottos,179353,179353-3.wav,wavfiles/179353-3.wav,//www.xeno-canto.org/179353,//creativecommons.org/licenses/by-nc-sa/4.0/,Richard Dunn,2014-04-14,song
train,Northern Mockingbird,northern_mockingbird,Mimus,polyglottos,179353,179353-4.wav,wavfiles/179353-4.wav,//www.xeno-canto.org/179353,//creativecommons.org/licenses/by-nc-sa/4.0/,Richard Dunn,2014-04-14,song
train,Northern Mockingbird,northern_mockingbird,Mimus,polyglottos,179353,179353-5.wav,wavfiles/179353-5.wav,//www.xeno-canto.org/179353,//creativecommons.org/licenses/by-nc-sa/4.0/,Richard Dunn,2014-04-14,song
train,Northern Mockingbird,northern_mockingbird,Mimus,polyglottos,179353,179353-6.wav,wavfiles/179353-6.wav,//www.xeno-canto.org/179353,//creativecommons.org/licenses/by-nc-sa/4.0/,Richard Dunn,2014-04-14,song
train,Northern Mockingbird,northern_mockingbird,Mimus,polyglottos,179353,179353-7.wav,wavfiles/179353-7.wav,//www.xeno-canto.org/179353,//creativecommons.org/licenses/by-nc-sa/4.0/,Richard Dunn,2014-04-14,song
train,Northern Mockingbird,northern_mockingbird,Mimus,polyglottos,179353,179353-8.wav,wavfiles/179353-8.wav,//www.xeno-canto.org/179353,//creativecommons.org/licenses/by-nc-sa/4.0/,Richard Dunn,2014-04-14,song
train,Northern Mockingbird,northern_mockingbird,Mimus,polyglottos,179353,179353-9.wav,wavfiles/179353-9.wav,//www.xeno-canto.org/179353,//creativecommons.org/licenses/by-nc-sa/4.0/,Richard Dunn,2014-04-14,song
train,Northern Mockingbird,northern_mockingbird,Mimus,polyglottos,184933,184933-0.wav,wavfiles/184933-0.wav,//www.xeno-canto.org/184933,//creativecommons.org/licenses/by-nc-sa/4.0/,Richard E. Webster,2014-06-04,song
train,Northern Mockingbird,northern_mockingbird,Mimus,polyglottos,184933,184933-1.wav,wavfiles/184933-1.wav,//www.xeno-canto.org/184933,//creativecommons.org/licenses/by-nc-sa/4.0/,Richard E. Webster,2014-06-04,song
train,Northern Mockingbird,northern_mockingbird,Mimus,polyglottos,184933,184933-10.wav,wavfiles/184933-10.wav,//www.xeno-canto.org/184933,//creativecommons.org/licenses/by-nc-sa/4.0/,Richard E. Webster,2014-06-04,song
train,Northern Mockingbird,northern_mockingbird,Mimus,polyglottos,184933,184933-11.wav,wavfiles/184933-11.wav,//www.xeno-canto.org/184933,//creativecommons.org/licenses/by-nc-sa/4.0/,Richard E. Webster,2014-06-04,song
train,Northern Mockingbird,northern_mockingbird,Mimus,polyglottos,184933,184933-12.wav,wavfiles/184933-12.wav,//www.xeno-canto.org/184933,//creativecommons.org/licenses/by-nc-sa/4.0/,Richard E. Webster,2014-06-04,song
train,Northern Mockingbird,northern_mockingbird,Mimus,polyglottos,184933,184933-13.wav,wavfiles/184933-13.wav,//www.xeno-canto.org/184933,//creativecommons.org/licenses/by-nc-sa/4.0/,Richard E. Webster,2014-06-04,song
train,Northern Mockingbird,northern_mockingbird,Mimus,polyglottos,184933,184933-14.wav,wavfiles/184933-14.wav,//www.xeno-canto.org/184933,//creativecommons.org/licenses/by-nc-sa/4.0/,Richard E. Webster,2014-06-04,song
train,Northern Mockingbird,northern_mockingbird,Mimus,polyglottos,184933,184933-15.wav,wavfiles/184933-15.wav,//www.xeno-canto.org/184933,//creativecommons.org/licenses/by-nc-sa/4.0/,Richard E. Webster,2014-06-04,song
train,Northern Mockingbird,northern_mockingbird,Mimus,polyglottos,184933,184933-16.wav,wavfiles/184933-16.wav,//www.xeno-canto.org/184933,//creativecommons.org/licenses/by-nc-sa/4.0/,Richard E. Webster,2014-06-04,song
train,Northern Mockingbird,northern_mockingbird,Mimus,polyglottos,184933,184933-2.wav,wavfiles/184933-2.wav,//www.xeno-canto.org/184933,//creativecommons.org/licenses/by-nc-sa/4.0/,Richard E. Webster,2014-06-04,song
train,Northern Mockingbird,northern_mockingbird,Mimus,polyglottos,184933,184933-6.wav,wavfiles/184933-6.wav,//www.xeno-canto.org/184933,//creativecommons.org/licenses/by-nc-sa/4.0/,Richard E. Webster,2014-06-04,song
train,Northern Mockingbird,northern_mockingbird,Mimus,polyglottos,184933,184933-7.wav,wavfiles/184933-7.wav,//www.xeno-canto.org/184933,//creativecommons.org/licenses/by-nc-sa/4.0/,Richard E. Webster,2014-06-04,song
train,Northern Mockingbird,northern_mockingbird,Mimus,polyglottos,184933,184933-8.wav,wavfiles/184933-8.wav,//www.xeno-canto.org/184933,//creativecommons.org/licenses/by-nc-sa/4.0/,Richard E. Webster,2014-06-04,song
train,Northern Mockingbird,northern_mockingbird,Mimus,polyglottos,184933,184933-9.wav,wavfiles/184933-9.wav,//www.xeno-canto.org/184933,//creativecommons.org/licenses/by-nc-sa/4.0/,Richard E. Webster,2014-06-04,song
train,Northern Mockingbird,northern_mockingbird,Mimus,polyglottos,232710,232710-0.wav,wavfiles/232710-0.wav,//www.xeno-canto.org/232710,//creativecommons.org/licenses/by-nc-nd/4.0/,Peter Boesman,2000-06-11,song
train,Northern Mockingbird,northern_mockingbird,Mimus,polyglottos,232710,232710-1.wav,wavfiles/232710-1.wav,//www.xeno-canto.org/232710,//creativecommons.org/licenses/by-nc-nd/4.0/,Peter Boesman,2000-06-11,song
train,Northern Mockingbird,northern_mockingbird,Mimus,polyglottos,232710,232710-10.wav,wavfiles/232710-10.wav,//www.xeno-canto.org/232710,//creativecommons.org/licenses/by-nc-nd/4.0/,Peter Boesman,2000-06-11,song
train,Northern Mockingbird,northern_mockingbird,Mimus,polyglottos,232710,232710-11.wav,wavfiles/232710-11.wav,//www.xeno-canto.org/232710,//creativecommons.org/licenses/by-nc-nd/4.0/,Peter Boesman,2000-06-11,song
train,Northern Mockingbird,northern_mockingbird,Mimus,polyglottos,232710,232710-12.wav,wavfiles/232710-12.wav,//www.xeno-canto.org/232710,//creativecommons.org/licenses/by-nc-nd/4.0/,Peter Boesman,2000-06-11,song
train,Northern Mockingbird,northern_mockingbird,Mimus,polyglottos,232710,232710-13.wav,wavfiles/232710-13.wav,//www.xeno-canto.org/232710,//creativecommons.org/licenses/by-nc-nd/4.0/,Peter Boesman,2000-06-11,song
train,Northern Mockingbird,northern_mockingbird,Mimus,polyglottos,232710,232710-2.wav,wavfiles/232710-2.wav,//www.xeno-canto.org/232710,//creativecommons.org/licenses/by-nc-nd/4.0/,Peter Boesman,2000-06-11,song
train,Northern Mockingbird,northern_mockingbird,Mimus,polyglottos,232710,232710-3.wav,wavfiles/232710-3.wav,//www.xeno-canto.org/232710,//creativecommons.org/licenses/by-nc-nd/4.0/,Peter Boesman,2000-06-11,song
train,Northern Mockingbird,northern_mockingbird,Mimus,polyglottos,232710,232710-4.wav,wavfiles/232710-4.wav,//www.xeno-canto.org/232710,//creativecommons.org/licenses/by-nc-nd/4.0/,Peter Boesman,2000-06-11,song
train,Northern Mockingbird,northern_mockingbird,Mimus,polyglottos,232710,232710-5.wav,wavfiles/232710-5.wav,//www.xeno-canto.org/232710,//creativecommons.org/licenses/by-nc-nd/4.0/,Peter Boesman,2000-06-11,song
train,Northern Mockingbird,northern_mockingbird,Mimus,polyglottos,232710,232710-6.wav,wavfiles/232710-6.wav,//www.xeno-canto.org/232710,//creativecommons.org/licenses/by-nc-nd/4.0/,Peter Boesman,2000-06-11,song
train,Northern Mockingbird,northern_mockingbird,Mimus,polyglottos,232710,232710-7.wav,wavfiles/232710-7.wav,//www.xeno-canto.org/232710,//creativecommons.org/licenses/by-nc-nd/4.0/,Peter Boesman,2000-06-11,song
train,Northern Mockingbird,northern_mockingbird,Mimus,polyglottos,232710,232710-8.wav,wavfiles/232710-8.wav,//www.xeno-canto.org/232710,//creativecommons.org/licenses/by-nc-nd/4.0/,Peter Boesman,2000-06-11,song
train,Northern Mockingbird,northern_mockingbird,Mimus,polyglottos,232710,232710-9.wav,wavfiles/232710-9.wav,//www.xeno-canto.org/232710,//creativecommons.org/licenses/by-nc-nd/4.0/,Peter Boesman,2000-06-11,song
train,Northern Mockingbird,northern_mockingbird,Mimus,polyglottos,269503,269503-0.wav,wavfiles/269503-0.wav,//www.xeno-canto.org/269503,//creativecommons.org/licenses/by-nc-sa/4.0/,Paul Marvin,2015-07-05,song
train,Northern Mockingbird,northern_mockingbird,Mimus,polyglottos,269503,269503-1.wav,wavfiles/269503-1.wav,//www.xeno-canto.org/269503,//creativecommons.org/licenses/by-nc-sa/4.0/,Paul Marvin,2015-07-05,song
train,Northern Mockingbird,northern_mockingbird,Mimus,polyglottos,269503,269503-10.wav,wavfiles/269503-10.wav,//www.xeno-canto.org/269503,//creativecommons.org/licenses/by-nc-sa/4.0/,Paul Marvin,2015-07-05,song
train,Northern Mockingbird,northern_mockingbird,Mimus,polyglottos,269503,269503-11.wav,wavfiles/269503-11.wav,//www.xeno-canto.org/269503,//creativecommons.org/licenses/by-nc-sa/4.0/,Paul Marvin,2015-07-05,song
train,Northern Mockingbird,northern_mockingbird,Mimus,polyglottos,269503,269503-12.wav,wavfiles/269503-12.wav,//www.xeno-canto.org/269503,//creativecommons.org/licenses/by-nc-sa/4.0/,Paul Marvin,2015-07-05,song
train,Northern Mockingbird,northern_mockingbird,Mimus,polyglottos,269503,269503-13.wav,wavfiles/269503-13.wav,//www.xeno-canto.org/269503,//creativecommons.org/licenses/by-nc-sa/4.0/,Paul Marvin,2015-07-05,song
train,Northern Mockingbird,northern_mockingbird,Mimus,polyglottos,269503,269503-14.wav,wavfiles/269503-14.wav,//www.xeno-canto.org/269503,//creativecommons.org/licenses/by-nc-sa/4.0/,Paul Marvin,2015-07-05,song
train,Northern Mockingbird,northern_mockingbird,Mimus,polyglottos,269503,269503-15.wav,wavfiles/269503-15.wav,//www.xeno-canto.org/269503,//creativecommons.org/licenses/by-nc-sa/4.0/,Paul Marvin,2015-07-05,song
train,Northern Mockingbird,northern_mockingbird,Mimus,polyglottos,269503,269503-2.wav,wavfiles/269503-2.wav,//www.xeno-canto.org/269503,//creativecommons.org/licenses/by-nc-sa/4.0/,Paul Marvin,2015-07-05,song
train,Northern Mockingbird,northern_mockingbird,Mimus,polyglottos,269503,269503-3.wav,wavfiles/269503-3.wav,//www.xeno-canto.org/269503,//creativecommons.org/licenses/by-nc-sa/4.0/,Paul Marvin,2015-07-05,song
train,Northern Mockingbird,northern_mockingbird,Mimus,polyglottos,269503,269503-4.wav,wavfiles/269503-4.wav,//www.xeno-canto.org/269503,//creativecommons.org/licenses/by-nc-sa/4.0/,Paul Marvin,2015-07-05,song
train,Northern Mockingbird,northern_mockingbird,Mimus,polyglottos,269503,269503-5.wav,wavfiles/269503-5.wav,//www.xeno-canto.org/269503,//creativecommons.org/licenses/by-nc-sa/4.0/,Paul Marvin,2015-07-05,song
train,Northern Mockingbird,northern_mockingbird,Mimus,polyglottos,269503,269503-6.wav,wavfiles/269503-6.wav,//www.xeno-canto.org/269503,//creativecommons.org/licenses/by-nc-sa/4.0/,Paul Marvin,2015-07-05,song
train,Northern Mockingbird,northern_mockingbird,Mimus,polyglottos,269503,269503-7.wav,wavfiles/269503-7.wav,//www.xeno-canto.org/269503,//creativecommons.org/licenses/by-nc-sa/4.0/,Paul Marvin,2015-07-05,song
train,Northern Mockingbird,northern_mockingbird,Mimus,polyglottos,269503,269503-8.wav,wavfiles/269503-8.wav,//www.xeno-canto.org/269503,//creativecommons.org/licenses/by-nc-sa/4.0/,Paul Marvin,2015-07-05,song
train,Northern Mockingbird,northern_mockingbird,Mimus,polyglottos,269503,269503-9.wav,wavfiles/269503-9.wav,//www.xeno-canto.org/269503,//creativecommons.org/licenses/by-nc-sa/4.0/,Paul Marvin,2015-07-05,song
train,Northern Mockingbird,northern_mockingbird,Mimus,polyglottos,312453,312453-0.wav,wavfiles/312453-0.wav,//www.xeno-canto.org/312453,//creativecommons.org/licenses/by-nc-sa/4.0/,Diana Doyle,2016-04-14,song
train,Northern Mockingbird,northern_mockingbird,Mimus,polyglottos,312453,312453-1.wav,wavfiles/312453-1.wav,//www.xeno-canto.org/312453,//creativecommons.org/licenses/by-nc-sa/4.0/,Diana Doyle,2016-04-14,song
train,Northern Mockingbird,northern_mockingbird,Mimus,polyglottos,312453,312453-10.wav,wavfiles/312453-10.wav,//www.xeno-canto.org/312453,//creativecommons.org/licenses/by-nc-sa/4.0/,Diana Doyle,2016-04-14,song
train,Northern Mockingbird,northern_mockingbird,Mimus,polyglottos,312453,312453-11.wav,wavfiles/312453-11.wav,//www.xeno-canto.org/312453,//creativecommons.org/licenses/by-nc-sa/4.0/,Diana Doyle,2016-04-14,song
train,Northern Mockingbird,northern_mockingbird,Mimus,polyglottos,312453,312453-12.wav,wavfiles/312453-12.wav,//www.xeno-canto.org/312453,//creativecommons.org/licenses/by-nc-sa/4.0/,Diana Doyle,2016-04-14,song
train,Northern Mockingbird,northern_mockingbird,Mimus,polyglottos,312453,312453-13.wav,wavfiles/312453-13.wav,//www.xeno-canto.org/312453,//creativecommons.org/licenses/by-nc-sa/4.0/,Diana Doyle,2016-04-14,song
train,Northern Mockingbird,northern_mockingbird,Mimus,polyglottos,312453,312453-14.wav,wavfiles/312453-14.wav,//www.xeno-canto.org/312453,//creativecommons.org/licenses/by-nc-sa/4.0/,Diana Doyle,2016-04-14,song
train,Northern Mockingbird,northern_mockingbird,Mimus,polyglottos,312453,312453-2.wav,wavfiles/312453-2.wav,//www.xeno-canto.org/312453,//creativecommons.org/licenses/by-nc-sa/4.0/,Diana Doyle,2016-04-14,song
train,Northern Mockingbird,northern_mockingbird,Mimus,polyglottos,312453,312453-3.wav,wavfiles/312453-3.wav,//www.xeno-canto.org/312453,//creativecommons.org/licenses/by-nc-sa/4.0/,Diana Doyle,2016-04-14,song
train,Northern Mockingbird,northern_mockingbird,Mimus,polyglottos,312453,312453-4.wav,wavfiles/312453-4.wav,//www.xeno-canto.org/312453,//creativecommons.org/licenses/by-nc-sa/4.0/,Diana Doyle,2016-04-14,song
train,Northern Mockingbird,northern_mockingbird,Mimus,polyglottos,312453,312453-5.wav,wavfiles/312453-5.wav,//www.xeno-canto.org/312453,//creativecommons.org/licenses/by-nc-sa/4.0/,Diana Doyle,2016-04-14,song
train,Northern Mockingbird,northern_mockingbird,Mimus,polyglottos,312453,312453-6.wav,wavfiles/312453-6.wav,//www.xeno-canto.org/312453,//creativecommons.org/licenses/by-nc-sa/4.0/,Diana Doyle,2016-04-14,song
train,Northern Mockingbird,northern_mockingbird,Mimus,polyglottos,312453,312453-7.wav,wavfiles/312453-7.wav,//www.xeno-canto.org/312453,//creativecommons.org/licenses/by-nc-sa/4.0/,Diana Doyle,2016-04-14,song
train,Northern Mockingbird,northern_mockingbird,Mimus,polyglottos,312453,312453-8.wav,wavfiles/312453-8.wav,//www.xeno-canto.org/312453,//creativecommons.org/licenses/by-nc-sa/4.0/,Diana Doyle,2016-04-14,song
train,Northern Mockingbird,northern_mockingbird,Mimus,polyglottos,317019,317019-0.wav,wavfiles/317019-0.wav,//www.xeno-canto.org/317019,//creativecommons.org/licenses/by-nc-sa/4.0/,Jim Holmes,2016-05-15,song
train,Northern Mockingbird,northern_mockingbird,Mimus,polyglottos,317019,317019-1.wav,wavfiles/317019-1.wav,//www.xeno-canto.org/317019,//creativecommons.org/licenses/by-nc-sa/4.0/,Jim Holmes,2016-05-15,song
train,Northern Mockingbird,northern_mockingbird,Mimus,polyglottos,317019,317019-10.wav,wavfiles/317019-10.wav,//www.xeno-canto.org/317019,//creativecommons.org/licenses/by-nc-sa/4.0/,Jim Holmes,2016-05-15,song
train,Northern Mockingbird,northern_mockingbird,Mimus,polyglottos,317019,317019-2.wav,wavfiles/317019-2.wav,//www.xeno-canto.org/317019,//creativecommons.org/licenses/by-nc-sa/4.0/,Jim Holmes,2016-05-15,song
train,Northern Mockingbird,northern_mockingbird,Mimus,polyglottos,317019,317019-3.wav,wavfiles/317019-3.wav,//www.xeno-canto.org/317019,//creativecommons.org/licenses/by-nc-sa/4.0/,Jim Holmes,2016-05-15,song
train,Northern Mockingbird,northern_mockingbird,Mimus,polyglottos,317019,317019-4.wav,wavfiles/317019-4.wav,//www.xeno-canto.org/317019,//creativecommons.org/licenses/by-nc-sa/4.0/,Jim Holmes,2016-05-15,song
train,Northern Mockingbird,northern_mockingbird,Mimus,polyglottos,317019,317019-5.wav,wavfiles/317019-5.wav,//www.xeno-canto.org/317019,//creativecommons.org/licenses/by-nc-sa/4.0/,Jim Holmes,2016-05-15,song
train,Northern Mockingbird,northern_mockingbird,Mimus,polyglottos,317019,317019-6.wav,wavfiles/317019-6.wav,//www.xeno-canto.org/317019,//creativecommons.org/licenses/by-nc-sa/4.0/,Jim Holmes,2016-05-15,song
train,Northern Mockingbird,northern_mockingbird,Mimus,polyglottos,317019,317019-7.wav,wavfiles/317019-7.wav,//www.xeno-canto.org/317019,//creativecommons.org/licenses/by-nc-sa/4.0/,Jim Holmes,2016-05-15,song
train,Northern Mockingbird,northern_mockingbird,Mimus,polyglottos,317019,317019-8.wav,wavfiles/317019-8.wav,//www.xeno-canto.org/317019,//creativecommons.org/licenses/by-nc-sa/4.0/,Jim Holmes,2016-05-15,song
train,Northern Mockingbird,northern_mockingbird,Mimus,polyglottos,317019,317019-9.wav,wavfiles/317019-9.wav,//www.xeno-canto.org/317019,//creativecommons.org/licenses/by-nc-sa/4.0/,Jim Holmes,2016-05-15,song
train,Northern Mockingbird,northern_mockingbird,Mimus,polyglottos,321786,321786-0.wav,wavfiles/321786-0.wav,//www.xeno-canto.org/321786,//creativecommons.org/licenses/by-nc-sa/4.0/,Sue Riffe,2016-06-09,song
train,Northern Mockingbird,northern_mockingbird,Mimus,polyglottos,321786,321786-1.wav,wavfiles/321786-1.wav,//www.xeno-canto.org/321786,//creativecommons.org/licenses/by-nc-sa/4.0/,Sue Riffe,2016-06-09,song
train,Northern Mockingbird,northern_mockingbird,Mimus,polyglottos,321786,321786-10.wav,wavfiles/321786-10.wav,//www.xeno-canto.org/321786,//creativecommons.org/licenses/by-nc-sa/4.0/,Sue Riffe,2016-06-09,song
train,Northern Mockingbird,northern_mockingbird,Mimus,polyglottos,321786,321786-2.wav,wavfiles/321786-2.wav,//www.xeno-canto.org/321786,//creativecommons.org/licenses/by-nc-sa/4.0/,Sue Riffe,2016-06-09,song
train,Northern Mockingbird,northern_mockingbird,Mimus,polyglottos,321786,321786-3.wav,wavfiles/321786-3.wav,//www.xeno-canto.org/321786,//creativecommons.org/licenses/by-nc-sa/4.0/,Sue Riffe,2016-06-09,song
train,Northern Mockingbird,northern_mockingbird,Mimus,polyglottos,321786,321786-4.wav,wavfiles/321786-4.wav,//www.xeno-canto.org/321786,//creativecommons.org/licenses/by-nc-sa/4.0/,Sue Riffe,2016-06-09,song
train,Northern Mockingbird,northern_mockingbird,Mimus,polyglottos,321786,321786-5.wav,wavfiles/321786-5.wav,//www.xeno-canto.org/321786,//creativecommons.org/licenses/by-nc-sa/4.0/,Sue Riffe,2016-06-09,song
train,Northern Mockingbird,northern_mockingbird,Mimus,polyglottos,321786,321786-6.wav,wavfiles/321786-6.wav,//www.xeno-canto.org/321786,//creativecommons.org/licenses/by-nc-sa/4.0/,Sue Riffe,2016-06-09,song
train,Northern Mockingbird,northern_mockingbird,Mimus,polyglottos,321786,321786-7.wav,wavfiles/321786-7.wav,//www.xeno-canto.org/321786,//creativecommons.org/licenses/by-nc-sa/4.0/,Sue Riffe,2016-06-09,song
train,Northern Mockingbird,northern_mockingbird,Mimus,polyglottos,321786,321786-8.wav,wavfiles/321786-8.wav,//www.xeno-canto.org/321786,//creativecommons.org/licenses/by-nc-sa/4.0/,Sue Riffe,2016-06-09,song
train,Northern Mockingbird,northern_mockingbird,Mimus,polyglottos,321786,321786-9.wav,wavfiles/321786-9.wav,//www.xeno-canto.org/321786,//creativecommons.org/licenses/by-nc-sa/4.0/,Sue Riffe,2016-06-09,song
train,Northern Mockingbird,northern_mockingbird,Mimus,polyglottos,321789,321789-0.wav,wavfiles/321789-0.wav,//www.xeno-canto.org/321789,//creativecommons.org/licenses/by-nc-sa/4.0/,Sue Riffe,2016-06-09,song
train,Northern Mockingbird,northern_mockingbird,Mimus,polyglottos,321789,321789-1.wav,wavfiles/321789-1.wav,//www.xeno-canto.org/321789,//creativecommons.org/licenses/by-nc-sa/4.0/,Sue Riffe,2016-06-09,song
train,Northern Mockingbird,northern_mockingbird,Mimus,polyglottos,321789,321789-10.wav,wavfiles/321789-10.wav,//www.xeno-canto.org/321789,//creativecommons.org/licenses/by-nc-sa/4.0/,Sue Riffe,2016-06-09,song
train,Northern Mockingbird,northern_mockingbird,Mimus,polyglottos,321789,321789-11.wav,wavfiles/321789-11.wav,//www.xeno-canto.org/321789,//creativecommons.org/licenses/by-nc-sa/4.0/,Sue Riffe,2016-06-09,song
train,Northern Mockingbird,northern_mockingbird,Mimus,polyglottos,321789,321789-12.wav,wavfiles/321789-12.wav,//www.xeno-canto.org/321789,//creativecommons.org/licenses/by-nc-sa/4.0/,Sue Riffe,2016-06-09,song
train,Northern Mockingbird,northern_mockingbird,Mimus,polyglottos,321789,321789-2.wav,wavfiles/321789-2.wav,//www.xeno-canto.org/321789,//creativecommons.org/licenses/by-nc-sa/4.0/,Sue Riffe,2016-06-09,song
train,Northern Mockingbird,northern_mockingbird,Mimus,polyglottos,321789,321789-3.wav,wavfiles/321789-3.wav,//www.xeno-canto.org/321789,//creativecommons.org/licenses/by-nc-sa/4.0/,Sue Riffe,2016-06-09,song
train,Northern Mockingbird,northern_mockingbird,Mimus,polyglottos,321789,321789-4.wav,wavfiles/321789-4.wav,//www.xeno-canto.org/321789,//creativecommons.org/licenses/by-nc-sa/4.0/,Sue Riffe,2016-06-09,song
train,Northern Mockingbird,northern_mockingbird,Mimus,polyglottos,321789,321789-5.wav,wavfiles/321789-5.wav,//www.xeno-canto.org/321789,//creativecommons.org/licenses/by-nc-sa/4.0/,Sue Riffe,2016-06-09,song
train,Northern Mockingbird,northern_mockingbird,Mimus,polyglottos,321789,321789-6.wav,wavfiles/321789-6.wav,//www.xeno-canto.org/321789,//creativecommons.org/licenses/by-nc-sa/4.0/,Sue Riffe,2016-06-09,song
train,Northern Mockingbird,northern_mockingbird,Mimus,polyglottos,321789,321789-9.wav,wavfiles/321789-9.wav,//www.xeno-canto.org/321789,//creativecommons.org/licenses/by-nc-sa/4.0/,Sue Riffe,2016-06-09,song
train,Northern Mockingbird,northern_mockingbird,Mimus,polyglottos,321897,321897-0.wav,wavfiles/321897-0.wav,//www.xeno-canto.org/321897,//creativecommons.org/licenses/by-nc-sa/4.0/,Richard E. Webster,2015-06-08,song
train,Northern Mockingbird,northern_mockingbird,Mimus,polyglottos,321897,321897-1.wav,wavfiles/321897-1.wav,//www.xeno-canto.org/321897,//creativecommons.org/licenses/by-nc-sa/4.0/,Richard E. Webster,2015-06-08,song
train,Northern Mockingbird,northern_mockingbird,Mimus,polyglottos,321897,321897-10.wav,wavfiles/321897-10.wav,//www.xeno-canto.org/321897,//creativecommons.org/licenses/by-nc-sa/4.0/,Richard E. Webster,2015-06-08,song
train,Northern Mockingbird,northern_mockingbird,Mimus,polyglottos,321897,321897-11.wav,wavfiles/321897-11.wav,//www.xeno-canto.org/321897,//creativecommons.org/licenses/by-nc-sa/4.0/,Richard E. Webster,2015-06-08,song
train,Northern Mockingbird,northern_mockingbird,Mimus,polyglottos,321897,321897-14.wav,wavfiles/321897-14.wav,//www.xeno-canto.org/321897,//creativecommons.org/licenses/by-nc-sa/4.0/,Richard E. Webster,2015-06-08,song
train,Northern Mockingbird,northern_mockingbird,Mimus,polyglottos,321897,321897-15.wav,wavfiles/321897-15.wav,//www.xeno-canto.org/321897,//creativecommons.org/licenses/by-nc-sa/4.0/,Richard E. Webster,2015-06-08,song
train,Northern Mockingbird,northern_mockingbird,Mimus,polyglottos,321897,321897-2.wav,wavfiles/321897-2.wav,//www.xeno-canto.org/321897,//creativecommons.org/licenses/by-nc-sa/4.0/,Richard E. Webster,2015-06-08,song
train,Northern Mockingbird,northern_mockingbird,Mimus,polyglottos,321897,321897-3.wav,wavfiles/321897-3.wav,//www.xeno-canto.org/321897,//creativecommons.org/licenses/by-nc-sa/4.0/,Richard E. Webster,2015-06-08,song
train,Northern Mockingbird,northern_mockingbird,Mimus,polyglottos,321897,321897-4.wav,wavfiles/321897-4.wav,//www.xeno-canto.org/321897,//creativecommons.org/licenses/by-nc-sa/4.0/,Richard E. Webster,2015-06-08,song
train,Northern Mockingbird,northern_mockingbird,Mimus,polyglottos,321897,321897-5.wav,wavfiles/321897-5.wav,//www.xeno-canto.org/321897,//creativecommons.org/licenses/by-nc-sa/4.0/,Richard E. Webster,2015-06-08,song
train,Northern Mockingbird,northern_mockingbird,Mimus,polyglottos,321897,321897-6.wav,wavfiles/321897-6.wav,//www.xeno-canto.org/321897,//creativecommons.org/licenses/by-nc-sa/4.0/,Richard E. Webster,2015-06-08,song
train,Northern Mockingbird,northern_mockingbird,Mimus,polyglottos,321897,321897-7.wav,wavfiles/321897-7.wav,//www.xeno-canto.org/321897,//creativecommons.org/licenses/by-nc-sa/4.0/,Richard E. Webster,2015-06-08,song
train,Northern Mockingbird,northern_mockingbird,Mimus,polyglottos,321897,321897-8.wav,wavfiles/321897-8.wav,//www.xeno-canto.org/321897,//creativecommons.org/licenses/by-nc-sa/4.0/,Richard E. Webster,2015-06-08,song
train,Northern Mockingbird,northern_mockingbird,Mimus,polyglottos,321897,321897-9.wav,wavfiles/321897-9.wav,//www.xeno-canto.org/321897,//creativecommons.org/licenses/by-nc-sa/4.0/,Richard E. Webster,2015-06-08,song
train,Northern Mockingbird,northern_mockingbird,Mimus,polyglottos,321905,321905-0.wav,wavfiles/321905-0.wav,//www.xeno-canto.org/321905,//creativecommons.org/licenses/by-nc-sa/4.0/,Richard E. Webster,2015-04-30,song
train,Northern Mockingbird,northern_mockingbird,Mimus,polyglottos,321905,321905-1.wav,wavfiles/321905-1.wav,//www.xeno-canto.org/321905,//creativecommons.org/licenses/by-nc-sa/4.0/,Richard E. Webster,2015-04-30,song
train,Northern Mockingbird,northern_mockingbird,Mimus,polyglottos,321905,321905-10.wav,wavfiles/321905-10.wav,//www.xeno-canto.org/321905,//creativecommons.org/licenses/by-nc-sa/4.0/,Richard E. Webster,2015-04-30,song
train,Northern Mockingbird,northern_mockingbird,Mimus,polyglottos,321905,321905-11.wav,wavfiles/321905-11.wav,//www.xeno-canto.org/321905,//creativecommons.org/licenses/by-nc-sa/4.0/,Richard E. Webster,2015-04-30,song
train,Northern Mockingbird,northern_mockingbird,Mimus,polyglottos,321905,321905-12.wav,wavfiles/321905-12.wav,//www.xeno-canto.org/321905,//creativecommons.org/licenses/by-nc-sa/4.0/,Richard E. Webster,2015-04-30,song
train,Northern Mockingbird,northern_mockingbird,Mimus,polyglottos,321905,321905-13.wav,wavfiles/321905-13.wav,//www.xeno-canto.org/321905,//creativecommons.org/licenses/by-nc-sa/4.0/,Richard E. Webster,2015-04-30,song
train,Northern Mockingbird,northern_mockingbird,Mimus,polyglottos,321905,321905-2.wav,wavfiles/321905-2.wav,//www.xeno-canto.org/321905,//creativecommons.org/licenses/by-nc-sa/4.0/,Richard E. Webster,2015-04-30,song
train,Northern Mockingbird,northern_mockingbird,Mimus,polyglottos,321905,321905-3.wav,wavfiles/321905-3.wav,//www.xeno-canto.org/321905,//creativecommons.org/licenses/by-nc-sa/4.0/,Richard E. Webster,2015-04-30,song
train,Northern Mockingbird,northern_mockingbird,Mimus,polyglottos,321905,321905-4.wav,wavfiles/321905-4.wav,//www.xeno-canto.org/321905,//creativecommons.org/licenses/by-nc-sa/4.0/,Richard E. Webster,2015-04-30,song
train,Northern Mockingbird,northern_mockingbird,Mimus,polyglottos,321905,321905-5.wav,wavfiles/321905-5.wav,//www.xeno-canto.org/321905,//creativecommons.org/licenses/by-nc-sa/4.0/,Richard E. Webster,2015-04-30,song
train,Northern Mockingbird,northern_mockingbird,Mimus,polyglottos,321905,321905-6.wav,wavfiles/321905-6.wav,//www.xeno-canto.org/321905,//creativecommons.org/licenses/by-nc-sa/4.0/,Richard E. Webster,2015-04-30,song
train,Northern Mockingbird,northern_mockingbird,Mimus,polyglottos,321905,321905-7.wav,wavfiles/321905-7.wav,//www.xeno-canto.org/321905,//creativecommons.org/licenses/by-nc-sa/4.0/,Richard E. Webster,2015-04-30,song
train,Northern Mockingbird,northern_mockingbird,Mimus,polyglottos,321905,321905-8.wav,wavfiles/321905-8.wav,//www.xeno-canto.org/321905,//creativecommons.org/licenses/by-nc-sa/4.0/,Richard E. Webster,2015-04-30,song
train,Northern Mockingbird,northern_mockingbird,Mimus,polyglottos,321905,321905-9.wav,wavfiles/321905-9.wav,//www.xeno-canto.org/321905,//creativecommons.org/licenses/by-nc-sa/4.0/,Richard E. Webster,2015-04-30,song
train,Northern Mockingbird,northern_mockingbird,Mimus,polyglottos,321906,321906-0.wav,wavfiles/321906-0.wav,//www.xeno-canto.org/321906,//creativecommons.org/licenses/by-nc-sa/4.0/,Richard E. Webster,2015-05-23,song
train,Northern Mockingbird,northern_mockingbird,Mimus,polyglottos,321906,321906-1.wav,wavfiles/321906-1.wav,//www.xeno-canto.org/321906,//creativecommons.org/licenses/by-nc-sa/4.0/,Richard E. Webster,2015-05-23,song
train,Northern Mockingbird,northern_mockingbird,Mimus,polyglottos,321906,321906-10.wav,wavfiles/321906-10.wav,//www.xeno-canto.org/321906,//creativecommons.org/licenses/by-nc-sa/4.0/,Richard E. Webster,2015-05-23,song
train,Northern Mockingbird,northern_mockingbird,Mimus,polyglottos,321906,321906-11.wav,wavfiles/321906-11.wav,//www.xeno-canto.org/321906,//creativecommons.org/licenses/by-nc-sa/4.0/,Richard E. Webster,2015-05-23,song
train,Northern Mockingbird,northern_mockingbird,Mimus,polyglottos,321906,321906-12.wav,wavfiles/321906-12.wav,//www.xeno-canto.org/321906,//creativecommons.org/licenses/by-nc-sa/4.0/,Richard E. Webster,2015-05-23,song
train,Northern Mockingbird,northern_mockingbird,Mimus,polyglottos,321906,321906-13.wav,wavfiles/321906-13.wav,//www.xeno-canto.org/321906,//creativecommons.org/licenses/by-nc-sa/4.0/,Richard E. Webster,2015-05-23,song
train,Northern Mockingbird,northern_mockingbird,Mimus,polyglottos,321906,321906-2.wav,wavfiles/321906-2.wav,//www.xeno-canto.org/321906,//creativecommons.org/licenses/by-nc-sa/4.0/,Richard E. Webster,2015-05-23,song
train,Northern Mockingbird,northern_mockingbird,Mimus,polyglottos,321906,321906-3.wav,wavfiles/321906-3.wav,//www.xeno-canto.org/321906,//creativecommons.org/licenses/by-nc-sa/4.0/,Richard E. Webster,2015-05-23,song
train,Northern Mockingbird,northern_mockingbird,Mimus,polyglottos,321906,321906-4.wav,wavfiles/321906-4.wav,//www.xeno-canto.org/321906,//creativecommons.org/licenses/by-nc-sa/4.0/,Richard E. Webster,2015-05-23,song
train,Northern Mockingbird,northern_mockingbird,Mimus,polyglottos,321906,321906-5.wav,wavfiles/321906-5.wav,//www.xeno-canto.org/321906,//creativecommons.org/licenses/by-nc-sa/4.0/,Richard E. Webster,2015-05-23,song
train,Northern Mockingbird,northern_mockingbird,Mimus,polyglottos,321906,321906-6.wav,wavfiles/321906-6.wav,//www.xeno-canto.org/321906,//creativecommons.org/licenses/by-nc-sa/4.0/,Richard E. Webster,2015-05-23,song
train,Northern Mockingbird,northern_mockingbird,Mimus,polyglottos,321906,321906-7.wav,wavfiles/321906-7.wav,//www.xeno-canto.org/321906,//creativecommons.org/licenses/by-nc-sa/4.0/,Richard E. Webster,2015-05-23,song
train,Northern Mockingbird,northern_mockingbird,Mimus,polyglottos,321906,321906-8.wav,wavfiles/321906-8.wav,//www.xeno-canto.org/321906,//creativecommons.org/licenses/by-nc-sa/4.0/,Richard E. Webster,2015-05-23,song
train,Northern Mockingbird,northern_mockingbird,Mimus,polyglottos,321906,321906-9.wav,wavfiles/321906-9.wav,//www.xeno-canto.org/321906,//creativecommons.org/licenses/by-nc-sa/4.0/,Richard E. Webster,2015-05-23,song
train,Northern Mockingbird,northern_mockingbird,Mimus,polyglottos,321913,321913-0.wav,wavfiles/321913-0.wav,//www.xeno-canto.org/321913,//creativecommons.org/licenses/by-nc-sa/4.0/,Richard E. Webster,2015-05-05,song
train,Northern Mockingbird,northern_mockingbird,Mimus,polyglottos,321913,321913-1.wav,wavfiles/321913-1.wav,//www.xeno-canto.org/321913,//creativecommons.org/licenses/by-nc-sa/4.0/,Richard E. Webster,2015-05-05,song
train,Northern Mockingbird,northern_mockingbird,Mimus,polyglottos,321913,321913-10.wav,wavfiles/321913-10.wav,//www.xeno-canto.org/321913,//creativecommons.org/licenses/by-nc-sa/4.0/,Richard E. Webster,2015-05-05,song
train,Northern Mockingbird,northern_mockingbird,Mimus,polyglottos,321913,321913-11.wav,wavfiles/321913-11.wav,//www.xeno-canto.org/321913,//creativecommons.org/licenses/by-nc-sa/4.0/,Richard E. Webster,2015-05-05,song
train,Northern Mockingbird,northern_mockingbird,Mimus,polyglottos,321913,321913-12.wav,wavfiles/321913-12.wav,//www.xeno-canto.org/321913,//creativecommons.org/licenses/by-nc-sa/4.0/,Richard E. Webster,2015-05-05,song
train,Northern Mockingbird,northern_mockingbird,Mimus,polyglottos,321913,321913-13.wav,wavfiles/321913-13.wav,//www.xeno-canto.org/321913,//creativecommons.org/licenses/by-nc-sa/4.0/,Richard E. Webster,2015-05-05,song
train,Northern Mockingbird,northern_mockingbird,Mimus,polyglottos,321913,321913-2.wav,wavfiles/321913-2.wav,//www.xeno-canto.org/321913,//creativecommons.org/licenses/by-nc-sa/4.0/,Richard E. Webster,2015-05-05,song
train,Northern Mockingbird,northern_mockingbird,Mimus,polyglottos,321913,321913-3.wav,wavfiles/321913-3.wav,//www.xeno-canto.org/321913,//creativecommons.org/licenses/by-nc-sa/4.0/,Richard E. Webster,2015-05-05,song
train,Northern Mockingbird,northern_mockingbird,Mimus,polyglottos,321913,321913-4.wav,wavfiles/321913-4.wav,//www.xeno-canto.org/321913,//creativecommons.org/licenses/by-nc-sa/4.0/,Richard E. Webster,2015-05-05,song
train,Northern Mockingbird,northern_mockingbird,Mimus,polyglottos,321913,321913-5.wav,wavfiles/321913-5.wav,//www.xeno-canto.org/321913,//creativecommons.org/licenses/by-nc-sa/4.0/,Richard E. Webster,2015-05-05,song
train,Northern Mockingbird,northern_mockingbird,Mimus,polyglottos,321913,321913-8.wav,wavfiles/321913-8.wav,//www.xeno-canto.org/321913,//creativecommons.org/licenses/by-nc-sa/4.0/,Richard E. Webster,2015-05-05,song
train,Northern Mockingbird,northern_mockingbird,Mimus,polyglottos,321913,321913-9.wav,wavfiles/321913-9.wav,//www.xeno-canto.org/321913,//creativecommons.org/licenses/by-nc-sa/4.0/,Richard E. Webster,2015-05-05,song
train,Northern Mockingbird,northern_mockingbird,Mimus,polyglottos,321927,321927-0.wav,wavfiles/321927-0.wav,//www.xeno-canto.org/321927,//creativecommons.org/licenses/by-nc-sa/4.0/,Richard E. Webster,2015-05-05,song
train,Northern Mockingbird,northern_mockingbird,Mimus,polyglottos,321927,321927-1.wav,wavfiles/321927-1.wav,//www.xeno-canto.org/321927,//creativecommons.org/licenses/by-nc-sa/4.0/,Richard E. Webster,2015-05-05,song
train,Northern Mockingbird,northern_mockingbird,Mimus,polyglottos,321927,321927-10.wav,wavfiles/321927-10.wav,//www.xeno-canto.org/321927,//creativecommons.org/licenses/by-nc-sa/4.0/,Richard E. Webster,2015-05-05,song
train,Northern Mockingbird,northern_mockingbird,Mimus,polyglottos,321927,321927-11.wav,wavfiles/321927-11.wav,//www.xeno-canto.org/321927,//creativecommons.org/licenses/by-nc-sa/4.0/,Richard E. Webster,2015-05-05,song
train,Northern Mockingbird,northern_mockingbird,Mimus,polyglottos,321927,321927-14.wav,wavfiles/321927-14.wav,//www.xeno-canto.org/321927,//creativecommons.org/licenses/by-nc-sa/4.0/,Richard E. Webster,2015-05-05,song
train,Northern Mockingbird,northern_mockingbird,Mimus,polyglottos,321927,321927-2.wav,wavfiles/321927-2.wav,//www.xeno-canto.org/321927,//creativecommons.org/licenses/by-nc-sa/4.0/,Richard E. Webster,2015-05-05,song
train,Northern Mockingbird,northern_mockingbird,Mimus,polyglottos,321927,321927-3.wav,wavfiles/321927-3.wav,//www.xeno-canto.org/321927,//creativecommons.org/licenses/by-nc-sa/4.0/,Richard E. Webster,2015-05-05,song
train,Northern Mockingbird,northern_mockingbird,Mimus,polyglottos,321927,321927-4.wav,wavfiles/321927-4.wav,//www.xeno-canto.org/321927,//creativecommons.org/licenses/by-nc-sa/4.0/,Richard E. Webster,2015-05-05,song
train,Northern Mockingbird,northern_mockingbird,Mimus,polyglottos,321927,321927-5.wav,wavfiles/321927-5.wav,//www.xeno-canto.org/321927,//creativecommons.org/licenses/by-nc-sa/4.0/,Richard E. Webster,2015-05-05,song
train,Northern Mockingbird,northern_mockingbird,Mimus,polyglottos,321927,321927-6.wav,wavfiles/321927-6.wav,//www.xeno-canto.org/321927,//creativecommons.org/licenses/by-nc-sa/4.0/,Richard E. Webster,2015-05-05,song
train,Northern Mockingbird,northern_mockingbird,Mimus,polyglottos,321927,321927-7.wav,wavfiles/321927-7.wav,//www.xeno-canto.org/321927,//creativecommons.org/licenses/by-nc-sa/4.0/,Richard E. Webster,2015-05-05,song
train,Northern Mockingbird,northern_mockingbird,Mimus,polyglottos,321927,321927-8.wav,wavfiles/321927-8.wav,//www.xeno-canto.org/321927,//creativecommons.org/licenses/by-nc-sa/4.0/,Richard E. Webster,2015-05-05,song
train,Northern Mockingbird,northern_mockingbird,Mimus,polyglottos,321927,321927-9.wav,wavfiles/321927-9.wav,//www.xeno-canto.org/321927,//creativecommons.org/licenses/by-nc-sa/4.0/,Richard E. Webster,2015-05-05,song
train,Northern Mockingbird,northern_mockingbird,Mimus,polyglottos,321931,321931-0.wav,wavfiles/321931-0.wav,//www.xeno-canto.org/321931,//creativecommons.org/licenses/by-nc-sa/4.0/,Richard E. Webster,2015-05-05,song
train,Northern Mockingbird,northern_mockingbird,Mimus,polyglottos,321931,321931-1.wav,wavfiles/321931-1.wav,//www.xeno-canto.org/321931,//creativecommons.org/licenses/by-nc-sa/4.0/,Richard E. Webster,2015-05-05,song
train,Northern Mockingbird,northern_mockingbird,Mimus,polyglottos,321931,321931-10.wav,wavfiles/321931-10.wav,//www.xeno-canto.org/321931,//creativecommons.org/licenses/by-nc-sa/4.0/,Richard E. Webster,2015-05-05,song
train,Northern Mockingbird,northern_mockingbird,Mimus,polyglottos,321931,321931-13.wav,wavfiles/321931-13.wav,//www.xeno-canto.org/321931,//creativecommons.org/licenses/by-nc-sa/4.0/,Richard E. Webster,2015-05-05,song
train,Northern Mockingbird,northern_mockingbird,Mimus,polyglottos,321931,321931-14.wav,wavfiles/321931-14.wav,//www.xeno-canto.org/321931,//creativecommons.org/licenses/by-nc-sa/4.0/,Richard E. Webster,2015-05-05,song
train,Northern Mockingbird,northern_mockingbird,Mimus,polyglottos,321931,321931-2.wav,wavfiles/321931-2.wav,//www.xeno-canto.org/321931,//creativecommons.org/licenses/by-nc-sa/4.0/,Richard E. Webster,2015-05-05,song
train,Northern Mockingbird,northern_mockingbird,Mimus,polyglottos,321931,321931-3.wav,wavfiles/321931-3.wav,//www.xeno-canto.org/321931,//creativecommons.org/licenses/by-nc-sa/4.0/,Richard E. Webster,2015-05-05,song
train,Northern Mockingbird,northern_mockingbird,Mimus,polyglottos,321931,321931-4.wav,wavfiles/321931-4.wav,//www.xeno-canto.org/321931,//creativecommons.org/licenses/by-nc-sa/4.0/,Richard E. Webster,2015-05-05,song
train,Northern Mockingbird,northern_mockingbird,Mimus,polyglottos,321931,321931-5.wav,wavfiles/321931-5.wav,//www.xeno-canto.org/321931,//creativecommons.org/licenses/by-nc-sa/4.0/,Richard E. Webster,2015-05-05,song
train,Northern Mockingbird,northern_mockingbird,Mimus,polyglottos,321931,321931-6.wav,wavfiles/321931-6.wav,//www.xeno-canto.org/321931,//creativecommons.org/licenses/by-nc-sa/4.0/,Richard E. Webster,2015-05-05,song
train,Northern Mockingbird,northern_mockingbird,Mimus,polyglottos,321931,321931-7.wav,wavfiles/321931-7.wav,//www.xeno-canto.org/321931,//creativecommons.org/licenses/by-nc-sa/4.0/,Richard E. Webster,2015-05-05,song
train,Northern Mockingbird,northern_mockingbird,Mimus,polyglottos,321931,321931-8.wav,wavfiles/321931-8.wav,//www.xeno-canto.org/321931,//creativecommons.org/licenses/by-nc-sa/4.0/,Richard E. Webster,2015-05-05,song
train,Northern Mockingbird,northern_mockingbird,Mimus,polyglottos,321931,321931-9.wav,wavfiles/321931-9.wav,//www.xeno-canto.org/321931,//creativecommons.org/licenses/by-nc-sa/4.0/,Richard E. Webster,2015-05-05,song
train,Northern Mockingbird,northern_mockingbird,Mimus,polyglottos,321932,321932-0.wav,wavfiles/321932-0.wav,//www.xeno-canto.org/321932,//creativecommons.org/licenses/by-nc-sa/4.0/,Richard E. Webster,2015-04-30,song
train,Northern Mockingbird,northern_mockingbird,Mimus,polyglottos,321932,321932-1.wav,wavfiles/321932-1.wav,//www.xeno-canto.org/321932,//creativecommons.org/licenses/by-nc-sa/4.0/,Richard E. Webster,2015-04-30,song
train,Northern Mockingbird,northern_mockingbird,Mimus,polyglottos,321932,321932-10.wav,wavfiles/321932-10.wav,//www.xeno-canto.org/321932,//creativecommons.org/licenses/by-nc-sa/4.0/,Richard E. Webster,2015-04-30,song
train,Northern Mockingbird,northern_mockingbird,Mimus,polyglottos,321932,321932-11.wav,wavfiles/321932-11.wav,//www.xeno-canto.org/321932,//creativecommons.org/licenses/by-nc-sa/4.0/,Richard E. Webster,2015-04-30,song
train,Northern Mockingbird,northern_mockingbird,Mimus,polyglottos,321932,321932-12.wav,wavfiles/321932-12.wav,//www.xeno-canto.org/321932,//creativecommons.org/licenses/by-nc-sa/4.0/,Richard E. Webster,2015-04-30,song
train,Northern Mockingbird,northern_mockingbird,Mimus,polyglottos,321932,321932-13.wav,wavfiles/321932-13.wav,//www.xeno-canto.org/321932,//creativecommons.org/licenses/by-nc-sa/4.0/,Richard E. Webster,2015-04-30,song
train,Northern Mockingbird,northern_mockingbird,Mimus,polyglottos,321932,321932-2.wav,wavfiles/321932-2.wav,//www.xeno-canto.org/321932,//creativecommons.org/licenses/by-nc-sa/4.0/,Richard E. Webster,2015-04-30,song
train,Northern Mockingbird,northern_mockingbird,Mimus,polyglottos,321932,321932-3.wav,wavfiles/321932-3.wav,//www.xeno-canto.org/321932,//creativecommons.org/licenses/by-nc-sa/4.0/,Richard E. Webster,2015-04-30,song
train,Northern Mockingbird,northern_mockingbird,Mimus,polyglottos,321932,321932-4.wav,wavfiles/321932-4.wav,//www.xeno-canto.org/321932,//creativecommons.org/licenses/by-nc-sa/4.0/,Richard E. Webster,2015-04-30,song
train,Northern Mockingbird,northern_mockingbird,Mimus,polyglottos,321932,321932-5.wav,wavfiles/321932-5.wav,//www.xeno-canto.org/321932,//creativecommons.org/licenses/by-nc-sa/4.0/,Richard E. Webster,2015-04-30,song
train,Northern Mockingbird,northern_mockingbird,Mimus,polyglottos,321932,321932-6.wav,wavfiles/321932-6.wav,//www.xeno-canto.org/321932,//creativecommons.org/licenses/by-nc-sa/4.0/,Richard E. Webster,2015-04-30,song
train,Northern Mockingbird,northern_mockingbird,Mimus,polyglottos,321932,321932-7.wav,wavfiles/321932-7.wav,//www.xeno-canto.org/321932,//creativecommons.org/licenses/by-nc-sa/4.0/,Richard E. Webster,2015-04-30,song
train,Northern Mockingbird,northern_mockingbird,Mimus,polyglottos,321932,321932-8.wav,wavfiles/321932-8.wav,//www.xeno-canto.org/321932,//creativecommons.org/licenses/by-nc-sa/4.0/,Richard E. Webster,2015-04-30,song
train,Northern Mockingbird,northern_mockingbird,Mimus,polyglottos,321932,321932-9.wav,wavfiles/321932-9.wav,//www.xeno-canto.org/321932,//creativecommons.org/licenses/by-nc-sa/4.0/,Richard E. Webster,2015-04-30,song
train,Northern Mockingbird,northern_mockingbird,Mimus,polyglottos,321941,321941-0.wav,wavfiles/321941-0.wav,//www.xeno-canto.org/321941,//creativecommons.org/licenses/by-nc-sa/4.0/,Richard E. Webster,2015-05-17,song
train,Northern Mockingbird,northern_mockingbird,Mimus,polyglottos,321941,321941-1.wav,wavfiles/321941-1.wav,//www.xeno-canto.org/321941,//creativecommons.org/licenses/by-nc-sa/4.0/,Richard E. Webster,2015-05-17,song
train,Northern Mockingbird,northern_mockingbird,Mimus,polyglottos,321941,321941-10.wav,wavfiles/321941-10.wav,//www.xeno-canto.org/321941,//creativecommons.org/licenses/by-nc-sa/4.0/,Richard E. Webster,2015-05-17,song
train,Northern Mockingbird,northern_mockingbird,Mimus,polyglottos,321941,321941-12.wav,wavfiles/321941-12.wav,//www.xeno-canto.org/321941,//creativecommons.org/licenses/by-nc-sa/4.0/,Richard E. Webster,2015-05-17,song
train,Northern Mockingbird,northern_mockingbird,Mimus,polyglottos,321941,321941-13.wav,wavfiles/321941-13.wav,//www.xeno-canto.org/321941,//creativecommons.org/licenses/by-nc-sa/4.0/,Richard E. Webster,2015-05-17,song
train,Northern Mockingbird,northern_mockingbird,Mimus,polyglottos,321941,321941-14.wav,wavfiles/321941-14.wav,//www.xeno-canto.org/321941,//creativecommons.org/licenses/by-nc-sa/4.0/,Richard E. Webster,2015-05-17,song
train,Northern Mockingbird,northern_mockingbird,Mimus,polyglottos,321941,321941-15.wav,wavfiles/321941-15.wav,//www.xeno-canto.org/321941,//creativecommons.org/licenses/by-nc-sa/4.0/,Richard E. Webster,2015-05-17,song
train,Northern Mockingbird,northern_mockingbird,Mimus,polyglottos,321941,321941-2.wav,wavfiles/321941-2.wav,//www.xeno-canto.org/321941,//creativecommons.org/licenses/by-nc-sa/4.0/,Richard E. Webster,2015-05-17,song
train,Northern Mockingbird,northern_mockingbird,Mimus,polyglottos,321941,321941-3.wav,wavfiles/321941-3.wav,//www.xeno-canto.org/321941,//creativecommons.org/licenses/by-nc-sa/4.0/,Richard E. Webster,2015-05-17,song
train,Northern Mockingbird,northern_mockingbird,Mimus,polyglottos,321941,321941-4.wav,wavfiles/321941-4.wav,//www.xeno-canto.org/321941,//creativecommons.org/licenses/by-nc-sa/4.0/,Richard E. Webster,2015-05-17,song
train,Northern Mockingbird,northern_mockingbird,Mimus,polyglottos,321941,321941-5.wav,wavfiles/321941-5.wav,//www.xeno-canto.org/321941,//creativecommons.org/licenses/by-nc-sa/4.0/,Richard E. Webster,2015-05-17,song
train,Northern Mockingbird,northern_mockingbird,Mimus,polyglottos,321941,321941-6.wav,wavfiles/321941-6.wav,//www.xeno-canto.org/321941,//creativecommons.org/licenses/by-nc-sa/4.0/,Richard E. Webster,2015-05-17,song
train,Northern Mockingbird,northern_mockingbird,Mimus,polyglottos,321941,321941-7.wav,wavfiles/321941-7.wav,//www.xeno-canto.org/321941,//creativecommons.org/licenses/by-nc-sa/4.0/,Richard E. Webster,2015-05-17,song
train,Northern Mockingbird,northern_mockingbird,Mimus,polyglottos,321941,321941-8.wav,wavfiles/321941-8.wav,//www.xeno-canto.org/321941,//creativecommons.org/licenses/by-nc-sa/4.0/,Richard E. Webster,2015-05-17,song
train,Northern Mockingbird,northern_mockingbird,Mimus,polyglottos,321941,321941-9.wav,wavfiles/321941-9.wav,//www.xeno-canto.org/321941,//creativecommons.org/licenses/by-nc-sa/4.0/,Richard E. Webster,2015-05-17,song
train,Northern Mockingbird,northern_mockingbird,Mimus,polyglottos,321942,321942-0.wav,wavfiles/321942-0.wav,//www.xeno-canto.org/321942,//creativecommons.org/licenses/by-nc-sa/4.0/,Richard E. Webster,2015-05-17,song
train,Northern Mockingbird,northern_mockingbird,Mimus,polyglottos,321942,321942-1.wav,wavfiles/321942-1.wav,//www.xeno-canto.org/321942,//creativecommons.org/licenses/by-nc-sa/4.0/,Richard E. Webster,2015-05-17,song
train,Northern Mockingbird,northern_mockingbird,Mimus,polyglottos,321942,321942-10.wav,wavfiles/321942-10.wav,//www.xeno-canto.org/321942,//creativecommons.org/licenses/by-nc-sa/4.0/,Richard E. Webster,2015-05-17,song
train,Northern Mockingbird,northern_mockingbird,Mimus,polyglottos,321942,321942-11.wav,wavfiles/321942-11.wav,//www.xeno-canto.org/321942,//creativecommons.org/licenses/by-nc-sa/4.0/,Richard E. Webster,2015-05-17,song
train,Northern Mockingbird,northern_mockingbird,Mimus,polyglottos,321942,321942-12.wav,wavfiles/321942-12.wav,//www.xeno-canto.org/321942,//creativecommons.org/licenses/by-nc-sa/4.0/,Richard E. Webster,2015-05-17,song
train,Northern Mockingbird,northern_mockingbird,Mimus,polyglottos,321942,321942-2.wav,wavfiles/321942-2.wav,//www.xeno-canto.org/321942,//creativecommons.org/licenses/by-nc-sa/4.0/,Richard E. Webster,2015-05-17,song
train,Northern Mockingbird,northern_mockingbird,Mimus,polyglottos,321942,321942-3.wav,wavfiles/321942-3.wav,//www.xeno-canto.org/321942,//creativecommons.org/licenses/by-nc-sa/4.0/,Richard E. Webster,2015-05-17,song
train,Northern Mockingbird,northern_mockingbird,Mimus,polyglottos,321942,321942-4.wav,wavfiles/321942-4.wav,//www.xeno-canto.org/321942,//creativecommons.org/licenses/by-nc-sa/4.0/,Richard E. Webster,2015-05-17,song
train,Northern Mockingbird,northern_mockingbird,Mimus,polyglottos,321942,321942-5.wav,wavfiles/321942-5.wav,//www.xeno-canto.org/321942,//creativecommons.org/licenses/by-nc-sa/4.0/,Richard E. Webster,2015-05-17,song
train,Northern Mockingbird,northern_mockingbird,Mimus,polyglottos,321942,321942-6.wav,wavfiles/321942-6.wav,//www.xeno-canto.org/321942,//creativecommons.org/licenses/by-nc-sa/4.0/,Richard E. Webster,2015-05-17,song
train,Northern Mockingbird,northern_mockingbird,Mimus,polyglottos,321942,321942-7.wav,wavfiles/321942-7.wav,//www.xeno-canto.org/321942,//creativecommons.org/licenses/by-nc-sa/4.0/,Richard E. Webster,2015-05-17,song
train,Northern Mockingbird,northern_mockingbird,Mimus,polyglottos,321942,321942-8.wav,wavfiles/321942-8.wav,//www.xeno-canto.org/321942,//creativecommons.org/licenses/by-nc-sa/4.0/,Richard E. Webster,2015-05-17,song
train,Northern Mockingbird,northern_mockingbird,Mimus,polyglottos,321942,321942-9.wav,wavfiles/321942-9.wav,//www.xeno-canto.org/321942,//creativecommons.org/licenses/by-nc-sa/4.0/,Richard E. Webster,2015-05-17,song
train,Northern Mockingbird,northern_mockingbird,Mimus,polyglottos,321943,321943-0.wav,wavfiles/321943-0.wav,//www.xeno-canto.org/321943,//creativecommons.org/licenses/by-nc-sa/4.0/,Richard E. Webster,2015-05-05,song
train,Northern Mockingbird,northern_mockingbird,Mimus,polyglottos,321943,321943-1.wav,wavfiles/321943-1.wav,//www.xeno-canto.org/321943,//creativecommons.org/licenses/by-nc-sa/4.0/,Richard E. Webster,2015-05-05,song
train,Northern Mockingbird,northern_mockingbird,Mimus,polyglottos,321943,321943-10.wav,wavfiles/321943-10.wav,//www.xeno-canto.org/321943,//creativecommons.org/licenses/by-nc-sa/4.0/,Richard E. Webster,2015-05-05,song
train,Northern Mockingbird,northern_mockingbird,Mimus,polyglottos,321943,321943-11.wav,wavfiles/321943-11.wav,//www.xeno-canto.org/321943,//creativecommons.org/licenses/by-nc-sa/4.0/,Richard E. Webster,2015-05-05,song
train,Northern Mockingbird,northern_mockingbird,Mimus,polyglottos,321943,321943-12.wav,wavfiles/321943-12.wav,//www.xeno-canto.org/321943,//creativecommons.org/licenses/by-nc-sa/4.0/,Richard E. Webster,2015-05-05,song
train,Northern Mockingbird,northern_mockingbird,Mimus,polyglottos,321943,321943-13.wav,wavfiles/321943-13.wav,//www.xeno-canto.org/321943,//creativecommons.org/licenses/by-nc-sa/4.0/,Richard E. Webster,2015-05-05,song
train,Northern Mockingbird,northern_mockingbird,Mimus,polyglottos,321943,321943-14.wav,wavfiles/321943-14.wav,//www.xeno-canto.org/321943,//creativecommons.org/licenses/by-nc-sa/4.0/,Richard E. Webster,2015-05-05,song
train,Northern Mockingbird,northern_mockingbird,Mimus,polyglottos,321943,321943-15.wav,wavfiles/321943-15.wav,//www.xeno-canto.org/321943,//creativecommons.org/licenses/by-nc-sa/4.0/,Richard E. Webster,2015-05-05,song
train,Northern Mockingbird,northern_mockingbird,Mimus,polyglottos,321943,321943-16.wav,wavfiles/321943-16.wav,//www.xeno-canto.org/321943,//creativecommons.org/licenses/by-nc-sa/4.0/,Richard E. Webster,2015-05-05,song
train,Northern Mockingbird,northern_mockingbird,Mimus,polyglottos,321943,321943-17.wav,wavfiles/321943-17.wav,//www.xeno-canto.org/321943,//creativecommons.org/licenses/by-nc-sa/4.0/,Richard E. Webster,2015-05-05,song
train,Northern Mockingbird,northern_mockingbird,Mimus,polyglottos,321943,321943-2.wav,wavfiles/321943-2.wav,//www.xeno-canto.org/321943,//creativecommons.org/licenses/by-nc-sa/4.0/,Richard E. Webster,2015-05-05,song
train,Northern Mockingbird,northern_mockingbird,Mimus,polyglottos,321943,321943-3.wav,wavfiles/321943-3.wav,//www.xeno-canto.org/321943,//creativecommons.org/licenses/by-nc-sa/4.0/,Richard E. Webster,2015-05-05,song
train,Northern Mockingbird,northern_mockingbird,Mimus,polyglottos,321943,321943-4.wav,wavfiles/321943-4.wav,//www.xeno-canto.org/321943,//creativecommons.org/licenses/by-nc-sa/4.0/,Richard E. Webster,2015-05-05,song
train,Northern Mockingbird,northern_mockingbird,Mimus,polyglottos,321943,321943-5.wav,wavfiles/321943-5.wav,//www.xeno-canto.org/321943,//creativecommons.org/licenses/by-nc-sa/4.0/,Richard E. Webster,2015-05-05,song
train,Northern Mockingbird,northern_mockingbird,Mimus,polyglottos,321943,321943-6.wav,wavfiles/321943-6.wav,//www.xeno-canto.org/321943,//creativecommons.org/licenses/by-nc-sa/4.0/,Richard E. Webster,2015-05-05,song
train,Northern Mockingbird,northern_mockingbird,Mimus,polyglottos,321943,321943-7.wav,wavfiles/321943-7.wav,//www.xeno-canto.org/321943,//creativecommons.org/licenses/by-nc-sa/4.0/,Richard E. Webster,2015-05-05,song
train,Northern Mockingbird,northern_mockingbird,Mimus,polyglottos,321943,321943-8.wav,wavfiles/321943-8.wav,//www.xeno-canto.org/321943,//creativecommons.org/licenses/by-nc-sa/4.0/,Richard E. Webster,2015-05-05,song
train,Northern Mockingbird,northern_mockingbird,Mimus,polyglottos,321943,321943-9.wav,wavfiles/321943-9.wav,//www.xeno-canto.org/321943,//creativecommons.org/licenses/by-nc-sa/4.0/,Richard E. Webster,2015-05-05,song
train,Northern Mockingbird,northern_mockingbird,Mimus,polyglottos,321945,321945-0.wav,wavfiles/321945-0.wav,//www.xeno-canto.org/321945,//creativecommons.org/licenses/by-nc-sa/4.0/,Richard E. Webster,2015-05-17,song
train,Northern Mockingbird,northern_mockingbird,Mimus,polyglottos,321945,321945-1.wav,wavfiles/321945-1.wav,//www.xeno-canto.org/321945,//creativecommons.org/licenses/by-nc-sa/4.0/,Richard E. Webster,2015-05-17,song
train,Northern Mockingbird,northern_mockingbird,Mimus,polyglottos,321945,321945-10.wav,wavfiles/321945-10.wav,//www.xeno-canto.org/321945,//creativecommons.org/licenses/by-nc-sa/4.0/,Richard E. Webster,2015-05-17,song
train,Northern Mockingbird,northern_mockingbird,Mimus,polyglottos,321945,321945-11.wav,wavfiles/321945-11.wav,//www.xeno-canto.org/321945,//creativecommons.org/licenses/by-nc-sa/4.0/,Richard E. Webster,2015-05-17,song
train,Northern Mockingbird,northern_mockingbird,Mimus,polyglottos,321945,321945-12.wav,wavfiles/321945-12.wav,//www.xeno-canto.org/321945,//creativecommons.org/licenses/by-nc-sa/4.0/,Richard E. Webster,2015-05-17,song
train,Northern Mockingbird,northern_mockingbird,Mimus,polyglottos,321945,321945-13.wav,wavfiles/321945-13.wav,//www.xeno-canto.org/321945,//creativecommons.org/licenses/by-nc-sa/4.0/,Richard E. Webster,2015-05-17,song
train,Northern Mockingbird,northern_mockingbird,Mimus,polyglottos,321945,321945-14.wav,wavfiles/321945-14.wav,//www.xeno-canto.org/321945,//creativecommons.org/licenses/by-nc-sa/4.0/,Richard E. Webster,2015-05-17,song
train,Northern Mockingbird,northern_mockingbird,Mimus,polyglottos,321945,321945-2.wav,wavfiles/321945-2.wav,//www.xeno-canto.org/321945,//creativecommons.org/licenses/by-nc-sa/4.0/,Richard E. Webster,2015-05-17,song
train,Northern Mockingbird,northern_mockingbird,Mimus,polyglottos,321945,321945-3.wav,wavfiles/321945-3.wav,//www.xeno-canto.org/321945,//creativecommons.org/licenses/by-nc-sa/4.0/,Richard E. Webster,2015-05-17,song
train,Northern Mockingbird,northern_mockingbird,Mimus,polyglottos,321945,321945-7.wav,wavfiles/321945-7.wav,//www.xeno-canto.org/321945,//creativecommons.org/licenses/by-nc-sa/4.0/,Richard E. Webster,2015-05-17,song
train,Northern Mockingbird,northern_mockingbird,Mimus,polyglottos,321945,321945-8.wav,wavfiles/321945-8.wav,//www.xeno-canto.org/321945,//creativecommons.org/licenses/by-nc-sa/4.0/,Richard E. Webster,2015-05-17,song
train,Northern Mockingbird,northern_mockingbird,Mimus,polyglottos,321945,321945-9.wav,wavfiles/321945-9.wav,//www.xeno-canto.org/321945,//creativecommons.org/licenses/by-nc-sa/4.0/,Richard E. Webster,2015-05-17,song
train,Northern Mockingbird,northern_mockingbird,Mimus,polyglottos,351830,351830-0.wav,wavfiles/351830-0.wav,//www.xeno-canto.org/351830,//creativecommons.org/licenses/by-nc-sa/4.0/,Richard E. Webster,2001-06-01,song
train,Northern Mockingbird,northern_mockingbird,Mimus,polyglottos,351830,351830-1.wav,wavfiles/351830-1.wav,//www.xeno-canto.org/351830,//creativecommons.org/licenses/by-nc-sa/4.0/,Richard E. Webster,2001-06-01,song
train,Northern Mockingbird,northern_mockingbird,Mimus,polyglottos,351830,351830-10.wav,wavfiles/351830-10.wav,//www.xeno-canto.org/351830,//creativecommons.org/licenses/by-nc-sa/4.0/,Richard E. Webster,2001-06-01,song
train,Northern Mockingbird,northern_mockingbird,Mimus,polyglottos,351830,351830-11.wav,wavfiles/351830-11.wav,//www.xeno-canto.org/351830,//creativecommons.org/licenses/by-nc-sa/4.0/,Richard E. Webster,2001-06-01,song
train,Northern Mockingbird,northern_mockingbird,Mimus,polyglottos,351830,351830-12.wav,wavfiles/351830-12.wav,//www.xeno-canto.org/351830,//creativecommons.org/licenses/by-nc-sa/4.0/,Richard E. Webster,2001-06-01,song
train,Northern Mockingbird,northern_mockingbird,Mimus,polyglottos,351830,351830-13.wav,wavfiles/351830-13.wav,//www.xeno-canto.org/351830,//creativecommons.org/licenses/by-nc-sa/4.0/,Richard E. Webster,2001-06-01,song
train,Northern Mockingbird,northern_mockingbird,Mimus,polyglottos,351830,351830-14.wav,wavfiles/351830-14.wav,//www.xeno-canto.org/351830,//creativecommons.org/licenses/by-nc-sa/4.0/,Richard E. Webster,2001-06-01,song
train,Northern Mockingbird,northern_mockingbird,Mimus,polyglottos,351830,351830-15.wav,wavfiles/351830-15.wav,//www.xeno-canto.org/351830,//creativecommons.org/licenses/by-nc-sa/4.0/,Richard E. Webster,2001-06-01,song
train,Northern Mockingbird,northern_mockingbird,Mimus,polyglottos,351830,351830-2.wav,wavfiles/351830-2.wav,//www.xeno-canto.org/351830,//creativecommons.org/licenses/by-nc-sa/4.0/,Richard E. Webster,2001-06-01,song
train,Northern Mockingbird,northern_mockingbird,Mimus,polyglottos,351830,351830-3.wav,wavfiles/351830-3.wav,//www.xeno-canto.org/351830,//creativecommons.org/licenses/by-nc-sa/4.0/,Richard E. Webster,2001-06-01,song
train,Northern Mockingbird,northern_mockingbird,Mimus,polyglottos,351830,351830-4.wav,wavfiles/351830-4.wav,//www.xeno-canto.org/351830,//creativecommons.org/licenses/by-nc-sa/4.0/,Richard E. Webster,2001-06-01,song
train,Northern Mockingbird,northern_mockingbird,Mimus,polyglottos,351830,351830-5.wav,wavfiles/351830-5.wav,//www.xeno-canto.org/351830,//creativecommons.org/licenses/by-nc-sa/4.0/,Richard E. Webster,2001-06-01,song
train,Northern Mockingbird,northern_mockingbird,Mimus,polyglottos,351830,351830-6.wav,wavfiles/351830-6.wav,//www.xeno-canto.org/351830,//creativecommons.org/licenses/by-nc-sa/4.0/,Richard E. Webster,2001-06-01,song
train,Northern Mockingbird,northern_mockingbird,Mimus,polyglottos,351830,351830-7.wav,wavfiles/351830-7.wav,//www.xeno-canto.org/351830,//creativecommons.org/licenses/by-nc-sa/4.0/,Richard E. Webster,2001-06-01,song
train,Northern Mockingbird,northern_mockingbird,Mimus,polyglottos,351830,351830-8.wav,wavfiles/351830-8.wav,//www.xeno-canto.org/351830,//creativecommons.org/licenses/by-nc-sa/4.0/,Richard E. Webster,2001-06-01,song
train,Northern Mockingbird,northern_mockingbird,Mimus,polyglottos,351830,351830-9.wav,wavfiles/351830-9.wav,//www.xeno-canto.org/351830,//creativecommons.org/licenses/by-nc-sa/4.0/,Richard E. Webster,2001-06-01,song
train,Northern Mockingbird,northern_mockingbird,Mimus,polyglottos,351831,351831-0.wav,wavfiles/351831-0.wav,//www.xeno-canto.org/351831,//creativecommons.org/licenses/by-nc-sa/4.0/,Richard E. Webster,1995-05-24,song
train,Northern Mockingbird,northern_mockingbird,Mimus,polyglottos,351831,351831-1.wav,wavfiles/351831-1.wav,//www.xeno-canto.org/351831,//creativecommons.org/licenses/by-nc-sa/4.0/,Richard E. Webster,1995-05-24,song
train,Northern Mockingbird,northern_mockingbird,Mimus,polyglottos,351831,351831-10.wav,wavfiles/351831-10.wav,//www.xeno-canto.org/351831,//creativecommons.org/licenses/by-nc-sa/4.0/,Richard E. Webster,1995-05-24,song
train,Northern Mockingbird,northern_mockingbird,Mimus,polyglottos,351831,351831-11.wav,wavfiles/351831-11.wav,//www.xeno-canto.org/351831,//creativecommons.org/licenses/by-nc-sa/4.0/,Richard E. Webster,1995-05-24,song
train,Northern Mockingbird,northern_mockingbird,Mimus,polyglottos,351831,351831-14.wav,wavfiles/351831-14.wav,//www.xeno-canto.org/351831,//creativecommons.org/licenses/by-nc-sa/4.0/,Richard E. Webster,1995-05-24,song
train,Northern Mockingbird,northern_mockingbird,Mimus,polyglottos,351831,351831-15.wav,wavfiles/351831-15.wav,//www.xeno-canto.org/351831,//creativecommons.org/licenses/by-nc-sa/4.0/,Richard E. Webster,1995-05-24,song
train,Northern Mockingbird,northern_mockingbird,Mimus,polyglottos,351831,351831-2.wav,wavfiles/351831-2.wav,//www.xeno-canto.org/351831,//creativecommons.org/licenses/by-nc-sa/4.0/,Richard E. Webster,1995-05-24,song
train,Northern Mockingbird,northern_mockingbird,Mimus,polyglottos,351831,351831-3.wav,wavfiles/351831-3.wav,//www.xeno-canto.org/351831,//creativecommons.org/licenses/by-nc-sa/4.0/,Richard E. Webster,1995-05-24,song
train,Northern Mockingbird,northern_mockingbird,Mimus,polyglottos,351831,351831-4.wav,wavfiles/351831-4.wav,//www.xeno-canto.org/351831,//creativecommons.org/licenses/by-nc-sa/4.0/,Richard E. Webster,1995-05-24,song
train,Northern Mockingbird,northern_mockingbird,Mimus,polyglottos,351831,351831-5.wav,wavfiles/351831-5.wav,//www.xeno-canto.org/351831,//creativecommons.org/licenses/by-nc-sa/4.0/,Richard E. Webster,1995-05-24,song
train,Northern Mockingbird,northern_mockingbird,Mimus,polyglottos,351831,351831-6.wav,wavfiles/351831-6.wav,//www.xeno-canto.org/351831,//creativecommons.org/licenses/by-nc-sa/4.0/,Richard E. Webster,1995-05-24,song
train,Northern Mockingbird,northern_mockingbird,Mimus,polyglottos,351831,351831-7.wav,wavfiles/351831-7.wav,//www.xeno-canto.org/351831,//creativecommons.org/licenses/by-nc-sa/4.0/,Richard E. Webster,1995-05-24,song
train,Northern Mockingbird,northern_mockingbird,Mimus,polyglottos,351831,351831-8.wav,wavfiles/351831-8.wav,//www.xeno-canto.org/351831,//creativecommons.org/licenses/by-nc-sa/4.0/,Richard E. Webster,1995-05-24,song
train,Northern Mockingbird,northern_mockingbird,Mimus,polyglottos,351831,351831-9.wav,wavfiles/351831-9.wav,//www.xeno-canto.org/351831,//creativecommons.org/licenses/by-nc-sa/4.0/,Richard E. Webster,1995-05-24,song
train,Northern Mockingbird,northern_mockingbird,Mimus,polyglottos,357031,357031-0.wav,wavfiles/357031-0.wav,//www.xeno-canto.org/357031,//creativecommons.org/licenses/by-nc-sa/4.0/,Jim Holmes,2017-02-26,song
train,Northern Mockingbird,northern_mockingbird,Mimus,polyglottos,357031,357031-1.wav,wavfiles/357031-1.wav,//www.xeno-canto.org/357031,//creativecommons.org/licenses/by-nc-sa/4.0/,Jim Holmes,2017-02-26,song
train,Northern Mockingbird,northern_mockingbird,Mimus,polyglottos,357031,357031-10.wav,wavfiles/357031-10.wav,//www.xeno-canto.org/357031,//creativecommons.org/licenses/by-nc-sa/4.0/,Jim Holmes,2017-02-26,song
train,Northern Mockingbird,northern_mockingbird,Mimus,polyglottos,357031,357031-11.wav,wavfiles/357031-11.wav,//www.xeno-canto.org/357031,//creativecommons.org/licenses/by-nc-sa/4.0/,Jim Holmes,2017-02-26,song
train,Northern Mockingbird,northern_mockingbird,Mimus,polyglottos,357031,357031-14.wav,wavfiles/357031-14.wav,//www.xeno-canto.org/357031,//creativecommons.org/licenses/by-nc-sa/4.0/,Jim Holmes,2017-02-26,song
train,Northern Mockingbird,northern_mockingbird,Mimus,polyglottos,357031,357031-2.wav,wavfiles/357031-2.wav,//www.xeno-canto.org/357031,//creativecommons.org/licenses/by-nc-sa/4.0/,Jim Holmes,2017-02-26,song
train,Northern Mockingbird,northern_mockingbird,Mimus,polyglottos,357031,357031-3.wav,wavfiles/357031-3.wav,//www.xeno-canto.org/357031,//creativecommons.org/licenses/by-nc-sa/4.0/,Jim Holmes,2017-02-26,song
train,Northern Mockingbird,northern_mockingbird,Mimus,polyglottos,357031,357031-4.wav,wavfiles/357031-4.wav,//www.xeno-canto.org/357031,//creativecommons.org/licenses/by-nc-sa/4.0/,Jim Holmes,2017-02-26,song
train,Northern Mockingbird,northern_mockingbird,Mimus,polyglottos,357031,357031-5.wav,wavfiles/357031-5.wav,//www.xeno-canto.org/357031,//creativecommons.org/licenses/by-nc-sa/4.0/,Jim Holmes,2017-02-26,song
train,Northern Mockingbird,northern_mockingbird,Mimus,polyglottos,357031,357031-6.wav,wavfiles/357031-6.wav,//www.xeno-canto.org/357031,//creativecommons.org/licenses/by-nc-sa/4.0/,Jim Holmes,2017-02-26,song
train,Northern Mockingbird,northern_mockingbird,Mimus,polyglottos,357031,357031-7.wav,wavfiles/357031-7.wav,//www.xeno-canto.org/357031,//creativecommons.org/licenses/by-nc-sa/4.0/,Jim Holmes,2017-02-26,song
train,Northern Mockingbird,northern_mockingbird,Mimus,polyglottos,357031,357031-8.wav,wavfiles/357031-8.wav,//www.xeno-canto.org/357031,//creativecommons.org/licenses/by-nc-sa/4.0/,Jim Holmes,2017-02-26,song
train,Northern Mockingbird,northern_mockingbird,Mimus,polyglottos,357031,357031-9.wav,wavfiles/357031-9.wav,//www.xeno-canto.org/357031,//creativecommons.org/licenses/by-nc-sa/4.0/,Jim Holmes,2017-02-26,song
train,Northern Mockingbird,northern_mockingbird,Mimus,polyglottos,357943,357943-0.wav,wavfiles/357943-0.wav,//www.xeno-canto.org/357943,//creativecommons.org/licenses/by-nc-sa/4.0/,Thomas G. Graves,2017-02-15,"call, song"
train,Northern Mockingbird,northern_mockingbird,Mimus,polyglottos,357943,357943-1.wav,wavfiles/357943-1.wav,//www.xeno-canto.org/357943,//creativecommons.org/licenses/by-nc-sa/4.0/,Thomas G. Graves,2017-02-15,"call, song"
train,Northern Mockingbird,northern_mockingbird,Mimus,polyglottos,357943,357943-10.wav,wavfiles/357943-10.wav,//www.xeno-canto.org/357943,//creativecommons.org/licenses/by-nc-sa/4.0/,Thomas G. Graves,2017-02-15,"call, song"
train,Northern Mockingbird,northern_mockingbird,Mimus,polyglottos,357943,357943-11.wav,wavfiles/357943-11.wav,//www.xeno-canto.org/357943,//creativecommons.org/licenses/by-nc-sa/4.0/,Thomas G. Graves,2017-02-15,"call, song"
train,Northern Mockingbird,northern_mockingbird,Mimus,polyglottos,357943,357943-12.wav,wavfiles/357943-12.wav,//www.xeno-canto.org/357943,//creativecommons.org/licenses/by-nc-sa/4.0/,Thomas G. Graves,2017-02-15,"call, song"
train,Northern Mockingbird,northern_mockingbird,Mimus,polyglottos,357943,357943-13.wav,wavfiles/357943-13.wav,//www.xeno-canto.org/357943,//creativecommons.org/licenses/by-nc-sa/4.0/,Thomas G. Graves,2017-02-15,"call, song"
train,Northern Mockingbird,northern_mockingbird,Mimus,polyglottos,357943,357943-14.wav,wavfiles/357943-14.wav,//www.xeno-canto.org/357943,//creativecommons.org/licenses/by-nc-sa/4.0/,Thomas G. Graves,2017-02-15,"call, song"
train,Northern Mockingbird,northern_mockingbird,Mimus,polyglottos,357943,357943-15.wav,wavfiles/357943-15.wav,//www.xeno-canto.org/357943,//creativecommons.org/licenses/by-nc-sa/4.0/,Thomas G. Graves,2017-02-15,"call, song"
train,Northern Mockingbird,northern_mockingbird,Mimus,polyglottos,357943,357943-2.wav,wavfiles/357943-2.wav,//www.xeno-canto.org/357943,//creativecommons.org/licenses/by-nc-sa/4.0/,Thomas G. Graves,2017-02-15,"call, song"
train,Northern Mockingbird,northern_mockingbird,Mimus,polyglottos,357943,357943-3.wav,wavfiles/357943-3.wav,//www.xeno-canto.org/357943,//creativecommons.org/licenses/by-nc-sa/4.0/,Thomas G. Graves,2017-02-15,"call, song"
train,Northern Mockingbird,northern_mockingbird,Mimus,polyglottos,357943,357943-4.wav,wavfiles/357943-4.wav,//www.xeno-canto.org/357943,//creativecommons.org/licenses/by-nc-sa/4.0/,Thomas G. Graves,2017-02-15,"call, song"
train,Northern Mockingbird,northern_mockingbird,Mimus,polyglottos,357943,357943-5.wav,wavfiles/357943-5.wav,//www.xeno-canto.org/357943,//creativecommons.org/licenses/by-nc-sa/4.0/,Thomas G. Graves,2017-02-15,"call, song"
train,Northern Mockingbird,northern_mockingbird,Mimus,polyglottos,357943,357943-8.wav,wavfiles/357943-8.wav,//www.xeno-canto.org/357943,//creativecommons.org/licenses/by-nc-sa/4.0/,Thomas G. Graves,2017-02-15,"call, song"
train,Northern Mockingbird,northern_mockingbird,Mimus,polyglottos,357943,357943-9.wav,wavfiles/357943-9.wav,//www.xeno-canto.org/357943,//creativecommons.org/licenses/by-nc-sa/4.0/,Thomas G. Graves,2017-02-15,"call, song"
train,Northern Mockingbird,northern_mockingbird,Mimus,polyglottos,364588,364588-0.wav,wavfiles/364588-0.wav,//www.xeno-canto.org/364588,//creativecommons.org/licenses/by-nc-sa/4.0/,Brian Murphy,2017-04-14,song
train,Northern Mockingbird,northern_mockingbird,Mimus,polyglottos,364588,364588-1.wav,wavfiles/364588-1.wav,//www.xeno-canto.org/364588,//creativecommons.org/licenses/by-nc-sa/4.0/,Brian Murphy,2017-04-14,song
train,Northern Mockingbird,northern_mockingbird,Mimus,polyglottos,364588,364588-10.wav,wavfiles/364588-10.wav,//www.xeno-canto.org/364588,//creativecommons.org/licenses/by-nc-sa/4.0/,Brian Murphy,2017-04-14,song
train,Northern Mockingbird,northern_mockingbird,Mimus,polyglottos,364588,364588-11.wav,wavfiles/364588-11.wav,//www.xeno-canto.org/364588,//creativecommons.org/licenses/by-nc-sa/4.0/,Brian Murphy,2017-04-14,song
train,Northern Mockingbird,northern_mockingbird,Mimus,polyglottos,364588,364588-12.wav,wavfiles/364588-12.wav,//www.xeno-canto.org/364588,//creativecommons.org/licenses/by-nc-sa/4.0/,Brian Murphy,2017-04-14,song
train,Northern Mockingbird,northern_mockingbird,Mimus,polyglottos,364588,364588-13.wav,wavfiles/364588-13.wav,//www.xeno-canto.org/364588,//creativecommons.org/licenses/by-nc-sa/4.0/,Brian Murphy,2017-04-14,song
train,Northern Mockingbird,northern_mockingbird,Mimus,polyglottos,364588,364588-14.wav,wavfiles/364588-14.wav,//www.xeno-canto.org/364588,//creativecommons.org/licenses/by-nc-sa/4.0/,Brian Murphy,2017-04-14,song
train,Northern Mockingbird,northern_mockingbird,Mimus,polyglottos,364588,364588-15.wav,wavfiles/364588-15.wav,//www.xeno-canto.org/364588,//creativecommons.org/licenses/by-nc-sa/4.0/,Brian Murphy,2017-04-14,song
train,Northern Mockingbird,northern_mockingbird,Mimus,polyglottos,364588,364588-16.wav,wavfiles/364588-16.wav,//www.xeno-canto.org/364588,//creativecommons.org/licenses/by-nc-sa/4.0/,Brian Murphy,2017-04-14,song
train,Northern Mockingbird,northern_mockingbird,Mimus,polyglottos,364588,364588-17.wav,wavfiles/364588-17.wav,//www.xeno-canto.org/364588,//creativecommons.org/licenses/by-nc-sa/4.0/,Brian Murphy,2017-04-14,song
train,Northern Mockingbird,northern_mockingbird,Mimus,polyglottos,364588,364588-18.wav,wavfiles/364588-18.wav,//www.xeno-canto.org/364588,//creativecommons.org/licenses/by-nc-sa/4.0/,Brian Murphy,2017-04-14,song
train,Northern Mockingbird,northern_mockingbird,Mimus,polyglottos,364588,364588-2.wav,wavfiles/364588-2.wav,//www.xeno-canto.org/364588,//creativecommons.org/licenses/by-nc-sa/4.0/,Brian Murphy,2017-04-14,song
train,Northern Mockingbird,northern_mockingbird,Mimus,polyglottos,364588,364588-3.wav,wavfiles/364588-3.wav,//www.xeno-canto.org/364588,//creativecommons.org/licenses/by-nc-sa/4.0/,Brian Murphy,2017-04-14,song
train,Northern Mockingbird,northern_mockingbird,Mimus,polyglottos,364588,364588-4.wav,wavfiles/364588-4.wav,//www.xeno-canto.org/364588,//creativecommons.org/licenses/by-nc-sa/4.0/,Brian Murphy,2017-04-14,song
train,Northern Mockingbird,northern_mockingbird,Mimus,polyglottos,364588,364588-8.wav,wavfiles/364588-8.wav,//www.xeno-canto.org/364588,//creativecommons.org/licenses/by-nc-sa/4.0/,Brian Murphy,2017-04-14,song
train,Northern Mockingbird,northern_mockingbird,Mimus,polyglottos,364588,364588-9.wav,wavfiles/364588-9.wav,//www.xeno-canto.org/364588,//creativecommons.org/licenses/by-nc-sa/4.0/,Brian Murphy,2017-04-14,song
train,Northern Mockingbird,northern_mockingbird,Mimus,polyglottos,376174,376174-0.wav,wavfiles/376174-0.wav,//www.xeno-canto.org/376174,//creativecommons.org/licenses/by-nc-sa/4.0/,Thomas G. Graves,2017-06-06,song
train,Northern Mockingbird,northern_mockingbird,Mimus,polyglottos,376174,376174-1.wav,wavfiles/376174-1.wav,//www.xeno-canto.org/376174,//creativecommons.org/licenses/by-nc-sa/4.0/,Thomas G. Graves,2017-06-06,song
train,Northern Mockingbird,northern_mockingbird,Mimus,polyglottos,376174,376174-10.wav,wavfiles/376174-10.wav,//www.xeno-canto.org/376174,//creativecommons.org/licenses/by-nc-sa/4.0/,Thomas G. Graves,2017-06-06,song
train,Northern Mockingbird,northern_mockingbird,Mimus,polyglottos,376174,376174-11.wav,wavfiles/376174-11.wav,//www.xeno-canto.org/376174,//creativecommons.org/licenses/by-nc-sa/4.0/,Thomas G. Graves,2017-06-06,song
train,Northern Mockingbird,northern_mockingbird,Mimus,polyglottos,376174,376174-12.wav,wavfiles/376174-12.wav,//www.xeno-canto.org/376174,//creativecommons.org/licenses/by-nc-sa/4.0/,Thomas G. Graves,2017-06-06,song
train,Northern Mockingbird,northern_mockingbird,Mimus,polyglottos,376174,376174-13.wav,wavfiles/376174-13.wav,//www.xeno-canto.org/376174,//creativecommons.org/licenses/by-nc-sa/4.0/,Thomas G. Graves,2017-06-06,song
train,Northern Mockingbird,northern_mockingbird,Mimus,polyglottos,376174,376174-2.wav,wavfiles/376174-2.wav,//www.xeno-canto.org/376174,//creativecommons.org/licenses/by-nc-sa/4.0/,Thomas G. Graves,2017-06-06,song
train,Northern Mockingbird,northern_mockingbird,Mimus,polyglottos,376174,376174-6.wav,wavfiles/376174-6.wav,//www.xeno-canto.org/376174,//creativecommons.org/licenses/by-nc-sa/4.0/,Thomas G. Graves,2017-06-06,song
train,Northern Mockingbird,northern_mockingbird,Mimus,polyglottos,376174,376174-7.wav,wavfiles/376174-7.wav,//www.xeno-canto.org/376174,//creativecommons.org/licenses/by-nc-sa/4.0/,Thomas G. Graves,2017-06-06,song
train,Northern Mockingbird,northern_mockingbird,Mimus,polyglottos,413128,413128-0.wav,wavfiles/413128-0.wav,//www.xeno-canto.org/413128,//creativecommons.org/licenses/by-nc-sa/4.0/,Paul Marvin,2018-05-01,song
train,Northern Mockingbird,northern_mockingbird,Mimus,polyglottos,413128,413128-1.wav,wavfiles/413128-1.wav,//www.xeno-canto.org/413128,//creativecommons.org/licenses/by-nc-sa/4.0/,Paul Marvin,2018-05-01,song
train,Northern Mockingbird,northern_mockingbird,Mimus,polyglottos,413128,413128-10.wav,wavfiles/413128-10.wav,//www.xeno-canto.org/413128,//creativecommons.org/licenses/by-nc-sa/4.0/,Paul Marvin,2018-05-01,song
train,Northern Mockingbird,northern_mockingbird,Mimus,polyglottos,413128,413128-11.wav,wavfiles/413128-11.wav,//www.xeno-canto.org/413128,//creativecommons.org/licenses/by-nc-sa/4.0/,Paul Marvin,2018-05-01,song
train,Northern Mockingbird,northern_mockingbird,Mimus,polyglottos,413128,413128-12.wav,wavfiles/413128-12.wav,//www.xeno-canto.org/413128,//creativecommons.org/licenses/by-nc-sa/4.0/,Paul Marvin,2018-05-01,song
train,Northern Mockingbird,northern_mockingbird,Mimus,polyglottos,413128,413128-13.wav,wavfiles/413128-13.wav,//www.xeno-canto.org/413128,//creativecommons.org/licenses/by-nc-sa/4.0/,Paul Marvin,2018-05-01,song
train,Northern Mockingbird,northern_mockingbird,Mimus,polyglottos,413128,413128-14.wav,wavfiles/413128-14.wav,//www.xeno-canto.org/413128,//creativecommons.org/licenses/by-nc-sa/4.0/,Paul Marvin,2018-05-01,song
train,Northern Mockingbird,northern_mockingbird,Mimus,polyglottos,413128,413128-15.wav,wavfiles/413128-15.wav,//www.xeno-canto.org/413128,//creativecommons.org/licenses/by-nc-sa/4.0/,Paul Marvin,2018-05-01,song
train,Northern Mockingbird,northern_mockingbird,Mimus,polyglottos,413128,413128-2.wav,wavfiles/413128-2.wav,//www.xeno-canto.org/413128,//creativecommons.org/licenses/by-nc-sa/4.0/,Paul Marvin,2018-05-01,song
train,Northern Mockingbird,northern_mockingbird,Mimus,polyglottos,413128,413128-3.wav,wavfiles/413128-3.wav,//www.xeno-canto.org/413128,//creativecommons.org/licenses/by-nc-sa/4.0/,Paul Marvin,2018-05-01,song
train,Northern Mockingbird,northern_mockingbird,Mimus,polyglottos,413128,413128-4.wav,wavfiles/413128-4.wav,//www.xeno-canto.org/413128,//creativecommons.org/licenses/by-nc-sa/4.0/,Paul Marvin,2018-05-01,song
train,Northern Mockingbird,northern_mockingbird,Mimus,polyglottos,413128,413128-5.wav,wavfiles/413128-5.wav,//www.xeno-canto.org/413128,//creativecommons.org/licenses/by-nc-sa/4.0/,Paul Marvin,2018-05-01,song
train,Northern Mockingbird,northern_mockingbird,Mimus,polyglottos,413128,413128-6.wav,wavfiles/413128-6.wav,//www.xeno-canto.org/413128,//creativecommons.org/licenses/by-nc-sa/4.0/,Paul Marvin,2018-05-01,song
train,Northern Mockingbird,northern_mockingbird,Mimus,polyglottos,413128,413128-7.wav,wavfiles/413128-7.wav,//www.xeno-canto.org/413128,//creativecommons.org/licenses/by-nc-sa/4.0/,Paul Marvin,2018-05-01,song
train,Northern Mockingbird,northern_mockingbird,Mimus,polyglottos,413128,413128-8.wav,wavfiles/413128-8.wav,//www.xeno-canto.org/413128,//creativecommons.org/licenses/by-nc-sa/4.0/,Paul Marvin,2018-05-01,song
train,Northern Mockingbird,northern_mockingbird,Mimus,polyglottos,413128,413128-9.wav,wavfiles/413128-9.wav,//www.xeno-canto.org/413128,//creativecommons.org/licenses/by-nc-sa/4.0/,Paul Marvin,2018-05-01,song
train,Northern Mockingbird,northern_mockingbird,Mimus,polyglottos,416049,416049-0.wav,wavfiles/416049-0.wav,//www.xeno-canto.org/416049,//creativecommons.org/licenses/by-nc-sa/4.0/,Bobby Wilcox,2018-04-15,song
train,Northern Mockingbird,northern_mockingbird,Mimus,polyglottos,416049,416049-1.wav,wavfiles/416049-1.wav,//www.xeno-canto.org/416049,//creativecommons.org/licenses/by-nc-sa/4.0/,Bobby Wilcox,2018-04-15,song
train,Northern Mockingbird,northern_mockingbird,Mimus,polyglottos,416049,416049-10.wav,wavfiles/416049-10.wav,//www.xeno-canto.org/416049,//creativecommons.org/licenses/by-nc-sa/4.0/,Bobby Wilcox,2018-04-15,song
train,Northern Mockingbird,northern_mockingbird,Mimus,polyglottos,416049,416049-11.wav,wavfiles/416049-11.wav,//www.xeno-canto.org/416049,//creativecommons.org/licenses/by-nc-sa/4.0/,Bobby Wilcox,2018-04-15,song
train,Northern Mockingbird,northern_mockingbird,Mimus,polyglottos,416049,416049-12.wav,wavfiles/416049-12.wav,//www.xeno-canto.org/416049,//creativecommons.org/licenses/by-nc-sa/4.0/,Bobby Wilcox,2018-04-15,song
train,Northern Mockingbird,northern_mockingbird,Mimus,polyglottos,416049,416049-13.wav,wavfiles/416049-13.wav,//www.xeno-canto.org/416049,//creativecommons.org/licenses/by-nc-sa/4.0/,Bobby Wilcox,2018-04-15,song
train,Northern Mockingbird,northern_mockingbird,Mimus,polyglottos,416049,416049-2.wav,wavfiles/416049-2.wav,//www.xeno-canto.org/416049,//creativecommons.org/licenses/by-nc-sa/4.0/,Bobby Wilcox,2018-04-15,song
train,Northern Mockingbird,northern_mockingbird,Mimus,polyglottos,416049,416049-3.wav,wavfiles/416049-3.wav,//www.xeno-canto.org/416049,//creativecommons.org/licenses/by-nc-sa/4.0/,Bobby Wilcox,2018-04-15,song
train,Northern Mockingbird,northern_mockingbird,Mimus,polyglottos,416049,416049-4.wav,wavfiles/416049-4.wav,//www.xeno-canto.org/416049,//creativecommons.org/licenses/by-nc-sa/4.0/,Bobby Wilcox,2018-04-15,song
train,Northern Mockingbird,northern_mockingbird,Mimus,polyglottos,416049,416049-5.wav,wavfiles/416049-5.wav,//www.xeno-canto.org/416049,//creativecommons.org/licenses/by-nc-sa/4.0/,Bobby Wilcox,2018-04-15,song
train,Northern Mockingbird,northern_mockingbird,Mimus,polyglottos,416049,416049-6.wav,wavfiles/416049-6.wav,//www.xeno-canto.org/416049,//creativecommons.org/licenses/by-nc-sa/4.0/,Bobby Wilcox,2018-04-15,song
train,Northern Mockingbird,northern_mockingbird,Mimus,polyglottos,416049,416049-7.wav,wavfiles/416049-7.wav,//www.xeno-canto.org/416049,//creativecommons.org/licenses/by-nc-sa/4.0/,Bobby Wilcox,2018-04-15,song
train,Northern Mockingbird,northern_mockingbird,Mimus,polyglottos,416049,416049-9.wav,wavfiles/416049-9.wav,//www.xeno-canto.org/416049,//creativecommons.org/licenses/by-nc-sa/4.0/,Bobby Wilcox,2018-04-15,song
train,Northern Mockingbird,northern_mockingbird,Mimus,polyglottos,423438,423438-0.wav,wavfiles/423438-0.wav,//www.xeno-canto.org/423438,//creativecommons.org/licenses/by-nc-sa/4.0/,Matthew Vee,2018-07-01,song
train,Northern Mockingbird,northern_mockingbird,Mimus,polyglottos,423438,423438-1.wav,wavfiles/423438-1.wav,//www.xeno-canto.org/423438,//creativecommons.org/licenses/by-nc-sa/4.0/,Matthew Vee,2018-07-01,song
train,Northern Mockingbird,northern_mockingbird,Mimus,polyglottos,423438,423438-10.wav,wavfiles/423438-10.wav,//www.xeno-canto.org/423438,//creativecommons.org/licenses/by-nc-sa/4.0/,Matthew Vee,2018-07-01,song
train,Northern Mockingbird,northern_mockingbird,Mimus,polyglottos,423438,423438-11.wav,wavfiles/423438-11.wav,//www.xeno-canto.org/423438,//creativecommons.org/licenses/by-nc-sa/4.0/,Matthew Vee,2018-07-01,song
train,Northern Mockingbird,northern_mockingbird,Mimus,polyglottos,423438,423438-12.wav,wavfiles/423438-12.wav,//www.xeno-canto.org/423438,//creativecommons.org/licenses/by-nc-sa/4.0/,Matthew Vee,2018-07-01,song
train,Northern Mockingbird,northern_mockingbird,Mimus,polyglottos,423438,423438-13.wav,wavfiles/423438-13.wav,//www.xeno-canto.org/423438,//creativecommons.org/licenses/by-nc-sa/4.0/,Matthew Vee,2018-07-01,song
train,Northern Mockingbird,northern_mockingbird,Mimus,polyglottos,423438,423438-14.wav,wavfiles/423438-14.wav,//www.xeno-canto.org/423438,//creativecommons.org/licenses/by-nc-sa/4.0/,Matthew Vee,2018-07-01,song
train,Northern Mockingbird,northern_mockingbird,Mimus,polyglottos,423438,423438-2.wav,wavfiles/423438-2.wav,//www.xeno-canto.org/423438,//creativecommons.org/licenses/by-nc-sa/4.0/,Matthew Vee,2018-07-01,song
train,Northern Mockingbird,northern_mockingbird,Mimus,polyglottos,423438,423438-3.wav,wavfiles/423438-3.wav,//www.xeno-canto.org/423438,//creativecommons.org/licenses/by-nc-sa/4.0/,Matthew Vee,2018-07-01,song
train,Northern Mockingbird,northern_mockingbird,Mimus,polyglottos,423438,423438-4.wav,wavfiles/423438-4.wav,//www.xeno-canto.org/423438,//creativecommons.org/licenses/by-nc-sa/4.0/,Matthew Vee,2018-07-01,song
train,Northern Mockingbird,northern_mockingbird,Mimus,polyglottos,423438,423438-5.wav,wavfiles/423438-5.wav,//www.xeno-canto.org/423438,//creativecommons.org/licenses/by-nc-sa/4.0/,Matthew Vee,2018-07-01,song
train,Northern Mockingbird,northern_mockingbird,Mimus,polyglottos,423438,423438-6.wav,wavfiles/423438-6.wav,//www.xeno-canto.org/423438,//creativecommons.org/licenses/by-nc-sa/4.0/,Matthew Vee,2018-07-01,song
train,Northern Mockingbird,northern_mockingbird,Mimus,polyglottos,423438,423438-7.wav,wavfiles/423438-7.wav,//www.xeno-canto.org/423438,//creativecommons.org/licenses/by-nc-sa/4.0/,Matthew Vee,2018-07-01,song
train,Northern Mockingbird,northern_mockingbird,Mimus,polyglottos,423438,423438-8.wav,wavfiles/423438-8.wav,//www.xeno-canto.org/423438,//creativecommons.org/licenses/by-nc-sa/4.0/,Matthew Vee,2018-07-01,song
train,Northern Mockingbird,northern_mockingbird,Mimus,polyglottos,423438,423438-9.wav,wavfiles/423438-9.wav,//www.xeno-canto.org/423438,//creativecommons.org/licenses/by-nc-sa/4.0/,Matthew Vee,2018-07-01,song
train,Northern Mockingbird,northern_mockingbird,Mimus,polyglottos,433083,433083-0.wav,wavfiles/433083-0.wav,//www.xeno-canto.org/433083,//creativecommons.org/licenses/by-nc-sa/4.0/,Phil Brown,2018-06-25,song
train,Northern Mockingbird,northern_mockingbird,Mimus,polyglottos,433083,433083-1.wav,wavfiles/433083-1.wav,//www.xeno-canto.org/433083,//creativecommons.org/licenses/by-nc-sa/4.0/,Phil Brown,2018-06-25,song
train,Northern Mockingbird,northern_mockingbird,Mimus,polyglottos,433083,433083-10.wav,wavfiles/433083-10.wav,//www.xeno-canto.org/433083,//creativecommons.org/licenses/by-nc-sa/4.0/,Phil Brown,2018-06-25,song
train,Northern Mockingbird,northern_mockingbird,Mimus,polyglottos,433083,433083-11.wav,wavfiles/433083-11.wav,//www.xeno-canto.org/433083,//creativecommons.org/licenses/by-nc-sa/4.0/,Phil Brown,2018-06-25,song
train,Northern Mockingbird,northern_mockingbird,Mimus,polyglottos,433083,433083-12.wav,wavfiles/433083-12.wav,//www.xeno-canto.org/433083,//creativecommons.org/licenses/by-nc-sa/4.0/,Phil Brown,2018-06-25,song
train,Northern Mockingbird,northern_mockingbird,Mimus,polyglottos,433083,433083-13.wav,wavfiles/433083-13.wav,//www.xeno-canto.org/433083,//creativecommons.org/licenses/by-nc-sa/4.0/,Phil Brown,2018-06-25,song
train,Northern Mockingbird,northern_mockingbird,Mimus,polyglottos,433083,433083-2.wav,wavfiles/433083-2.wav,//www.xeno-canto.org/433083,//creativecommons.org/licenses/by-nc-sa/4.0/,Phil Brown,2018-06-25,song
train,Northern Mockingbird,northern_mockingbird,Mimus,polyglottos,433083,433083-3.wav,wavfiles/433083-3.wav,//www.xeno-canto.org/433083,//creativecommons.org/licenses/by-nc-sa/4.0/,Phil Brown,2018-06-25,song
train,Northern Mockingbird,northern_mockingbird,Mimus,polyglottos,433083,433083-4.wav,wavfiles/433083-4.wav,//www.xeno-canto.org/433083,//creativecommons.org/licenses/by-nc-sa/4.0/,Phil Brown,2018-06-25,song
train,Northern Mockingbird,northern_mockingbird,Mimus,polyglottos,433083,433083-9.wav,wavfiles/433083-9.wav,//www.xeno-canto.org/433083,//creativecommons.org/licenses/by-nc-sa/4.0/,Phil Brown,2018-06-25,song
train,Northern Mockingbird,northern_mockingbird,Mimus,polyglottos,469351,469351-0.wav,wavfiles/469351-0.wav,//www.xeno-canto.org/469351,//creativecommons.org/licenses/by-nc-sa/4.0/,Barry Edmonston,2019-04-11,song
train,Northern Mockingbird,northern_mockingbird,Mimus,polyglottos,469351,469351-1.wav,wavfiles/469351-1.wav,//www.xeno-canto.org/469351,//creativecommons.org/licenses/by-nc-sa/4.0/,Barry Edmonston,2019-04-11,song
train,Northern Mockingbird,northern_mockingbird,Mimus,polyglottos,469351,469351-10.wav,wavfiles/469351-10.wav,//www.xeno-canto.org/469351,//creativecommons.org/licenses/by-nc-sa/4.0/,Barry Edmonston,2019-04-11,song
train,Northern Mockingbird,northern_mockingbird,Mimus,polyglottos,469351,469351-11.wav,wavfiles/469351-11.wav,//www.xeno-canto.org/469351,//creativecommons.org/licenses/by-nc-sa/4.0/,Barry Edmonston,2019-04-11,song
train,Northern Mockingbird,northern_mockingbird,Mimus,polyglottos,469351,469351-12.wav,wavfiles/469351-12.wav,//www.xeno-canto.org/469351,//creativecommons.org/licenses/by-nc-sa/4.0/,Barry Edmonston,2019-04-11,song
train,Northern Mockingbird,northern_mockingbird,Mimus,polyglottos,469351,469351-13.wav,wavfiles/469351-13.wav,//www.xeno-canto.org/469351,//creativecommons.org/licenses/by-nc-sa/4.0/,Barry Edmonston,2019-04-11,song
train,Northern Mockingbird,northern_mockingbird,Mimus,polyglottos,469351,469351-2.wav,wavfiles/469351-2.wav,//www.xeno-canto.org/469351,//creativecommons.org/licenses/by-nc-sa/4.0/,Barry Edmonston,2019-04-11,song
train,Northern Mockingbird,northern_mockingbird,Mimus,polyglottos,469351,469351-3.wav,wavfiles/469351-3.wav,//www.xeno-canto.org/469351,//creativecommons.org/licenses/by-nc-sa/4.0/,Barry Edmonston,2019-04-11,song
train,Northern Mockingbird,northern_mockingbird,Mimus,polyglottos,469351,469351-4.wav,wavfiles/469351-4.wav,//www.xeno-canto.org/469351,//creativecommons.org/licenses/by-nc-sa/4.0/,Barry Edmonston,2019-04-11,song
train,Northern Mockingbird,northern_mockingbird,Mimus,polyglottos,469351,469351-5.wav,wavfiles/469351-5.wav,//www.xeno-canto.org/469351,//creativecommons.org/licenses/by-nc-sa/4.0/,Barry Edmonston,2019-04-11,song
train,Northern Mockingbird,northern_mockingbird,Mimus,polyglottos,469351,469351-6.wav,wavfiles/469351-6.wav,//www.xeno-canto.org/469351,//creativecommons.org/licenses/by-nc-sa/4.0/,Barry Edmonston,2019-04-11,song
train,Northern Mockingbird,northern_mockingbird,Mimus,polyglottos,469351,469351-7.wav,wavfiles/469351-7.wav,//www.xeno-canto.org/469351,//creativecommons.org/licenses/by-nc-sa/4.0/,Barry Edmonston,2019-04-11,song
train,Northern Mockingbird,northern_mockingbird,Mimus,polyglottos,469351,469351-8.wav,wavfiles/469351-8.wav,//www.xeno-canto.org/469351,//creativecommons.org/licenses/by-nc-sa/4.0/,Barry Edmonston,2019-04-11,song
train,Northern Mockingbird,northern_mockingbird,Mimus,polyglottos,469896,469896-0.wav,wavfiles/469896-0.wav,//www.xeno-canto.org/469896,//creativecommons.org/licenses/by-nc-sa/4.0/,Rolf A. de By,1999-04-25,song
train,Northern Mockingbird,northern_mockingbird,Mimus,polyglottos,469896,469896-1.wav,wavfiles/469896-1.wav,//www.xeno-canto.org/469896,//creativecommons.org/licenses/by-nc-sa/4.0/,Rolf A. de By,1999-04-25,song
train,Northern Mockingbird,northern_mockingbird,Mimus,polyglottos,469896,469896-10.wav,wavfiles/469896-10.wav,//www.xeno-canto.org/469896,//creativecommons.org/licenses/by-nc-sa/4.0/,Rolf A. de By,1999-04-25,song
train,Northern Mockingbird,northern_mockingbird,Mimus,polyglottos,469896,469896-11.wav,wavfiles/469896-11.wav,//www.xeno-canto.org/469896,//creativecommons.org/licenses/by-nc-sa/4.0/,Rolf A. de By,1999-04-25,song
train,Northern Mockingbird,northern_mockingbird,Mimus,polyglottos,469896,469896-12.wav,wavfiles/469896-12.wav,//www.xeno-canto.org/469896,//creativecommons.org/licenses/by-nc-sa/4.0/,Rolf A. de By,1999-04-25,song
train,Northern Mockingbird,northern_mockingbird,Mimus,polyglottos,469896,469896-2.wav,wavfiles/469896-2.wav,//www.xeno-canto.org/469896,//creativecommons.org/licenses/by-nc-sa/4.0/,Rolf A. de By,1999-04-25,song
train,Northern Mockingbird,northern_mockingbird,Mimus,polyglottos,469896,469896-3.wav,wavfiles/469896-3.wav,//www.xeno-canto.org/469896,//creativecommons.org/licenses/by-nc-sa/4.0/,Rolf A. de By,1999-04-25,song
train,Northern Mockingbird,northern_mockingbird,Mimus,polyglottos,469896,469896-4.wav,wavfiles/469896-4.wav,//www.xeno-canto.org/469896,//creativecommons.org/licenses/by-nc-sa/4.0/,Rolf A. de By,1999-04-25,song
train,Northern Mockingbird,northern_mockingbird,Mimus,polyglottos,469896,469896-5.wav,wavfiles/469896-5.wav,//www.xeno-canto.org/469896,//creativecommons.org/licenses/by-nc-sa/4.0/,Rolf A. de By,1999-04-25,song
train,Northern Mockingbird,northern_mockingbird,Mimus,polyglottos,469896,469896-6.wav,wavfiles/469896-6.wav,//www.xeno-canto.org/469896,//creativecommons.org/licenses/by-nc-sa/4.0/,Rolf A. de By,1999-04-25,song
train,Northern Mockingbird,northern_mockingbird,Mimus,polyglottos,469896,469896-7.wav,wavfiles/469896-7.wav,//www.xeno-canto.org/469896,//creativecommons.org/licenses/by-nc-sa/4.0/,Rolf A. de By,1999-04-25,song
train,Northern Mockingbird,northern_mockingbird,Mimus,polyglottos,469896,469896-8.wav,wavfiles/469896-8.wav,//www.xeno-canto.org/469896,//creativecommons.org/licenses/by-nc-sa/4.0/,Rolf A. de By,1999-04-25,song
train,Northern Mockingbird,northern_mockingbird,Mimus,polyglottos,469896,469896-9.wav,wavfiles/469896-9.wav,//www.xeno-canto.org/469896,//creativecommons.org/licenses/by-nc-sa/4.0/,Rolf A. de By,1999-04-25,song
train,Northern Mockingbird,northern_mockingbird,Mimus,polyglottos,470300,470300-0.wav,wavfiles/470300-0.wav,//www.xeno-canto.org/470300,//creativecommons.org/licenses/by-nc-sa/4.0/,Pat Goltz,2019-04-12,song
train,Northern Mockingbird,northern_mockingbird,Mimus,polyglottos,470300,470300-1.wav,wavfiles/470300-1.wav,//www.xeno-canto.org/470300,//creativecommons.org/licenses/by-nc-sa/4.0/,Pat Goltz,2019-04-12,song
train,Northern Mockingbird,northern_mockingbird,Mimus,polyglottos,470300,470300-2.wav,wavfiles/470300-2.wav,//www.xeno-canto.org/470300,//creativecommons.org/licenses/by-nc-sa/4.0/,Pat Goltz,2019-04-12,song
train,Northern Mockingbird,northern_mockingbird,Mimus,polyglottos,470300,470300-3.wav,wavfiles/470300-3.wav,//www.xeno-canto.org/470300,//creativecommons.org/licenses/by-nc-sa/4.0/,Pat Goltz,2019-04-12,song
train,Northern Mockingbird,northern_mockingbird,Mimus,polyglottos,470300,470300-4.wav,wavfiles/470300-4.wav,//www.xeno-canto.org/470300,//creativecommons.org/licenses/by-nc-sa/4.0/,Pat Goltz,2019-04-12,song
train,Northern Mockingbird,northern_mockingbird,Mimus,polyglottos,470300,470300-5.wav,wavfiles/470300-5.wav,//www.xeno-canto.org/470300,//creativecommons.org/licenses/by-nc-sa/4.0/,Pat Goltz,2019-04-12,song
train,Northern Mockingbird,northern_mockingbird,Mimus,polyglottos,470300,470300-6.wav,wavfiles/470300-6.wav,//www.xeno-canto.org/470300,//creativecommons.org/licenses/by-nc-sa/4.0/,Pat Goltz,2019-04-12,song
train,Northern Mockingbird,northern_mockingbird,Mimus,polyglottos,470300,470300-7.wav,wavfiles/470300-7.wav,//www.xeno-canto.org/470300,//creativecommons.org/licenses/by-nc-sa/4.0/,Pat Goltz,2019-04-12,song
train,Northern Mockingbird,northern_mockingbird,Mimus,polyglottos,470300,470300-8.wav,wavfiles/470300-8.wav,//www.xeno-canto.org/470300,//creativecommons.org/licenses/by-nc-sa/4.0/,Pat Goltz,2019-04-12,song
train,Northern Mockingbird,northern_mockingbird,Mimus,polyglottos,477371,477371-0.wav,wavfiles/477371-0.wav,//www.xeno-canto.org/477371,//creativecommons.org/licenses/by-nc-sa/4.0/,Matthew L. Brady,2017-12-04,song
train,Northern Mockingbird,northern_mockingbird,Mimus,polyglottos,477371,477371-1.wav,wavfiles/477371-1.wav,//www.xeno-canto.org/477371,//creativecommons.org/licenses/by-nc-sa/4.0/,Matthew L. Brady,2017-12-04,song
train,Northern Mockingbird,northern_mockingbird,Mimus,polyglottos,477371,477371-10.wav,wavfiles/477371-10.wav,//www.xeno-canto.org/477371,//creativecommons.org/licenses/by-nc-sa/4.0/,Matthew L. Brady,2017-12-04,song
train,Northern Mockingbird,northern_mockingbird,Mimus,polyglottos,477371,477371-11.wav,wavfiles/477371-11.wav,//www.xeno-canto.org/477371,//creativecommons.org/licenses/by-nc-sa/4.0/,Matthew L. Brady,2017-12-04,song
train,Northern Mockingbird,northern_mockingbird,Mimus,polyglottos,477371,477371-12.wav,wavfiles/477371-12.wav,//www.xeno-canto.org/477371,//creativecommons.org/licenses/by-nc-sa/4.0/,Matthew L. Brady,2017-12-04,song
train,Northern Mockingbird,northern_mockingbird,Mimus,polyglottos,477371,477371-13.wav,wavfiles/477371-13.wav,//www.xeno-canto.org/477371,//creativecommons.org/licenses/by-nc-sa/4.0/,Matthew L. Brady,2017-12-04,song
train,Northern Mockingbird,northern_mockingbird,Mimus,polyglottos,477371,477371-16.wav,wavfiles/477371-16.wav,//www.xeno-canto.org/477371,//creativecommons.org/licenses/by-nc-sa/4.0/,Matthew L. Brady,2017-12-04,song
train,Northern Mockingbird,northern_mockingbird,Mimus,polyglottos,477371,477371-2.wav,wavfiles/477371-2.wav,//www.xeno-canto.org/477371,//creativecommons.org/licenses/by-nc-sa/4.0/,Matthew L. Brady,2017-12-04,song
train,Northern Mockingbird,northern_mockingbird,Mimus,polyglottos,477371,477371-3.wav,wavfiles/477371-3.wav,//www.xeno-canto.org/477371,//creativecommons.org/licenses/by-nc-sa/4.0/,Matthew L. Brady,2017-12-04,song
train,Northern Mockingbird,northern_mockingbird,Mimus,polyglottos,477371,477371-4.wav,wavfiles/477371-4.wav,//www.xeno-canto.org/477371,//creativecommons.org/licenses/by-nc-sa/4.0/,Matthew L. Brady,2017-12-04,song
train,Northern Mockingbird,northern_mockingbird,Mimus,polyglottos,477371,477371-5.wav,wavfiles/477371-5.wav,//www.xeno-canto.org/477371,//creativecommons.org/licenses/by-nc-sa/4.0/,Matthew L. Brady,2017-12-04,song
train,Northern Mockingbird,northern_mockingbird,Mimus,polyglottos,477371,477371-6.wav,wavfiles/477371-6.wav,//www.xeno-canto.org/477371,//creativecommons.org/licenses/by-nc-sa/4.0/,Matthew L. Brady,2017-12-04,song
train,Northern Mockingbird,northern_mockingbird,Mimus,polyglottos,477371,477371-7.wav,wavfiles/477371-7.wav,//www.xeno-canto.org/477371,//creativecommons.org/licenses/by-nc-sa/4.0/,Matthew L. Brady,2017-12-04,song
train,Northern Mockingbird,northern_mockingbird,Mimus,polyglottos,477371,477371-8.wav,wavfiles/477371-8.wav,//www.xeno-canto.org/477371,//creativecommons.org/licenses/by-nc-sa/4.0/,Matthew L. Brady,2017-12-04,song
train,Northern Mockingbird,northern_mockingbird,Mimus,polyglottos,477371,477371-9.wav,wavfiles/477371-9.wav,//www.xeno-canto.org/477371,//creativecommons.org/licenses/by-nc-sa/4.0/,Matthew L. Brady,2017-12-04,song
train,Northern Mockingbird,northern_mockingbird,Mimus,polyglottos,489315,489315-0.wav,wavfiles/489315-0.wav,//www.xeno-canto.org/489315,//creativecommons.org/licenses/by-nc-sa/4.0/,Phoenix Birder,2019-07-27,song
train,Northern Mockingbird,northern_mockingbird,Mimus,polyglottos,489315,489315-1.wav,wavfiles/489315-1.wav,//www.xeno-canto.org/489315,//creativecommons.org/licenses/by-nc-sa/4.0/,Phoenix Birder,2019-07-27,song
train,Northern Mockingbird,northern_mockingbird,Mimus,polyglottos,489315,489315-10.wav,wavfiles/489315-10.wav,//www.xeno-canto.org/489315,//creativecommons.org/licenses/by-nc-sa/4.0/,Phoenix Birder,2019-07-27,song
train,Northern Mockingbird,northern_mockingbird,Mimus,polyglottos,489315,489315-11.wav,wavfiles/489315-11.wav,//www.xeno-canto.org/489315,//creativecommons.org/licenses/by-nc-sa/4.0/,Phoenix Birder,2019-07-27,song
train,Northern Mockingbird,northern_mockingbird,Mimus,polyglottos,489315,489315-12.wav,wavfiles/489315-12.wav,//www.xeno-canto.org/489315,//creativecommons.org/licenses/by-nc-sa/4.0/,Phoenix Birder,2019-07-27,song
train,Northern Mockingbird,northern_mockingbird,Mimus,polyglottos,489315,489315-13.wav,wavfiles/489315-13.wav,//www.xeno-canto.org/489315,//creativecommons.org/licenses/by-nc-sa/4.0/,Phoenix Birder,2019-07-27,song
train,Northern Mockingbird,northern_mockingbird,Mimus,polyglottos,489315,489315-14.wav,wavfiles/489315-14.wav,//www.xeno-canto.org/489315,//creativecommons.org/licenses/by-nc-sa/4.0/,Phoenix Birder,2019-07-27,song
train,Northern Mockingbird,northern_mockingbird,Mimus,polyglottos,489315,489315-2.wav,wavfiles/489315-2.wav,//www.xeno-canto.org/489315,//creativecommons.org/licenses/by-nc-sa/4.0/,Phoenix Birder,2019-07-27,song
train,Northern Mockingbird,northern_mockingbird,Mimus,polyglottos,489315,489315-3.wav,wavfiles/489315-3.wav,//www.xeno-canto.org/489315,//creativecommons.org/licenses/by-nc-sa/4.0/,Phoenix Birder,2019-07-27,song
train,Northern Mockingbird,northern_mockingbird,Mimus,polyglottos,489315,489315-4.wav,wavfiles/489315-4.wav,//www.xeno-canto.org/489315,//creativecommons.org/licenses/by-nc-sa/4.0/,Phoenix Birder,2019-07-27,song
train,Northern Mockingbird,northern_mockingbird,Mimus,polyglottos,489315,489315-5.wav,wavfiles/489315-5.wav,//www.xeno-canto.org/489315,//creativecommons.org/licenses/by-nc-sa/4.0/,Phoenix Birder,2019-07-27,song
train,Northern Mockingbird,northern_mockingbird,Mimus,polyglottos,489315,489315-6.wav,wavfiles/489315-6.wav,//www.xeno-canto.org/489315,//creativecommons.org/licenses/by-nc-sa/4.0/,Phoenix Birder,2019-07-27,song
train,Northern Mockingbird,northern_mockingbird,Mimus,polyglottos,489315,489315-7.wav,wavfiles/489315-7.wav,//www.xeno-canto.org/489315,//creativecommons.org/licenses/by-nc-sa/4.0/,Phoenix Birder,2019-07-27,song
train,Northern Mockingbird,northern_mockingbird,Mimus,polyglottos,489315,489315-8.wav,wavfiles/489315-8.wav,//www.xeno-canto.org/489315,//creativecommons.org/licenses/by-nc-sa/4.0/,Phoenix Birder,2019-07-27,song
train,Northern Mockingbird,northern_mockingbird,Mimus,polyglottos,489315,489315-9.wav,wavfiles/489315-9.wav,//www.xeno-canto.org/489315,//creativecommons.org/licenses/by-nc-sa/4.0/,Phoenix Birder,2019-07-27,song
train,Northern Mockingbird,northern_mockingbird,Mimus,polyglottos,499260,499260-0.wav,wavfiles/499260-0.wav,//www.xeno-canto.org/499260,//creativecommons.org/licenses/by-nc-sa/4.0/,ARUN PRABHU,2019-05-06,song
train,Northern Mockingbird,northern_mockingbird,Mimus,polyglottos,499260,499260-1.wav,wavfiles/499260-1.wav,//www.xeno-canto.org/499260,//creativecommons.org/licenses/by-nc-sa/4.0/,ARUN PRABHU,2019-05-06,song
train,Northern Mockingbird,northern_mockingbird,Mimus,polyglottos,499260,499260-10.wav,wavfiles/499260-10.wav,//www.xeno-canto.org/499260,//creativecommons.org/licenses/by-nc-sa/4.0/,ARUN PRABHU,2019-05-06,song
train,Northern Mockingbird,northern_mockingbird,Mimus,polyglottos,499260,499260-11.wav,wavfiles/499260-11.wav,//www.xeno-canto.org/499260,//creativecommons.org/licenses/by-nc-sa/4.0/,ARUN PRABHU,2019-05-06,song
train,Northern Mockingbird,northern_mockingbird,Mimus,polyglottos,499260,499260-12.wav,wavfiles/499260-12.wav,//www.xeno-canto.org/499260,//creativecommons.org/licenses/by-nc-sa/4.0/,ARUN PRABHU,2019-05-06,song
train,Northern Mockingbird,northern_mockingbird,Mimus,polyglottos,499260,499260-13.wav,wavfiles/499260-13.wav,//www.xeno-canto.org/499260,//creativecommons.org/licenses/by-nc-sa/4.0/,ARUN PRABHU,2019-05-06,song
train,Northern Mockingbird,northern_mockingbird,Mimus,polyglottos,499260,499260-14.wav,wavfiles/499260-14.wav,//www.xeno-canto.org/499260,//creativecommons.org/licenses/by-nc-sa/4.0/,ARUN PRABHU,2019-05-06,song
train,Northern Mockingbird,northern_mockingbird,Mimus,polyglottos,499260,499260-15.wav,wavfiles/499260-15.wav,//www.xeno-canto.org/499260,//creativecommons.org/licenses/by-nc-sa/4.0/,ARUN PRABHU,2019-05-06,song
train,Northern Mockingbird,northern_mockingbird,Mimus,polyglottos,499260,499260-16.wav,wavfiles/499260-16.wav,//www.xeno-canto.org/499260,//creativecommons.org/licenses/by-nc-sa/4.0/,ARUN PRABHU,2019-05-06,song
train,Northern Mockingbird,northern_mockingbird,Mimus,polyglottos,499260,499260-3.wav,wavfiles/499260-3.wav,//www.xeno-canto.org/499260,//creativecommons.org/licenses/by-nc-sa/4.0/,ARUN PRABHU,2019-05-06,song
train,Northern Mockingbird,northern_mockingbird,Mimus,polyglottos,499260,499260-4.wav,wavfiles/499260-4.wav,//www.xeno-canto.org/499260,//creativecommons.org/licenses/by-nc-sa/4.0/,ARUN PRABHU,2019-05-06,song
train,Northern Mockingbird,northern_mockingbird,Mimus,polyglottos,499260,499260-5.wav,wavfiles/499260-5.wav,//www.xeno-canto.org/499260,//creativecommons.org/licenses/by-nc-sa/4.0/,ARUN PRABHU,2019-05-06,song
train,Northern Mockingbird,northern_mockingbird,Mimus,polyglottos,499260,499260-6.wav,wavfiles/499260-6.wav,//www.xeno-canto.org/499260,//creativecommons.org/licenses/by-nc-sa/4.0/,ARUN PRABHU,2019-05-06,song
train,Northern Mockingbird,northern_mockingbird,Mimus,polyglottos,499260,499260-7.wav,wavfiles/499260-7.wav,//www.xeno-canto.org/499260,//creativecommons.org/licenses/by-nc-sa/4.0/,ARUN PRABHU,2019-05-06,song
train,Northern Mockingbird,northern_mockingbird,Mimus,polyglottos,499260,499260-8.wav,wavfiles/499260-8.wav,//www.xeno-canto.org/499260,//creativecommons.org/licenses/by-nc-sa/4.0/,ARUN PRABHU,2019-05-06,song
train,Northern Mockingbird,northern_mockingbird,Mimus,polyglottos,499260,499260-9.wav,wavfiles/499260-9.wav,//www.xeno-canto.org/499260,//creativecommons.org/licenses/by-nc-sa/4.0/,ARUN PRABHU,2019-05-06,song
train,Northern Mockingbird,northern_mockingbird,Mimus,polyglottos,503419,503419-0.wav,wavfiles/503419-0.wav,//www.xeno-canto.org/503419,//creativecommons.org/licenses/by-nc-sa/4.0/,Brian Hendrix,2019-10-20,song
train,Northern Mockingbird,northern_mockingbird,Mimus,polyglottos,503419,503419-1.wav,wavfiles/503419-1.wav,//www.xeno-canto.org/503419,//creativecommons.org/licenses/by-nc-sa/4.0/,Brian Hendrix,2019-10-20,song
train,Northern Mockingbird,northern_mockingbird,Mimus,polyglottos,503419,503419-10.wav,wavfiles/503419-10.wav,//www.xeno-canto.org/503419,//creativecommons.org/licenses/by-nc-sa/4.0/,Brian Hendrix,2019-10-20,song
train,Northern Mockingbird,northern_mockingbird,Mimus,polyglottos,503419,503419-11.wav,wavfiles/503419-11.wav,//www.xeno-canto.org/503419,//creativecommons.org/licenses/by-nc-sa/4.0/,Brian Hendrix,2019-10-20,song
train,Northern Mockingbird,northern_mockingbird,Mimus,polyglottos,503419,503419-12.wav,wavfiles/503419-12.wav,//www.xeno-canto.org/503419,//creativecommons.org/licenses/by-nc-sa/4.0/,Brian Hendrix,2019-10-20,song
train,Northern Mockingbird,northern_mockingbird,Mimus,polyglottos,503419,503419-13.wav,wavfiles/503419-13.wav,//www.xeno-canto.org/503419,//creativecommons.org/licenses/by-nc-sa/4.0/,Brian Hendrix,2019-10-20,song
train,Northern Mockingbird,northern_mockingbird,Mimus,polyglottos,503419,503419-14.wav,wavfiles/503419-14.wav,//www.xeno-canto.org/503419,//creativecommons.org/licenses/by-nc-sa/4.0/,Brian Hendrix,2019-10-20,song
train,Northern Mockingbird,northern_mockingbird,Mimus,polyglottos,503419,503419-15.wav,wavfiles/503419-15.wav,//www.xeno-canto.org/503419,//creativecommons.org/licenses/by-nc-sa/4.0/,Brian Hendrix,2019-10-20,song
train,Northern Mockingbird,northern_mockingbird,Mimus,polyglottos,503419,503419-16.wav,wavfiles/503419-16.wav,//www.xeno-canto.org/503419,//creativecommons.org/licenses/by-nc-sa/4.0/,Brian Hendrix,2019-10-20,song
train,Northern Mockingbird,northern_mockingbird,Mimus,polyglottos,503419,503419-2.wav,wavfiles/503419-2.wav,//www.xeno-canto.org/503419,//creativecommons.org/licenses/by-nc-sa/4.0/,Brian Hendrix,2019-10-20,song
train,Northern Mockingbird,northern_mockingbird,Mimus,polyglottos,503419,503419-3.wav,wavfiles/503419-3.wav,//www.xeno-canto.org/503419,//creativecommons.org/licenses/by-nc-sa/4.0/,Brian Hendrix,2019-10-20,song
train,Northern Mockingbird,northern_mockingbird,Mimus,polyglottos,503419,503419-4.wav,wavfiles/503419-4.wav,//www.xeno-canto.org/503419,//creativecommons.org/licenses/by-nc-sa/4.0/,Brian Hendrix,2019-10-20,song
train,Northern Mockingbird,northern_mockingbird,Mimus,polyglottos,503419,503419-5.wav,wavfiles/503419-5.wav,//www.xeno-canto.org/503419,//creativecommons.org/licenses/by-nc-sa/4.0/,Brian Hendrix,2019-10-20,song
train,Northern Mockingbird,northern_mockingbird,Mimus,polyglottos,503419,503419-6.wav,wavfiles/503419-6.wav,//www.xeno-canto.org/503419,//creativecommons.org/licenses/by-nc-sa/4.0/,Brian Hendrix,2019-10-20,song
train,Northern Mockingbird,northern_mockingbird,Mimus,polyglottos,503419,503419-7.wav,wavfiles/503419-7.wav,//www.xeno-canto.org/503419,//creativecommons.org/licenses/by-nc-sa/4.0/,Brian Hendrix,2019-10-20,song
train,Northern Mockingbird,northern_mockingbird,Mimus,polyglottos,503419,503419-8.wav,wavfiles/503419-8.wav,//www.xeno-canto.org/503419,//creativecommons.org/licenses/by-nc-sa/4.0/,Brian Hendrix,2019-10-20,song
train,Northern Mockingbird,northern_mockingbird,Mimus,polyglottos,503419,503419-9.wav,wavfiles/503419-9.wav,//www.xeno-canto.org/503419,//creativecommons.org/licenses/by-nc-sa/4.0/,Brian Hendrix,2019-10-20,song
train,Northern Mockingbird,northern_mockingbird,Mimus,polyglottos,534181,534181-0.wav,wavfiles/534181-0.wav,//www.xeno-canto.org/534181,//creativecommons.org/licenses/by-nc-sa/4.0/,Paul Marvin,2020-03-04,song
train,Northern Mockingbird,northern_mockingbird,Mimus,polyglottos,534181,534181-1.wav,wavfiles/534181-1.wav,//www.xeno-canto.org/534181,//creativecommons.org/licenses/by-nc-sa/4.0/,Paul Marvin,2020-03-04,song
train,Northern Mockingbird,northern_mockingbird,Mimus,polyglottos,534181,534181-10.wav,wavfiles/534181-10.wav,//www.xeno-canto.org/534181,//creativecommons.org/licenses/by-nc-sa/4.0/,Paul Marvin,2020-03-04,song
train,Northern Mockingbird,northern_mockingbird,Mimus,polyglottos,534181,534181-11.wav,wavfiles/534181-11.wav,//www.xeno-canto.org/534181,//creativecommons.org/licenses/by-nc-sa/4.0/,Paul Marvin,2020-03-04,song
train,Northern Mockingbird,northern_mockingbird,Mimus,polyglottos,534181,534181-12.wav,wavfiles/534181-12.wav,//www.xeno-canto.org/534181,//creativecommons.org/licenses/by-nc-sa/4.0/,Paul Marvin,2020-03-04,song
train,Northern Mockingbird,northern_mockingbird,Mimus,polyglottos,534181,534181-13.wav,wavfiles/534181-13.wav,//www.xeno-canto.org/534181,//creativecommons.org/licenses/by-nc-sa/4.0/,Paul Marvin,2020-03-04,song
train,Northern Mockingbird,northern_mockingbird,Mimus,polyglottos,534181,534181-14.wav,wavfiles/534181-14.wav,//www.xeno-canto.org/534181,//creativecommons.org/licenses/by-nc-sa/4.0/,Paul Marvin,2020-03-04,song
train,Northern Mockingbird,northern_mockingbird,Mimus,polyglottos,534181,534181-15.wav,wavfiles/534181-15.wav,//www.xeno-canto.org/534181,//creativecommons.org/licenses/by-nc-sa/4.0/,Paul Marvin,2020-03-04,song
train,Northern Mockingbird,northern_mockingbird,Mimus,polyglottos,534181,534181-2.wav,wavfiles/534181-2.wav,//www.xeno-canto.org/534181,//creativecommons.org/licenses/by-nc-sa/4.0/,Paul Marvin,2020-03-04,song
train,Northern Mockingbird,northern_mockingbird,Mimus,polyglottos,534181,534181-3.wav,wavfiles/534181-3.wav,//www.xeno-canto.org/534181,//creativecommons.org/licenses/by-nc-sa/4.0/,Paul Marvin,2020-03-04,song
train,Northern Mockingbird,northern_mockingbird,Mimus,polyglottos,534181,534181-4.wav,wavfiles/534181-4.wav,//www.xeno-canto.org/534181,//creativecommons.org/licenses/by-nc-sa/4.0/,Paul Marvin,2020-03-04,song
train,Northern Mockingbird,northern_mockingbird,Mimus,polyglottos,534181,534181-5.wav,wavfiles/534181-5.wav,//www.xeno-canto.org/534181,//creativecommons.org/licenses/by-nc-sa/4.0/,Paul Marvin,2020-03-04,song
train,Northern Mockingbird,northern_mockingbird,Mimus,polyglottos,534181,534181-7.wav,wavfiles/534181-7.wav,//www.xeno-canto.org/534181,//creativecommons.org/licenses/by-nc-sa/4.0/,Paul Marvin,2020-03-04,song
train,Northern Mockingbird,northern_mockingbird,Mimus,polyglottos,534181,534181-8.wav,wavfiles/534181-8.wav,//www.xeno-canto.org/534181,//creativecommons.org/licenses/by-nc-sa/4.0/,Paul Marvin,2020-03-04,song
train,Northern Mockingbird,northern_mockingbird,Mimus,polyglottos,534181,534181-9.wav,wavfiles/534181-9.wav,//www.xeno-canto.org/534181,//creativecommons.org/licenses/by-nc-sa/4.0/,Paul Marvin,2020-03-04,song
train,Northern Mockingbird,northern_mockingbird,Mimus,polyglottos,536012,536012-0.wav,wavfiles/536012-0.wav,//www.xeno-canto.org/536012,//creativecommons.org/licenses/by-nc-sa/4.0/,David Robinson,2020-03-18,"life stage uncertain, sex uncertain, song"
train,Northern Mockingbird,northern_mockingbird,Mimus,polyglottos,536012,536012-1.wav,wavfiles/536012-1.wav,//www.xeno-canto.org/536012,//creativecommons.org/licenses/by-nc-sa/4.0/,David Robinson,2020-03-18,"life stage uncertain, sex uncertain, song"
train,Northern Mockingbird,northern_mockingbird,Mimus,polyglottos,536012,536012-2.wav,wavfiles/536012-2.wav,//www.xeno-canto.org/536012,//creativecommons.org/licenses/by-nc-sa/4.0/,David Robinson,2020-03-18,"life stage uncertain, sex uncertain, song"
train,Northern Mockingbird,northern_mockingbird,Mimus,polyglottos,536012,536012-5.wav,wavfiles/536012-5.wav,//www.xeno-canto.org/536012,//creativecommons.org/licenses/by-nc-sa/4.0/,David Robinson,2020-03-18,"life stage uncertain, sex uncertain, song"
train,Northern Mockingbird,northern_mockingbird,Mimus,polyglottos,536012,536012-6.wav,wavfiles/536012-6.wav,//www.xeno-canto.org/536012,//creativecommons.org/licenses/by-nc-sa/4.0/,David Robinson,2020-03-18,"life stage uncertain, sex uncertain, song"
train,Northern Mockingbird,northern_mockingbird,Mimus,polyglottos,537579,537579-0.wav,wavfiles/537579-0.wav,//www.xeno-canto.org/537579,//creativecommons.org/licenses/by-nc-sa/4.0/,Sue Riffe,2018-06-21,"adult, sex uncertain, song"
train,Northern Mockingbird,northern_mockingbird,Mimus,polyglottos,537579,537579-1.wav,wavfiles/537579-1.wav,//www.xeno-canto.org/537579,//creativecommons.org/licenses/by-nc-sa/4.0/,Sue Riffe,2018-06-21,"adult, sex uncertain, song"
train,Northern Mockingbird,northern_mockingbird,Mimus,polyglottos,537579,537579-10.wav,wavfiles/537579-10.wav,//www.xeno-canto.org/537579,//creativecommons.org/licenses/by-nc-sa/4.0/,Sue Riffe,2018-06-21,"adult, sex uncertain, song"
train,Northern Mockingbird,northern_mockingbird,Mimus,polyglottos,537579,537579-11.wav,wavfiles/537579-11.wav,//www.xeno-canto.org/537579,//creativecommons.org/licenses/by-nc-sa/4.0/,Sue Riffe,2018-06-21,"adult, sex uncertain, song"
train,Northern Mockingbird,northern_mockingbird,Mimus,polyglottos,537579,537579-12.wav,wavfiles/537579-12.wav,//www.xeno-canto.org/537579,//creativecommons.org/licenses/by-nc-sa/4.0/,Sue Riffe,2018-06-21,"adult, sex uncertain, song"
train,Northern Mockingbird,northern_mockingbird,Mimus,polyglottos,537579,537579-2.wav,wavfiles/537579-2.wav,//www.xeno-canto.org/537579,//creativecommons.org/licenses/by-nc-sa/4.0/,Sue Riffe,2018-06-21,"adult, sex uncertain, song"
train,Northern Mockingbird,northern_mockingbird,Mimus,polyglottos,537579,537579-3.wav,wavfiles/537579-3.wav,//www.xeno-canto.org/537579,//creativecommons.org/licenses/by-nc-sa/4.0/,Sue Riffe,2018-06-21,"adult, sex uncertain, song"
train,Northern Mockingbird,northern_mockingbird,Mimus,polyglottos,537579,537579-4.wav,wavfiles/537579-4.wav,//www.xeno-canto.org/537579,//creativecommons.org/licenses/by-nc-sa/4.0/,Sue Riffe,2018-06-21,"adult, sex uncertain, song"
train,Northern Mockingbird,northern_mockingbird,Mimus,polyglottos,537579,537579-8.wav,wavfiles/537579-8.wav,//www.xeno-canto.org/537579,//creativecommons.org/licenses/by-nc-sa/4.0/,Sue Riffe,2018-06-21,"adult, sex uncertain, song"
train,Northern Mockingbird,northern_mockingbird,Mimus,polyglottos,537579,537579-9.wav,wavfiles/537579-9.wav,//www.xeno-canto.org/537579,//creativecommons.org/licenses/by-nc-sa/4.0/,Sue Riffe,2018-06-21,"adult, sex uncertain, song"
train,Northern Mockingbird,northern_mockingbird,Mimus,polyglottos,538122,538122-0.wav,wavfiles/538122-0.wav,//www.xeno-canto.org/538122,//creativecommons.org/licenses/by-nc-sa/4.0/,Sue Riffe,2018-06-22,"adult, sex uncertain, song"
train,Northern Mockingbird,northern_mockingbird,Mimus,polyglottos,538122,538122-1.wav,wavfiles/538122-1.wav,//www.xeno-canto.org/538122,//creativecommons.org/licenses/by-nc-sa/4.0/,Sue Riffe,2018-06-22,"adult, sex uncertain, song"
train,Northern Mockingbird,northern_mockingbird,Mimus,polyglottos,538122,538122-10.wav,wavfiles/538122-10.wav,//www.xeno-canto.org/538122,//creativecommons.org/licenses/by-nc-sa/4.0/,Sue Riffe,2018-06-22,"adult, sex uncertain, song"
train,Northern Mockingbird,northern_mockingbird,Mimus,polyglottos,538122,538122-11.wav,wavfiles/538122-11.wav,//www.xeno-canto.org/538122,//creativecommons.org/licenses/by-nc-sa/4.0/,Sue Riffe,2018-06-22,"adult, sex uncertain, song"
train,Northern Mockingbird,northern_mockingbird,Mimus,polyglottos,538122,538122-2.wav,wavfiles/538122-2.wav,//www.xeno-canto.org/538122,//creativecommons.org/licenses/by-nc-sa/4.0/,Sue Riffe,2018-06-22,"adult, sex uncertain, song"
train,Northern Mockingbird,northern_mockingbird,Mimus,polyglottos,538122,538122-3.wav,wavfiles/538122-3.wav,//www.xeno-canto.org/538122,//creativecommons.org/licenses/by-nc-sa/4.0/,Sue Riffe,2018-06-22,"adult, sex uncertain, song"
train,Northern Mockingbird,northern_mockingbird,Mimus,polyglottos,538122,538122-4.wav,wavfiles/538122-4.wav,//www.xeno-canto.org/538122,//creativecommons.org/licenses/by-nc-sa/4.0/,Sue Riffe,2018-06-22,"adult, sex uncertain, song"
train,Northern Mockingbird,northern_mockingbird,Mimus,polyglottos,538122,538122-5.wav,wavfiles/538122-5.wav,//www.xeno-canto.org/538122,//creativecommons.org/licenses/by-nc-sa/4.0/,Sue Riffe,2018-06-22,"adult, sex uncertain, song"
train,Northern Mockingbird,northern_mockingbird,Mimus,polyglottos,538122,538122-8.wav,wavfiles/538122-8.wav,//www.xeno-canto.org/538122,//creativecommons.org/licenses/by-nc-sa/4.0/,Sue Riffe,2018-06-22,"adult, sex uncertain, song"
train,Northern Mockingbird,northern_mockingbird,Mimus,polyglottos,538122,538122-9.wav,wavfiles/538122-9.wav,//www.xeno-canto.org/538122,//creativecommons.org/licenses/by-nc-sa/4.0/,Sue Riffe,2018-06-22,"adult, sex uncertain, song"
train,Northern Mockingbird,northern_mockingbird,Mimus,polyglottos,538537,538537-0.wav,wavfiles/538537-0.wav,//www.xeno-canto.org/538537,//creativecommons.org/licenses/by-nc-sa/4.0/,Paul Marvin,2020-03-25,"mimicry/imitation, song"
train,Northern Mockingbird,northern_mockingbird,Mimus,polyglottos,538537,538537-1.wav,wavfiles/538537-1.wav,//www.xeno-canto.org/538537,//creativecommons.org/licenses/by-nc-sa/4.0/,Paul Marvin,2020-03-25,"mimicry/imitation, song"
train,Northern Mockingbird,northern_mockingbird,Mimus,polyglottos,538537,538537-10.wav,wavfiles/538537-10.wav,//www.xeno-canto.org/538537,//creativecommons.org/licenses/by-nc-sa/4.0/,Paul Marvin,2020-03-25,"mimicry/imitation, song"
train,Northern Mockingbird,northern_mockingbird,Mimus,polyglottos,538537,538537-11.wav,wavfiles/538537-11.wav,//www.xeno-canto.org/538537,//creativecommons.org/licenses/by-nc-sa/4.0/,Paul Marvin,2020-03-25,"mimicry/imitation, song"
train,Northern Mockingbird,northern_mockingbird,Mimus,polyglottos,538537,538537-12.wav,wavfiles/538537-12.wav,//www.xeno-canto.org/538537,//creativecommons.org/licenses/by-nc-sa/4.0/,Paul Marvin,2020-03-25,"mimicry/imitation, song"
train,Northern Mockingbird,northern_mockingbird,Mimus,polyglottos,538537,538537-13.wav,wavfiles/538537-13.wav,//www.xeno-canto.org/538537,//creativecommons.org/licenses/by-nc-sa/4.0/,Paul Marvin,2020-03-25,"mimicry/imitation, song"
train,Northern Mockingbird,northern_mockingbird,Mimus,polyglottos,538537,538537-2.wav,wavfiles/538537-2.wav,//www.xeno-canto.org/538537,//creativecommons.org/licenses/by-nc-sa/4.0/,Paul Marvin,2020-03-25,"mimicry/imitation, song"
train,Northern Mockingbird,northern_mockingbird,Mimus,polyglottos,538537,538537-3.wav,wavfiles/538537-3.wav,//www.xeno-canto.org/538537,//creativecommons.org/licenses/by-nc-sa/4.0/,Paul Marvin,2020-03-25,"mimicry/imitation, song"
train,Northern Mockingbird,northern_mockingbird,Mimus,polyglottos,538537,538537-4.wav,wavfiles/538537-4.wav,//www.xeno-canto.org/538537,//creativecommons.org/licenses/by-nc-sa/4.0/,Paul Marvin,2020-03-25,"mimicry/imitation, song"
train,Northern Mockingbird,northern_mockingbird,Mimus,polyglottos,538537,538537-5.wav,wavfiles/538537-5.wav,//www.xeno-canto.org/538537,//creativecommons.org/licenses/by-nc-sa/4.0/,Paul Marvin,2020-03-25,"mimicry/imitation, song"
train,Northern Mockingbird,northern_mockingbird,Mimus,polyglottos,538537,538537-6.wav,wavfiles/538537-6.wav,//www.xeno-canto.org/538537,//creativecommons.org/licenses/by-nc-sa/4.0/,Paul Marvin,2020-03-25,"mimicry/imitation, song"
train,Northern Mockingbird,northern_mockingbird,Mimus,polyglottos,541496,541496-0.wav,wavfiles/541496-0.wav,//www.xeno-canto.org/541496,//creativecommons.org/licenses/by-nc-sa/4.0/,Bobby Wilcox,2020-04-02,"adult, song"
train,Northern Mockingbird,northern_mockingbird,Mimus,polyglottos,541496,541496-1.wav,wavfiles/541496-1.wav,//www.xeno-canto.org/541496,//creativecommons.org/licenses/by-nc-sa/4.0/,Bobby Wilcox,2020-04-02,"adult, song"
train,Northern Mockingbird,northern_mockingbird,Mimus,polyglottos,541496,541496-10.wav,wavfiles/541496-10.wav,//www.xeno-canto.org/541496,//creativecommons.org/licenses/by-nc-sa/4.0/,Bobby Wilcox,2020-04-02,"adult, song"
train,Northern Mockingbird,northern_mockingbird,Mimus,polyglottos,541496,541496-2.wav,wavfiles/541496-2.wav,//www.xeno-canto.org/541496,//creativecommons.org/licenses/by-nc-sa/4.0/,Bobby Wilcox,2020-04-02,"adult, song"
train,Northern Mockingbird,northern_mockingbird,Mimus,polyglottos,541496,541496-3.wav,wavfiles/541496-3.wav,//www.xeno-canto.org/541496,//creativecommons.org/licenses/by-nc-sa/4.0/,Bobby Wilcox,2020-04-02,"adult, song"
train,Northern Mockingbird,northern_mockingbird,Mimus,polyglottos,541496,541496-4.wav,wavfiles/541496-4.wav,//www.xeno-canto.org/541496,//creativecommons.org/licenses/by-nc-sa/4.0/,Bobby Wilcox,2020-04-02,"adult, song"
train,Northern Mockingbird,northern_mockingbird,Mimus,polyglottos,541496,541496-5.wav,wavfiles/541496-5.wav,//www.xeno-canto.org/541496,//creativecommons.org/licenses/by-nc-sa/4.0/,Bobby Wilcox,2020-04-02,"adult, song"
train,Northern Mockingbird,northern_mockingbird,Mimus,polyglottos,541496,541496-6.wav,wavfiles/541496-6.wav,//www.xeno-canto.org/541496,//creativecommons.org/licenses/by-nc-sa/4.0/,Bobby Wilcox,2020-04-02,"adult, song"
train,Northern Mockingbird,northern_mockingbird,Mimus,polyglottos,541496,541496-7.wav,wavfiles/541496-7.wav,//www.xeno-canto.org/541496,//creativecommons.org/licenses/by-nc-sa/4.0/,Bobby Wilcox,2020-04-02,"adult, song"
train,Northern Mockingbird,northern_mockingbird,Mimus,polyglottos,541496,541496-8.wav,wavfiles/541496-8.wav,//www.xeno-canto.org/541496,//creativecommons.org/licenses/by-nc-sa/4.0/,Bobby Wilcox,2020-04-02,"adult, song"
train,Northern Mockingbird,northern_mockingbird,Mimus,polyglottos,541496,541496-9.wav,wavfiles/541496-9.wav,//www.xeno-canto.org/541496,//creativecommons.org/licenses/by-nc-sa/4.0/,Bobby Wilcox,2020-04-02,"adult, song"
train,Northern Mockingbird,northern_mockingbird,Mimus,polyglottos,542156,542156-0.wav,wavfiles/542156-0.wav,//www.xeno-canto.org/542156,//creativecommons.org/licenses/by-nc-sa/4.0/,Aidan Place,2020-03-31,song
train,Northern Mockingbird,northern_mockingbird,Mimus,polyglottos,542156,542156-1.wav,wavfiles/542156-1.wav,//www.xeno-canto.org/542156,//creativecommons.org/licenses/by-nc-sa/4.0/,Aidan Place,2020-03-31,song
train,Northern Mockingbird,northern_mockingbird,Mimus,polyglottos,542156,542156-10.wav,wavfiles/542156-10.wav,//www.xeno-canto.org/542156,//creativecommons.org/licenses/by-nc-sa/4.0/,Aidan Place,2020-03-31,song
train,Northern Mockingbird,northern_mockingbird,Mimus,polyglottos,542156,542156-11.wav,wavfiles/542156-11.wav,//www.xeno-canto.org/542156,//creativecommons.org/licenses/by-nc-sa/4.0/,Aidan Place,2020-03-31,song
train,Northern Mockingbird,northern_mockingbird,Mimus,polyglottos,542156,542156-12.wav,wavfiles/542156-12.wav,//www.xeno-canto.org/542156,//creativecommons.org/licenses/by-nc-sa/4.0/,Aidan Place,2020-03-31,song
train,Northern Mockingbird,northern_mockingbird,Mimus,polyglottos,542156,542156-2.wav,wavfiles/542156-2.wav,//www.xeno-canto.org/542156,//creativecommons.org/licenses/by-nc-sa/4.0/,Aidan Place,2020-03-31,song
train,Northern Mockingbird,northern_mockingbird,Mimus,polyglottos,542156,542156-3.wav,wavfiles/542156-3.wav,//www.xeno-canto.org/542156,//creativecommons.org/licenses/by-nc-sa/4.0/,Aidan Place,2020-03-31,song
train,Northern Mockingbird,northern_mockingbird,Mimus,polyglottos,542156,542156-4.wav,wavfiles/542156-4.wav,//www.xeno-canto.org/542156,//creativecommons.org/licenses/by-nc-sa/4.0/,Aidan Place,2020-03-31,song
train,Northern Mockingbird,northern_mockingbird,Mimus,polyglottos,542156,542156-5.wav,wavfiles/542156-5.wav,//www.xeno-canto.org/542156,//creativecommons.org/licenses/by-nc-sa/4.0/,Aidan Place,2020-03-31,song
train,Northern Mockingbird,northern_mockingbird,Mimus,polyglottos,542156,542156-6.wav,wavfiles/542156-6.wav,//www.xeno-canto.org/542156,//creativecommons.org/licenses/by-nc-sa/4.0/,Aidan Place,2020-03-31,song
train,Northern Mockingbird,northern_mockingbird,Mimus,polyglottos,542156,542156-7.wav,wavfiles/542156-7.wav,//www.xeno-canto.org/542156,//creativecommons.org/licenses/by-nc-sa/4.0/,Aidan Place,2020-03-31,song
train,Northern Mockingbird,northern_mockingbird,Mimus,polyglottos,542156,542156-8.wav,wavfiles/542156-8.wav,//www.xeno-canto.org/542156,//creativecommons.org/licenses/by-nc-sa/4.0/,Aidan Place,2020-03-31,song
train,Northern Mockingbird,northern_mockingbird,Mimus,polyglottos,542156,542156-9.wav,wavfiles/542156-9.wav,//www.xeno-canto.org/542156,//creativecommons.org/licenses/by-nc-sa/4.0/,Aidan Place,2020-03-31,song
train,Northern Mockingbird,northern_mockingbird,Mimus,polyglottos,545900,545900-0.wav,wavfiles/545900-0.wav,//www.xeno-canto.org/545900,//creativecommons.org/licenses/by-nc-sa/4.0/,Paul Marvin,2020-04-13,song
train,Northern Mockingbird,northern_mockingbird,Mimus,polyglottos,545900,545900-1.wav,wavfiles/545900-1.wav,//www.xeno-canto.org/545900,//creativecommons.org/licenses/by-nc-sa/4.0/,Paul Marvin,2020-04-13,song
train,Northern Mockingbird,northern_mockingbird,Mimus,polyglottos,545900,545900-10.wav,wavfiles/545900-10.wav,//www.xeno-canto.org/545900,//creativecommons.org/licenses/by-nc-sa/4.0/,Paul Marvin,2020-04-13,song
train,Northern Mockingbird,northern_mockingbird,Mimus,polyglottos,545900,545900-11.wav,wavfiles/545900-11.wav,//www.xeno-canto.org/545900,//creativecommons.org/licenses/by-nc-sa/4.0/,Paul Marvin,2020-04-13,song
train,Northern Mockingbird,northern_mockingbird,Mimus,polyglottos,545900,545900-12.wav,wavfiles/545900-12.wav,//www.xeno-canto.org/545900,//creativecommons.org/licenses/by-nc-sa/4.0/,Paul Marvin,2020-04-13,song
train,Northern Mockingbird,northern_mockingbird,Mimus,polyglottos,545900,545900-2.wav,wavfiles/545900-2.wav,//www.xeno-canto.org/545900,//creativecommons.org/licenses/by-nc-sa/4.0/,Paul Marvin,2020-04-13,song
train,Northern Mockingbird,northern_mockingbird,Mimus,polyglottos,545900,545900-3.wav,wavfiles/545900-3.wav,//www.xeno-canto.org/545900,//creativecommons.org/licenses/by-nc-sa/4.0/,Paul Marvin,2020-04-13,song
train,Northern Mockingbird,northern_mockingbird,Mimus,polyglottos,545900,545900-4.wav,wavfiles/545900-4.wav,//www.xeno-canto.org/545900,//creativecommons.org/licenses/by-nc-sa/4.0/,Paul Marvin,2020-04-13,song
train,Northern Mockingbird,northern_mockingbird,Mimus,polyglottos,545900,545900-5.wav,wavfiles/545900-5.wav,//www.xeno-canto.org/545900,//creativecommons.org/licenses/by-nc-sa/4.0/,Paul Marvin,2020-04-13,song
train,Northern Mockingbird,northern_mockingbird,Mimus,polyglottos,545900,545900-6.wav,wavfiles/545900-6.wav,//www.xeno-canto.org/545900,//creativecommons.org/licenses/by-nc-sa/4.0/,Paul Marvin,2020-04-13,song
train,Northern Mockingbird,northern_mockingbird,Mimus,polyglottos,545900,545900-7.wav,wavfiles/545900-7.wav,//www.xeno-canto.org/545900,//creativecommons.org/licenses/by-nc-sa/4.0/,Paul Marvin,2020-04-13,song
train,Northern Mockingbird,northern_mockingbird,Mimus,polyglottos,545900,545900-8.wav,wavfiles/545900-8.wav,//www.xeno-canto.org/545900,//creativecommons.org/licenses/by-nc-sa/4.0/,Paul Marvin,2020-04-13,song
train,Northern Mockingbird,northern_mockingbird,Mimus,polyglottos,545900,545900-9.wav,wavfiles/545900-9.wav,//www.xeno-canto.org/545900,//creativecommons.org/licenses/by-nc-sa/4.0/,Paul Marvin,2020-04-13,song
train,Northern Mockingbird,northern_mockingbird,Mimus,polyglottos,552447,552447-0.wav,wavfiles/552447-0.wav,//www.xeno-canto.org/552447,//creativecommons.org/licenses/by-nc-sa/4.0/,Sue Riffe,2020-04-29,"adult, sex uncertain, song"
train,Northern Mockingbird,northern_mockingbird,Mimus,polyglottos,552447,552447-1.wav,wavfiles/552447-1.wav,//www.xeno-canto.org/552447,//creativecommons.org/licenses/by-nc-sa/4.0/,Sue Riffe,2020-04-29,"adult, sex uncertain, song"
train,Northern Mockingbird,northern_mockingbird,Mimus,polyglottos,552447,552447-10.wav,wavfiles/552447-10.wav,//www.xeno-canto.org/552447,//creativecommons.org/licenses/by-nc-sa/4.0/,Sue Riffe,2020-04-29,"adult, sex uncertain, song"
train,Northern Mockingbird,northern_mockingbird,Mimus,polyglottos,552447,552447-2.wav,wavfiles/552447-2.wav,//www.xeno-canto.org/552447,//creativecommons.org/licenses/by-nc-sa/4.0/,Sue Riffe,2020-04-29,"adult, sex uncertain, song"
train,Northern Mockingbird,northern_mockingbird,Mimus,polyglottos,552447,552447-3.wav,wavfiles/552447-3.wav,//www.xeno-canto.org/552447,//creativecommons.org/licenses/by-nc-sa/4.0/,Sue Riffe,2020-04-29,"adult, sex uncertain, song"
train,Northern Mockingbird,northern_mockingbird,Mimus,polyglottos,552447,552447-4.wav,wavfiles/552447-4.wav,//www.xeno-canto.org/552447,//creativecommons.org/licenses/by-nc-sa/4.0/,Sue Riffe,2020-04-29,"adult, sex uncertain, song"
train,Northern Mockingbird,northern_mockingbird,Mimus,polyglottos,552447,552447-5.wav,wavfiles/552447-5.wav,//www.xeno-canto.org/552447,//creativecommons.org/licenses/by-nc-sa/4.0/,Sue Riffe,2020-04-29,"adult, sex uncertain, song"
train,Northern Mockingbird,northern_mockingbird,Mimus,polyglottos,552447,552447-6.wav,wavfiles/552447-6.wav,//www.xeno-canto.org/552447,//creativecommons.org/licenses/by-nc-sa/4.0/,Sue Riffe,2020-04-29,"adult, sex uncertain, song"
train,Northern Mockingbird,northern_mockingbird,Mimus,polyglottos,552447,552447-7.wav,wavfiles/552447-7.wav,//www.xeno-canto.org/552447,//creativecommons.org/licenses/by-nc-sa/4.0/,Sue Riffe,2020-04-29,"adult, sex uncertain, song"
train,Northern Mockingbird,northern_mockingbird,Mimus,polyglottos,552447,552447-8.wav,wavfiles/552447-8.wav,//www.xeno-canto.org/552447,//creativecommons.org/licenses/by-nc-sa/4.0/,Sue Riffe,2020-04-29,"adult, sex uncertain, song"
train,Northern Mockingbird,northern_mockingbird,Mimus,polyglottos,552447,552447-9.wav,wavfiles/552447-9.wav,//www.xeno-canto.org/552447,//creativecommons.org/licenses/by-nc-sa/4.0/,Sue Riffe,2020-04-29,"adult, sex uncertain, song"
train,Northern Mockingbird,northern_mockingbird,Mimus,polyglottos,552450,552450-0.wav,wavfiles/552450-0.wav,//www.xeno-canto.org/552450,//creativecommons.org/licenses/by-nc-sa/4.0/,Sue Riffe,2020-04-29,"adult, sex uncertain, song"
train,Northern Mockingbird,northern_mockingbird,Mimus,polyglottos,552450,552450-1.wav,wavfiles/552450-1.wav,//www.xeno-canto.org/552450,//creativecommons.org/licenses/by-nc-sa/4.0/,Sue Riffe,2020-04-29,"adult, sex uncertain, song"
train,Northern Mockingbird,northern_mockingbird,Mimus,polyglottos,552450,552450-10.wav,wavfiles/552450-10.wav,//www.xeno-canto.org/552450,//creativecommons.org/licenses/by-nc-sa/4.0/,Sue Riffe,2020-04-29,"adult, sex uncertain, song"
train,Northern Mockingbird,northern_mockingbird,Mimus,polyglottos,552450,552450-11.wav,wavfiles/552450-11.wav,//www.xeno-canto.org/552450,//creativecommons.org/licenses/by-nc-sa/4.0/,Sue Riffe,2020-04-29,"adult, sex uncertain, song"
train,Northern Mockingbird,northern_mockingbird,Mimus,polyglottos,552450,552450-12.wav,wavfiles/552450-12.wav,//www.xeno-canto.org/552450,//creativecommons.org/licenses/by-nc-sa/4.0/,Sue Riffe,2020-04-29,"adult, sex uncertain, song"
train,Northern Mockingbird,northern_mockingbird,Mimus,polyglottos,552450,552450-13.wav,wavfiles/552450-13.wav,//www.xeno-canto.org/552450,//creativecommons.org/licenses/by-nc-sa/4.0/,Sue Riffe,2020-04-29,"adult, sex uncertain, song"
train,Northern Mockingbird,northern_mockingbird,Mimus,polyglottos,552450,552450-2.wav,wavfiles/552450-2.wav,//www.xeno-canto.org/552450,//creativecommons.org/licenses/by-nc-sa/4.0/,Sue Riffe,2020-04-29,"adult, sex uncertain, song"
train,Northern Mockingbird,northern_mockingbird,Mimus,polyglottos,552450,552450-5.wav,wavfiles/552450-5.wav,//www.xeno-canto.org/552450,//creativecommons.org/licenses/by-nc-sa/4.0/,Sue Riffe,2020-04-29,"adult, sex uncertain, song"
train,Northern Mockingbird,northern_mockingbird,Mimus,polyglottos,552450,552450-6.wav,wavfiles/552450-6.wav,//www.xeno-canto.org/552450,//creativecommons.org/licenses/by-nc-sa/4.0/,Sue Riffe,2020-04-29,"adult, sex uncertain, song"
train,Northern Mockingbird,northern_mockingbird,Mimus,polyglottos,552450,552450-7.wav,wavfiles/552450-7.wav,//www.xeno-canto.org/552450,//creativecommons.org/licenses/by-nc-sa/4.0/,Sue Riffe,2020-04-29,"adult, sex uncertain, song"
train,Northern Mockingbird,northern_mockingbird,Mimus,polyglottos,552450,552450-8.wav,wavfiles/552450-8.wav,//www.xeno-canto.org/552450,//creativecommons.org/licenses/by-nc-sa/4.0/,Sue Riffe,2020-04-29,"adult, sex uncertain, song"
train,Northern Mockingbird,northern_mockingbird,Mimus,polyglottos,552450,552450-9.wav,wavfiles/552450-9.wav,//www.xeno-canto.org/552450,//creativecommons.org/licenses/by-nc-sa/4.0/,Sue Riffe,2020-04-29,"adult, sex uncertain, song"
train,Northern Mockingbird,northern_mockingbird,Mimus,polyglottos,557029,557029-0.wav,wavfiles/557029-0.wav,//www.xeno-canto.org/557029,//creativecommons.org/licenses/by-nc-sa/4.0/,Phoenix Birder,2020-05-09,"adult, mimicry/imitation, sex uncertain, song"
train,Northern Mockingbird,northern_mockingbird,Mimus,polyglottos,557029,557029-1.wav,wavfiles/557029-1.wav,//www.xeno-canto.org/557029,//creativecommons.org/licenses/by-nc-sa/4.0/,Phoenix Birder,2020-05-09,"adult, mimicry/imitation, sex uncertain, song"
train,Northern Mockingbird,northern_mockingbird,Mimus,polyglottos,557029,557029-10.wav,wavfiles/557029-10.wav,//www.xeno-canto.org/557029,//creativecommons.org/licenses/by-nc-sa/4.0/,Phoenix Birder,2020-05-09,"adult, mimicry/imitation, sex uncertain, song"
train,Northern Mockingbird,northern_mockingbird,Mimus,polyglottos,557029,557029-11.wav,wavfiles/557029-11.wav,//www.xeno-canto.org/557029,//creativecommons.org/licenses/by-nc-sa/4.0/,Phoenix Birder,2020-05-09,"adult, mimicry/imitation, sex uncertain, song"
train,Northern Mockingbird,northern_mockingbird,Mimus,polyglottos,557029,557029-12.wav,wavfiles/557029-12.wav,//www.xeno-canto.org/557029,//creativecommons.org/licenses/by-nc-sa/4.0/,Phoenix Birder,2020-05-09,"adult, mimicry/imitation, sex uncertain, song"
train,Northern Mockingbird,northern_mockingbird,Mimus,polyglottos,557029,557029-2.wav,wavfiles/557029-2.wav,//www.xeno-canto.org/557029,//creativecommons.org/licenses/by-nc-sa/4.0/,Phoenix Birder,2020-05-09,"adult, mimicry/imitation, sex uncertain, song"
train,Northern Mockingbird,northern_mockingbird,Mimus,polyglottos,557029,557029-3.wav,wavfiles/557029-3.wav,//www.xeno-canto.org/557029,//creativecommons.org/licenses/by-nc-sa/4.0/,Phoenix Birder,2020-05-09,"adult, mimicry/imitation, sex uncertain, song"
train,Northern Mockingbird,northern_mockingbird,Mimus,polyglottos,557029,557029-4.wav,wavfiles/557029-4.wav,//www.xeno-canto.org/557029,//creativecommons.org/licenses/by-nc-sa/4.0/,Phoenix Birder,2020-05-09,"adult, mimicry/imitation, sex uncertain, song"
train,Northern Mockingbird,northern_mockingbird,Mimus,polyglottos,557029,557029-5.wav,wavfiles/557029-5.wav,//www.xeno-canto.org/557029,//creativecommons.org/licenses/by-nc-sa/4.0/,Phoenix Birder,2020-05-09,"adult, mimicry/imitation, sex uncertain, song"
train,Northern Mockingbird,northern_mockingbird,Mimus,polyglottos,557029,557029-6.wav,wavfiles/557029-6.wav,//www.xeno-canto.org/557029,//creativecommons.org/licenses/by-nc-sa/4.0/,Phoenix Birder,2020-05-09,"adult, mimicry/imitation, sex uncertain, song"
train,Northern Mockingbird,northern_mockingbird,Mimus,polyglottos,557029,557029-7.wav,wavfiles/557029-7.wav,//www.xeno-canto.org/557029,//creativecommons.org/licenses/by-nc-sa/4.0/,Phoenix Birder,2020-05-09,"adult, mimicry/imitation, sex uncertain, song"
train,Northern Mockingbird,northern_mockingbird,Mimus,polyglottos,557029,557029-8.wav,wavfiles/557029-8.wav,//www.xeno-canto.org/557029,//creativecommons.org/licenses/by-nc-sa/4.0/,Phoenix Birder,2020-05-09,"adult, mimicry/imitation, sex uncertain, song"
train,Northern Mockingbird,northern_mockingbird,Mimus,polyglottos,557029,557029-9.wav,wavfiles/557029-9.wav,//www.xeno-canto.org/557029,//creativecommons.org/licenses/by-nc-sa/4.0/,Phoenix Birder,2020-05-09,"adult, mimicry/imitation, sex uncertain, song"
train,Northern Mockingbird,northern_mockingbird,Mimus,polyglottos,559014,559014-0.wav,wavfiles/559014-0.wav,//www.xeno-canto.org/559014,//creativecommons.org/licenses/by-nc-sa/4.0/,Phoenix Birder,2020-05-16,"adult, sex uncertain, song"
train,Northern Mockingbird,northern_mockingbird,Mimus,polyglottos,559014,559014-1.wav,wavfiles/559014-1.wav,//www.xeno-canto.org/559014,//creativecommons.org/licenses/by-nc-sa/4.0/,Phoenix Birder,2020-05-16,"adult, sex uncertain, song"
train,Northern Mockingbird,northern_mockingbird,Mimus,polyglottos,559014,559014-10.wav,wavfiles/559014-10.wav,//www.xeno-canto.org/559014,//creativecommons.org/licenses/by-nc-sa/4.0/,Phoenix Birder,2020-05-16,"adult, sex uncertain, song"
train,Northern Mockingbird,northern_mockingbird,Mimus,polyglottos,559014,559014-11.wav,wavfiles/559014-11.wav,//www.xeno-canto.org/559014,//creativecommons.org/licenses/by-nc-sa/4.0/,Phoenix Birder,2020-05-16,"adult, sex uncertain, song"
train,Northern Mockingbird,northern_mockingbird,Mimus,polyglottos,559014,559014-12.wav,wavfiles/559014-12.wav,//www.xeno-canto.org/559014,//creativecommons.org/licenses/by-nc-sa/4.0/,Phoenix Birder,2020-05-16,"adult, sex uncertain, song"
train,Northern Mockingbird,northern_mockingbird,Mimus,polyglottos,559014,559014-13.wav,wavfiles/559014-13.wav,//www.xeno-canto.org/559014,//creativecommons.org/licenses/by-nc-sa/4.0/,Phoenix Birder,2020-05-16,"adult, sex uncertain, song"
train,Northern Mockingbird,northern_mockingbird,Mimus,polyglottos,559014,559014-14.wav,wavfiles/559014-14.wav,//www.xeno-canto.org/559014,//creativecommons.org/licenses/by-nc-sa/4.0/,Phoenix Birder,2020-05-16,"adult, sex uncertain, song"
train,Northern Mockingbird,northern_mockingbird,Mimus,polyglottos,559014,559014-2.wav,wavfiles/559014-2.wav,//www.xeno-canto.org/559014,//creativecommons.org/licenses/by-nc-sa/4.0/,Phoenix Birder,2020-05-16,"adult, sex uncertain, song"
train,Northern Mockingbird,northern_mockingbird,Mimus,polyglottos,559014,559014-3.wav,wavfiles/559014-3.wav,//www.xeno-canto.org/559014,//creativecommons.org/licenses/by-nc-sa/4.0/,Phoenix Birder,2020-05-16,"adult, sex uncertain, song"
train,Northern Mockingbird,northern_mockingbird,Mimus,polyglottos,559014,559014-4.wav,wavfiles/559014-4.wav,//www.xeno-canto.org/559014,//creativecommons.org/licenses/by-nc-sa/4.0/,Phoenix Birder,2020-05-16,"adult, sex uncertain, song"
train,Northern Mockingbird,northern_mockingbird,Mimus,polyglottos,559014,559014-5.wav,wavfiles/559014-5.wav,//www.xeno-canto.org/559014,//creativecommons.org/licenses/by-nc-sa/4.0/,Phoenix Birder,2020-05-16,"adult, sex uncertain, song"
train,Northern Mockingbird,northern_mockingbird,Mimus,polyglottos,559014,559014-6.wav,wavfiles/559014-6.wav,//www.xeno-canto.org/559014,//creativecommons.org/licenses/by-nc-sa/4.0/,Phoenix Birder,2020-05-16,"adult, sex uncertain, song"
train,Northern Mockingbird,northern_mockingbird,Mimus,polyglottos,559014,559014-7.wav,wavfiles/559014-7.wav,//www.xeno-canto.org/559014,//creativecommons.org/licenses/by-nc-sa/4.0/,Phoenix Birder,2020-05-16,"adult, sex uncertain, song"
train,Northern Mockingbird,northern_mockingbird,Mimus,polyglottos,559014,559014-8.wav,wavfiles/559014-8.wav,//www.xeno-canto.org/559014,//creativecommons.org/licenses/by-nc-sa/4.0/,Phoenix Birder,2020-05-16,"adult, sex uncertain, song"
train,Northern Mockingbird,northern_mockingbird,Mimus,polyglottos,559014,559014-9.wav,wavfiles/559014-9.wav,//www.xeno-canto.org/559014,//creativecommons.org/licenses/by-nc-sa/4.0/,Phoenix Birder,2020-05-16,"adult, sex uncertain, song"
train,Song Sparrow,song_sparrow,Melospiza,melodia,18387,18387-0.wav,wavfiles/18387-0.wav,//www.xeno-canto.org/18387,//creativecommons.org/licenses/by-nc-nd/2.5/,Chris Parrish,2008-03-09,song
train,Song Sparrow,song_sparrow,Melospiza,melodia,18387,18387-1.wav,wavfiles/18387-1.wav,//www.xeno-canto.org/18387,//creativecommons.org/licenses/by-nc-nd/2.5/,Chris Parrish,2008-03-09,song
train,Song Sparrow,song_sparrow,Melospiza,melodia,18387,18387-10.wav,wavfiles/18387-10.wav,//www.xeno-canto.org/18387,//creativecommons.org/licenses/by-nc-nd/2.5/,Chris Parrish,2008-03-09,song
train,Song Sparrow,song_sparrow,Melospiza,melodia,18387,18387-2.wav,wavfiles/18387-2.wav,//www.xeno-canto.org/18387,//creativecommons.org/licenses/by-nc-nd/2.5/,Chris Parrish,2008-03-09,song
train,Song Sparrow,song_sparrow,Melospiza,melodia,18387,18387-3.wav,wavfiles/18387-3.wav,//www.xeno-canto.org/18387,//creativecommons.org/licenses/by-nc-nd/2.5/,Chris Parrish,2008-03-09,song
train,Song Sparrow,song_sparrow,Melospiza,melodia,18387,18387-4.wav,wavfiles/18387-4.wav,//www.xeno-canto.org/18387,//creativecommons.org/licenses/by-nc-nd/2.5/,Chris Parrish,2008-03-09,song
train,Song Sparrow,song_sparrow,Melospiza,melodia,18387,18387-5.wav,wavfiles/18387-5.wav,//www.xeno-canto.org/18387,//creativecommons.org/licenses/by-nc-nd/2.5/,Chris Parrish,2008-03-09,song
train,Song Sparrow,song_sparrow,Melospiza,melodia,18387,18387-6.wav,wavfiles/18387-6.wav,//www.xeno-canto.org/18387,//creativecommons.org/licenses/by-nc-nd/2.5/,Chris Parrish,2008-03-09,song
train,Song Sparrow,song_sparrow,Melospiza,melodia,18387,18387-7.wav,wavfiles/18387-7.wav,//www.xeno-canto.org/18387,//creativecommons.org/licenses/by-nc-nd/2.5/,Chris Parrish,2008-03-09,song
train,Song Sparrow,song_sparrow,Melospiza,melodia,18387,18387-8.wav,wavfiles/18387-8.wav,//www.xeno-canto.org/18387,//creativecommons.org/licenses/by-nc-nd/2.5/,Chris Parrish,2008-03-09,song
train,Song Sparrow,song_sparrow,Melospiza,melodia,18387,18387-9.wav,wavfiles/18387-9.wav,//www.xeno-canto.org/18387,//creativecommons.org/licenses/by-nc-nd/2.5/,Chris Parrish,2008-03-09,song
train,Song Sparrow,song_sparrow,Melospiza,melodia,18388,18388-0.wav,wavfiles/18388-0.wav,//www.xeno-canto.org/18388,//creativecommons.org/licenses/by-nc-nd/2.5/,Chris Parrish,2008-03-09,song
train,Song Sparrow,song_sparrow,Melospiza,melodia,18388,18388-1.wav,wavfiles/18388-1.wav,//www.xeno-canto.org/18388,//creativecommons.org/licenses/by-nc-nd/2.5/,Chris Parrish,2008-03-09,song
train,Song Sparrow,song_sparrow,Melospiza,melodia,18388,18388-2.wav,wavfiles/18388-2.wav,//www.xeno-canto.org/18388,//creativecommons.org/licenses/by-nc-nd/2.5/,Chris Parrish,2008-03-09,song
train,Song Sparrow,song_sparrow,Melospiza,melodia,18388,18388-3.wav,wavfiles/18388-3.wav,//www.xeno-canto.org/18388,//creativecommons.org/licenses/by-nc-nd/2.5/,Chris Parrish,2008-03-09,song
train,Song Sparrow,song_sparrow,Melospiza,melodia,18388,18388-4.wav,wavfiles/18388-4.wav,//www.xeno-canto.org/18388,//creativecommons.org/licenses/by-nc-nd/2.5/,Chris Parrish,2008-03-09,song
train,Song Sparrow,song_sparrow,Melospiza,melodia,18388,18388-5.wav,wavfiles/18388-5.wav,//www.xeno-canto.org/18388,//creativecommons.org/licenses/by-nc-nd/2.5/,Chris Parrish,2008-03-09,song
train,Song Sparrow,song_sparrow,Melospiza,melodia,18388,18388-6.wav,wavfiles/18388-6.wav,//www.xeno-canto.org/18388,//creativecommons.org/licenses/by-nc-nd/2.5/,Chris Parrish,2008-03-09,song
train,Song Sparrow,song_sparrow,Melospiza,melodia,36619,36619-0.wav,wavfiles/36619-0.wav,//www.xeno-canto.org/36619,//creativecommons.org/licenses/by-nc-nd/2.5/,Grant Fisher,0000-00-00,Song
train,Song Sparrow,song_sparrow,Melospiza,melodia,36619,36619-1.wav,wavfiles/36619-1.wav,//www.xeno-canto.org/36619,//creativecommons.org/licenses/by-nc-nd/2.5/,Grant Fisher,0000-00-00,Song
train,Song Sparrow,song_sparrow,Melospiza,melodia,36619,36619-2.wav,wavfiles/36619-2.wav,//www.xeno-canto.org/36619,//creativecommons.org/licenses/by-nc-nd/2.5/,Grant Fisher,0000-00-00,Song
train,Song Sparrow,song_sparrow,Melospiza,melodia,36619,36619-3.wav,wavfiles/36619-3.wav,//www.xeno-canto.org/36619,//creativecommons.org/licenses/by-nc-nd/2.5/,Grant Fisher,0000-00-00,Song
train,Song Sparrow,song_sparrow,Melospiza,melodia,36619,36619-4.wav,wavfiles/36619-4.wav,//www.xeno-canto.org/36619,//creativecommons.org/licenses/by-nc-nd/2.5/,Grant Fisher,0000-00-00,Song
train,Song Sparrow,song_sparrow,Melospiza,melodia,36619,36619-5.wav,wavfiles/36619-5.wav,//www.xeno-canto.org/36619,//creativecommons.org/licenses/by-nc-nd/2.5/,Grant Fisher,0000-00-00,Song
train,Song Sparrow,song_sparrow,Melospiza,melodia,36619,36619-6.wav,wavfiles/36619-6.wav,//www.xeno-canto.org/36619,//creativecommons.org/licenses/by-nc-nd/2.5/,Grant Fisher,0000-00-00,Song
train,Song Sparrow,song_sparrow,Melospiza,melodia,36619,36619-7.wav,wavfiles/36619-7.wav,//www.xeno-canto.org/36619,//creativecommons.org/licenses/by-nc-nd/2.5/,Grant Fisher,0000-00-00,Song
train,Song Sparrow,song_sparrow,Melospiza,melodia,36619,36619-8.wav,wavfiles/36619-8.wav,//www.xeno-canto.org/36619,//creativecommons.org/licenses/by-nc-nd/2.5/,Grant Fisher,0000-00-00,Song
train,Song Sparrow,song_sparrow,Melospiza,melodia,73428,73428-0.wav,wavfiles/73428-0.wav,//www.xeno-canto.org/73428,//creativecommons.org/licenses/by-nc-nd/2.5/,Ryan P. O'Donnell,2011-03-19,Song
train,Song Sparrow,song_sparrow,Melospiza,melodia,73428,73428-1.wav,wavfiles/73428-1.wav,//www.xeno-canto.org/73428,//creativecommons.org/licenses/by-nc-nd/2.5/,Ryan P. O'Donnell,2011-03-19,Song
train,Song Sparrow,song_sparrow,Melospiza,melodia,73428,73428-2.wav,wavfiles/73428-2.wav,//www.xeno-canto.org/73428,//creativecommons.org/licenses/by-nc-nd/2.5/,Ryan P. O'Donnell,2011-03-19,Song
train,Song Sparrow,song_sparrow,Melospiza,melodia,73428,73428-4.wav,wavfiles/73428-4.wav,//www.xeno-canto.org/73428,//creativecommons.org/licenses/by-nc-nd/2.5/,Ryan P. O'Donnell,2011-03-19,Song
train,Song Sparrow,song_sparrow,Melospiza,melodia,73428,73428-5.wav,wavfiles/73428-5.wav,//www.xeno-canto.org/73428,//creativecommons.org/licenses/by-nc-nd/2.5/,Ryan P. O'Donnell,2011-03-19,Song
train,Song Sparrow,song_sparrow,Melospiza,melodia,73428,73428-6.wav,wavfiles/73428-6.wav,//www.xeno-canto.org/73428,//creativecommons.org/licenses/by-nc-nd/2.5/,Ryan P. O'Donnell,2011-03-19,Song
train,Song Sparrow,song_sparrow,Melospiza,melodia,73428,73428-7.wav,wavfiles/73428-7.wav,//www.xeno-canto.org/73428,//creativecommons.org/licenses/by-nc-nd/2.5/,Ryan P. O'Donnell,2011-03-19,Song
train,Song Sparrow,song_sparrow,Melospiza,melodia,73428,73428-8.wav,wavfiles/73428-8.wav,//www.xeno-canto.org/73428,//creativecommons.org/licenses/by-nc-nd/2.5/,Ryan P. O'Donnell,2011-03-19,Song
train,Song Sparrow,song_sparrow,Melospiza,melodia,73428,73428-9.wav,wavfiles/73428-9.wav,//www.xeno-canto.org/73428,//creativecommons.org/licenses/by-nc-nd/2.5/,Ryan P. O'Donnell,2011-03-19,Song
train,Song Sparrow,song_sparrow,Melospiza,melodia,76471,76471-0.wav,wavfiles/76471-0.wav,//www.xeno-canto.org/76471,//creativecommons.org/licenses/by-nc-nd/2.5/,Andrew Spencer,2011-04-22,song
train,Song Sparrow,song_sparrow,Melospiza,melodia,76471,76471-1.wav,wavfiles/76471-1.wav,//www.xeno-canto.org/76471,//creativecommons.org/licenses/by-nc-nd/2.5/,Andrew Spencer,2011-04-22,song
train,Song Sparrow,song_sparrow,Melospiza,melodia,76471,76471-10.wav,wavfiles/76471-10.wav,//www.xeno-canto.org/76471,//creativecommons.org/licenses/by-nc-nd/2.5/,Andrew Spencer,2011-04-22,song
train,Song Sparrow,song_sparrow,Melospiza,melodia,76471,76471-2.wav,wavfiles/76471-2.wav,//www.xeno-canto.org/76471,//creativecommons.org/licenses/by-nc-nd/2.5/,Andrew Spencer,2011-04-22,song
train,Song Sparrow,song_sparrow,Melospiza,melodia,76471,76471-4.wav,wavfiles/76471-4.wav,//www.xeno-canto.org/76471,//creativecommons.org/licenses/by-nc-nd/2.5/,Andrew Spencer,2011-04-22,song
train,Song Sparrow,song_sparrow,Melospiza,melodia,76471,76471-5.wav,wavfiles/76471-5.wav,//www.xeno-canto.org/76471,//creativecommons.org/licenses/by-nc-nd/2.5/,Andrew Spencer,2011-04-22,song
train,Song Sparrow,song_sparrow,Melospiza,melodia,76471,76471-6.wav,wavfiles/76471-6.wav,//www.xeno-canto.org/76471,//creativecommons.org/licenses/by-nc-nd/2.5/,Andrew Spencer,2011-04-22,song
train,Song Sparrow,song_sparrow,Melospiza,melodia,76471,76471-8.wav,wavfiles/76471-8.wav,//www.xeno-canto.org/76471,//creativecommons.org/licenses/by-nc-nd/2.5/,Andrew Spencer,2011-04-22,song
train,Song Sparrow,song_sparrow,Melospiza,melodia,76471,76471-9.wav,wavfiles/76471-9.wav,//www.xeno-canto.org/76471,//creativecommons.org/licenses/by-nc-nd/2.5/,Andrew Spencer,2011-04-22,song
train,Song Sparrow,song_sparrow,Melospiza,melodia,105818,105818-0.wav,wavfiles/105818-0.wav,//www.xeno-canto.org/105818,//creativecommons.org/licenses/by-nc-nd/2.5/,Paul J hurtado,2012-06-09,Song
train,Song Sparrow,song_sparrow,Melospiza,melodia,105818,105818-1.wav,wavfiles/105818-1.wav,//www.xeno-canto.org/105818,//creativecommons.org/licenses/by-nc-nd/2.5/,Paul J hurtado,2012-06-09,Song
train,Song Sparrow,song_sparrow,Melospiza,melodia,105818,105818-10.wav,wavfiles/105818-10.wav,//www.xeno-canto.org/105818,//creativecommons.org/licenses/by-nc-nd/2.5/,Paul J hurtado,2012-06-09,Song
train,Song Sparrow,song_sparrow,Melospiza,melodia,105818,105818-11.wav,wavfiles/105818-11.wav,//www.xeno-canto.org/105818,//creativecommons.org/licenses/by-nc-nd/2.5/,Paul J hurtado,2012-06-09,Song
train,Song Sparrow,song_sparrow,Melospiza,melodia,105818,105818-2.wav,wavfiles/105818-2.wav,//www.xeno-canto.org/105818,//creativecommons.org/licenses/by-nc-nd/2.5/,Paul J hurtado,2012-06-09,Song
train,Song Sparrow,song_sparrow,Melospiza,melodia,105818,105818-3.wav,wavfiles/105818-3.wav,//www.xeno-canto.org/105818,//creativecommons.org/licenses/by-nc-nd/2.5/,Paul J hurtado,2012-06-09,Song
train,Song Sparrow,song_sparrow,Melospiza,melodia,105818,105818-4.wav,wavfiles/105818-4.wav,//www.xeno-canto.org/105818,//creativecommons.org/licenses/by-nc-nd/2.5/,Paul J hurtado,2012-06-09,Song
train,Song Sparrow,song_sparrow,Melospiza,melodia,105818,105818-5.wav,wavfiles/105818-5.wav,//www.xeno-canto.org/105818,//creativecommons.org/licenses/by-nc-nd/2.5/,Paul J hurtado,2012-06-09,Song
train,Song Sparrow,song_sparrow,Melospiza,melodia,105818,105818-6.wav,wavfiles/105818-6.wav,//www.xeno-canto.org/105818,//creativecommons.org/licenses/by-nc-nd/2.5/,Paul J hurtado,2012-06-09,Song
train,Song Sparrow,song_sparrow,Melospiza,melodia,105818,105818-7.wav,wavfiles/105818-7.wav,//www.xeno-canto.org/105818,//creativecommons.org/licenses/by-nc-nd/2.5/,Paul J hurtado,2012-06-09,Song
train,Song Sparrow,song_sparrow,Melospiza,melodia,105818,105818-8.wav,wavfiles/105818-8.wav,//www.xeno-canto.org/105818,//creativecommons.org/licenses/by-nc-nd/2.5/,Paul J hurtado,2012-06-09,Song
train,Song Sparrow,song_sparrow,Melospiza,melodia,105818,105818-9.wav,wavfiles/105818-9.wav,//www.xeno-canto.org/105818,//creativecommons.org/licenses/by-nc-nd/2.5/,Paul J hurtado,2012-06-09,Song
train,Song Sparrow,song_sparrow,Melospiza,melodia,111287,111287-0.wav,wavfiles/111287-0.wav,//www.xeno-canto.org/111287,//creativecommons.org/licenses/by-nc-nd/2.5/,Richard E Webster,2008-09-11,song
train,Song Sparrow,song_sparrow,Melospiza,melodia,111287,111287-1.wav,wavfiles/111287-1.wav,//www.xeno-canto.org/111287,//creativecommons.org/licenses/by-nc-nd/2.5/,Richard E Webster,2008-09-11,song
train,Song Sparrow,song_sparrow,Melospiza,melodia,111287,111287-2.wav,wavfiles/111287-2.wav,//www.xeno-canto.org/111287,//creativecommons.org/licenses/by-nc-nd/2.5/,Richard E Webster,2008-09-11,song
train,Song Sparrow,song_sparrow,Melospiza,melodia,111287,111287-3.wav,wavfiles/111287-3.wav,//www.xeno-canto.org/111287,//creativecommons.org/licenses/by-nc-nd/2.5/,Richard E Webster,2008-09-11,song
train,Song Sparrow,song_sparrow,Melospiza,melodia,111287,111287-4.wav,wavfiles/111287-4.wav,//www.xeno-canto.org/111287,//creativecommons.org/licenses/by-nc-nd/2.5/,Richard E Webster,2008-09-11,song
train,Song Sparrow,song_sparrow,Melospiza,melodia,111287,111287-5.wav,wavfiles/111287-5.wav,//www.xeno-canto.org/111287,//creativecommons.org/licenses/by-nc-nd/2.5/,Richard E Webster,2008-09-11,song
train,Song Sparrow,song_sparrow,Melospiza,melodia,111287,111287-6.wav,wavfiles/111287-6.wav,//www.xeno-canto.org/111287,//creativecommons.org/licenses/by-nc-nd/2.5/,Richard E Webster,2008-09-11,song
train,Song Sparrow,song_sparrow,Melospiza,melodia,111287,111287-7.wav,wavfiles/111287-7.wav,//www.xeno-canto.org/111287,//creativecommons.org/licenses/by-nc-nd/2.5/,Richard E Webster,2008-09-11,song
train,Song Sparrow,song_sparrow,Melospiza,melodia,111644,111644-0.wav,wavfiles/111644-0.wav,//www.xeno-canto.org/111644,//creativecommons.org/licenses/by-nc-nd/2.5/,Richard E Webster,2011-05-04,song
train,Song Sparrow,song_sparrow,Melospiza,melodia,111644,111644-1.wav,wavfiles/111644-1.wav,//www.xeno-canto.org/111644,//creativecommons.org/licenses/by-nc-nd/2.5/,Richard E Webster,2011-05-04,song
train,Song Sparrow,song_sparrow,Melospiza,melodia,111644,111644-10.wav,wavfiles/111644-10.wav,//www.xeno-canto.org/111644,//creativecommons.org/licenses/by-nc-nd/2.5/,Richard E Webster,2011-05-04,song
train,Song Sparrow,song_sparrow,Melospiza,melodia,111644,111644-11.wav,wavfiles/111644-11.wav,//www.xeno-canto.org/111644,//creativecommons.org/licenses/by-nc-nd/2.5/,Richard E Webster,2011-05-04,song
train,Song Sparrow,song_sparrow,Melospiza,melodia,111644,111644-12.wav,wavfiles/111644-12.wav,//www.xeno-canto.org/111644,//creativecommons.org/licenses/by-nc-nd/2.5/,Richard E Webster,2011-05-04,song
train,Song Sparrow,song_sparrow,Melospiza,melodia,111644,111644-2.wav,wavfiles/111644-2.wav,//www.xeno-canto.org/111644,//creativecommons.org/licenses/by-nc-nd/2.5/,Richard E Webster,2011-05-04,song
train,Song Sparrow,song_sparrow,Melospiza,melodia,111644,111644-3.wav,wavfiles/111644-3.wav,//www.xeno-canto.org/111644,//creativecommons.org/licenses/by-nc-nd/2.5/,Richard E Webster,2011-05-04,song
train,Song Sparrow,song_sparrow,Melospiza,melodia,111644,111644-4.wav,wavfiles/111644-4.wav,//www.xeno-canto.org/111644,//creativecommons.org/licenses/by-nc-nd/2.5/,Richard E Webster,2011-05-04,song
train,Song Sparrow,song_sparrow,Melospiza,melodia,111644,111644-5.wav,wavfiles/111644-5.wav,//www.xeno-canto.org/111644,//creativecommons.org/licenses/by-nc-nd/2.5/,Richard E Webster,2011-05-04,song
train,Song Sparrow,song_sparrow,Melospiza,melodia,111644,111644-6.wav,wavfiles/111644-6.wav,//www.xeno-canto.org/111644,//creativecommons.org/licenses/by-nc-nd/2.5/,Richard E Webster,2011-05-04,song
train,Song Sparrow,song_sparrow,Melospiza,melodia,111644,111644-7.wav,wavfiles/111644-7.wav,//www.xeno-canto.org/111644,//creativecommons.org/licenses/by-nc-nd/2.5/,Richard E Webster,2011-05-04,song
train,Song Sparrow,song_sparrow,Melospiza,melodia,111644,111644-8.wav,wavfiles/111644-8.wav,//www.xeno-canto.org/111644,//creativecommons.org/licenses/by-nc-nd/2.5/,Richard E Webster,2011-05-04,song
train,Song Sparrow,song_sparrow,Melospiza,melodia,111644,111644-9.wav,wavfiles/111644-9.wav,//www.xeno-canto.org/111644,//creativecommons.org/licenses/by-nc-nd/2.5/,Richard E Webster,2011-05-04,song
train,Song Sparrow,song_sparrow,Melospiza,melodia,111645,111645-0.wav,wavfiles/111645-0.wav,//www.xeno-canto.org/111645,//creativecommons.org/licenses/by-nc-nd/2.5/,Richard E Webster,2011-05-11,song
train,Song Sparrow,song_sparrow,Melospiza,melodia,111645,111645-1.wav,wavfiles/111645-1.wav,//www.xeno-canto.org/111645,//creativecommons.org/licenses/by-nc-nd/2.5/,Richard E Webster,2011-05-11,song
train,Song Sparrow,song_sparrow,Melospiza,melodia,111645,111645-2.wav,wavfiles/111645-2.wav,//www.xeno-canto.org/111645,//creativecommons.org/licenses/by-nc-nd/2.5/,Richard E Webster,2011-05-11,song
train,Song Sparrow,song_sparrow,Melospiza,melodia,111645,111645-3.wav,wavfiles/111645-3.wav,//www.xeno-canto.org/111645,//creativecommons.org/licenses/by-nc-nd/2.5/,Richard E Webster,2011-05-11,song
train,Song Sparrow,song_sparrow,Melospiza,melodia,111645,111645-4.wav,wavfiles/111645-4.wav,//www.xeno-canto.org/111645,//creativecommons.org/licenses/by-nc-nd/2.5/,Richard E Webster,2011-05-11,song
train,Song Sparrow,song_sparrow,Melospiza,melodia,111645,111645-5.wav,wavfiles/111645-5.wav,//www.xeno-canto.org/111645,//creativecommons.org/licenses/by-nc-nd/2.5/,Richard E Webster,2011-05-11,song
train,Song Sparrow,song_sparrow,Melospiza,melodia,111645,111645-6.wav,wavfiles/111645-6.wav,//www.xeno-canto.org/111645,//creativecommons.org/licenses/by-nc-nd/2.5/,Richard E Webster,2011-05-11,song
train,Song Sparrow,song_sparrow,Melospiza,melodia,111649,111649-0.wav,wavfiles/111649-0.wav,//www.xeno-canto.org/111649,//creativecommons.org/licenses/by-nc-nd/2.5/,Richard E Webster,2011-05-11,song
train,Song Sparrow,song_sparrow,Melospiza,melodia,111649,111649-1.wav,wavfiles/111649-1.wav,//www.xeno-canto.org/111649,//creativecommons.org/licenses/by-nc-nd/2.5/,Richard E Webster,2011-05-11,song
train,Song Sparrow,song_sparrow,Melospiza,melodia,111649,111649-11.wav,wavfiles/111649-11.wav,//www.xeno-canto.org/111649,//creativecommons.org/licenses/by-nc-nd/2.5/,Richard E Webster,2011-05-11,song
train,Song Sparrow,song_sparrow,Melospiza,melodia,111649,111649-12.wav,wavfiles/111649-12.wav,//www.xeno-canto.org/111649,//creativecommons.org/licenses/by-nc-nd/2.5/,Richard E Webster,2011-05-11,song
train,Song Sparrow,song_sparrow,Melospiza,melodia,111649,111649-13.wav,wavfiles/111649-13.wav,//www.xeno-canto.org/111649,//creativecommons.org/licenses/by-nc-nd/2.5/,Richard E Webster,2011-05-11,song
train,Song Sparrow,song_sparrow,Melospiza,melodia,111649,111649-2.wav,wavfiles/111649-2.wav,//www.xeno-canto.org/111649,//creativecommons.org/licenses/by-nc-nd/2.5/,Richard E Webster,2011-05-11,song
train,Song Sparrow,song_sparrow,Melospiza,melodia,111649,111649-3.wav,wavfiles/111649-3.wav,//www.xeno-canto.org/111649,//creativecommons.org/licenses/by-nc-nd/2.5/,Richard E Webster,2011-05-11,song
train,Song Sparrow,song_sparrow,Melospiza,melodia,111649,111649-4.wav,wavfiles/111649-4.wav,//www.xeno-canto.org/111649,//creativecommons.org/licenses/by-nc-nd/2.5/,Richard E Webster,2011-05-11,song
train,Song Sparrow,song_sparrow,Melospiza,melodia,111649,111649-5.wav,wavfiles/111649-5.wav,//www.xeno-canto.org/111649,//creativecommons.org/licenses/by-nc-nd/2.5/,Richard E Webster,2011-05-11,song
train,Song Sparrow,song_sparrow,Melospiza,melodia,111649,111649-6.wav,wavfiles/111649-6.wav,//www.xeno-canto.org/111649,//creativecommons.org/licenses/by-nc-nd/2.5/,Richard E Webster,2011-05-11,song
train,Song Sparrow,song_sparrow,Melospiza,melodia,111649,111649-8.wav,wavfiles/111649-8.wav,//www.xeno-canto.org/111649,//creativecommons.org/licenses/by-nc-nd/2.5/,Richard E Webster,2011-05-11,song
train,Song Sparrow,song_sparrow,Melospiza,melodia,111649,111649-9.wav,wavfiles/111649-9.wav,//www.xeno-canto.org/111649,//creativecommons.org/licenses/by-nc-nd/2.5/,Richard E Webster,2011-05-11,song
train,Song Sparrow,song_sparrow,Melospiza,melodia,111651,111651-0.wav,wavfiles/111651-0.wav,//www.xeno-canto.org/111651,//creativecommons.org/licenses/by-nc-nd/2.5/,Richard E Webster,2011-05-11,song
train,Song Sparrow,song_sparrow,Melospiza,melodia,111651,111651-1.wav,wavfiles/111651-1.wav,//www.xeno-canto.org/111651,//creativecommons.org/licenses/by-nc-nd/2.5/,Richard E Webster,2011-05-11,song
train,Song Sparrow,song_sparrow,Melospiza,melodia,111651,111651-10.wav,wavfiles/111651-10.wav,//www.xeno-canto.org/111651,//creativecommons.org/licenses/by-nc-nd/2.5/,Richard E Webster,2011-05-11,song
train,Song Sparrow,song_sparrow,Melospiza,melodia,111651,111651-2.wav,wavfiles/111651-2.wav,//www.xeno-canto.org/111651,//creativecommons.org/licenses/by-nc-nd/2.5/,Richard E Webster,2011-05-11,song
train,Song Sparrow,song_sparrow,Melospiza,melodia,111651,111651-4.wav,wavfiles/111651-4.wav,//www.xeno-canto.org/111651,//creativecommons.org/licenses/by-nc-nd/2.5/,Richard E Webster,2011-05-11,song
train,Song Sparrow,song_sparrow,Melospiza,melodia,111651,111651-5.wav,wavfiles/111651-5.wav,//www.xeno-canto.org/111651,//creativecommons.org/licenses/by-nc-nd/2.5/,Richard E Webster,2011-05-11,song
train,Song Sparrow,song_sparrow,Melospiza,melodia,111651,111651-6.wav,wavfiles/111651-6.wav,//www.xeno-canto.org/111651,//creativecommons.org/licenses/by-nc-nd/2.5/,Richard E Webster,2011-05-11,song
train,Song Sparrow,song_sparrow,Melospiza,melodia,111651,111651-8.wav,wavfiles/111651-8.wav,//www.xeno-canto.org/111651,//creativecommons.org/licenses/by-nc-nd/2.5/,Richard E Webster,2011-05-11,song
train,Song Sparrow,song_sparrow,Melospiza,melodia,111651,111651-9.wav,wavfiles/111651-9.wav,//www.xeno-canto.org/111651,//creativecommons.org/licenses/by-nc-nd/2.5/,Richard E Webster,2011-05-11,song
train,Song Sparrow,song_sparrow,Melospiza,melodia,111653,111653-0.wav,wavfiles/111653-0.wav,//www.xeno-canto.org/111653,//creativecommons.org/licenses/by-nc-nd/2.5/,Richard E Webster,2011-06-12,song
train,Song Sparrow,song_sparrow,Melospiza,melodia,111653,111653-1.wav,wavfiles/111653-1.wav,//www.xeno-canto.org/111653,//creativecommons.org/licenses/by-nc-nd/2.5/,Richard E Webster,2011-06-12,song
train,Song Sparrow,song_sparrow,Melospiza,melodia,111653,111653-10.wav,wavfiles/111653-10.wav,//www.xeno-canto.org/111653,//creativecommons.org/licenses/by-nc-nd/2.5/,Richard E Webster,2011-06-12,song
train,Song Sparrow,song_sparrow,Melospiza,melodia,111653,111653-2.wav,wavfiles/111653-2.wav,//www.xeno-canto.org/111653,//creativecommons.org/licenses/by-nc-nd/2.5/,Richard E Webster,2011-06-12,song
train,Song Sparrow,song_sparrow,Melospiza,melodia,111653,111653-4.wav,wavfiles/111653-4.wav,//www.xeno-canto.org/111653,//creativecommons.org/licenses/by-nc-nd/2.5/,Richard E Webster,2011-06-12,song
train,Song Sparrow,song_sparrow,Melospiza,melodia,111653,111653-5.wav,wavfiles/111653-5.wav,//www.xeno-canto.org/111653,//creativecommons.org/licenses/by-nc-nd/2.5/,Richard E Webster,2011-06-12,song
train,Song Sparrow,song_sparrow,Melospiza,melodia,111653,111653-6.wav,wavfiles/111653-6.wav,//www.xeno-canto.org/111653,//creativecommons.org/licenses/by-nc-nd/2.5/,Richard E Webster,2011-06-12,song
train,Song Sparrow,song_sparrow,Melospiza,melodia,111653,111653-8.wav,wavfiles/111653-8.wav,//www.xeno-canto.org/111653,//creativecommons.org/licenses/by-nc-nd/2.5/,Richard E Webster,2011-06-12,song
train,Song Sparrow,song_sparrow,Melospiza,melodia,111653,111653-9.wav,wavfiles/111653-9.wav,//www.xeno-canto.org/111653,//creativecommons.org/licenses/by-nc-nd/2.5/,Richard E Webster,2011-06-12,song
train,Song Sparrow,song_sparrow,Melospiza,melodia,111654,111654-0.wav,wavfiles/111654-0.wav,//www.xeno-canto.org/111654,//creativecommons.org/licenses/by-nc-nd/2.5/,Richard E Webster,2011-03-05,song
train,Song Sparrow,song_sparrow,Melospiza,melodia,111654,111654-1.wav,wavfiles/111654-1.wav,//www.xeno-canto.org/111654,//creativecommons.org/licenses/by-nc-nd/2.5/,Richard E Webster,2011-03-05,song
train,Song Sparrow,song_sparrow,Melospiza,melodia,111654,111654-11.wav,wavfiles/111654-11.wav,//www.xeno-canto.org/111654,//creativecommons.org/licenses/by-nc-nd/2.5/,Richard E Webster,2011-03-05,song
train,Song Sparrow,song_sparrow,Melospiza,melodia,111654,111654-2.wav,wavfiles/111654-2.wav,//www.xeno-canto.org/111654,//creativecommons.org/licenses/by-nc-nd/2.5/,Richard E Webster,2011-03-05,song
train,Song Sparrow,song_sparrow,Melospiza,melodia,111654,111654-4.wav,wavfiles/111654-4.wav,//www.xeno-canto.org/111654,//creativecommons.org/licenses/by-nc-nd/2.5/,Richard E Webster,2011-03-05,song
train,Song Sparrow,song_sparrow,Melospiza,melodia,111654,111654-5.wav,wavfiles/111654-5.wav,//www.xeno-canto.org/111654,//creativecommons.org/licenses/by-nc-nd/2.5/,Richard E Webster,2011-03-05,song
train,Song Sparrow,song_sparrow,Melospiza,melodia,111654,111654-6.wav,wavfiles/111654-6.wav,//www.xeno-canto.org/111654,//creativecommons.org/licenses/by-nc-nd/2.5/,Richard E Webster,2011-03-05,song
train,Song Sparrow,song_sparrow,Melospiza,melodia,111654,111654-8.wav,wavfiles/111654-8.wav,//www.xeno-canto.org/111654,//creativecommons.org/licenses/by-nc-nd/2.5/,Richard E Webster,2011-03-05,song
train,Song Sparrow,song_sparrow,Melospiza,melodia,111654,111654-9.wav,wavfiles/111654-9.wav,//www.xeno-canto.org/111654,//creativecommons.org/licenses/by-nc-nd/2.5/,Richard E Webster,2011-03-05,song
train,Song Sparrow,song_sparrow,Melospiza,melodia,111655,111655-0.wav,wavfiles/111655-0.wav,//www.xeno-canto.org/111655,//creativecommons.org/licenses/by-nc-nd/2.5/,Richard E Webster,2011-03-05,"call, song"
train,Song Sparrow,song_sparrow,Melospiza,melodia,111655,111655-1.wav,wavfiles/111655-1.wav,//www.xeno-canto.org/111655,//creativecommons.org/licenses/by-nc-nd/2.5/,Richard E Webster,2011-03-05,"call, song"
train,Song Sparrow,song_sparrow,Melospiza,melodia,111655,111655-10.wav,wavfiles/111655-10.wav,//www.xeno-canto.org/111655,//creativecommons.org/licenses/by-nc-nd/2.5/,Richard E Webster,2011-03-05,"call, song"
train,Song Sparrow,song_sparrow,Melospiza,melodia,111655,111655-11.wav,wavfiles/111655-11.wav,//www.xeno-canto.org/111655,//creativecommons.org/licenses/by-nc-nd/2.5/,Richard E Webster,2011-03-05,"call, song"
train,Song Sparrow,song_sparrow,Melospiza,melodia,111655,111655-2.wav,wavfiles/111655-2.wav,//www.xeno-canto.org/111655,//creativecommons.org/licenses/by-nc-nd/2.5/,Richard E Webster,2011-03-05,"call, song"
train,Song Sparrow,song_sparrow,Melospiza,melodia,111655,111655-3.wav,wavfiles/111655-3.wav,//www.xeno-canto.org/111655,//creativecommons.org/licenses/by-nc-nd/2.5/,Richard E Webster,2011-03-05,"call, song"
train,Song Sparrow,song_sparrow,Melospiza,melodia,111655,111655-4.wav,wavfiles/111655-4.wav,//www.xeno-canto.org/111655,//creativecommons.org/licenses/by-nc-nd/2.5/,Richard E Webster,2011-03-05,"call, song"
train,Song Sparrow,song_sparrow,Melospiza,melodia,111655,111655-5.wav,wavfiles/111655-5.wav,//www.xeno-canto.org/111655,//creativecommons.org/licenses/by-nc-nd/2.5/,Richard E Webster,2011-03-05,"call, song"
train,Song Sparrow,song_sparrow,Melospiza,melodia,111666,111666-0.wav,wavfiles/111666-0.wav,//www.xeno-canto.org/111666,//creativecommons.org/licenses/by-nc-nd/2.5/,Richard E Webster,2011-03-11,"interaction tick series, song,call"
train,Song Sparrow,song_sparrow,Melospiza,melodia,111666,111666-1.wav,wavfiles/111666-1.wav,//www.xeno-canto.org/111666,//creativecommons.org/licenses/by-nc-nd/2.5/,Richard E Webster,2011-03-11,"interaction tick series, song,call"
train,Song Sparrow,song_sparrow,Melospiza,melodia,111666,111666-2.wav,wavfiles/111666-2.wav,//www.xeno-canto.org/111666,//creativecommons.org/licenses/by-nc-nd/2.5/,Richard E Webster,2011-03-11,"interaction tick series, song,call"
train,Song Sparrow,song_sparrow,Melospiza,melodia,111666,111666-3.wav,wavfiles/111666-3.wav,//www.xeno-canto.org/111666,//creativecommons.org/licenses/by-nc-nd/2.5/,Richard E Webster,2011-03-11,"interaction tick series, song,call"
train,Song Sparrow,song_sparrow,Melospiza,melodia,111666,111666-4.wav,wavfiles/111666-4.wav,//www.xeno-canto.org/111666,//creativecommons.org/licenses/by-nc-nd/2.5/,Richard E Webster,2011-03-11,"interaction tick series, song,call"
train,Song Sparrow,song_sparrow,Melospiza,melodia,111666,111666-6.wav,wavfiles/111666-6.wav,//www.xeno-canto.org/111666,//creativecommons.org/licenses/by-nc-nd/2.5/,Richard E Webster,2011-03-11,"interaction tick series, song,call"
train,Song Sparrow,song_sparrow,Melospiza,melodia,111666,111666-7.wav,wavfiles/111666-7.wav,//www.xeno-canto.org/111666,//creativecommons.org/licenses/by-nc-nd/2.5/,Richard E Webster,2011-03-11,"interaction tick series, song,call"
train,Song Sparrow,song_sparrow,Melospiza,melodia,111666,111666-8.wav,wavfiles/111666-8.wav,//www.xeno-canto.org/111666,//creativecommons.org/licenses/by-nc-nd/2.5/,Richard E Webster,2011-03-11,"interaction tick series, song,call"
train,Song Sparrow,song_sparrow,Melospiza,melodia,111667,111667-0.wav,wavfiles/111667-0.wav,//www.xeno-canto.org/111667,//creativecommons.org/licenses/by-nc-nd/2.5/,Richard E Webster,2011-03-11,"song, call, chase, interaction ticks"
train,Song Sparrow,song_sparrow,Melospiza,melodia,111667,111667-1.wav,wavfiles/111667-1.wav,//www.xeno-canto.org/111667,//creativecommons.org/licenses/by-nc-nd/2.5/,Richard E Webster,2011-03-11,"song, call, chase, interaction ticks"
train,Song Sparrow,song_sparrow,Melospiza,melodia,111667,111667-10.wav,wavfiles/111667-10.wav,//www.xeno-canto.org/111667,//creativecommons.org/licenses/by-nc-nd/2.5/,Richard E Webster,2011-03-11,"song, call, chase, interaction ticks"
train,Song Sparrow,song_sparrow,Melospiza,melodia,111667,111667-11.wav,wavfiles/111667-11.wav,//www.xeno-canto.org/111667,//creativecommons.org/licenses/by-nc-nd/2.5/,Richard E Webster,2011-03-11,"song, call, chase, interaction ticks"
train,Song Sparrow,song_sparrow,Melospiza,melodia,111667,111667-14.wav,wavfiles/111667-14.wav,//www.xeno-canto.org/111667,//creativecommons.org/licenses/by-nc-nd/2.5/,Richard E Webster,2011-03-11,"song, call, chase, interaction ticks"
train,Song Sparrow,song_sparrow,Melospiza,melodia,111667,111667-2.wav,wavfiles/111667-2.wav,//www.xeno-canto.org/111667,//creativecommons.org/licenses/by-nc-nd/2.5/,Richard E Webster,2011-03-11,"song, call, chase, interaction ticks"
train,Song Sparrow,song_sparrow,Melospiza,melodia,111667,111667-3.wav,wavfiles/111667-3.wav,//www.xeno-canto.org/111667,//creativecommons.org/licenses/by-nc-nd/2.5/,Richard E Webster,2011-03-11,"song, call, chase, interaction ticks"
train,Song Sparrow,song_sparrow,Melospiza,melodia,111667,111667-4.wav,wavfiles/111667-4.wav,//www.xeno-canto.org/111667,//creativecommons.org/licenses/by-nc-nd/2.5/,Richard E Webster,2011-03-11,"song, call, chase, interaction ticks"
train,Song Sparrow,song_sparrow,Melospiza,melodia,111667,111667-5.wav,wavfiles/111667-5.wav,//www.xeno-canto.org/111667,//creativecommons.org/licenses/by-nc-nd/2.5/,Richard E Webster,2011-03-11,"song, call, chase, interaction ticks"
train,Song Sparrow,song_sparrow,Melospiza,melodia,111667,111667-6.wav,wavfiles/111667-6.wav,//www.xeno-canto.org/111667,//creativecommons.org/licenses/by-nc-nd/2.5/,Richard E Webster,2011-03-11,"song, call, chase, interaction ticks"
train,Song Sparrow,song_sparrow,Melospiza,melodia,111667,111667-7.wav,wavfiles/111667-7.wav,//www.xeno-canto.org/111667,//creativecommons.org/licenses/by-nc-nd/2.5/,Richard E Webster,2011-03-11,"song, call, chase, interaction ticks"
train,Song Sparrow,song_sparrow,Melospiza,melodia,111667,111667-8.wav,wavfiles/111667-8.wav,//www.xeno-canto.org/111667,//creativecommons.org/licenses/by-nc-nd/2.5/,Richard E Webster,2011-03-11,"song, call, chase, interaction ticks"
train,Song Sparrow,song_sparrow,Melospiza,melodia,111667,111667-9.wav,wavfiles/111667-9.wav,//www.xeno-canto.org/111667,//creativecommons.org/licenses/by-nc-nd/2.5/,Richard E Webster,2011-03-11,"song, call, chase, interaction ticks"
train,Song Sparrow,song_sparrow,Melospiza,melodia,111668,111668-0.wav,wavfiles/111668-0.wav,//www.xeno-canto.org/111668,//creativecommons.org/licenses/by-nc-nd/2.5/,Richard E Webster,2011-08-30,subsong
train,Song Sparrow,song_sparrow,Melospiza,melodia,111668,111668-1.wav,wavfiles/111668-1.wav,//www.xeno-canto.org/111668,//creativecommons.org/licenses/by-nc-nd/2.5/,Richard E Webster,2011-08-30,subsong
train,Song Sparrow,song_sparrow,Melospiza,melodia,111668,111668-10.wav,wavfiles/111668-10.wav,//www.xeno-canto.org/111668,//creativecommons.org/licenses/by-nc-nd/2.5/,Richard E Webster,2011-08-30,subsong
train,Song Sparrow,song_sparrow,Melospiza,melodia,111668,111668-2.wav,wavfiles/111668-2.wav,//www.xeno-canto.org/111668,//creativecommons.org/licenses/by-nc-nd/2.5/,Richard E Webster,2011-08-30,subsong
train,Song Sparrow,song_sparrow,Melospiza,melodia,111668,111668-4.wav,wavfiles/111668-4.wav,//www.xeno-canto.org/111668,//creativecommons.org/licenses/by-nc-nd/2.5/,Richard E Webster,2011-08-30,subsong
train,Song Sparrow,song_sparrow,Melospiza,melodia,111668,111668-5.wav,wavfiles/111668-5.wav,//www.xeno-canto.org/111668,//creativecommons.org/licenses/by-nc-nd/2.5/,Richard E Webster,2011-08-30,subsong
train,Song Sparrow,song_sparrow,Melospiza,melodia,111668,111668-6.wav,wavfiles/111668-6.wav,//www.xeno-canto.org/111668,//creativecommons.org/licenses/by-nc-nd/2.5/,Richard E Webster,2011-08-30,subsong
train,Song Sparrow,song_sparrow,Melospiza,melodia,111668,111668-8.wav,wavfiles/111668-8.wav,//www.xeno-canto.org/111668,//creativecommons.org/licenses/by-nc-nd/2.5/,Richard E Webster,2011-08-30,subsong
train,Song Sparrow,song_sparrow,Melospiza,melodia,111668,111668-9.wav,wavfiles/111668-9.wav,//www.xeno-canto.org/111668,//creativecommons.org/licenses/by-nc-nd/2.5/,Richard E Webster,2011-08-30,subsong
train,Song Sparrow,song_sparrow,Melospiza,melodia,111669,111669-0.wav,wavfiles/111669-0.wav,//www.xeno-canto.org/111669,//creativecommons.org/licenses/by-nc-nd/2.5/,Richard E Webster,2010-09-02,subsong
train,Song Sparrow,song_sparrow,Melospiza,melodia,111669,111669-1.wav,wavfiles/111669-1.wav,//www.xeno-canto.org/111669,//creativecommons.org/licenses/by-nc-nd/2.5/,Richard E Webster,2010-09-02,subsong
train,Song Sparrow,song_sparrow,Melospiza,melodia,111669,111669-2.wav,wavfiles/111669-2.wav,//www.xeno-canto.org/111669,//creativecommons.org/licenses/by-nc-nd/2.5/,Richard E Webster,2010-09-02,subsong
train,Song Sparrow,song_sparrow,Melospiza,melodia,111669,111669-3.wav,wavfiles/111669-3.wav,//www.xeno-canto.org/111669,//creativecommons.org/licenses/by-nc-nd/2.5/,Richard E Webster,2010-09-02,subsong
train,Song Sparrow,song_sparrow,Melospiza,melodia,111669,111669-4.wav,wavfiles/111669-4.wav,//www.xeno-canto.org/111669,//creativecommons.org/licenses/by-nc-nd/2.5/,Richard E Webster,2010-09-02,subsong
train,Song Sparrow,song_sparrow,Melospiza,melodia,111669,111669-6.wav,wavfiles/111669-6.wav,//www.xeno-canto.org/111669,//creativecommons.org/licenses/by-nc-nd/2.5/,Richard E Webster,2010-09-02,subsong
train,Song Sparrow,song_sparrow,Melospiza,melodia,111669,111669-7.wav,wavfiles/111669-7.wav,//www.xeno-canto.org/111669,//creativecommons.org/licenses/by-nc-nd/2.5/,Richard E Webster,2010-09-02,subsong
train,Song Sparrow,song_sparrow,Melospiza,melodia,111671,111671-0.wav,wavfiles/111671-0.wav,//www.xeno-canto.org/111671,//creativecommons.org/licenses/by-nc-nd/2.5/,Richard E Webster,2010-09-15,subsong
train,Song Sparrow,song_sparrow,Melospiza,melodia,111671,111671-1.wav,wavfiles/111671-1.wav,//www.xeno-canto.org/111671,//creativecommons.org/licenses/by-nc-nd/2.5/,Richard E Webster,2010-09-15,subsong
train,Song Sparrow,song_sparrow,Melospiza,melodia,111671,111671-10.wav,wavfiles/111671-10.wav,//www.xeno-canto.org/111671,//creativecommons.org/licenses/by-nc-nd/2.5/,Richard E Webster,2010-09-15,subsong
train,Song Sparrow,song_sparrow,Melospiza,melodia,111671,111671-11.wav,wavfiles/111671-11.wav,//www.xeno-canto.org/111671,//creativecommons.org/licenses/by-nc-nd/2.5/,Richard E Webster,2010-09-15,subsong
train,Song Sparrow,song_sparrow,Melospiza,melodia,111671,111671-12.wav,wavfiles/111671-12.wav,//www.xeno-canto.org/111671,//creativecommons.org/licenses/by-nc-nd/2.5/,Richard E Webster,2010-09-15,subsong
train,Song Sparrow,song_sparrow,Melospiza,melodia,111671,111671-13.wav,wavfiles/111671-13.wav,//www.xeno-canto.org/111671,//creativecommons.org/licenses/by-nc-nd/2.5/,Richard E Webster,2010-09-15,subsong
train,Song Sparrow,song_sparrow,Melospiza,melodia,111671,111671-14.wav,wavfiles/111671-14.wav,//www.xeno-canto.org/111671,//creativecommons.org/licenses/by-nc-nd/2.5/,Richard E Webster,2010-09-15,subsong
train,Song Sparrow,song_sparrow,Melospiza,melodia,111671,111671-2.wav,wavfiles/111671-2.wav,//www.xeno-canto.org/111671,//creativecommons.org/licenses/by-nc-nd/2.5/,Richard E Webster,2010-09-15,subsong
train,Song Sparrow,song_sparrow,Melospiza,melodia,111671,111671-3.wav,wavfiles/111671-3.wav,//www.xeno-canto.org/111671,//creativecommons.org/licenses/by-nc-nd/2.5/,Richard E Webster,2010-09-15,subsong
train,Song Sparrow,song_sparrow,Melospiza,melodia,111671,111671-4.wav,wavfiles/111671-4.wav,//www.xeno-canto.org/111671,//creativecommons.org/licenses/by-nc-nd/2.5/,Richard E Webster,2010-09-15,subsong
train,Song Sparrow,song_sparrow,Melospiza,melodia,111671,111671-5.wav,wavfiles/111671-5.wav,//www.xeno-canto.org/111671,//creativecommons.org/licenses/by-nc-nd/2.5/,Richard E Webster,2010-09-15,subsong
train,Song Sparrow,song_sparrow,Melospiza,melodia,111671,111671-6.wav,wavfiles/111671-6.wav,//www.xeno-canto.org/111671,//creativecommons.org/licenses/by-nc-nd/2.5/,Richard E Webster,2010-09-15,subsong
train,Song Sparrow,song_sparrow,Melospiza,melodia,111671,111671-7.wav,wavfiles/111671-7.wav,//www.xeno-canto.org/111671,//creativecommons.org/licenses/by-nc-nd/2.5/,Richard E Webster,2010-09-15,subsong
train,Song Sparrow,song_sparrow,Melospiza,melodia,111671,111671-8.wav,wavfiles/111671-8.wav,//www.xeno-canto.org/111671,//creativecommons.org/licenses/by-nc-nd/2.5/,Richard E Webster,2010-09-15,subsong
train,Song Sparrow,song_sparrow,Melospiza,melodia,111671,111671-9.wav,wavfiles/111671-9.wav,//www.xeno-canto.org/111671,//creativecommons.org/licenses/by-nc-nd/2.5/,Richard E Webster,2010-09-15,subsong
train,Song Sparrow,song_sparrow,Melospiza,melodia,121280,121280-0.wav,wavfiles/121280-0.wav,//www.xeno-canto.org/121280,//creativecommons.org/licenses/by-nc-sa/3.0/,Lauren Harter,2013-02-01,song
train,Song Sparrow,song_sparrow,Melospiza,melodia,121280,121280-1.wav,wavfiles/121280-1.wav,//www.xeno-canto.org/121280,//creativecommons.org/licenses/by-nc-sa/3.0/,Lauren Harter,2013-02-01,song
train,Song Sparrow,song_sparrow,Melospiza,melodia,121280,121280-10.wav,wavfiles/121280-10.wav,//www.xeno-canto.org/121280,//creativecommons.org/licenses/by-nc-sa/3.0/,Lauren Harter,2013-02-01,song
train,Song Sparrow,song_sparrow,Melospiza,melodia,121280,121280-11.wav,wavfiles/121280-11.wav,//www.xeno-canto.org/121280,//creativecommons.org/licenses/by-nc-sa/3.0/,Lauren Harter,2013-02-01,song
train,Song Sparrow,song_sparrow,Melospiza,melodia,121280,121280-12.wav,wavfiles/121280-12.wav,//www.xeno-canto.org/121280,//creativecommons.org/licenses/by-nc-sa/3.0/,Lauren Harter,2013-02-01,song
train,Song Sparrow,song_sparrow,Melospiza,melodia,121280,121280-13.wav,wavfiles/121280-13.wav,//www.xeno-canto.org/121280,//creativecommons.org/licenses/by-nc-sa/3.0/,Lauren Harter,2013-02-01,song
train,Song Sparrow,song_sparrow,Melospiza,melodia,121280,121280-14.wav,wavfiles/121280-14.wav,//www.xeno-canto.org/121280,//creativecommons.org/licenses/by-nc-sa/3.0/,Lauren Harter,2013-02-01,song
train,Song Sparrow,song_sparrow,Melospiza,melodia,121280,121280-2.wav,wavfiles/121280-2.wav,//www.xeno-canto.org/121280,//creativecommons.org/licenses/by-nc-sa/3.0/,Lauren Harter,2013-02-01,song
train,Song Sparrow,song_sparrow,Melospiza,melodia,121280,121280-3.wav,wavfiles/121280-3.wav,//www.xeno-canto.org/121280,//creativecommons.org/licenses/by-nc-sa/3.0/,Lauren Harter,2013-02-01,song
train,Song Sparrow,song_sparrow,Melospiza,melodia,121280,121280-4.wav,wavfiles/121280-4.wav,//www.xeno-canto.org/121280,//creativecommons.org/licenses/by-nc-sa/3.0/,Lauren Harter,2013-02-01,song
train,Song Sparrow,song_sparrow,Melospiza,melodia,121280,121280-5.wav,wavfiles/121280-5.wav,//www.xeno-canto.org/121280,//creativecommons.org/licenses/by-nc-sa/3.0/,Lauren Harter,2013-02-01,song
train,Song Sparrow,song_sparrow,Melospiza,melodia,121280,121280-6.wav,wavfiles/121280-6.wav,//www.xeno-canto.org/121280,//creativecommons.org/licenses/by-nc-sa/3.0/,Lauren Harter,2013-02-01,song
train,Song Sparrow,song_sparrow,Melospiza,melodia,121280,121280-7.wav,wavfiles/121280-7.wav,//www.xeno-canto.org/121280,//creativecommons.org/licenses/by-nc-sa/3.0/,Lauren Harter,2013-02-01,song
train,Song Sparrow,song_sparrow,Melospiza,melodia,121280,121280-8.wav,wavfiles/121280-8.wav,//www.xeno-canto.org/121280,//creativecommons.org/licenses/by-nc-sa/3.0/,Lauren Harter,2013-02-01,song
train,Song Sparrow,song_sparrow,Melospiza,melodia,121280,121280-9.wav,wavfiles/121280-9.wav,//www.xeno-canto.org/121280,//creativecommons.org/licenses/by-nc-sa/3.0/,Lauren Harter,2013-02-01,song
train,Song Sparrow,song_sparrow,Melospiza,melodia,121281,121281-0.wav,wavfiles/121281-0.wav,//www.xeno-canto.org/121281,//creativecommons.org/licenses/by-nc-sa/3.0/,Lauren Harter,2013-02-01,song
train,Song Sparrow,song_sparrow,Melospiza,melodia,121281,121281-1.wav,wavfiles/121281-1.wav,//www.xeno-canto.org/121281,//creativecommons.org/licenses/by-nc-sa/3.0/,Lauren Harter,2013-02-01,song
train,Song Sparrow,song_sparrow,Melospiza,melodia,121281,121281-10.wav,wavfiles/121281-10.wav,//www.xeno-canto.org/121281,//creativecommons.org/licenses/by-nc-sa/3.0/,Lauren Harter,2013-02-01,song
train,Song Sparrow,song_sparrow,Melospiza,melodia,121281,121281-11.wav,wavfiles/121281-11.wav,//www.xeno-canto.org/121281,//creativecommons.org/licenses/by-nc-sa/3.0/,Lauren Harter,2013-02-01,song
train,Song Sparrow,song_sparrow,Melospiza,melodia,121281,121281-12.wav,wavfiles/121281-12.wav,//www.xeno-canto.org/121281,//creativecommons.org/licenses/by-nc-sa/3.0/,Lauren Harter,2013-02-01,song
train,Song Sparrow,song_sparrow,Melospiza,melodia,121281,121281-2.wav,wavfiles/121281-2.wav,//www.xeno-canto.org/121281,//creativecommons.org/licenses/by-nc-sa/3.0/,Lauren Harter,2013-02-01,song
train,Song Sparrow,song_sparrow,Melospiza,melodia,121281,121281-3.wav,wavfiles/121281-3.wav,//www.xeno-canto.org/121281,//creativecommons.org/licenses/by-nc-sa/3.0/,Lauren Harter,2013-02-01,song
train,Song Sparrow,song_sparrow,Melospiza,melodia,121281,121281-4.wav,wavfiles/121281-4.wav,//www.xeno-canto.org/121281,//creativecommons.org/licenses/by-nc-sa/3.0/,Lauren Harter,2013-02-01,song
train,Song Sparrow,song_sparrow,Melospiza,melodia,121281,121281-5.wav,wavfiles/121281-5.wav,//www.xeno-canto.org/121281,//creativecommons.org/licenses/by-nc-sa/3.0/,Lauren Harter,2013-02-01,song
train,Song Sparrow,song_sparrow,Melospiza,melodia,121281,121281-6.wav,wavfiles/121281-6.wav,//www.xeno-canto.org/121281,//creativecommons.org/licenses/by-nc-sa/3.0/,Lauren Harter,2013-02-01,song
train,Song Sparrow,song_sparrow,Melospiza,melodia,121281,121281-7.wav,wavfiles/121281-7.wav,//www.xeno-canto.org/121281,//creativecommons.org/licenses/by-nc-sa/3.0/,Lauren Harter,2013-02-01,song
train,Song Sparrow,song_sparrow,Melospiza,melodia,121281,121281-8.wav,wavfiles/121281-8.wav,//www.xeno-canto.org/121281,//creativecommons.org/licenses/by-nc-sa/3.0/,Lauren Harter,2013-02-01,song
train,Song Sparrow,song_sparrow,Melospiza,melodia,121281,121281-9.wav,wavfiles/121281-9.wav,//www.xeno-canto.org/121281,//creativecommons.org/licenses/by-nc-sa/3.0/,Lauren Harter,2013-02-01,song
train,Song Sparrow,song_sparrow,Melospiza,melodia,125706,125706-0.wav,wavfiles/125706-0.wav,//www.xeno-canto.org/125706,//creativecommons.org/licenses/by-nc-sa/3.0/,Richard E. Webster,1995-06-03,song
train,Song Sparrow,song_sparrow,Melospiza,melodia,125706,125706-1.wav,wavfiles/125706-1.wav,//www.xeno-canto.org/125706,//creativecommons.org/licenses/by-nc-sa/3.0/,Richard E. Webster,1995-06-03,song
train,Song Sparrow,song_sparrow,Melospiza,melodia,125706,125706-2.wav,wavfiles/125706-2.wav,//www.xeno-canto.org/125706,//creativecommons.org/licenses/by-nc-sa/3.0/,Richard E. Webster,1995-06-03,song
train,Song Sparrow,song_sparrow,Melospiza,melodia,125706,125706-3.wav,wavfiles/125706-3.wav,//www.xeno-canto.org/125706,//creativecommons.org/licenses/by-nc-sa/3.0/,Richard E. Webster,1995-06-03,song
train,Song Sparrow,song_sparrow,Melospiza,melodia,125706,125706-4.wav,wavfiles/125706-4.wav,//www.xeno-canto.org/125706,//creativecommons.org/licenses/by-nc-sa/3.0/,Richard E. Webster,1995-06-03,song
train,Song Sparrow,song_sparrow,Melospiza,melodia,125706,125706-5.wav,wavfiles/125706-5.wav,//www.xeno-canto.org/125706,//creativecommons.org/licenses/by-nc-sa/3.0/,Richard E. Webster,1995-06-03,song
train,Song Sparrow,song_sparrow,Melospiza,melodia,125706,125706-6.wav,wavfiles/125706-6.wav,//www.xeno-canto.org/125706,//creativecommons.org/licenses/by-nc-sa/3.0/,Richard E. Webster,1995-06-03,song
train,Song Sparrow,song_sparrow,Melospiza,melodia,125706,125706-7.wav,wavfiles/125706-7.wav,//www.xeno-canto.org/125706,//creativecommons.org/licenses/by-nc-sa/3.0/,Richard E. Webster,1995-06-03,song
train,Song Sparrow,song_sparrow,Melospiza,melodia,125711,125711-0.wav,wavfiles/125711-0.wav,//www.xeno-canto.org/125711,//creativecommons.org/licenses/by-nc-sa/3.0/,Richard E. Webster,2001-05-13,song
train,Song Sparrow,song_sparrow,Melospiza,melodia,125711,125711-1.wav,wavfiles/125711-1.wav,//www.xeno-canto.org/125711,//creativecommons.org/licenses/by-nc-sa/3.0/,Richard E. Webster,2001-05-13,song
train,Song Sparrow,song_sparrow,Melospiza,melodia,125711,125711-10.wav,wavfiles/125711-10.wav,//www.xeno-canto.org/125711,//creativecommons.org/licenses/by-nc-sa/3.0/,Richard E. Webster,2001-05-13,song
train,Song Sparrow,song_sparrow,Melospiza,melodia,125711,125711-11.wav,wavfiles/125711-11.wav,//www.xeno-canto.org/125711,//creativecommons.org/licenses/by-nc-sa/3.0/,Richard E. Webster,2001-05-13,song
train,Song Sparrow,song_sparrow,Melospiza,melodia,125711,125711-12.wav,wavfiles/125711-12.wav,//www.xeno-canto.org/125711,//creativecommons.org/licenses/by-nc-sa/3.0/,Richard E. Webster,2001-05-13,song
train,Song Sparrow,song_sparrow,Melospiza,melodia,125711,125711-2.wav,wavfiles/125711-2.wav,//www.xeno-canto.org/125711,//creativecommons.org/licenses/by-nc-sa/3.0/,Richard E. Webster,2001-05-13,song
train,Song Sparrow,song_sparrow,Melospiza,melodia,125711,125711-3.wav,wavfiles/125711-3.wav,//www.xeno-canto.org/125711,//creativecommons.org/licenses/by-nc-sa/3.0/,Richard E. Webster,2001-05-13,song
train,Song Sparrow,song_sparrow,Melospiza,melodia,125711,125711-4.wav,wavfiles/125711-4.wav,//www.xeno-canto.org/125711,//creativecommons.org/licenses/by-nc-sa/3.0/,Richard E. Webster,2001-05-13,song
train,Song Sparrow,song_sparrow,Melospiza,melodia,125711,125711-5.wav,wavfiles/125711-5.wav,//www.xeno-canto.org/125711,//creativecommons.org/licenses/by-nc-sa/3.0/,Richard E. Webster,2001-05-13,song
train,Song Sparrow,song_sparrow,Melospiza,melodia,125711,125711-6.wav,wavfiles/125711-6.wav,//www.xeno-canto.org/125711,//creativecommons.org/licenses/by-nc-sa/3.0/,Richard E. Webster,2001-05-13,song
train,Song Sparrow,song_sparrow,Melospiza,melodia,125711,125711-7.wav,wavfiles/125711-7.wav,//www.xeno-canto.org/125711,//creativecommons.org/licenses/by-nc-sa/3.0/,Richard E. Webster,2001-05-13,song
train,Song Sparrow,song_sparrow,Melospiza,melodia,125711,125711-8.wav,wavfiles/125711-8.wav,//www.xeno-canto.org/125711,//creativecommons.org/licenses/by-nc-sa/3.0/,Richard E. Webster,2001-05-13,song
train,Song Sparrow,song_sparrow,Melospiza,melodia,125713,125713-0.wav,wavfiles/125713-0.wav,//www.xeno-canto.org/125713,//creativecommons.org/licenses/by-nc-sa/3.0/,Richard E. Webster,2001-05-13,song
train,Song Sparrow,song_sparrow,Melospiza,melodia,125713,125713-1.wav,wavfiles/125713-1.wav,//www.xeno-canto.org/125713,//creativecommons.org/licenses/by-nc-sa/3.0/,Richard E. Webster,2001-05-13,song
train,Song Sparrow,song_sparrow,Melospiza,melodia,125713,125713-10.wav,wavfiles/125713-10.wav,//www.xeno-canto.org/125713,//creativecommons.org/licenses/by-nc-sa/3.0/,Richard E. Webster,2001-05-13,song
train,Song Sparrow,song_sparrow,Melospiza,melodia,125713,125713-12.wav,wavfiles/125713-12.wav,//www.xeno-canto.org/125713,//creativecommons.org/licenses/by-nc-sa/3.0/,Richard E. Webster,2001-05-13,song
train,Song Sparrow,song_sparrow,Melospiza,melodia,125713,125713-13.wav,wavfiles/125713-13.wav,//www.xeno-canto.org/125713,//creativecommons.org/licenses/by-nc-sa/3.0/,Richard E. Webster,2001-05-13,song
train,Song Sparrow,song_sparrow,Melospiza,melodia,125713,125713-14.wav,wavfiles/125713-14.wav,//www.xeno-canto.org/125713,//creativecommons.org/licenses/by-nc-sa/3.0/,Richard E. Webster,2001-05-13,song
train,Song Sparrow,song_sparrow,Melospiza,melodia,125713,125713-15.wav,wavfiles/125713-15.wav,//www.xeno-canto.org/125713,//creativecommons.org/licenses/by-nc-sa/3.0/,Richard E. Webster,2001-05-13,song
train,Song Sparrow,song_sparrow,Melospiza,melodia,125713,125713-2.wav,wavfiles/125713-2.wav,//www.xeno-canto.org/125713,//creativecommons.org/licenses/by-nc-sa/3.0/,Richard E. Webster,2001-05-13,song
train,Song Sparrow,song_sparrow,Melospiza,melodia,125713,125713-3.wav,wavfiles/125713-3.wav,//www.xeno-canto.org/125713,//creativecommons.org/licenses/by-nc-sa/3.0/,Richard E. Webster,2001-05-13,song
train,Song Sparrow,song_sparrow,Melospiza,melodia,125713,125713-4.wav,wavfiles/125713-4.wav,//www.xeno-canto.org/125713,//creativecommons.org/licenses/by-nc-sa/3.0/,Richard E. Webster,2001-05-13,song
train,Song Sparrow,song_sparrow,Melospiza,melodia,125713,125713-5.wav,wavfiles/125713-5.wav,//www.xeno-canto.org/125713,//creativecommons.org/licenses/by-nc-sa/3.0/,Richard E. Webster,2001-05-13,song
train,Song Sparrow,song_sparrow,Melospiza,melodia,125713,125713-6.wav,wavfiles/125713-6.wav,//www.xeno-canto.org/125713,//creativecommons.org/licenses/by-nc-sa/3.0/,Richard E. Webster,2001-05-13,song
train,Song Sparrow,song_sparrow,Melospiza,melodia,125713,125713-7.wav,wavfiles/125713-7.wav,//www.xeno-canto.org/125713,//creativecommons.org/licenses/by-nc-sa/3.0/,Richard E. Webster,2001-05-13,song
train,Song Sparrow,song_sparrow,Melospiza,melodia,125713,125713-8.wav,wavfiles/125713-8.wav,//www.xeno-canto.org/125713,//creativecommons.org/licenses/by-nc-sa/3.0/,Richard E. Webster,2001-05-13,song
train,Song Sparrow,song_sparrow,Melospiza,melodia,125713,125713-9.wav,wavfiles/125713-9.wav,//www.xeno-canto.org/125713,//creativecommons.org/licenses/by-nc-sa/3.0/,Richard E. Webster,2001-05-13,song
train,Song Sparrow,song_sparrow,Melospiza,melodia,125714,125714-0.wav,wavfiles/125714-0.wav,//www.xeno-canto.org/125714,//creativecommons.org/licenses/by-nc-sa/3.0/,Richard E. Webster,1995-06-11,song
train,Song Sparrow,song_sparrow,Melospiza,melodia,125714,125714-1.wav,wavfiles/125714-1.wav,//www.xeno-canto.org/125714,//creativecommons.org/licenses/by-nc-sa/3.0/,Richard E. Webster,1995-06-11,song
train,Song Sparrow,song_sparrow,Melospiza,melodia,125714,125714-10.wav,wavfiles/125714-10.wav,//www.xeno-canto.org/125714,//creativecommons.org/licenses/by-nc-sa/3.0/,Richard E. Webster,1995-06-11,song
train,Song Sparrow,song_sparrow,Melospiza,melodia,125714,125714-2.wav,wavfiles/125714-2.wav,//www.xeno-canto.org/125714,//creativecommons.org/licenses/by-nc-sa/3.0/,Richard E. Webster,1995-06-11,song
train,Song Sparrow,song_sparrow,Melospiza,melodia,125714,125714-3.wav,wavfiles/125714-3.wav,//www.xeno-canto.org/125714,//creativecommons.org/licenses/by-nc-sa/3.0/,Richard E. Webster,1995-06-11,song
train,Song Sparrow,song_sparrow,Melospiza,melodia,125714,125714-4.wav,wavfiles/125714-4.wav,//www.xeno-canto.org/125714,//creativecommons.org/licenses/by-nc-sa/3.0/,Richard E. Webster,1995-06-11,song
train,Song Sparrow,song_sparrow,Melospiza,melodia,125714,125714-5.wav,wavfiles/125714-5.wav,//www.xeno-canto.org/125714,//creativecommons.org/licenses/by-nc-sa/3.0/,Richard E. Webster,1995-06-11,song
train,Song Sparrow,song_sparrow,Melospiza,melodia,125714,125714-6.wav,wavfiles/125714-6.wav,//www.xeno-canto.org/125714,//creativecommons.org/licenses/by-nc-sa/3.0/,Richard E. Webster,1995-06-11,song
train,Song Sparrow,song_sparrow,Melospiza,melodia,125714,125714-8.wav,wavfiles/125714-8.wav,//www.xeno-canto.org/125714,//creativecommons.org/licenses/by-nc-sa/3.0/,Richard E. Webster,1995-06-11,song
train,Song Sparrow,song_sparrow,Melospiza,melodia,125714,125714-9.wav,wavfiles/125714-9.wav,//www.xeno-canto.org/125714,//creativecommons.org/licenses/by-nc-sa/3.0/,Richard E. Webster,1995-06-11,song
train,Song Sparrow,song_sparrow,Melospiza,melodia,125717,125717-0.wav,wavfiles/125717-0.wav,//www.xeno-canto.org/125717,//creativecommons.org/licenses/by-nc-sa/3.0/,Richard E. Webster,1995-06-02,"call, song"
train,Song Sparrow,song_sparrow,Melospiza,melodia,125717,125717-1.wav,wavfiles/125717-1.wav,//www.xeno-canto.org/125717,//creativecommons.org/licenses/by-nc-sa/3.0/,Richard E. Webster,1995-06-02,"call, song"
train,Song Sparrow,song_sparrow,Melospiza,melodia,125717,125717-13.wav,wavfiles/125717-13.wav,//www.xeno-canto.org/125717,//creativecommons.org/licenses/by-nc-sa/3.0/,Richard E. Webster,1995-06-02,"call, song"
train,Song Sparrow,song_sparrow,Melospiza,melodia,125717,125717-9.wav,wavfiles/125717-9.wav,//www.xeno-canto.org/125717,//creativecommons.org/licenses/by-nc-sa/3.0/,Richard E. Webster,1995-06-02,"call, song"
train,Song Sparrow,song_sparrow,Melospiza,melodia,125723,125723-0.wav,wavfiles/125723-0.wav,//www.xeno-canto.org/125723,//creativecommons.org/licenses/by-nc-sa/3.0/,Richard E. Webster,2006-05-05,song
train,Song Sparrow,song_sparrow,Melospiza,melodia,125723,125723-1.wav,wavfiles/125723-1.wav,//www.xeno-canto.org/125723,//creativecommons.org/licenses/by-nc-sa/3.0/,Richard E. Webster,2006-05-05,song
train,Song Sparrow,song_sparrow,Melospiza,melodia,125723,125723-2.wav,wavfiles/125723-2.wav,//www.xeno-canto.org/125723,//creativecommons.org/licenses/by-nc-sa/3.0/,Richard E. Webster,2006-05-05,song
train,Song Sparrow,song_sparrow,Melospiza,melodia,125723,125723-5.wav,wavfiles/125723-5.wav,//www.xeno-canto.org/125723,//creativecommons.org/licenses/by-nc-sa/3.0/,Richard E. Webster,2006-05-05,song
train,Song Sparrow,song_sparrow,Melospiza,melodia,125723,125723-6.wav,wavfiles/125723-6.wav,//www.xeno-canto.org/125723,//creativecommons.org/licenses/by-nc-sa/3.0/,Richard E. Webster,2006-05-05,song
train,Song Sparrow,song_sparrow,Melospiza,melodia,125723,125723-7.wav,wavfiles/125723-7.wav,//www.xeno-canto.org/125723,//creativecommons.org/licenses/by-nc-sa/3.0/,Richard E. Webster,2006-05-05,song
train,Song Sparrow,song_sparrow,Melospiza,melodia,125723,125723-8.wav,wavfiles/125723-8.wav,//www.xeno-canto.org/125723,//creativecommons.org/licenses/by-nc-sa/3.0/,Richard E. Webster,2006-05-05,song
train,Song Sparrow,song_sparrow,Melospiza,melodia,128238,128238-0.wav,wavfiles/128238-0.wav,//www.xeno-canto.org/128238,//creativecommons.org/licenses/by-nc-sa/3.0/,Thomas G. Graves,1998-03-01,song
train,Song Sparrow,song_sparrow,Melospiza,melodia,128238,128238-1.wav,wavfiles/128238-1.wav,//www.xeno-canto.org/128238,//creativecommons.org/licenses/by-nc-sa/3.0/,Thomas G. Graves,1998-03-01,song
train,Song Sparrow,song_sparrow,Melospiza,melodia,128238,128238-10.wav,wavfiles/128238-10.wav,//www.xeno-canto.org/128238,//creativecommons.org/licenses/by-nc-sa/3.0/,Thomas G. Graves,1998-03-01,song
train,Song Sparrow,song_sparrow,Melospiza,melodia,128238,128238-11.wav,wavfiles/128238-11.wav,//www.xeno-canto.org/128238,//creativecommons.org/licenses/by-nc-sa/3.0/,Thomas G. Graves,1998-03-01,song
train,Song Sparrow,song_sparrow,Melospiza,melodia,128238,128238-12.wav,wavfiles/128238-12.wav,//www.xeno-canto.org/128238,//creativecommons.org/licenses/by-nc-sa/3.0/,Thomas G. Graves,1998-03-01,song
train,Song Sparrow,song_sparrow,Melospiza,melodia,128238,128238-2.wav,wavfiles/128238-2.wav,//www.xeno-canto.org/128238,//creativecommons.org/licenses/by-nc-sa/3.0/,Thomas G. Graves,1998-03-01,song
train,Song Sparrow,song_sparrow,Melospiza,melodia,128238,128238-3.wav,wavfiles/128238-3.wav,//www.xeno-canto.org/128238,//creativecommons.org/licenses/by-nc-sa/3.0/,Thomas G. Graves,1998-03-01,song
train,Song Sparrow,song_sparrow,Melospiza,melodia,128238,128238-4.wav,wavfiles/128238-4.wav,//www.xeno-canto.org/128238,//creativecommons.org/licenses/by-nc-sa/3.0/,Thomas G. Graves,1998-03-01,song
train,Song Sparrow,song_sparrow,Melospiza,melodia,128238,128238-5.wav,wavfiles/128238-5.wav,//www.xeno-canto.org/128238,//creativecommons.org/licenses/by-nc-sa/3.0/,Thomas G. Graves,1998-03-01,song
train,Song Sparrow,song_sparrow,Melospiza,melodia,128238,128238-6.wav,wavfiles/128238-6.wav,//www.xeno-canto.org/128238,//creativecommons.org/licenses/by-nc-sa/3.0/,Thomas G. Graves,1998-03-01,song
train,Song Sparrow,song_sparrow,Melospiza,melodia,128238,128238-7.wav,wavfiles/128238-7.wav,//www.xeno-canto.org/128238,//creativecommons.org/licenses/by-nc-sa/3.0/,Thomas G. Graves,1998-03-01,song
train,Song Sparrow,song_sparrow,Melospiza,melodia,128238,128238-8.wav,wavfiles/128238-8.wav,//www.xeno-canto.org/128238,//creativecommons.org/licenses/by-nc-sa/3.0/,Thomas G. Graves,1998-03-01,song
train,Song Sparrow,song_sparrow,Melospiza,melodia,128238,128238-9.wav,wavfiles/128238-9.wav,//www.xeno-canto.org/128238,//creativecommons.org/licenses/by-nc-sa/3.0/,Thomas G. Graves,1998-03-01,song
train,Song Sparrow,song_sparrow,Melospiza,melodia,128904,128904-0.wav,wavfiles/128904-0.wav,//www.xeno-canto.org/128904,//creativecommons.org/licenses/by-nc-sa/3.0/,Thomas G. Graves,2013-04-06,song
train,Song Sparrow,song_sparrow,Melospiza,melodia,128904,128904-1.wav,wavfiles/128904-1.wav,//www.xeno-canto.org/128904,//creativecommons.org/licenses/by-nc-sa/3.0/,Thomas G. Graves,2013-04-06,song
train,Song Sparrow,song_sparrow,Melospiza,melodia,128904,128904-10.wav,wavfiles/128904-10.wav,//www.xeno-canto.org/128904,//creativecommons.org/licenses/by-nc-sa/3.0/,Thomas G. Graves,2013-04-06,song
train,Song Sparrow,song_sparrow,Melospiza,melodia,128904,128904-11.wav,wavfiles/128904-11.wav,//www.xeno-canto.org/128904,//creativecommons.org/licenses/by-nc-sa/3.0/,Thomas G. Graves,2013-04-06,song
train,Song Sparrow,song_sparrow,Melospiza,melodia,128904,128904-12.wav,wavfiles/128904-12.wav,//www.xeno-canto.org/128904,//creativecommons.org/licenses/by-nc-sa/3.0/,Thomas G. Graves,2013-04-06,song
train,Song Sparrow,song_sparrow,Melospiza,melodia,128904,128904-13.wav,wavfiles/128904-13.wav,//www.xeno-canto.org/128904,//creativecommons.org/licenses/by-nc-sa/3.0/,Thomas G. Graves,2013-04-06,song
train,Song Sparrow,song_sparrow,Melospiza,melodia,128904,128904-2.wav,wavfiles/128904-2.wav,//www.xeno-canto.org/128904,//creativecommons.org/licenses/by-nc-sa/3.0/,Thomas G. Graves,2013-04-06,song
train,Song Sparrow,song_sparrow,Melospiza,melodia,128904,128904-3.wav,wavfiles/128904-3.wav,//www.xeno-canto.org/128904,//creativecommons.org/licenses/by-nc-sa/3.0/,Thomas G. Graves,2013-04-06,song
train,Song Sparrow,song_sparrow,Melospiza,melodia,128904,128904-4.wav,wavfiles/128904-4.wav,//www.xeno-canto.org/128904,//creativecommons.org/licenses/by-nc-sa/3.0/,Thomas G. Graves,2013-04-06,song
train,Song Sparrow,song_sparrow,Melospiza,melodia,128904,128904-5.wav,wavfiles/128904-5.wav,//www.xeno-canto.org/128904,//creativecommons.org/licenses/by-nc-sa/3.0/,Thomas G. Graves,2013-04-06,song
train,Song Sparrow,song_sparrow,Melospiza,melodia,128904,128904-6.wav,wavfiles/128904-6.wav,//www.xeno-canto.org/128904,//creativecommons.org/licenses/by-nc-sa/3.0/,Thomas G. Graves,2013-04-06,song
train,Song Sparrow,song_sparrow,Melospiza,melodia,128904,128904-7.wav,wavfiles/128904-7.wav,//www.xeno-canto.org/128904,//creativecommons.org/licenses/by-nc-sa/3.0/,Thomas G. Graves,2013-04-06,song
train,Song Sparrow,song_sparrow,Melospiza,melodia,131649,131649-0.wav,wavfiles/131649-0.wav,//www.xeno-canto.org/131649,//creativecommons.org/licenses/by-sa/3.0/,Jonathon Jongsma,2013-04-27,song
train,Song Sparrow,song_sparrow,Melospiza,melodia,131649,131649-1.wav,wavfiles/131649-1.wav,//www.xeno-canto.org/131649,//creativecommons.org/licenses/by-sa/3.0/,Jonathon Jongsma,2013-04-27,song
train,Song Sparrow,song_sparrow,Melospiza,melodia,131649,131649-2.wav,wavfiles/131649-2.wav,//www.xeno-canto.org/131649,//creativecommons.org/licenses/by-sa/3.0/,Jonathon Jongsma,2013-04-27,song
train,Song Sparrow,song_sparrow,Melospiza,melodia,131649,131649-3.wav,wavfiles/131649-3.wav,//www.xeno-canto.org/131649,//creativecommons.org/licenses/by-sa/3.0/,Jonathon Jongsma,2013-04-27,song
train,Song Sparrow,song_sparrow,Melospiza,melodia,131649,131649-4.wav,wavfiles/131649-4.wav,//www.xeno-canto.org/131649,//creativecommons.org/licenses/by-sa/3.0/,Jonathon Jongsma,2013-04-27,song
train,Song Sparrow,song_sparrow,Melospiza,melodia,132874,132874-0.wav,wavfiles/132874-0.wav,//www.xeno-canto.org/132874,//creativecommons.org/licenses/by-sa/3.0/,Jonathon Jongsma,2013-05-06,song
train,Song Sparrow,song_sparrow,Melospiza,melodia,132874,132874-1.wav,wavfiles/132874-1.wav,//www.xeno-canto.org/132874,//creativecommons.org/licenses/by-sa/3.0/,Jonathon Jongsma,2013-05-06,song
train,Song Sparrow,song_sparrow,Melospiza,melodia,132874,132874-2.wav,wavfiles/132874-2.wav,//www.xeno-canto.org/132874,//creativecommons.org/licenses/by-sa/3.0/,Jonathon Jongsma,2013-05-06,song
train,Song Sparrow,song_sparrow,Melospiza,melodia,132874,132874-3.wav,wavfiles/132874-3.wav,//www.xeno-canto.org/132874,//creativecommons.org/licenses/by-sa/3.0/,Jonathon Jongsma,2013-05-06,song
train,Song Sparrow,song_sparrow,Melospiza,melodia,132874,132874-4.wav,wavfiles/132874-4.wav,//www.xeno-canto.org/132874,//creativecommons.org/licenses/by-sa/3.0/,Jonathon Jongsma,2013-05-06,song
train,Song Sparrow,song_sparrow,Melospiza,melodia,132874,132874-5.wav,wavfiles/132874-5.wav,//www.xeno-canto.org/132874,//creativecommons.org/licenses/by-sa/3.0/,Jonathon Jongsma,2013-05-06,song
train,Song Sparrow,song_sparrow,Melospiza,melodia,132874,132874-6.wav,wavfiles/132874-6.wav,//www.xeno-canto.org/132874,//creativecommons.org/licenses/by-sa/3.0/,Jonathon Jongsma,2013-05-06,song
train,Song Sparrow,song_sparrow,Melospiza,melodia,133568,133568-0.wav,wavfiles/133568-0.wav,//www.xeno-canto.org/133568,//creativecommons.org/licenses/by-nc-sa/3.0/,Dan Lane,2013-05-12,song
train,Song Sparrow,song_sparrow,Melospiza,melodia,133568,133568-1.wav,wavfiles/133568-1.wav,//www.xeno-canto.org/133568,//creativecommons.org/licenses/by-nc-sa/3.0/,Dan Lane,2013-05-12,song
train,Song Sparrow,song_sparrow,Melospiza,melodia,133568,133568-10.wav,wavfiles/133568-10.wav,//www.xeno-canto.org/133568,//creativecommons.org/licenses/by-nc-sa/3.0/,Dan Lane,2013-05-12,song
train,Song Sparrow,song_sparrow,Melospiza,melodia,133568,133568-2.wav,wavfiles/133568-2.wav,//www.xeno-canto.org/133568,//creativecommons.org/licenses/by-nc-sa/3.0/,Dan Lane,2013-05-12,song
train,Song Sparrow,song_sparrow,Melospiza,melodia,133568,133568-4.wav,wavfiles/133568-4.wav,//www.xeno-canto.org/133568,//creativecommons.org/licenses/by-nc-sa/3.0/,Dan Lane,2013-05-12,song
train,Song Sparrow,song_sparrow,Melospiza,melodia,133568,133568-5.wav,wavfiles/133568-5.wav,//www.xeno-canto.org/133568,//creativecommons.org/licenses/by-nc-sa/3.0/,Dan Lane,2013-05-12,song
train,Song Sparrow,song_sparrow,Melospiza,melodia,133568,133568-8.wav,wavfiles/133568-8.wav,//www.xeno-canto.org/133568,//creativecommons.org/licenses/by-nc-sa/3.0/,Dan Lane,2013-05-12,song
train,Song Sparrow,song_sparrow,Melospiza,melodia,133568,133568-9.wav,wavfiles/133568-9.wav,//www.xeno-canto.org/133568,//creativecommons.org/licenses/by-nc-sa/3.0/,Dan Lane,2013-05-12,song
train,Song Sparrow,song_sparrow,Melospiza,melodia,134164,134164-0.wav,wavfiles/134164-0.wav,//www.xeno-canto.org/134164,//creativecommons.org/licenses/by-nc-sa/3.0/,Lauren Harter,2013-03-22,song
train,Song Sparrow,song_sparrow,Melospiza,melodia,134164,134164-1.wav,wavfiles/134164-1.wav,//www.xeno-canto.org/134164,//creativecommons.org/licenses/by-nc-sa/3.0/,Lauren Harter,2013-03-22,song
train,Song Sparrow,song_sparrow,Melospiza,melodia,134164,134164-2.wav,wavfiles/134164-2.wav,//www.xeno-canto.org/134164,//creativecommons.org/licenses/by-nc-sa/3.0/,Lauren Harter,2013-03-22,song
train,Song Sparrow,song_sparrow,Melospiza,melodia,134164,134164-4.wav,wavfiles/134164-4.wav,//www.xeno-canto.org/134164,//creativecommons.org/licenses/by-nc-sa/3.0/,Lauren Harter,2013-03-22,song
train,Song Sparrow,song_sparrow,Melospiza,melodia,134164,134164-5.wav,wavfiles/134164-5.wav,//www.xeno-canto.org/134164,//creativecommons.org/licenses/by-nc-sa/3.0/,Lauren Harter,2013-03-22,song
train,Song Sparrow,song_sparrow,Melospiza,melodia,134164,134164-6.wav,wavfiles/134164-6.wav,//www.xeno-canto.org/134164,//creativecommons.org/licenses/by-nc-sa/3.0/,Lauren Harter,2013-03-22,song
train,Song Sparrow,song_sparrow,Melospiza,melodia,134164,134164-7.wav,wavfiles/134164-7.wav,//www.xeno-canto.org/134164,//creativecommons.org/licenses/by-nc-sa/3.0/,Lauren Harter,2013-03-22,song
train,Song Sparrow,song_sparrow,Melospiza,melodia,134164,134164-8.wav,wavfiles/134164-8.wav,//www.xeno-canto.org/134164,//creativecommons.org/licenses/by-nc-sa/3.0/,Lauren Harter,2013-03-22,song
train,Song Sparrow,song_sparrow,Melospiza,melodia,134164,134164-9.wav,wavfiles/134164-9.wav,//www.xeno-canto.org/134164,//creativecommons.org/licenses/by-nc-sa/3.0/,Lauren Harter,2013-03-22,song
train,Song Sparrow,song_sparrow,Melospiza,melodia,134180,134180-0.wav,wavfiles/134180-0.wav,//www.xeno-canto.org/134180,//creativecommons.org/licenses/by-nc-sa/3.0/,Lauren Harter,2013-03-22,song
train,Song Sparrow,song_sparrow,Melospiza,melodia,134180,134180-1.wav,wavfiles/134180-1.wav,//www.xeno-canto.org/134180,//creativecommons.org/licenses/by-nc-sa/3.0/,Lauren Harter,2013-03-22,song
train,Song Sparrow,song_sparrow,Melospiza,melodia,134180,134180-10.wav,wavfiles/134180-10.wav,//www.xeno-canto.org/134180,//creativecommons.org/licenses/by-nc-sa/3.0/,Lauren Harter,2013-03-22,song
train,Song Sparrow,song_sparrow,Melospiza,melodia,134180,134180-2.wav,wavfiles/134180-2.wav,//www.xeno-canto.org/134180,//creativecommons.org/licenses/by-nc-sa/3.0/,Lauren Harter,2013-03-22,song
train,Song Sparrow,song_sparrow,Melospiza,melodia,134180,134180-4.wav,wavfiles/134180-4.wav,//www.xeno-canto.org/134180,//creativecommons.org/licenses/by-nc-sa/3.0/,Lauren Harter,2013-03-22,song
train,Song Sparrow,song_sparrow,Melospiza,melodia,134180,134180-5.wav,wavfiles/134180-5.wav,//www.xeno-canto.org/134180,//creativecommons.org/licenses/by-nc-sa/3.0/,Lauren Harter,2013-03-22,song
train,Song Sparrow,song_sparrow,Melospiza,melodia,134180,134180-6.wav,wavfiles/134180-6.wav,//www.xeno-canto.org/134180,//creativecommons.org/licenses/by-nc-sa/3.0/,Lauren Harter,2013-03-22,song
train,Song Sparrow,song_sparrow,Melospiza,melodia,134180,134180-8.wav,wavfiles/134180-8.wav,//www.xeno-canto.org/134180,//creativecommons.org/licenses/by-nc-sa/3.0/,Lauren Harter,2013-03-22,song
train,Song Sparrow,song_sparrow,Melospiza,melodia,134180,134180-9.wav,wavfiles/134180-9.wav,//www.xeno-canto.org/134180,//creativecommons.org/licenses/by-nc-sa/3.0/,Lauren Harter,2013-03-22,song
train,Song Sparrow,song_sparrow,Melospiza,melodia,142620,142620-0.wav,wavfiles/142620-0.wav,//www.xeno-canto.org/142620,//creativecommons.org/licenses/by-sa/3.0/,Jonathon Jongsma,2013-07-11,song
train,Song Sparrow,song_sparrow,Melospiza,melodia,142620,142620-1.wav,wavfiles/142620-1.wav,//www.xeno-canto.org/142620,//creativecommons.org/licenses/by-sa/3.0/,Jonathon Jongsma,2013-07-11,song
train,Song Sparrow,song_sparrow,Melospiza,melodia,142620,142620-10.wav,wavfiles/142620-10.wav,//www.xeno-canto.org/142620,//creativecommons.org/licenses/by-sa/3.0/,Jonathon Jongsma,2013-07-11,song
train,Song Sparrow,song_sparrow,Melospiza,melodia,142620,142620-11.wav,wavfiles/142620-11.wav,//www.xeno-canto.org/142620,//creativecommons.org/licenses/by-sa/3.0/,Jonathon Jongsma,2013-07-11,song
train,Song Sparrow,song_sparrow,Melospiza,melodia,142620,142620-2.wav,wavfiles/142620-2.wav,//www.xeno-canto.org/142620,//creativecommons.org/licenses/by-sa/3.0/,Jonathon Jongsma,2013-07-11,song
train,Song Sparrow,song_sparrow,Melospiza,melodia,142620,142620-3.wav,wavfiles/142620-3.wav,//www.xeno-canto.org/142620,//creativecommons.org/licenses/by-sa/3.0/,Jonathon Jongsma,2013-07-11,song
train,Song Sparrow,song_sparrow,Melospiza,melodia,142620,142620-4.wav,wavfiles/142620-4.wav,//www.xeno-canto.org/142620,//creativecommons.org/licenses/by-sa/3.0/,Jonathon Jongsma,2013-07-11,song
train,Song Sparrow,song_sparrow,Melospiza,melodia,142620,142620-5.wav,wavfiles/142620-5.wav,//www.xeno-canto.org/142620,//creativecommons.org/licenses/by-sa/3.0/,Jonathon Jongsma,2013-07-11,song
train,Song Sparrow,song_sparrow,Melospiza,melodia,142620,142620-6.wav,wavfiles/142620-6.wav,//www.xeno-canto.org/142620,//creativecommons.org/licenses/by-sa/3.0/,Jonathon Jongsma,2013-07-11,song
train,Song Sparrow,song_sparrow,Melospiza,melodia,142620,142620-7.wav,wavfiles/142620-7.wav,//www.xeno-canto.org/142620,//creativecommons.org/licenses/by-sa/3.0/,Jonathon Jongsma,2013-07-11,song
train,Song Sparrow,song_sparrow,Melospiza,melodia,142620,142620-8.wav,wavfiles/142620-8.wav,//www.xeno-canto.org/142620,//creativecommons.org/licenses/by-sa/3.0/,Jonathon Jongsma,2013-07-11,song
train,Song Sparrow,song_sparrow,Melospiza,melodia,142620,142620-9.wav,wavfiles/142620-9.wav,//www.xeno-canto.org/142620,//creativecommons.org/licenses/by-sa/3.0/,Jonathon Jongsma,2013-07-11,song
train,Song Sparrow,song_sparrow,Melospiza,melodia,142621,142621-0.wav,wavfiles/142621-0.wav,//www.xeno-canto.org/142621,//creativecommons.org/licenses/by-sa/3.0/,Jonathon Jongsma,2013-07-11,song
train,Song Sparrow,song_sparrow,Melospiza,melodia,142621,142621-1.wav,wavfiles/142621-1.wav,//www.xeno-canto.org/142621,//creativecommons.org/licenses/by-sa/3.0/,Jonathon Jongsma,2013-07-11,song
train,Song Sparrow,song_sparrow,Melospiza,melodia,142621,142621-10.wav,wavfiles/142621-10.wav,//www.xeno-canto.org/142621,//creativecommons.org/licenses/by-sa/3.0/,Jonathon Jongsma,2013-07-11,song
train,Song Sparrow,song_sparrow,Melospiza,melodia,142621,142621-4.wav,wavfiles/142621-4.wav,//www.xeno-canto.org/142621,//creativecommons.org/licenses/by-sa/3.0/,Jonathon Jongsma,2013-07-11,song
train,Song Sparrow,song_sparrow,Melospiza,melodia,142621,142621-5.wav,wavfiles/142621-5.wav,//www.xeno-canto.org/142621,//creativecommons.org/licenses/by-sa/3.0/,Jonathon Jongsma,2013-07-11,song
train,Song Sparrow,song_sparrow,Melospiza,melodia,142621,142621-6.wav,wavfiles/142621-6.wav,//www.xeno-canto.org/142621,//creativecommons.org/licenses/by-sa/3.0/,Jonathon Jongsma,2013-07-11,song
train,Song Sparrow,song_sparrow,Melospiza,melodia,142621,142621-8.wav,wavfiles/142621-8.wav,//www.xeno-canto.org/142621,//creativecommons.org/licenses/by-sa/3.0/,Jonathon Jongsma,2013-07-11,song
train,Song Sparrow,song_sparrow,Melospiza,melodia,142621,142621-9.wav,wavfiles/142621-9.wav,//www.xeno-canto.org/142621,//creativecommons.org/licenses/by-sa/3.0/,Jonathon Jongsma,2013-07-11,song
train,Song Sparrow,song_sparrow,Melospiza,melodia,143923,143923-0.wav,wavfiles/143923-0.wav,//www.xeno-canto.org/143923,//creativecommons.org/licenses/by-nc-sa/3.0/,Lauren Harter,2013-03-22,song
train,Song Sparrow,song_sparrow,Melospiza,melodia,143923,143923-1.wav,wavfiles/143923-1.wav,//www.xeno-canto.org/143923,//creativecommons.org/licenses/by-nc-sa/3.0/,Lauren Harter,2013-03-22,song
train,Song Sparrow,song_sparrow,Melospiza,melodia,143923,143923-2.wav,wavfiles/143923-2.wav,//www.xeno-canto.org/143923,//creativecommons.org/licenses/by-nc-sa/3.0/,Lauren Harter,2013-03-22,song
train,Song Sparrow,song_sparrow,Melospiza,melodia,143923,143923-3.wav,wavfiles/143923-3.wav,//www.xeno-canto.org/143923,//creativecommons.org/licenses/by-nc-sa/3.0/,Lauren Harter,2013-03-22,song
train,Song Sparrow,song_sparrow,Melospiza,melodia,143923,143923-4.wav,wavfiles/143923-4.wav,//www.xeno-canto.org/143923,//creativecommons.org/licenses/by-nc-sa/3.0/,Lauren Harter,2013-03-22,song
train,Song Sparrow,song_sparrow,Melospiza,melodia,143923,143923-5.wav,wavfiles/143923-5.wav,//www.xeno-canto.org/143923,//creativecommons.org/licenses/by-nc-sa/3.0/,Lauren Harter,2013-03-22,song
train,Song Sparrow,song_sparrow,Melospiza,melodia,143923,143923-6.wav,wavfiles/143923-6.wav,//www.xeno-canto.org/143923,//creativecommons.org/licenses/by-nc-sa/3.0/,Lauren Harter,2013-03-22,song
train,Song Sparrow,song_sparrow,Melospiza,melodia,144116,144116-0.wav,wavfiles/144116-0.wav,//www.xeno-canto.org/144116,//creativecommons.org/licenses/by-nc-sa/3.0/,Lauren Harter,2013-04-07,song
train,Song Sparrow,song_sparrow,Melospiza,melodia,144116,144116-1.wav,wavfiles/144116-1.wav,//www.xeno-canto.org/144116,//creativecommons.org/licenses/by-nc-sa/3.0/,Lauren Harter,2013-04-07,song
train,Song Sparrow,song_sparrow,Melospiza,melodia,144116,144116-10.wav,wavfiles/144116-10.wav,//www.xeno-canto.org/144116,//creativecommons.org/licenses/by-nc-sa/3.0/,Lauren Harter,2013-04-07,song
train,Song Sparrow,song_sparrow,Melospiza,melodia,144116,144116-11.wav,wavfiles/144116-11.wav,//www.xeno-canto.org/144116,//creativecommons.org/licenses/by-nc-sa/3.0/,Lauren Harter,2013-04-07,song
train,Song Sparrow,song_sparrow,Melospiza,melodia,144116,144116-2.wav,wavfiles/144116-2.wav,//www.xeno-canto.org/144116,//creativecommons.org/licenses/by-nc-sa/3.0/,Lauren Harter,2013-04-07,song
train,Song Sparrow,song_sparrow,Melospiza,melodia,144116,144116-3.wav,wavfiles/144116-3.wav,//www.xeno-canto.org/144116,//creativecommons.org/licenses/by-nc-sa/3.0/,Lauren Harter,2013-04-07,song
train,Song Sparrow,song_sparrow,Melospiza,melodia,144116,144116-4.wav,wavfiles/144116-4.wav,//www.xeno-canto.org/144116,//creativecommons.org/licenses/by-nc-sa/3.0/,Lauren Harter,2013-04-07,song
train,Song Sparrow,song_sparrow,Melospiza,melodia,144116,144116-5.wav,wavfiles/144116-5.wav,//www.xeno-canto.org/144116,//creativecommons.org/licenses/by-nc-sa/3.0/,Lauren Harter,2013-04-07,song
train,Song Sparrow,song_sparrow,Melospiza,melodia,144116,144116-6.wav,wavfiles/144116-6.wav,//www.xeno-canto.org/144116,//creativecommons.org/licenses/by-nc-sa/3.0/,Lauren Harter,2013-04-07,song
train,Song Sparrow,song_sparrow,Melospiza,melodia,144116,144116-7.wav,wavfiles/144116-7.wav,//www.xeno-canto.org/144116,//creativecommons.org/licenses/by-nc-sa/3.0/,Lauren Harter,2013-04-07,song
train,Song Sparrow,song_sparrow,Melospiza,melodia,144116,144116-9.wav,wavfiles/144116-9.wav,//www.xeno-canto.org/144116,//creativecommons.org/licenses/by-nc-sa/3.0/,Lauren Harter,2013-04-07,song
train,Song Sparrow,song_sparrow,Melospiza,melodia,172442,172442-0.wav,wavfiles/172442-0.wav,//www.xeno-canto.org/172442,//creativecommons.org/licenses/by-nc-sa/4.0/,Eric DeFonso,2013-04-05,song
train,Song Sparrow,song_sparrow,Melospiza,melodia,172442,172442-1.wav,wavfiles/172442-1.wav,//www.xeno-canto.org/172442,//creativecommons.org/licenses/by-nc-sa/4.0/,Eric DeFonso,2013-04-05,song
train,Song Sparrow,song_sparrow,Melospiza,melodia,172442,172442-4.wav,wavfiles/172442-4.wav,//www.xeno-canto.org/172442,//creativecommons.org/licenses/by-nc-sa/4.0/,Eric DeFonso,2013-04-05,song
train,Song Sparrow,song_sparrow,Melospiza,melodia,172442,172442-5.wav,wavfiles/172442-5.wav,//www.xeno-canto.org/172442,//creativecommons.org/licenses/by-nc-sa/4.0/,Eric DeFonso,2013-04-05,song
train,Song Sparrow,song_sparrow,Melospiza,melodia,175509,175509-10.wav,wavfiles/175509-10.wav,//www.xeno-canto.org/175509,//creativecommons.org/licenses/by-nc-sa/4.0/,Derek Buchner,2014-04-20,song
train,Song Sparrow,song_sparrow,Melospiza,melodia,175509,175509-11.wav,wavfiles/175509-11.wav,//www.xeno-canto.org/175509,//creativecommons.org/licenses/by-nc-sa/4.0/,Derek Buchner,2014-04-20,song
train,Song Sparrow,song_sparrow,Melospiza,melodia,175509,175509-12.wav,wavfiles/175509-12.wav,//www.xeno-canto.org/175509,//creativecommons.org/licenses/by-nc-sa/4.0/,Derek Buchner,2014-04-20,song
train,Song Sparrow,song_sparrow,Melospiza,melodia,175509,175509-13.wav,wavfiles/175509-13.wav,//www.xeno-canto.org/175509,//creativecommons.org/licenses/by-nc-sa/4.0/,Derek Buchner,2014-04-20,song
train,Song Sparrow,song_sparrow,Melospiza,melodia,175509,175509-3.wav,wavfiles/175509-3.wav,//www.xeno-canto.org/175509,//creativecommons.org/licenses/by-nc-sa/4.0/,Derek Buchner,2014-04-20,song
train,Song Sparrow,song_sparrow,Melospiza,melodia,175509,175509-4.wav,wavfiles/175509-4.wav,//www.xeno-canto.org/175509,//creativecommons.org/licenses/by-nc-sa/4.0/,Derek Buchner,2014-04-20,song
train,Song Sparrow,song_sparrow,Melospiza,melodia,175509,175509-5.wav,wavfiles/175509-5.wav,//www.xeno-canto.org/175509,//creativecommons.org/licenses/by-nc-sa/4.0/,Derek Buchner,2014-04-20,song
train,Song Sparrow,song_sparrow,Melospiza,melodia,175509,175509-7.wav,wavfiles/175509-7.wav,//www.xeno-canto.org/175509,//creativecommons.org/licenses/by-nc-sa/4.0/,Derek Buchner,2014-04-20,song
train,Song Sparrow,song_sparrow,Melospiza,melodia,175509,175509-8.wav,wavfiles/175509-8.wav,//www.xeno-canto.org/175509,//creativecommons.org/licenses/by-nc-sa/4.0/,Derek Buchner,2014-04-20,song
train,Song Sparrow,song_sparrow,Melospiza,melodia,175509,175509-9.wav,wavfiles/175509-9.wav,//www.xeno-canto.org/175509,//creativecommons.org/licenses/by-nc-sa/4.0/,Derek Buchner,2014-04-20,song
train,Song Sparrow,song_sparrow,Melospiza,melodia,189286,189286-0.wav,wavfiles/189286-0.wav,//www.xeno-canto.org/189286,//creativecommons.org/licenses/by-nc-sa/4.0/,Paul Driver,2014-07-31,song
train,Song Sparrow,song_sparrow,Melospiza,melodia,189286,189286-1.wav,wavfiles/189286-1.wav,//www.xeno-canto.org/189286,//creativecommons.org/licenses/by-nc-sa/4.0/,Paul Driver,2014-07-31,song
train,Song Sparrow,song_sparrow,Melospiza,melodia,189286,189286-10.wav,wavfiles/189286-10.wav,//www.xeno-canto.org/189286,//creativecommons.org/licenses/by-nc-sa/4.0/,Paul Driver,2014-07-31,song
train,Song Sparrow,song_sparrow,Melospiza,melodia,189286,189286-2.wav,wavfiles/189286-2.wav,//www.xeno-canto.org/189286,//creativecommons.org/licenses/by-nc-sa/4.0/,Paul Driver,2014-07-31,song
train,Song Sparrow,song_sparrow,Melospiza,melodia,189286,189286-4.wav,wavfiles/189286-4.wav,//www.xeno-canto.org/189286,//creativecommons.org/licenses/by-nc-sa/4.0/,Paul Driver,2014-07-31,song
train,Song Sparrow,song_sparrow,Melospiza,melodia,189286,189286-5.wav,wavfiles/189286-5.wav,//www.xeno-canto.org/189286,//creativecommons.org/licenses/by-nc-sa/4.0/,Paul Driver,2014-07-31,song
train,Song Sparrow,song_sparrow,Melospiza,melodia,189286,189286-6.wav,wavfiles/189286-6.wav,//www.xeno-canto.org/189286,//creativecommons.org/licenses/by-nc-sa/4.0/,Paul Driver,2014-07-31,song
train,Song Sparrow,song_sparrow,Melospiza,melodia,189286,189286-8.wav,wavfiles/189286-8.wav,//www.xeno-canto.org/189286,//creativecommons.org/licenses/by-nc-sa/4.0/,Paul Driver,2014-07-31,song
train,Song Sparrow,song_sparrow,Melospiza,melodia,189286,189286-9.wav,wavfiles/189286-9.wav,//www.xeno-canto.org/189286,//creativecommons.org/licenses/by-nc-sa/4.0/,Paul Driver,2014-07-31,song
train,Song Sparrow,song_sparrow,Melospiza,melodia,193953,193953-0.wav,wavfiles/193953-0.wav,//www.xeno-canto.org/193953,//creativecommons.org/licenses/by-nc-sa/4.0/,Richard E. Webster,2014-06-23,song
train,Song Sparrow,song_sparrow,Melospiza,melodia,193953,193953-1.wav,wavfiles/193953-1.wav,//www.xeno-canto.org/193953,//creativecommons.org/licenses/by-nc-sa/4.0/,Richard E. Webster,2014-06-23,song
train,Song Sparrow,song_sparrow,Melospiza,melodia,193953,193953-2.wav,wavfiles/193953-2.wav,//www.xeno-canto.org/193953,//creativecommons.org/licenses/by-nc-sa/4.0/,Richard E. Webster,2014-06-23,song
train,Song Sparrow,song_sparrow,Melospiza,melodia,193953,193953-6.wav,wavfiles/193953-6.wav,//www.xeno-canto.org/193953,//creativecommons.org/licenses/by-nc-sa/4.0/,Richard E. Webster,2014-06-23,song
train,Song Sparrow,song_sparrow,Melospiza,melodia,193953,193953-7.wav,wavfiles/193953-7.wav,//www.xeno-canto.org/193953,//creativecommons.org/licenses/by-nc-sa/4.0/,Richard E. Webster,2014-06-23,song
train,Song Sparrow,song_sparrow,Melospiza,melodia,193953,193953-8.wav,wavfiles/193953-8.wav,//www.xeno-canto.org/193953,//creativecommons.org/licenses/by-nc-sa/4.0/,Richard E. Webster,2014-06-23,song
train,Song Sparrow,song_sparrow,Melospiza,melodia,195046,195046-0.wav,wavfiles/195046-0.wav,//www.xeno-canto.org/195046,//creativecommons.org/licenses/by-nc-sa/4.0/,Richard E. Webster,2014-06-24,song
train,Song Sparrow,song_sparrow,Melospiza,melodia,195046,195046-1.wav,wavfiles/195046-1.wav,//www.xeno-canto.org/195046,//creativecommons.org/licenses/by-nc-sa/4.0/,Richard E. Webster,2014-06-24,song
train,Song Sparrow,song_sparrow,Melospiza,melodia,195046,195046-10.wav,wavfiles/195046-10.wav,//www.xeno-canto.org/195046,//creativecommons.org/licenses/by-nc-sa/4.0/,Richard E. Webster,2014-06-24,song
train,Song Sparrow,song_sparrow,Melospiza,melodia,195046,195046-2.wav,wavfiles/195046-2.wav,//www.xeno-canto.org/195046,//creativecommons.org/licenses/by-nc-sa/4.0/,Richard E. Webster,2014-06-24,song
train,Song Sparrow,song_sparrow,Melospiza,melodia,195046,195046-4.wav,wavfiles/195046-4.wav,//www.xeno-canto.org/195046,//creativecommons.org/licenses/by-nc-sa/4.0/,Richard E. Webster,2014-06-24,song
train,Song Sparrow,song_sparrow,Melospiza,melodia,195046,195046-5.wav,wavfiles/195046-5.wav,//www.xeno-canto.org/195046,//creativecommons.org/licenses/by-nc-sa/4.0/,Richard E. Webster,2014-06-24,song
train,Song Sparrow,song_sparrow,Melospiza,melodia,195046,195046-6.wav,wavfiles/195046-6.wav,//www.xeno-canto.org/195046,//creativecommons.org/licenses/by-nc-sa/4.0/,Richard E. Webster,2014-06-24,song
train,Song Sparrow,song_sparrow,Melospiza,melodia,195046,195046-7.wav,wavfiles/195046-7.wav,//www.xeno-canto.org/195046,//creativecommons.org/licenses/by-nc-sa/4.0/,Richard E. Webster,2014-06-24,song
train,Song Sparrow,song_sparrow,Melospiza,melodia,195046,195046-8.wav,wavfiles/195046-8.wav,//www.xeno-canto.org/195046,//creativecommons.org/licenses/by-nc-sa/4.0/,Richard E. Webster,2014-06-24,song
train,Song Sparrow,song_sparrow,Melospiza,melodia,195046,195046-9.wav,wavfiles/195046-9.wav,//www.xeno-canto.org/195046,//creativecommons.org/licenses/by-nc-sa/4.0/,Richard E. Webster,2014-06-24,song
train,Song Sparrow,song_sparrow,Melospiza,melodia,205806,205806-0.wav,wavfiles/205806-0.wav,//www.xeno-canto.org/205806,//creativecommons.org/licenses/by-nc-sa/4.0/,Eric DeFonso,2014-05-29,song
train,Song Sparrow,song_sparrow,Melospiza,melodia,205806,205806-1.wav,wavfiles/205806-1.wav,//www.xeno-canto.org/205806,//creativecommons.org/licenses/by-nc-sa/4.0/,Eric DeFonso,2014-05-29,song
train,Song Sparrow,song_sparrow,Melospiza,melodia,205806,205806-10.wav,wavfiles/205806-10.wav,//www.xeno-canto.org/205806,//creativecommons.org/licenses/by-nc-sa/4.0/,Eric DeFonso,2014-05-29,song
train,Song Sparrow,song_sparrow,Melospiza,melodia,205806,205806-11.wav,wavfiles/205806-11.wav,//www.xeno-canto.org/205806,//creativecommons.org/licenses/by-nc-sa/4.0/,Eric DeFonso,2014-05-29,song
train,Song Sparrow,song_sparrow,Melospiza,melodia,205806,205806-12.wav,wavfiles/205806-12.wav,//www.xeno-canto.org/205806,//creativecommons.org/licenses/by-nc-sa/4.0/,Eric DeFonso,2014-05-29,song
train,Song Sparrow,song_sparrow,Melospiza,melodia,205806,205806-13.wav,wavfiles/205806-13.wav,//www.xeno-canto.org/205806,//creativecommons.org/licenses/by-nc-sa/4.0/,Eric DeFonso,2014-05-29,song
train,Song Sparrow,song_sparrow,Melospiza,melodia,205806,205806-14.wav,wavfiles/205806-14.wav,//www.xeno-canto.org/205806,//creativecommons.org/licenses/by-nc-sa/4.0/,Eric DeFonso,2014-05-29,song
train,Song Sparrow,song_sparrow,Melospiza,melodia,205806,205806-15.wav,wavfiles/205806-15.wav,//www.xeno-canto.org/205806,//creativecommons.org/licenses/by-nc-sa/4.0/,Eric DeFonso,2014-05-29,song
train,Song Sparrow,song_sparrow,Melospiza,melodia,205806,205806-16.wav,wavfiles/205806-16.wav,//www.xeno-canto.org/205806,//creativecommons.org/licenses/by-nc-sa/4.0/,Eric DeFonso,2014-05-29,song
train,Song Sparrow,song_sparrow,Melospiza,melodia,205806,205806-2.wav,wavfiles/205806-2.wav,//www.xeno-canto.org/205806,//creativecommons.org/licenses/by-nc-sa/4.0/,Eric DeFonso,2014-05-29,song
train,Song Sparrow,song_sparrow,Melospiza,melodia,205806,205806-3.wav,wavfiles/205806-3.wav,//www.xeno-canto.org/205806,//creativecommons.org/licenses/by-nc-sa/4.0/,Eric DeFonso,2014-05-29,song
train,Song Sparrow,song_sparrow,Melospiza,melodia,205806,205806-4.wav,wavfiles/205806-4.wav,//www.xeno-canto.org/205806,//creativecommons.org/licenses/by-nc-sa/4.0/,Eric DeFonso,2014-05-29,song
train,Song Sparrow,song_sparrow,Melospiza,melodia,205806,205806-6.wav,wavfiles/205806-6.wav,//www.xeno-canto.org/205806,//creativecommons.org/licenses/by-nc-sa/4.0/,Eric DeFonso,2014-05-29,song
train,Song Sparrow,song_sparrow,Melospiza,melodia,205806,205806-7.wav,wavfiles/205806-7.wav,//www.xeno-canto.org/205806,//creativecommons.org/licenses/by-nc-sa/4.0/,Eric DeFonso,2014-05-29,song
train,Song Sparrow,song_sparrow,Melospiza,melodia,205806,205806-8.wav,wavfiles/205806-8.wav,//www.xeno-canto.org/205806,//creativecommons.org/licenses/by-nc-sa/4.0/,Eric DeFonso,2014-05-29,song
train,Song Sparrow,song_sparrow,Melospiza,melodia,205810,205810-0.wav,wavfiles/205810-0.wav,//www.xeno-canto.org/205810,//creativecommons.org/licenses/by-nc-sa/4.0/,Eric DeFonso,2014-05-29,song
train,Song Sparrow,song_sparrow,Melospiza,melodia,205810,205810-1.wav,wavfiles/205810-1.wav,//www.xeno-canto.org/205810,//creativecommons.org/licenses/by-nc-sa/4.0/,Eric DeFonso,2014-05-29,song
train,Song Sparrow,song_sparrow,Melospiza,melodia,205810,205810-2.wav,wavfiles/205810-2.wav,//www.xeno-canto.org/205810,//creativecommons.org/licenses/by-nc-sa/4.0/,Eric DeFonso,2014-05-29,song
train,Song Sparrow,song_sparrow,Melospiza,melodia,205810,205810-3.wav,wavfiles/205810-3.wav,//www.xeno-canto.org/205810,//creativecommons.org/licenses/by-nc-sa/4.0/,Eric DeFonso,2014-05-29,song
train,Song Sparrow,song_sparrow,Melospiza,melodia,205810,205810-6.wav,wavfiles/205810-6.wav,//www.xeno-canto.org/205810,//creativecommons.org/licenses/by-nc-sa/4.0/,Eric DeFonso,2014-05-29,song
train,Song Sparrow,song_sparrow,Melospiza,melodia,205810,205810-7.wav,wavfiles/205810-7.wav,//www.xeno-canto.org/205810,//creativecommons.org/licenses/by-nc-sa/4.0/,Eric DeFonso,2014-05-29,song
train,Song Sparrow,song_sparrow,Melospiza,melodia,205810,205810-8.wav,wavfiles/205810-8.wav,//www.xeno-canto.org/205810,//creativecommons.org/licenses/by-nc-sa/4.0/,Eric DeFonso,2014-05-29,song
train,Song Sparrow,song_sparrow,Melospiza,melodia,205810,205810-9.wav,wavfiles/205810-9.wav,//www.xeno-canto.org/205810,//creativecommons.org/licenses/by-nc-sa/4.0/,Eric DeFonso,2014-05-29,song
train,Song Sparrow,song_sparrow,Melospiza,melodia,235955,235955-0.wav,wavfiles/235955-0.wav,//www.xeno-canto.org/235955,//creativecommons.org/licenses/by-nc-sa/4.0/,Steve Hampton,2015-04-10,song
train,Song Sparrow,song_sparrow,Melospiza,melodia,235955,235955-1.wav,wavfiles/235955-1.wav,//www.xeno-canto.org/235955,//creativecommons.org/licenses/by-nc-sa/4.0/,Steve Hampton,2015-04-10,song
train,Song Sparrow,song_sparrow,Melospiza,melodia,235955,235955-10.wav,wavfiles/235955-10.wav,//www.xeno-canto.org/235955,//creativecommons.org/licenses/by-nc-sa/4.0/,Steve Hampton,2015-04-10,song
train,Song Sparrow,song_sparrow,Melospiza,melodia,235955,235955-11.wav,wavfiles/235955-11.wav,//www.xeno-canto.org/235955,//creativecommons.org/licenses/by-nc-sa/4.0/,Steve Hampton,2015-04-10,song
train,Song Sparrow,song_sparrow,Melospiza,melodia,235955,235955-12.wav,wavfiles/235955-12.wav,//www.xeno-canto.org/235955,//creativecommons.org/licenses/by-nc-sa/4.0/,Steve Hampton,2015-04-10,song
train,Song Sparrow,song_sparrow,Melospiza,melodia,235955,235955-2.wav,wavfiles/235955-2.wav,//www.xeno-canto.org/235955,//creativecommons.org/licenses/by-nc-sa/4.0/,Steve Hampton,2015-04-10,song
train,Song Sparrow,song_sparrow,Melospiza,melodia,235955,235955-3.wav,wavfiles/235955-3.wav,//www.xeno-canto.org/235955,//creativecommons.org/licenses/by-nc-sa/4.0/,Steve Hampton,2015-04-10,song
train,Song Sparrow,song_sparrow,Melospiza,melodia,235955,235955-4.wav,wavfiles/235955-4.wav,//www.xeno-canto.org/235955,//creativecommons.org/licenses/by-nc-sa/4.0/,Steve Hampton,2015-04-10,song
train,Song Sparrow,song_sparrow,Melospiza,melodia,235955,235955-5.wav,wavfiles/235955-5.wav,//www.xeno-canto.org/235955,//creativecommons.org/licenses/by-nc-sa/4.0/,Steve Hampton,2015-04-10,song
train,Song Sparrow,song_sparrow,Melospiza,melodia,235955,235955-6.wav,wavfiles/235955-6.wav,//www.xeno-canto.org/235955,//creativecommons.org/licenses/by-nc-sa/4.0/,Steve Hampton,2015-04-10,song
train,Song Sparrow,song_sparrow,Melospiza,melodia,235955,235955-7.wav,wavfiles/235955-7.wav,//www.xeno-canto.org/235955,//creativecommons.org/licenses/by-nc-sa/4.0/,Steve Hampton,2015-04-10,song
train,Song Sparrow,song_sparrow,Melospiza,melodia,235955,235955-8.wav,wavfiles/235955-8.wav,//www.xeno-canto.org/235955,//creativecommons.org/licenses/by-nc-sa/4.0/,Steve Hampton,2015-04-10,song
train,Song Sparrow,song_sparrow,Melospiza,melodia,235955,235955-9.wav,wavfiles/235955-9.wav,//www.xeno-canto.org/235955,//creativecommons.org/licenses/by-nc-sa/4.0/,Steve Hampton,2015-04-10,song
train,Song Sparrow,song_sparrow,Melospiza,melodia,282512,282512-12.wav,wavfiles/282512-12.wav,//www.xeno-canto.org/282512,//creativecommons.org/licenses/by-nc-sa/4.0/,Antonio Xeira,2015-09-23,song
train,Song Sparrow,song_sparrow,Melospiza,melodia,282512,282512-4.wav,wavfiles/282512-4.wav,//www.xeno-canto.org/282512,//creativecommons.org/licenses/by-nc-sa/4.0/,Antonio Xeira,2015-09-23,song
train,Song Sparrow,song_sparrow,Melospiza,melodia,282512,282512-5.wav,wavfiles/282512-5.wav,//www.xeno-canto.org/282512,//creativecommons.org/licenses/by-nc-sa/4.0/,Antonio Xeira,2015-09-23,song
train,Song Sparrow,song_sparrow,Melospiza,melodia,282512,282512-7.wav,wavfiles/282512-7.wav,//www.xeno-canto.org/282512,//creativecommons.org/licenses/by-nc-sa/4.0/,Antonio Xeira,2015-09-23,song
train,Song Sparrow,song_sparrow,Melospiza,melodia,282512,282512-8.wav,wavfiles/282512-8.wav,//www.xeno-canto.org/282512,//creativecommons.org/licenses/by-nc-sa/4.0/,Antonio Xeira,2015-09-23,song
train,Song Sparrow,song_sparrow,Melospiza,melodia,282625,282625-0.wav,wavfiles/282625-0.wav,//www.xeno-canto.org/282625,//creativecommons.org/licenses/by-nc-sa/4.0/,Paul Marvin,2015-04-06,song
train,Song Sparrow,song_sparrow,Melospiza,melodia,282625,282625-1.wav,wavfiles/282625-1.wav,//www.xeno-canto.org/282625,//creativecommons.org/licenses/by-nc-sa/4.0/,Paul Marvin,2015-04-06,song
train,Song Sparrow,song_sparrow,Melospiza,melodia,282625,282625-2.wav,wavfiles/282625-2.wav,//www.xeno-canto.org/282625,//creativecommons.org/licenses/by-nc-sa/4.0/,Paul Marvin,2015-04-06,song
train,Song Sparrow,song_sparrow,Melospiza,melodia,282625,282625-3.wav,wavfiles/282625-3.wav,//www.xeno-canto.org/282625,//creativecommons.org/licenses/by-nc-sa/4.0/,Paul Marvin,2015-04-06,song
train,Song Sparrow,song_sparrow,Melospiza,melodia,282625,282625-4.wav,wavfiles/282625-4.wav,//www.xeno-canto.org/282625,//creativecommons.org/licenses/by-nc-sa/4.0/,Paul Marvin,2015-04-06,song
train,Song Sparrow,song_sparrow,Melospiza,melodia,282625,282625-5.wav,wavfiles/282625-5.wav,//www.xeno-canto.org/282625,//creativecommons.org/licenses/by-nc-sa/4.0/,Paul Marvin,2015-04-06,song
train,Song Sparrow,song_sparrow,Melospiza,melodia,282625,282625-6.wav,wavfiles/282625-6.wav,//www.xeno-canto.org/282625,//creativecommons.org/licenses/by-nc-sa/4.0/,Paul Marvin,2015-04-06,song
train,Song Sparrow,song_sparrow,Melospiza,melodia,282625,282625-7.wav,wavfiles/282625-7.wav,//www.xeno-canto.org/282625,//creativecommons.org/licenses/by-nc-sa/4.0/,Paul Marvin,2015-04-06,song
train,Song Sparrow,song_sparrow,Melospiza,melodia,288000,288000-0.wav,wavfiles/288000-0.wav,//www.xeno-canto.org/288000,//creativecommons.org/licenses/by-nc-sa/4.0/,J.R. Rigby,2015-10-30,song
train,Song Sparrow,song_sparrow,Melospiza,melodia,288000,288000-1.wav,wavfiles/288000-1.wav,//www.xeno-canto.org/288000,//creativecommons.org/licenses/by-nc-sa/4.0/,J.R. Rigby,2015-10-30,song
train,Song Sparrow,song_sparrow,Melospiza,melodia,288000,288000-10.wav,wavfiles/288000-10.wav,//www.xeno-canto.org/288000,//creativecommons.org/licenses/by-nc-sa/4.0/,J.R. Rigby,2015-10-30,song
train,Song Sparrow,song_sparrow,Melospiza,melodia,288000,288000-2.wav,wavfiles/288000-2.wav,//www.xeno-canto.org/288000,//creativecommons.org/licenses/by-nc-sa/4.0/,J.R. Rigby,2015-10-30,song
train,Song Sparrow,song_sparrow,Melospiza,melodia,288000,288000-3.wav,wavfiles/288000-3.wav,//www.xeno-canto.org/288000,//creativecommons.org/licenses/by-nc-sa/4.0/,J.R. Rigby,2015-10-30,song
train,Song Sparrow,song_sparrow,Melospiza,melodia,288000,288000-4.wav,wavfiles/288000-4.wav,//www.xeno-canto.org/288000,//creativecommons.org/licenses/by-nc-sa/4.0/,J.R. Rigby,2015-10-30,song
train,Song Sparrow,song_sparrow,Melospiza,melodia,288000,288000-5.wav,wavfiles/288000-5.wav,//www.xeno-canto.org/288000,//creativecommons.org/licenses/by-nc-sa/4.0/,J.R. Rigby,2015-10-30,song
train,Song Sparrow,song_sparrow,Melospiza,melodia,288000,288000-6.wav,wavfiles/288000-6.wav,//www.xeno-canto.org/288000,//creativecommons.org/licenses/by-nc-sa/4.0/,J.R. Rigby,2015-10-30,song
train,Song Sparrow,song_sparrow,Melospiza,melodia,288000,288000-7.wav,wavfiles/288000-7.wav,//www.xeno-canto.org/288000,//creativecommons.org/licenses/by-nc-sa/4.0/,J.R. Rigby,2015-10-30,song
train,Song Sparrow,song_sparrow,Melospiza,melodia,288000,288000-8.wav,wavfiles/288000-8.wav,//www.xeno-canto.org/288000,//creativecommons.org/licenses/by-nc-sa/4.0/,J.R. Rigby,2015-10-30,song
train,Song Sparrow,song_sparrow,Melospiza,melodia,288000,288000-9.wav,wavfiles/288000-9.wav,//www.xeno-canto.org/288000,//creativecommons.org/licenses/by-nc-sa/4.0/,J.R. Rigby,2015-10-30,song
train,Song Sparrow,song_sparrow,Melospiza,melodia,288255,288255-0.wav,wavfiles/288255-0.wav,//www.xeno-canto.org/288255,//creativecommons.org/licenses/by-nc-sa/4.0/,J.R. Rigby,2015-11-01,"juvenile, subsong"
train,Song Sparrow,song_sparrow,Melospiza,melodia,288255,288255-1.wav,wavfiles/288255-1.wav,//www.xeno-canto.org/288255,//creativecommons.org/licenses/by-nc-sa/4.0/,J.R. Rigby,2015-11-01,"juvenile, subsong"
train,Song Sparrow,song_sparrow,Melospiza,melodia,288255,288255-10.wav,wavfiles/288255-10.wav,//www.xeno-canto.org/288255,//creativecommons.org/licenses/by-nc-sa/4.0/,J.R. Rigby,2015-11-01,"juvenile, subsong"
train,Song Sparrow,song_sparrow,Melospiza,melodia,288255,288255-11.wav,wavfiles/288255-11.wav,//www.xeno-canto.org/288255,//creativecommons.org/licenses/by-nc-sa/4.0/,J.R. Rigby,2015-11-01,"juvenile, subsong"
train,Song Sparrow,song_sparrow,Melospiza,melodia,288255,288255-12.wav,wavfiles/288255-12.wav,//www.xeno-canto.org/288255,//creativecommons.org/licenses/by-nc-sa/4.0/,J.R. Rigby,2015-11-01,"juvenile, subsong"
train,Song Sparrow,song_sparrow,Melospiza,melodia,288255,288255-15.wav,wavfiles/288255-15.wav,//www.xeno-canto.org/288255,//creativecommons.org/licenses/by-nc-sa/4.0/,J.R. Rigby,2015-11-01,"juvenile, subsong"
train,Song Sparrow,song_sparrow,Melospiza,melodia,288255,288255-2.wav,wavfiles/288255-2.wav,//www.xeno-canto.org/288255,//creativecommons.org/licenses/by-nc-sa/4.0/,J.R. Rigby,2015-11-01,"juvenile, subsong"
train,Song Sparrow,song_sparrow,Melospiza,melodia,288255,288255-3.wav,wavfiles/288255-3.wav,//www.xeno-canto.org/288255,//creativecommons.org/licenses/by-nc-sa/4.0/,J.R. Rigby,2015-11-01,"juvenile, subsong"
train,Song Sparrow,song_sparrow,Melospiza,melodia,288255,288255-4.wav,wavfiles/288255-4.wav,//www.xeno-canto.org/288255,//creativecommons.org/licenses/by-nc-sa/4.0/,J.R. Rigby,2015-11-01,"juvenile, subsong"
train,Song Sparrow,song_sparrow,Melospiza,melodia,288255,288255-5.wav,wavfiles/288255-5.wav,//www.xeno-canto.org/288255,//creativecommons.org/licenses/by-nc-sa/4.0/,J.R. Rigby,2015-11-01,"juvenile, subsong"
train,Song Sparrow,song_sparrow,Melospiza,melodia,288255,288255-6.wav,wavfiles/288255-6.wav,//www.xeno-canto.org/288255,//creativecommons.org/licenses/by-nc-sa/4.0/,J.R. Rigby,2015-11-01,"juvenile, subsong"
train,Song Sparrow,song_sparrow,Melospiza,melodia,288255,288255-7.wav,wavfiles/288255-7.wav,//www.xeno-canto.org/288255,//creativecommons.org/licenses/by-nc-sa/4.0/,J.R. Rigby,2015-11-01,"juvenile, subsong"
train,Song Sparrow,song_sparrow,Melospiza,melodia,288255,288255-8.wav,wavfiles/288255-8.wav,//www.xeno-canto.org/288255,//creativecommons.org/licenses/by-nc-sa/4.0/,J.R. Rigby,2015-11-01,"juvenile, subsong"
train,Song Sparrow,song_sparrow,Melospiza,melodia,288255,288255-9.wav,wavfiles/288255-9.wav,//www.xeno-canto.org/288255,//creativecommons.org/licenses/by-nc-sa/4.0/,J.R. Rigby,2015-11-01,"juvenile, subsong"
train,Song Sparrow,song_sparrow,Melospiza,melodia,306748,306748-0.wav,wavfiles/306748-0.wav,//www.xeno-canto.org/306748,//creativecommons.org/licenses/by-nc-sa/4.0/,Hal Mitchell,2016-03-12,song
train,Song Sparrow,song_sparrow,Melospiza,melodia,306748,306748-1.wav,wavfiles/306748-1.wav,//www.xeno-canto.org/306748,//creativecommons.org/licenses/by-nc-sa/4.0/,Hal Mitchell,2016-03-12,song
train,Song Sparrow,song_sparrow,Melospiza,melodia,306748,306748-10.wav,wavfiles/306748-10.wav,//www.xeno-canto.org/306748,//creativecommons.org/licenses/by-nc-sa/4.0/,Hal Mitchell,2016-03-12,song
train,Song Sparrow,song_sparrow,Melospiza,melodia,306748,306748-11.wav,wavfiles/306748-11.wav,//www.xeno-canto.org/306748,//creativecommons.org/licenses/by-nc-sa/4.0/,Hal Mitchell,2016-03-12,song
train,Song Sparrow,song_sparrow,Melospiza,melodia,306748,306748-12.wav,wavfiles/306748-12.wav,//www.xeno-canto.org/306748,//creativecommons.org/licenses/by-nc-sa/4.0/,Hal Mitchell,2016-03-12,song
train,Song Sparrow,song_sparrow,Melospiza,melodia,306748,306748-13.wav,wavfiles/306748-13.wav,//www.xeno-canto.org/306748,//creativecommons.org/licenses/by-nc-sa/4.0/,Hal Mitchell,2016-03-12,song
train,Song Sparrow,song_sparrow,Melospiza,melodia,306748,306748-14.wav,wavfiles/306748-14.wav,//www.xeno-canto.org/306748,//creativecommons.org/licenses/by-nc-sa/4.0/,Hal Mitchell,2016-03-12,song
train,Song Sparrow,song_sparrow,Melospiza,melodia,306748,306748-2.wav,wavfiles/306748-2.wav,//www.xeno-canto.org/306748,//creativecommons.org/licenses/by-nc-sa/4.0/,Hal Mitchell,2016-03-12,song
train,Song Sparrow,song_sparrow,Melospiza,melodia,306748,306748-3.wav,wavfiles/306748-3.wav,//www.xeno-canto.org/306748,//creativecommons.org/licenses/by-nc-sa/4.0/,Hal Mitchell,2016-03-12,song
train,Song Sparrow,song_sparrow,Melospiza,melodia,306748,306748-4.wav,wavfiles/306748-4.wav,//www.xeno-canto.org/306748,//creativecommons.org/licenses/by-nc-sa/4.0/,Hal Mitchell,2016-03-12,song
train,Song Sparrow,song_sparrow,Melospiza,melodia,306748,306748-5.wav,wavfiles/306748-5.wav,//www.xeno-canto.org/306748,//creativecommons.org/licenses/by-nc-sa/4.0/,Hal Mitchell,2016-03-12,song
train,Song Sparrow,song_sparrow,Melospiza,melodia,306748,306748-6.wav,wavfiles/306748-6.wav,//www.xeno-canto.org/306748,//creativecommons.org/licenses/by-nc-sa/4.0/,Hal Mitchell,2016-03-12,song
train,Song Sparrow,song_sparrow,Melospiza,melodia,306748,306748-7.wav,wavfiles/306748-7.wav,//www.xeno-canto.org/306748,//creativecommons.org/licenses/by-nc-sa/4.0/,Hal Mitchell,2016-03-12,song
train,Song Sparrow,song_sparrow,Melospiza,melodia,306748,306748-8.wav,wavfiles/306748-8.wav,//www.xeno-canto.org/306748,//creativecommons.org/licenses/by-nc-sa/4.0/,Hal Mitchell,2016-03-12,song
train,Song Sparrow,song_sparrow,Melospiza,melodia,306748,306748-9.wav,wavfiles/306748-9.wav,//www.xeno-canto.org/306748,//creativecommons.org/licenses/by-nc-sa/4.0/,Hal Mitchell,2016-03-12,song
train,Song Sparrow,song_sparrow,Melospiza,melodia,309650,309650-0.wav,wavfiles/309650-0.wav,//www.xeno-canto.org/309650,//creativecommons.org/licenses/by-nc-sa/4.0/,Antonio Xeira,2016-03-22,song
train,Song Sparrow,song_sparrow,Melospiza,melodia,309650,309650-1.wav,wavfiles/309650-1.wav,//www.xeno-canto.org/309650,//creativecommons.org/licenses/by-nc-sa/4.0/,Antonio Xeira,2016-03-22,song
train,Song Sparrow,song_sparrow,Melospiza,melodia,309650,309650-3.wav,wavfiles/309650-3.wav,//www.xeno-canto.org/309650,//creativecommons.org/licenses/by-nc-sa/4.0/,Antonio Xeira,2016-03-22,song
train,Song Sparrow,song_sparrow,Melospiza,melodia,309650,309650-4.wav,wavfiles/309650-4.wav,//www.xeno-canto.org/309650,//creativecommons.org/licenses/by-nc-sa/4.0/,Antonio Xeira,2016-03-22,song
train,Song Sparrow,song_sparrow,Melospiza,melodia,309650,309650-5.wav,wavfiles/309650-5.wav,//www.xeno-canto.org/309650,//creativecommons.org/licenses/by-nc-sa/4.0/,Antonio Xeira,2016-03-22,song
train,Song Sparrow,song_sparrow,Melospiza,melodia,309650,309650-6.wav,wavfiles/309650-6.wav,//www.xeno-canto.org/309650,//creativecommons.org/licenses/by-nc-sa/4.0/,Antonio Xeira,2016-03-22,song
train,Song Sparrow,song_sparrow,Melospiza,melodia,309650,309650-7.wav,wavfiles/309650-7.wav,//www.xeno-canto.org/309650,//creativecommons.org/licenses/by-nc-sa/4.0/,Antonio Xeira,2016-03-22,song
train,Song Sparrow,song_sparrow,Melospiza,melodia,309650,309650-8.wav,wavfiles/309650-8.wav,//www.xeno-canto.org/309650,//creativecommons.org/licenses/by-nc-sa/4.0/,Antonio Xeira,2016-03-22,song
train,Song Sparrow,song_sparrow,Melospiza,melodia,312736,312736-0.wav,wavfiles/312736-0.wav,//www.xeno-canto.org/312736,//creativecommons.org/licenses/by-nc-sa/4.0/,Antonio Xeira,2016-04-17,song
train,Song Sparrow,song_sparrow,Melospiza,melodia,312736,312736-1.wav,wavfiles/312736-1.wav,//www.xeno-canto.org/312736,//creativecommons.org/licenses/by-nc-sa/4.0/,Antonio Xeira,2016-04-17,song
train,Song Sparrow,song_sparrow,Melospiza,melodia,312736,312736-10.wav,wavfiles/312736-10.wav,//www.xeno-canto.org/312736,//creativecommons.org/licenses/by-nc-sa/4.0/,Antonio Xeira,2016-04-17,song
train,Song Sparrow,song_sparrow,Melospiza,melodia,312736,312736-2.wav,wavfiles/312736-2.wav,//www.xeno-canto.org/312736,//creativecommons.org/licenses/by-nc-sa/4.0/,Antonio Xeira,2016-04-17,song
train,Song Sparrow,song_sparrow,Melospiza,melodia,312736,312736-3.wav,wavfiles/312736-3.wav,//www.xeno-canto.org/312736,//creativecommons.org/licenses/by-nc-sa/4.0/,Antonio Xeira,2016-04-17,song
train,Song Sparrow,song_sparrow,Melospiza,melodia,312736,312736-4.wav,wavfiles/312736-4.wav,//www.xeno-canto.org/312736,//creativecommons.org/licenses/by-nc-sa/4.0/,Antonio Xeira,2016-04-17,song
train,Song Sparrow,song_sparrow,Melospiza,melodia,312736,312736-5.wav,wavfiles/312736-5.wav,//www.xeno-canto.org/312736,//creativecommons.org/licenses/by-nc-sa/4.0/,Antonio Xeira,2016-04-17,song
train,Song Sparrow,song_sparrow,Melospiza,melodia,312736,312736-6.wav,wavfiles/312736-6.wav,//www.xeno-canto.org/312736,//creativecommons.org/licenses/by-nc-sa/4.0/,Antonio Xeira,2016-04-17,song
train,Song Sparrow,song_sparrow,Melospiza,melodia,312736,312736-7.wav,wavfiles/312736-7.wav,//www.xeno-canto.org/312736,//creativecommons.org/licenses/by-nc-sa/4.0/,Antonio Xeira,2016-04-17,song
train,Song Sparrow,song_sparrow,Melospiza,melodia,312736,312736-8.wav,wavfiles/312736-8.wav,//www.xeno-canto.org/312736,//creativecommons.org/licenses/by-nc-sa/4.0/,Antonio Xeira,2016-04-17,song
train,Song Sparrow,song_sparrow,Melospiza,melodia,312736,312736-9.wav,wavfiles/312736-9.wav,//www.xeno-canto.org/312736,//creativecommons.org/licenses/by-nc-sa/4.0/,Antonio Xeira,2016-04-17,song
train,Song Sparrow,song_sparrow,Melospiza,melodia,320469,320469-0.wav,wavfiles/320469-0.wav,//www.xeno-canto.org/320469,//creativecommons.org/licenses/by-nc-sa/4.0/,Antonio Xeira,2015-03-14,song
train,Song Sparrow,song_sparrow,Melospiza,melodia,320469,320469-1.wav,wavfiles/320469-1.wav,//www.xeno-canto.org/320469,//creativecommons.org/licenses/by-nc-sa/4.0/,Antonio Xeira,2015-03-14,song
train,Song Sparrow,song_sparrow,Melospiza,melodia,320469,320469-2.wav,wavfiles/320469-2.wav,//www.xeno-canto.org/320469,//creativecommons.org/licenses/by-nc-sa/4.0/,Antonio Xeira,2015-03-14,song
train,Song Sparrow,song_sparrow,Melospiza,melodia,320469,320469-3.wav,wavfiles/320469-3.wav,//www.xeno-canto.org/320469,//creativecommons.org/licenses/by-nc-sa/4.0/,Antonio Xeira,2015-03-14,song
train,Song Sparrow,song_sparrow,Melospiza,melodia,320469,320469-4.wav,wavfiles/320469-4.wav,//www.xeno-canto.org/320469,//creativecommons.org/licenses/by-nc-sa/4.0/,Antonio Xeira,2015-03-14,song
train,Song Sparrow,song_sparrow,Melospiza,melodia,320469,320469-5.wav,wavfiles/320469-5.wav,//www.xeno-canto.org/320469,//creativecommons.org/licenses/by-nc-sa/4.0/,Antonio Xeira,2015-03-14,song
train,Song Sparrow,song_sparrow,Melospiza,melodia,320469,320469-6.wav,wavfiles/320469-6.wav,//www.xeno-canto.org/320469,//creativecommons.org/licenses/by-nc-sa/4.0/,Antonio Xeira,2015-03-14,song
train,Song Sparrow,song_sparrow,Melospiza,melodia,320469,320469-8.wav,wavfiles/320469-8.wav,//www.xeno-canto.org/320469,//creativecommons.org/licenses/by-nc-sa/4.0/,Antonio Xeira,2015-03-14,song
train,Song Sparrow,song_sparrow,Melospiza,melodia,336819,336819-0.wav,wavfiles/336819-0.wav,//www.xeno-canto.org/336819,//creativecommons.org/licenses/by-nc-sa/4.0/,Paul Driver,2010-10-03,subsong
train,Song Sparrow,song_sparrow,Melospiza,melodia,336819,336819-1.wav,wavfiles/336819-1.wav,//www.xeno-canto.org/336819,//creativecommons.org/licenses/by-nc-sa/4.0/,Paul Driver,2010-10-03,subsong
train,Song Sparrow,song_sparrow,Melospiza,melodia,336819,336819-10.wav,wavfiles/336819-10.wav,//www.xeno-canto.org/336819,//creativecommons.org/licenses/by-nc-sa/4.0/,Paul Driver,2010-10-03,subsong
train,Song Sparrow,song_sparrow,Melospiza,melodia,336819,336819-11.wav,wavfiles/336819-11.wav,//www.xeno-canto.org/336819,//creativecommons.org/licenses/by-nc-sa/4.0/,Paul Driver,2010-10-03,subsong
train,Song Sparrow,song_sparrow,Melospiza,melodia,336819,336819-12.wav,wavfiles/336819-12.wav,//www.xeno-canto.org/336819,//creativecommons.org/licenses/by-nc-sa/4.0/,Paul Driver,2010-10-03,subsong
train,Song Sparrow,song_sparrow,Melospiza,melodia,336819,336819-13.wav,wavfiles/336819-13.wav,//www.xeno-canto.org/336819,//creativecommons.org/licenses/by-nc-sa/4.0/,Paul Driver,2010-10-03,subsong
train,Song Sparrow,song_sparrow,Melospiza,melodia,336819,336819-14.wav,wavfiles/336819-14.wav,//www.xeno-canto.org/336819,//creativecommons.org/licenses/by-nc-sa/4.0/,Paul Driver,2010-10-03,subsong
train,Song Sparrow,song_sparrow,Melospiza,melodia,336819,336819-15.wav,wavfiles/336819-15.wav,//www.xeno-canto.org/336819,//creativecommons.org/licenses/by-nc-sa/4.0/,Paul Driver,2010-10-03,subsong
train,Song Sparrow,song_sparrow,Melospiza,melodia,336819,336819-2.wav,wavfiles/336819-2.wav,//www.xeno-canto.org/336819,//creativecommons.org/licenses/by-nc-sa/4.0/,Paul Driver,2010-10-03,subsong
train,Song Sparrow,song_sparrow,Melospiza,melodia,336819,336819-3.wav,wavfiles/336819-3.wav,//www.xeno-canto.org/336819,//creativecommons.org/licenses/by-nc-sa/4.0/,Paul Driver,2010-10-03,subsong
train,Song Sparrow,song_sparrow,Melospiza,melodia,336819,336819-4.wav,wavfiles/336819-4.wav,//www.xeno-canto.org/336819,//creativecommons.org/licenses/by-nc-sa/4.0/,Paul Driver,2010-10-03,subsong
train,Song Sparrow,song_sparrow,Melospiza,melodia,336819,336819-5.wav,wavfiles/336819-5.wav,//www.xeno-canto.org/336819,//creativecommons.org/licenses/by-nc-sa/4.0/,Paul Driver,2010-10-03,subsong
train,Song Sparrow,song_sparrow,Melospiza,melodia,336819,336819-6.wav,wavfiles/336819-6.wav,//www.xeno-canto.org/336819,//creativecommons.org/licenses/by-nc-sa/4.0/,Paul Driver,2010-10-03,subsong
train,Song Sparrow,song_sparrow,Melospiza,melodia,336819,336819-7.wav,wavfiles/336819-7.wav,//www.xeno-canto.org/336819,//creativecommons.org/licenses/by-nc-sa/4.0/,Paul Driver,2010-10-03,subsong
train,Song Sparrow,song_sparrow,Melospiza,melodia,336819,336819-9.wav,wavfiles/336819-9.wav,//www.xeno-canto.org/336819,//creativecommons.org/licenses/by-nc-sa/4.0/,Paul Driver,2010-10-03,subsong
train,Song Sparrow,song_sparrow,Melospiza,melodia,358837,358837-0.wav,wavfiles/358837-0.wav,//www.xeno-canto.org/358837,//creativecommons.org/licenses/by-nc-sa/4.0/,Jim Holmes,2017-03-11,song
train,Song Sparrow,song_sparrow,Melospiza,melodia,358837,358837-1.wav,wavfiles/358837-1.wav,//www.xeno-canto.org/358837,//creativecommons.org/licenses/by-nc-sa/4.0/,Jim Holmes,2017-03-11,song
train,Song Sparrow,song_sparrow,Melospiza,melodia,358837,358837-10.wav,wavfiles/358837-10.wav,//www.xeno-canto.org/358837,//creativecommons.org/licenses/by-nc-sa/4.0/,Jim Holmes,2017-03-11,song
train,Song Sparrow,song_sparrow,Melospiza,melodia,358837,358837-2.wav,wavfiles/358837-2.wav,//www.xeno-canto.org/358837,//creativecommons.org/licenses/by-nc-sa/4.0/,Jim Holmes,2017-03-11,song
train,Song Sparrow,song_sparrow,Melospiza,melodia,358837,358837-3.wav,wavfiles/358837-3.wav,//www.xeno-canto.org/358837,//creativecommons.org/licenses/by-nc-sa/4.0/,Jim Holmes,2017-03-11,song
train,Song Sparrow,song_sparrow,Melospiza,melodia,358837,358837-4.wav,wavfiles/358837-4.wav,//www.xeno-canto.org/358837,//creativecommons.org/licenses/by-nc-sa/4.0/,Jim Holmes,2017-03-11,song
train,Song Sparrow,song_sparrow,Melospiza,melodia,358837,358837-5.wav,wavfiles/358837-5.wav,//www.xeno-canto.org/358837,//creativecommons.org/licenses/by-nc-sa/4.0/,Jim Holmes,2017-03-11,song
train,Song Sparrow,song_sparrow,Melospiza,melodia,358837,358837-6.wav,wavfiles/358837-6.wav,//www.xeno-canto.org/358837,//creativecommons.org/licenses/by-nc-sa/4.0/,Jim Holmes,2017-03-11,song
train,Song Sparrow,song_sparrow,Melospiza,melodia,358837,358837-7.wav,wavfiles/358837-7.wav,//www.xeno-canto.org/358837,//creativecommons.org/licenses/by-nc-sa/4.0/,Jim Holmes,2017-03-11,song
train,Song Sparrow,song_sparrow,Melospiza,melodia,358837,358837-8.wav,wavfiles/358837-8.wav,//www.xeno-canto.org/358837,//creativecommons.org/licenses/by-nc-sa/4.0/,Jim Holmes,2017-03-11,song
train,Song Sparrow,song_sparrow,Melospiza,melodia,358837,358837-9.wav,wavfiles/358837-9.wav,//www.xeno-canto.org/358837,//creativecommons.org/licenses/by-nc-sa/4.0/,Jim Holmes,2017-03-11,song
train,Song Sparrow,song_sparrow,Melospiza,melodia,362469,362469-0.wav,wavfiles/362469-0.wav,//www.xeno-canto.org/362469,//creativecommons.org/licenses/by-nc-sa/4.0/,Matt Wistrand,2017-04-01,song
train,Song Sparrow,song_sparrow,Melospiza,melodia,362469,362469-1.wav,wavfiles/362469-1.wav,//www.xeno-canto.org/362469,//creativecommons.org/licenses/by-nc-sa/4.0/,Matt Wistrand,2017-04-01,song
train,Song Sparrow,song_sparrow,Melospiza,melodia,362469,362469-2.wav,wavfiles/362469-2.wav,//www.xeno-canto.org/362469,//creativecommons.org/licenses/by-nc-sa/4.0/,Matt Wistrand,2017-04-01,song
train,Song Sparrow,song_sparrow,Melospiza,melodia,362469,362469-4.wav,wavfiles/362469-4.wav,//www.xeno-canto.org/362469,//creativecommons.org/licenses/by-nc-sa/4.0/,Matt Wistrand,2017-04-01,song
train,Song Sparrow,song_sparrow,Melospiza,melodia,362469,362469-5.wav,wavfiles/362469-5.wav,//www.xeno-canto.org/362469,//creativecommons.org/licenses/by-nc-sa/4.0/,Matt Wistrand,2017-04-01,song
train,Song Sparrow,song_sparrow,Melospiza,melodia,362469,362469-6.wav,wavfiles/362469-6.wav,//www.xeno-canto.org/362469,//creativecommons.org/licenses/by-nc-sa/4.0/,Matt Wistrand,2017-04-01,song
train,Song Sparrow,song_sparrow,Melospiza,melodia,362470,362470-0.wav,wavfiles/362470-0.wav,//www.xeno-canto.org/362470,//creativecommons.org/licenses/by-nc-sa/4.0/,Matt Wistrand,2017-04-01,song
train,Song Sparrow,song_sparrow,Melospiza,melodia,362470,362470-1.wav,wavfiles/362470-1.wav,//www.xeno-canto.org/362470,//creativecommons.org/licenses/by-nc-sa/4.0/,Matt Wistrand,2017-04-01,song
train,Song Sparrow,song_sparrow,Melospiza,melodia,362470,362470-2.wav,wavfiles/362470-2.wav,//www.xeno-canto.org/362470,//creativecommons.org/licenses/by-nc-sa/4.0/,Matt Wistrand,2017-04-01,song
train,Song Sparrow,song_sparrow,Melospiza,melodia,362470,362470-4.wav,wavfiles/362470-4.wav,//www.xeno-canto.org/362470,//creativecommons.org/licenses/by-nc-sa/4.0/,Matt Wistrand,2017-04-01,song
train,Song Sparrow,song_sparrow,Melospiza,melodia,362470,362470-5.wav,wavfiles/362470-5.wav,//www.xeno-canto.org/362470,//creativecommons.org/licenses/by-nc-sa/4.0/,Matt Wistrand,2017-04-01,song
train,Song Sparrow,song_sparrow,Melospiza,melodia,362470,362470-6.wav,wavfiles/362470-6.wav,//www.xeno-canto.org/362470,//creativecommons.org/licenses/by-nc-sa/4.0/,Matt Wistrand,2017-04-01,song
train,Song Sparrow,song_sparrow,Melospiza,melodia,363141,363141-0.wav,wavfiles/363141-0.wav,//www.xeno-canto.org/363141,//creativecommons.org/licenses/by-nc-nd/4.0/,Frank Lambert,2015-04-25,song
train,Song Sparrow,song_sparrow,Melospiza,melodia,363141,363141-1.wav,wavfiles/363141-1.wav,//www.xeno-canto.org/363141,//creativecommons.org/licenses/by-nc-nd/4.0/,Frank Lambert,2015-04-25,song
train,Song Sparrow,song_sparrow,Melospiza,melodia,363141,363141-10.wav,wavfiles/363141-10.wav,//www.xeno-canto.org/363141,//creativecommons.org/licenses/by-nc-nd/4.0/,Frank Lambert,2015-04-25,song
train,Song Sparrow,song_sparrow,Melospiza,melodia,363141,363141-2.wav,wavfiles/363141-2.wav,//www.xeno-canto.org/363141,//creativecommons.org/licenses/by-nc-nd/4.0/,Frank Lambert,2015-04-25,song
train,Song Sparrow,song_sparrow,Melospiza,melodia,363141,363141-4.wav,wavfiles/363141-4.wav,//www.xeno-canto.org/363141,//creativecommons.org/licenses/by-nc-nd/4.0/,Frank Lambert,2015-04-25,song
train,Song Sparrow,song_sparrow,Melospiza,melodia,363141,363141-5.wav,wavfiles/363141-5.wav,//www.xeno-canto.org/363141,//creativecommons.org/licenses/by-nc-nd/4.0/,Frank Lambert,2015-04-25,song
train,Song Sparrow,song_sparrow,Melospiza,melodia,363141,363141-6.wav,wavfiles/363141-6.wav,//www.xeno-canto.org/363141,//creativecommons.org/licenses/by-nc-nd/4.0/,Frank Lambert,2015-04-25,song
train,Song Sparrow,song_sparrow,Melospiza,melodia,363141,363141-8.wav,wavfiles/363141-8.wav,//www.xeno-canto.org/363141,//creativecommons.org/licenses/by-nc-nd/4.0/,Frank Lambert,2015-04-25,song
train,Song Sparrow,song_sparrow,Melospiza,melodia,363141,363141-9.wav,wavfiles/363141-9.wav,//www.xeno-canto.org/363141,//creativecommons.org/licenses/by-nc-nd/4.0/,Frank Lambert,2015-04-25,song
train,Song Sparrow,song_sparrow,Melospiza,melodia,363142,363142-0.wav,wavfiles/363142-0.wav,//www.xeno-canto.org/363142,//creativecommons.org/licenses/by-nc-nd/4.0/,Frank Lambert,2015-04-25,song
train,Song Sparrow,song_sparrow,Melospiza,melodia,363142,363142-1.wav,wavfiles/363142-1.wav,//www.xeno-canto.org/363142,//creativecommons.org/licenses/by-nc-nd/4.0/,Frank Lambert,2015-04-25,song
train,Song Sparrow,song_sparrow,Melospiza,melodia,363142,363142-10.wav,wavfiles/363142-10.wav,//www.xeno-canto.org/363142,//creativecommons.org/licenses/by-nc-nd/4.0/,Frank Lambert,2015-04-25,song
train,Song Sparrow,song_sparrow,Melospiza,melodia,363142,363142-2.wav,wavfiles/363142-2.wav,//www.xeno-canto.org/363142,//creativecommons.org/licenses/by-nc-nd/4.0/,Frank Lambert,2015-04-25,song
train,Song Sparrow,song_sparrow,Melospiza,melodia,363142,363142-4.wav,wavfiles/363142-4.wav,//www.xeno-canto.org/363142,//creativecommons.org/licenses/by-nc-nd/4.0/,Frank Lambert,2015-04-25,song
train,Song Sparrow,song_sparrow,Melospiza,melodia,363142,363142-5.wav,wavfiles/363142-5.wav,//www.xeno-canto.org/363142,//creativecommons.org/licenses/by-nc-nd/4.0/,Frank Lambert,2015-04-25,song
train,Song Sparrow,song_sparrow,Melospiza,melodia,363142,363142-6.wav,wavfiles/363142-6.wav,//www.xeno-canto.org/363142,//creativecommons.org/licenses/by-nc-nd/4.0/,Frank Lambert,2015-04-25,song
train,Song Sparrow,song_sparrow,Melospiza,melodia,363142,363142-8.wav,wavfiles/363142-8.wav,//www.xeno-canto.org/363142,//creativecommons.org/licenses/by-nc-nd/4.0/,Frank Lambert,2015-04-25,song
train,Song Sparrow,song_sparrow,Melospiza,melodia,363142,363142-9.wav,wavfiles/363142-9.wav,//www.xeno-canto.org/363142,//creativecommons.org/licenses/by-nc-nd/4.0/,Frank Lambert,2015-04-25,song
train,Song Sparrow,song_sparrow,Melospiza,melodia,366597,366597-0.wav,wavfiles/366597-0.wav,//www.xeno-canto.org/366597,//creativecommons.org/licenses/by-nc-sa/4.0/,Antonio Xeira,2015-03-14,song
train,Song Sparrow,song_sparrow,Melospiza,melodia,366597,366597-1.wav,wavfiles/366597-1.wav,//www.xeno-canto.org/366597,//creativecommons.org/licenses/by-nc-sa/4.0/,Antonio Xeira,2015-03-14,song
train,Song Sparrow,song_sparrow,Melospiza,melodia,366597,366597-2.wav,wavfiles/366597-2.wav,//www.xeno-canto.org/366597,//creativecommons.org/licenses/by-nc-sa/4.0/,Antonio Xeira,2015-03-14,song
train,Song Sparrow,song_sparrow,Melospiza,melodia,366597,366597-3.wav,wavfiles/366597-3.wav,//www.xeno-canto.org/366597,//creativecommons.org/licenses/by-nc-sa/4.0/,Antonio Xeira,2015-03-14,song
train,Song Sparrow,song_sparrow,Melospiza,melodia,366597,366597-4.wav,wavfiles/366597-4.wav,//www.xeno-canto.org/366597,//creativecommons.org/licenses/by-nc-sa/4.0/,Antonio Xeira,2015-03-14,song
train,Song Sparrow,song_sparrow,Melospiza,melodia,366597,366597-5.wav,wavfiles/366597-5.wav,//www.xeno-canto.org/366597,//creativecommons.org/licenses/by-nc-sa/4.0/,Antonio Xeira,2015-03-14,song
train,Song Sparrow,song_sparrow,Melospiza,melodia,366597,366597-7.wav,wavfiles/366597-7.wav,//www.xeno-canto.org/366597,//creativecommons.org/licenses/by-nc-sa/4.0/,Antonio Xeira,2015-03-14,song
train,Song Sparrow,song_sparrow,Melospiza,melodia,376028,376028-0.wav,wavfiles/376028-0.wav,//www.xeno-canto.org/376028,//creativecommons.org/licenses/by-nc-sa/4.0/,Antonio Xeira,2016-08-19,song
train,Song Sparrow,song_sparrow,Melospiza,melodia,376028,376028-1.wav,wavfiles/376028-1.wav,//www.xeno-canto.org/376028,//creativecommons.org/licenses/by-nc-sa/4.0/,Antonio Xeira,2016-08-19,song
train,Song Sparrow,song_sparrow,Melospiza,melodia,376028,376028-2.wav,wavfiles/376028-2.wav,//www.xeno-canto.org/376028,//creativecommons.org/licenses/by-nc-sa/4.0/,Antonio Xeira,2016-08-19,song
train,Song Sparrow,song_sparrow,Melospiza,melodia,376028,376028-4.wav,wavfiles/376028-4.wav,//www.xeno-canto.org/376028,//creativecommons.org/licenses/by-nc-sa/4.0/,Antonio Xeira,2016-08-19,song
train,Song Sparrow,song_sparrow,Melospiza,melodia,376028,376028-5.wav,wavfiles/376028-5.wav,//www.xeno-canto.org/376028,//creativecommons.org/licenses/by-nc-sa/4.0/,Antonio Xeira,2016-08-19,song
train,Song Sparrow,song_sparrow,Melospiza,melodia,376028,376028-6.wav,wavfiles/376028-6.wav,//www.xeno-canto.org/376028,//creativecommons.org/licenses/by-nc-sa/4.0/,Antonio Xeira,2016-08-19,song
train,Song Sparrow,song_sparrow,Melospiza,melodia,376028,376028-8.wav,wavfiles/376028-8.wav,//www.xeno-canto.org/376028,//creativecommons.org/licenses/by-nc-sa/4.0/,Antonio Xeira,2016-08-19,song
train,Song Sparrow,song_sparrow,Melospiza,melodia,376028,376028-9.wav,wavfiles/376028-9.wav,//www.xeno-canto.org/376028,//creativecommons.org/licenses/by-nc-sa/4.0/,Antonio Xeira,2016-08-19,song
train,Song Sparrow,song_sparrow,Melospiza,melodia,381568,381568-0.wav,wavfiles/381568-0.wav,//www.xeno-canto.org/381568,//creativecommons.org/licenses/by-nc-sa/4.0/,Jeremy Minns,2000-06-14,song
train,Song Sparrow,song_sparrow,Melospiza,melodia,381568,381568-1.wav,wavfiles/381568-1.wav,//www.xeno-canto.org/381568,//creativecommons.org/licenses/by-nc-sa/4.0/,Jeremy Minns,2000-06-14,song
train,Song Sparrow,song_sparrow,Melospiza,melodia,381568,381568-2.wav,wavfiles/381568-2.wav,//www.xeno-canto.org/381568,//creativecommons.org/licenses/by-nc-sa/4.0/,Jeremy Minns,2000-06-14,song
train,Song Sparrow,song_sparrow,Melospiza,melodia,381568,381568-3.wav,wavfiles/381568-3.wav,//www.xeno-canto.org/381568,//creativecommons.org/licenses/by-nc-sa/4.0/,Jeremy Minns,2000-06-14,song
train,Song Sparrow,song_sparrow,Melospiza,melodia,381568,381568-4.wav,wavfiles/381568-4.wav,//www.xeno-canto.org/381568,//creativecommons.org/licenses/by-nc-sa/4.0/,Jeremy Minns,2000-06-14,song
train,Song Sparrow,song_sparrow,Melospiza,melodia,381568,381568-5.wav,wavfiles/381568-5.wav,//www.xeno-canto.org/381568,//creativecommons.org/licenses/by-nc-sa/4.0/,Jeremy Minns,2000-06-14,song
train,Song Sparrow,song_sparrow,Melospiza,melodia,381570,381570-0.wav,wavfiles/381570-0.wav,//www.xeno-canto.org/381570,//creativecommons.org/licenses/by-nc-sa/4.0/,Jeremy Minns,2000-06-14,song
train,Song Sparrow,song_sparrow,Melospiza,melodia,381570,381570-1.wav,wavfiles/381570-1.wav,//www.xeno-canto.org/381570,//creativecommons.org/licenses/by-nc-sa/4.0/,Jeremy Minns,2000-06-14,song
train,Song Sparrow,song_sparrow,Melospiza,melodia,381570,381570-2.wav,wavfiles/381570-2.wav,//www.xeno-canto.org/381570,//creativecommons.org/licenses/by-nc-sa/4.0/,Jeremy Minns,2000-06-14,song
train,Song Sparrow,song_sparrow,Melospiza,melodia,381570,381570-4.wav,wavfiles/381570-4.wav,//www.xeno-canto.org/381570,//creativecommons.org/licenses/by-nc-sa/4.0/,Jeremy Minns,2000-06-14,song
train,Song Sparrow,song_sparrow,Melospiza,melodia,381570,381570-5.wav,wavfiles/381570-5.wav,//www.xeno-canto.org/381570,//creativecommons.org/licenses/by-nc-sa/4.0/,Jeremy Minns,2000-06-14,song
train,Song Sparrow,song_sparrow,Melospiza,melodia,381570,381570-8.wav,wavfiles/381570-8.wav,//www.xeno-canto.org/381570,//creativecommons.org/licenses/by-nc-sa/4.0/,Jeremy Minns,2000-06-14,song
train,Song Sparrow,song_sparrow,Melospiza,melodia,386586,386586-0.wav,wavfiles/386586-0.wav,//www.xeno-canto.org/386586,//creativecommons.org/licenses/by-nc-sa/4.0/,Skip Russell,2017-06-17,song
train,Song Sparrow,song_sparrow,Melospiza,melodia,386586,386586-1.wav,wavfiles/386586-1.wav,//www.xeno-canto.org/386586,//creativecommons.org/licenses/by-nc-sa/4.0/,Skip Russell,2017-06-17,song
train,Song Sparrow,song_sparrow,Melospiza,melodia,386586,386586-2.wav,wavfiles/386586-2.wav,//www.xeno-canto.org/386586,//creativecommons.org/licenses/by-nc-sa/4.0/,Skip Russell,2017-06-17,song
train,Song Sparrow,song_sparrow,Melospiza,melodia,386586,386586-4.wav,wavfiles/386586-4.wav,//www.xeno-canto.org/386586,//creativecommons.org/licenses/by-nc-sa/4.0/,Skip Russell,2017-06-17,song
train,Song Sparrow,song_sparrow,Melospiza,melodia,386586,386586-5.wav,wavfiles/386586-5.wav,//www.xeno-canto.org/386586,//creativecommons.org/licenses/by-nc-sa/4.0/,Skip Russell,2017-06-17,song
train,Song Sparrow,song_sparrow,Melospiza,melodia,386586,386586-6.wav,wavfiles/386586-6.wav,//www.xeno-canto.org/386586,//creativecommons.org/licenses/by-nc-sa/4.0/,Skip Russell,2017-06-17,song
train,Song Sparrow,song_sparrow,Melospiza,melodia,393994,393994-0.wav,wavfiles/393994-0.wav,//www.xeno-canto.org/393994,//creativecommons.org/licenses/by-nc-sa/4.0/,Dominic Garcia-Hall,2017-04-21,song
train,Song Sparrow,song_sparrow,Melospiza,melodia,393994,393994-1.wav,wavfiles/393994-1.wav,//www.xeno-canto.org/393994,//creativecommons.org/licenses/by-nc-sa/4.0/,Dominic Garcia-Hall,2017-04-21,song
train,Song Sparrow,song_sparrow,Melospiza,melodia,393994,393994-10.wav,wavfiles/393994-10.wav,//www.xeno-canto.org/393994,//creativecommons.org/licenses/by-nc-sa/4.0/,Dominic Garcia-Hall,2017-04-21,song
train,Song Sparrow,song_sparrow,Melospiza,melodia,393994,393994-11.wav,wavfiles/393994-11.wav,//www.xeno-canto.org/393994,//creativecommons.org/licenses/by-nc-sa/4.0/,Dominic Garcia-Hall,2017-04-21,song
train,Song Sparrow,song_sparrow,Melospiza,melodia,393994,393994-12.wav,wavfiles/393994-12.wav,//www.xeno-canto.org/393994,//creativecommons.org/licenses/by-nc-sa/4.0/,Dominic Garcia-Hall,2017-04-21,song
train,Song Sparrow,song_sparrow,Melospiza,melodia,393994,393994-13.wav,wavfiles/393994-13.wav,//www.xeno-canto.org/393994,//creativecommons.org/licenses/by-nc-sa/4.0/,Dominic Garcia-Hall,2017-04-21,song
train,Song Sparrow,song_sparrow,Melospiza,melodia,393994,393994-2.wav,wavfiles/393994-2.wav,//www.xeno-canto.org/393994,//creativecommons.org/licenses/by-nc-sa/4.0/,Dominic Garcia-Hall,2017-04-21,song
train,Song Sparrow,song_sparrow,Melospiza,melodia,393994,393994-4.wav,wavfiles/393994-4.wav,//www.xeno-canto.org/393994,//creativecommons.org/licenses/by-nc-sa/4.0/,Dominic Garcia-Hall,2017-04-21,song
train,Song Sparrow,song_sparrow,Melospiza,melodia,393994,393994-5.wav,wavfiles/393994-5.wav,//www.xeno-canto.org/393994,//creativecommons.org/licenses/by-nc-sa/4.0/,Dominic Garcia-Hall,2017-04-21,song
train,Song Sparrow,song_sparrow,Melospiza,melodia,393994,393994-6.wav,wavfiles/393994-6.wav,//www.xeno-canto.org/393994,//creativecommons.org/licenses/by-nc-sa/4.0/,Dominic Garcia-Hall,2017-04-21,song
train,Song Sparrow,song_sparrow,Melospiza,melodia,393994,393994-8.wav,wavfiles/393994-8.wav,//www.xeno-canto.org/393994,//creativecommons.org/licenses/by-nc-sa/4.0/,Dominic Garcia-Hall,2017-04-21,song
train,Song Sparrow,song_sparrow,Melospiza,melodia,393994,393994-9.wav,wavfiles/393994-9.wav,//www.xeno-canto.org/393994,//creativecommons.org/licenses/by-nc-sa/4.0/,Dominic Garcia-Hall,2017-04-21,song
train,Song Sparrow,song_sparrow,Melospiza,melodia,393996,393996-0.wav,wavfiles/393996-0.wav,//www.xeno-canto.org/393996,//creativecommons.org/licenses/by-nc-sa/4.0/,Dominic Garcia-Hall,2017-04-19,song
train,Song Sparrow,song_sparrow,Melospiza,melodia,393996,393996-1.wav,wavfiles/393996-1.wav,//www.xeno-canto.org/393996,//creativecommons.org/licenses/by-nc-sa/4.0/,Dominic Garcia-Hall,2017-04-19,song
train,Song Sparrow,song_sparrow,Melospiza,melodia,393996,393996-10.wav,wavfiles/393996-10.wav,//www.xeno-canto.org/393996,//creativecommons.org/licenses/by-nc-sa/4.0/,Dominic Garcia-Hall,2017-04-19,song
train,Song Sparrow,song_sparrow,Melospiza,melodia,393996,393996-2.wav,wavfiles/393996-2.wav,//www.xeno-canto.org/393996,//creativecommons.org/licenses/by-nc-sa/4.0/,Dominic Garcia-Hall,2017-04-19,song
train,Song Sparrow,song_sparrow,Melospiza,melodia,393996,393996-4.wav,wavfiles/393996-4.wav,//www.xeno-canto.org/393996,//creativecommons.org/licenses/by-nc-sa/4.0/,Dominic Garcia-Hall,2017-04-19,song
train,Song Sparrow,song_sparrow,Melospiza,melodia,393996,393996-5.wav,wavfiles/393996-5.wav,//www.xeno-canto.org/393996,//creativecommons.org/licenses/by-nc-sa/4.0/,Dominic Garcia-Hall,2017-04-19,song
train,Song Sparrow,song_sparrow,Melospiza,melodia,393996,393996-6.wav,wavfiles/393996-6.wav,//www.xeno-canto.org/393996,//creativecommons.org/licenses/by-nc-sa/4.0/,Dominic Garcia-Hall,2017-04-19,song
train,Song Sparrow,song_sparrow,Melospiza,melodia,393996,393996-8.wav,wavfiles/393996-8.wav,//www.xeno-canto.org/393996,//creativecommons.org/licenses/by-nc-sa/4.0/,Dominic Garcia-Hall,2017-04-19,song
train,Song Sparrow,song_sparrow,Melospiza,melodia,393996,393996-9.wav,wavfiles/393996-9.wav,//www.xeno-canto.org/393996,//creativecommons.org/licenses/by-nc-sa/4.0/,Dominic Garcia-Hall,2017-04-19,song
train,Song Sparrow,song_sparrow,Melospiza,melodia,408014,408014-0.wav,wavfiles/408014-0.wav,//www.xeno-canto.org/408014,//creativecommons.org/licenses/by-nc-nd/4.0/,Frank Lambert,2015-05-18,song
train,Song Sparrow,song_sparrow,Melospiza,melodia,408014,408014-1.wav,wavfiles/408014-1.wav,//www.xeno-canto.org/408014,//creativecommons.org/licenses/by-nc-nd/4.0/,Frank Lambert,2015-05-18,song
train,Song Sparrow,song_sparrow,Melospiza,melodia,408014,408014-2.wav,wavfiles/408014-2.wav,//www.xeno-canto.org/408014,//creativecommons.org/licenses/by-nc-nd/4.0/,Frank Lambert,2015-05-18,song
train,Song Sparrow,song_sparrow,Melospiza,melodia,408014,408014-4.wav,wavfiles/408014-4.wav,//www.xeno-canto.org/408014,//creativecommons.org/licenses/by-nc-nd/4.0/,Frank Lambert,2015-05-18,song
train,Song Sparrow,song_sparrow,Melospiza,melodia,408014,408014-5.wav,wavfiles/408014-5.wav,//www.xeno-canto.org/408014,//creativecommons.org/licenses/by-nc-nd/4.0/,Frank Lambert,2015-05-18,song
train,Song Sparrow,song_sparrow,Melospiza,melodia,408014,408014-6.wav,wavfiles/408014-6.wav,//www.xeno-canto.org/408014,//creativecommons.org/licenses/by-nc-nd/4.0/,Frank Lambert,2015-05-18,song
train,Song Sparrow,song_sparrow,Melospiza,melodia,408014,408014-8.wav,wavfiles/408014-8.wav,//www.xeno-canto.org/408014,//creativecommons.org/licenses/by-nc-nd/4.0/,Frank Lambert,2015-05-18,song
train,Song Sparrow,song_sparrow,Melospiza,melodia,408014,408014-9.wav,wavfiles/408014-9.wav,//www.xeno-canto.org/408014,//creativecommons.org/licenses/by-nc-nd/4.0/,Frank Lambert,2015-05-18,song
train,Song Sparrow,song_sparrow,Melospiza,melodia,408018,408018-0.wav,wavfiles/408018-0.wav,//www.xeno-canto.org/408018,//creativecommons.org/licenses/by-nc-nd/4.0/,Frank Lambert,2015-05-18,song
train,Song Sparrow,song_sparrow,Melospiza,melodia,408018,408018-1.wav,wavfiles/408018-1.wav,//www.xeno-canto.org/408018,//creativecommons.org/licenses/by-nc-nd/4.0/,Frank Lambert,2015-05-18,song
train,Song Sparrow,song_sparrow,Melospiza,melodia,408018,408018-2.wav,wavfiles/408018-2.wav,//www.xeno-canto.org/408018,//creativecommons.org/licenses/by-nc-nd/4.0/,Frank Lambert,2015-05-18,song
train,Song Sparrow,song_sparrow,Melospiza,melodia,408018,408018-3.wav,wavfiles/408018-3.wav,//www.xeno-canto.org/408018,//creativecommons.org/licenses/by-nc-nd/4.0/,Frank Lambert,2015-05-18,song
train,Song Sparrow,song_sparrow,Melospiza,melodia,408018,408018-4.wav,wavfiles/408018-4.wav,//www.xeno-canto.org/408018,//creativecommons.org/licenses/by-nc-nd/4.0/,Frank Lambert,2015-05-18,song
train,Song Sparrow,song_sparrow,Melospiza,melodia,408018,408018-5.wav,wavfiles/408018-5.wav,//www.xeno-canto.org/408018,//creativecommons.org/licenses/by-nc-nd/4.0/,Frank Lambert,2015-05-18,song
train,Song Sparrow,song_sparrow,Melospiza,melodia,408018,408018-6.wav,wavfiles/408018-6.wav,//www.xeno-canto.org/408018,//creativecommons.org/licenses/by-nc-nd/4.0/,Frank Lambert,2015-05-18,song
train,Song Sparrow,song_sparrow,Melospiza,melodia,408018,408018-8.wav,wavfiles/408018-8.wav,//www.xeno-canto.org/408018,//creativecommons.org/licenses/by-nc-nd/4.0/,Frank Lambert,2015-05-18,song
train,Song Sparrow,song_sparrow,Melospiza,melodia,408018,408018-9.wav,wavfiles/408018-9.wav,//www.xeno-canto.org/408018,//creativecommons.org/licenses/by-nc-nd/4.0/,Frank Lambert,2015-05-18,song
train,Song Sparrow,song_sparrow,Melospiza,melodia,408127,408127-0.wav,wavfiles/408127-0.wav,//www.xeno-canto.org/408127,//creativecommons.org/licenses/by-nc-nd/4.0/,Frank Lambert,2015-05-17,song
train,Song Sparrow,song_sparrow,Melospiza,melodia,408127,408127-1.wav,wavfiles/408127-1.wav,//www.xeno-canto.org/408127,//creativecommons.org/licenses/by-nc-nd/4.0/,Frank Lambert,2015-05-17,song
train,Song Sparrow,song_sparrow,Melospiza,melodia,408127,408127-2.wav,wavfiles/408127-2.wav,//www.xeno-canto.org/408127,//creativecommons.org/licenses/by-nc-nd/4.0/,Frank Lambert,2015-05-17,song
train,Song Sparrow,song_sparrow,Melospiza,melodia,408127,408127-3.wav,wavfiles/408127-3.wav,//www.xeno-canto.org/408127,//creativecommons.org/licenses/by-nc-nd/4.0/,Frank Lambert,2015-05-17,song
train,Song Sparrow,song_sparrow,Melospiza,melodia,408127,408127-4.wav,wavfiles/408127-4.wav,//www.xeno-canto.org/408127,//creativecommons.org/licenses/by-nc-nd/4.0/,Frank Lambert,2015-05-17,song
train,Song Sparrow,song_sparrow,Melospiza,melodia,408127,408127-5.wav,wavfiles/408127-5.wav,//www.xeno-canto.org/408127,//creativecommons.org/licenses/by-nc-nd/4.0/,Frank Lambert,2015-05-17,song
train,Song Sparrow,song_sparrow,Melospiza,melodia,408127,408127-6.wav,wavfiles/408127-6.wav,//www.xeno-canto.org/408127,//creativecommons.org/licenses/by-nc-nd/4.0/,Frank Lambert,2015-05-17,song
train,Song Sparrow,song_sparrow,Melospiza,melodia,408571,408571-0.wav,wavfiles/408571-0.wav,//www.xeno-canto.org/408571,//creativecommons.org/licenses/by-nc-nd/4.0/,Frank Lambert,2015-05-17,song
train,Song Sparrow,song_sparrow,Melospiza,melodia,408571,408571-1.wav,wavfiles/408571-1.wav,//www.xeno-canto.org/408571,//creativecommons.org/licenses/by-nc-nd/4.0/,Frank Lambert,2015-05-17,song
train,Song Sparrow,song_sparrow,Melospiza,melodia,408571,408571-10.wav,wavfiles/408571-10.wav,//www.xeno-canto.org/408571,//creativecommons.org/licenses/by-nc-nd/4.0/,Frank Lambert,2015-05-17,song
train,Song Sparrow,song_sparrow,Melospiza,melodia,408571,408571-11.wav,wavfiles/408571-11.wav,//www.xeno-canto.org/408571,//creativecommons.org/licenses/by-nc-nd/4.0/,Frank Lambert,2015-05-17,song
train,Song Sparrow,song_sparrow,Melospiza,melodia,408571,408571-12.wav,wavfiles/408571-12.wav,//www.xeno-canto.org/408571,//creativecommons.org/licenses/by-nc-nd/4.0/,Frank Lambert,2015-05-17,song
train,Song Sparrow,song_sparrow,Melospiza,melodia,408571,408571-2.wav,wavfiles/408571-2.wav,//www.xeno-canto.org/408571,//creativecommons.org/licenses/by-nc-nd/4.0/,Frank Lambert,2015-05-17,song
train,Song Sparrow,song_sparrow,Melospiza,melodia,408571,408571-3.wav,wavfiles/408571-3.wav,//www.xeno-canto.org/408571,//creativecommons.org/licenses/by-nc-nd/4.0/,Frank Lambert,2015-05-17,song
train,Song Sparrow,song_sparrow,Melospiza,melodia,408571,408571-4.wav,wavfiles/408571-4.wav,//www.xeno-canto.org/408571,//creativecommons.org/licenses/by-nc-nd/4.0/,Frank Lambert,2015-05-17,song
train,Song Sparrow,song_sparrow,Melospiza,melodia,408571,408571-5.wav,wavfiles/408571-5.wav,//www.xeno-canto.org/408571,//creativecommons.org/licenses/by-nc-nd/4.0/,Frank Lambert,2015-05-17,song
train,Song Sparrow,song_sparrow,Melospiza,melodia,408571,408571-6.wav,wavfiles/408571-6.wav,//www.xeno-canto.org/408571,//creativecommons.org/licenses/by-nc-nd/4.0/,Frank Lambert,2015-05-17,song
train,Song Sparrow,song_sparrow,Melospiza,melodia,408571,408571-7.wav,wavfiles/408571-7.wav,//www.xeno-canto.org/408571,//creativecommons.org/licenses/by-nc-nd/4.0/,Frank Lambert,2015-05-17,song
train,Song Sparrow,song_sparrow,Melospiza,melodia,408571,408571-8.wav,wavfiles/408571-8.wav,//www.xeno-canto.org/408571,//creativecommons.org/licenses/by-nc-nd/4.0/,Frank Lambert,2015-05-17,song
train,Song Sparrow,song_sparrow,Melospiza,melodia,408571,408571-9.wav,wavfiles/408571-9.wav,//www.xeno-canto.org/408571,//creativecommons.org/licenses/by-nc-nd/4.0/,Frank Lambert,2015-05-17,song
train,Song Sparrow,song_sparrow,Melospiza,melodia,408811,408811-0.wav,wavfiles/408811-0.wav,//www.xeno-canto.org/408811,//creativecommons.org/licenses/by-nc-nd/4.0/,Frank Lambert,2015-05-18,"calling whilst foraging, song"
train,Song Sparrow,song_sparrow,Melospiza,melodia,408811,408811-1.wav,wavfiles/408811-1.wav,//www.xeno-canto.org/408811,//creativecommons.org/licenses/by-nc-nd/4.0/,Frank Lambert,2015-05-18,"calling whilst foraging, song"
train,Song Sparrow,song_sparrow,Melospiza,melodia,408811,408811-2.wav,wavfiles/408811-2.wav,//www.xeno-canto.org/408811,//creativecommons.org/licenses/by-nc-nd/4.0/,Frank Lambert,2015-05-18,"calling whilst foraging, song"
train,Song Sparrow,song_sparrow,Melospiza,melodia,408811,408811-3.wav,wavfiles/408811-3.wav,//www.xeno-canto.org/408811,//creativecommons.org/licenses/by-nc-nd/4.0/,Frank Lambert,2015-05-18,"calling whilst foraging, song"
train,Song Sparrow,song_sparrow,Melospiza,melodia,408811,408811-4.wav,wavfiles/408811-4.wav,//www.xeno-canto.org/408811,//creativecommons.org/licenses/by-nc-nd/4.0/,Frank Lambert,2015-05-18,"calling whilst foraging, song"
train,Song Sparrow,song_sparrow,Melospiza,melodia,408811,408811-5.wav,wavfiles/408811-5.wav,//www.xeno-canto.org/408811,//creativecommons.org/licenses/by-nc-nd/4.0/,Frank Lambert,2015-05-18,"calling whilst foraging, song"
train,Song Sparrow,song_sparrow,Melospiza,melodia,408811,408811-6.wav,wavfiles/408811-6.wav,//www.xeno-canto.org/408811,//creativecommons.org/licenses/by-nc-nd/4.0/,Frank Lambert,2015-05-18,"calling whilst foraging, song"
train,Song Sparrow,song_sparrow,Melospiza,melodia,408811,408811-7.wav,wavfiles/408811-7.wav,//www.xeno-canto.org/408811,//creativecommons.org/licenses/by-nc-nd/4.0/,Frank Lambert,2015-05-18,"calling whilst foraging, song"
train,Song Sparrow,song_sparrow,Melospiza,melodia,423504,423504-0.wav,wavfiles/423504-0.wav,//www.xeno-canto.org/423504,//creativecommons.org/licenses/by-nc-sa/4.0/,Bruce Lagerquist,2015-06-06,song
train,Song Sparrow,song_sparrow,Melospiza,melodia,423504,423504-1.wav,wavfiles/423504-1.wav,//www.xeno-canto.org/423504,//creativecommons.org/licenses/by-nc-sa/4.0/,Bruce Lagerquist,2015-06-06,song
train,Song Sparrow,song_sparrow,Melospiza,melodia,423504,423504-2.wav,wavfiles/423504-2.wav,//www.xeno-canto.org/423504,//creativecommons.org/licenses/by-nc-sa/4.0/,Bruce Lagerquist,2015-06-06,song
train,Song Sparrow,song_sparrow,Melospiza,melodia,423504,423504-3.wav,wavfiles/423504-3.wav,//www.xeno-canto.org/423504,//creativecommons.org/licenses/by-nc-sa/4.0/,Bruce Lagerquist,2015-06-06,song
train,Song Sparrow,song_sparrow,Melospiza,melodia,423504,423504-4.wav,wavfiles/423504-4.wav,//www.xeno-canto.org/423504,//creativecommons.org/licenses/by-nc-sa/4.0/,Bruce Lagerquist,2015-06-06,song
train,Song Sparrow,song_sparrow,Melospiza,melodia,423504,423504-5.wav,wavfiles/423504-5.wav,//www.xeno-canto.org/423504,//creativecommons.org/licenses/by-nc-sa/4.0/,Bruce Lagerquist,2015-06-06,song
train,Song Sparrow,song_sparrow,Melospiza,melodia,423504,423504-6.wav,wavfiles/423504-6.wav,//www.xeno-canto.org/423504,//creativecommons.org/licenses/by-nc-sa/4.0/,Bruce Lagerquist,2015-06-06,song
train,Song Sparrow,song_sparrow,Melospiza,melodia,423504,423504-7.wav,wavfiles/423504-7.wav,//www.xeno-canto.org/423504,//creativecommons.org/licenses/by-nc-sa/4.0/,Bruce Lagerquist,2015-06-06,song
train,Song Sparrow,song_sparrow,Melospiza,melodia,425799,425799-0.wav,wavfiles/425799-0.wav,//www.xeno-canto.org/425799,//creativecommons.org/licenses/by-nc-sa/4.0/,Scott Crabtree,2018-06-29,song
train,Song Sparrow,song_sparrow,Melospiza,melodia,425799,425799-1.wav,wavfiles/425799-1.wav,//www.xeno-canto.org/425799,//creativecommons.org/licenses/by-nc-sa/4.0/,Scott Crabtree,2018-06-29,song
train,Song Sparrow,song_sparrow,Melospiza,melodia,425799,425799-10.wav,wavfiles/425799-10.wav,//www.xeno-canto.org/425799,//creativecommons.org/licenses/by-nc-sa/4.0/,Scott Crabtree,2018-06-29,song
train,Song Sparrow,song_sparrow,Melospiza,melodia,425799,425799-11.wav,wavfiles/425799-11.wav,//www.xeno-canto.org/425799,//creativecommons.org/licenses/by-nc-sa/4.0/,Scott Crabtree,2018-06-29,song
train,Song Sparrow,song_sparrow,Melospiza,melodia,425799,425799-12.wav,wavfiles/425799-12.wav,//www.xeno-canto.org/425799,//creativecommons.org/licenses/by-nc-sa/4.0/,Scott Crabtree,2018-06-29,song
train,Song Sparrow,song_sparrow,Melospiza,melodia,425799,425799-13.wav,wavfiles/425799-13.wav,//www.xeno-canto.org/425799,//creativecommons.org/licenses/by-nc-sa/4.0/,Scott Crabtree,2018-06-29,song
train,Song Sparrow,song_sparrow,Melospiza,melodia,425799,425799-14.wav,wavfiles/425799-14.wav,//www.xeno-canto.org/425799,//creativecommons.org/licenses/by-nc-sa/4.0/,Scott Crabtree,2018-06-29,song
train,Song Sparrow,song_sparrow,Melospiza,melodia,425799,425799-2.wav,wavfiles/425799-2.wav,//www.xeno-canto.org/425799,//creativecommons.org/licenses/by-nc-sa/4.0/,Scott Crabtree,2018-06-29,song
train,Song Sparrow,song_sparrow,Melospiza,melodia,425799,425799-3.wav,wavfiles/425799-3.wav,//www.xeno-canto.org/425799,//creativecommons.org/licenses/by-nc-sa/4.0/,Scott Crabtree,2018-06-29,song
train,Song Sparrow,song_sparrow,Melospiza,melodia,425799,425799-6.wav,wavfiles/425799-6.wav,//www.xeno-canto.org/425799,//creativecommons.org/licenses/by-nc-sa/4.0/,Scott Crabtree,2018-06-29,song
train,Song Sparrow,song_sparrow,Melospiza,melodia,425799,425799-7.wav,wavfiles/425799-7.wav,//www.xeno-canto.org/425799,//creativecommons.org/licenses/by-nc-sa/4.0/,Scott Crabtree,2018-06-29,song
train,Song Sparrow,song_sparrow,Melospiza,melodia,425799,425799-8.wav,wavfiles/425799-8.wav,//www.xeno-canto.org/425799,//creativecommons.org/licenses/by-nc-sa/4.0/,Scott Crabtree,2018-06-29,song
train,Song Sparrow,song_sparrow,Melospiza,melodia,426314,426314-0.wav,wavfiles/426314-0.wav,//www.xeno-canto.org/426314,//creativecommons.org/licenses/by-nc-sa/4.0/,Lance A. M. Benner,2018-06-16,song
train,Song Sparrow,song_sparrow,Melospiza,melodia,426314,426314-1.wav,wavfiles/426314-1.wav,//www.xeno-canto.org/426314,//creativecommons.org/licenses/by-nc-sa/4.0/,Lance A. M. Benner,2018-06-16,song
train,Song Sparrow,song_sparrow,Melospiza,melodia,426314,426314-10.wav,wavfiles/426314-10.wav,//www.xeno-canto.org/426314,//creativecommons.org/licenses/by-nc-sa/4.0/,Lance A. M. Benner,2018-06-16,song
train,Song Sparrow,song_sparrow,Melospiza,melodia,426314,426314-11.wav,wavfiles/426314-11.wav,//www.xeno-canto.org/426314,//creativecommons.org/licenses/by-nc-sa/4.0/,Lance A. M. Benner,2018-06-16,song
train,Song Sparrow,song_sparrow,Melospiza,melodia,426314,426314-2.wav,wavfiles/426314-2.wav,//www.xeno-canto.org/426314,//creativecommons.org/licenses/by-nc-sa/4.0/,Lance A. M. Benner,2018-06-16,song
train,Song Sparrow,song_sparrow,Melospiza,melodia,426314,426314-4.wav,wavfiles/426314-4.wav,//www.xeno-canto.org/426314,//creativecommons.org/licenses/by-nc-sa/4.0/,Lance A. M. Benner,2018-06-16,song
train,Song Sparrow,song_sparrow,Melospiza,melodia,426314,426314-5.wav,wavfiles/426314-5.wav,//www.xeno-canto.org/426314,//creativecommons.org/licenses/by-nc-sa/4.0/,Lance A. M. Benner,2018-06-16,song
train,Song Sparrow,song_sparrow,Melospiza,melodia,426314,426314-6.wav,wavfiles/426314-6.wav,//www.xeno-canto.org/426314,//creativecommons.org/licenses/by-nc-sa/4.0/,Lance A. M. Benner,2018-06-16,song
train,Song Sparrow,song_sparrow,Melospiza,melodia,426314,426314-8.wav,wavfiles/426314-8.wav,//www.xeno-canto.org/426314,//creativecommons.org/licenses/by-nc-sa/4.0/,Lance A. M. Benner,2018-06-16,song
train,Song Sparrow,song_sparrow,Melospiza,melodia,426314,426314-9.wav,wavfiles/426314-9.wav,//www.xeno-canto.org/426314,//creativecommons.org/licenses/by-nc-sa/4.0/,Lance A. M. Benner,2018-06-16,song
train,Song Sparrow,song_sparrow,Melospiza,melodia,429249,429249-0.wav,wavfiles/429249-0.wav,//www.xeno-canto.org/429249,//creativecommons.org/licenses/by-nc-sa/4.0/,Greg Irving,2018-07-29,song
train,Song Sparrow,song_sparrow,Melospiza,melodia,429249,429249-1.wav,wavfiles/429249-1.wav,//www.xeno-canto.org/429249,//creativecommons.org/licenses/by-nc-sa/4.0/,Greg Irving,2018-07-29,song
train,Song Sparrow,song_sparrow,Melospiza,melodia,429249,429249-2.wav,wavfiles/429249-2.wav,//www.xeno-canto.org/429249,//creativecommons.org/licenses/by-nc-sa/4.0/,Greg Irving,2018-07-29,song
train,Song Sparrow,song_sparrow,Melospiza,melodia,429249,429249-3.wav,wavfiles/429249-3.wav,//www.xeno-canto.org/429249,//creativecommons.org/licenses/by-nc-sa/4.0/,Greg Irving,2018-07-29,song
train,Song Sparrow,song_sparrow,Melospiza,melodia,429249,429249-4.wav,wavfiles/429249-4.wav,//www.xeno-canto.org/429249,//creativecommons.org/licenses/by-nc-sa/4.0/,Greg Irving,2018-07-29,song
train,Song Sparrow,song_sparrow,Melospiza,melodia,429249,429249-5.wav,wavfiles/429249-5.wav,//www.xeno-canto.org/429249,//creativecommons.org/licenses/by-nc-sa/4.0/,Greg Irving,2018-07-29,song
train,Song Sparrow,song_sparrow,Melospiza,melodia,429249,429249-6.wav,wavfiles/429249-6.wav,//www.xeno-canto.org/429249,//creativecommons.org/licenses/by-nc-sa/4.0/,Greg Irving,2018-07-29,song
train,Song Sparrow,song_sparrow,Melospiza,melodia,429249,429249-8.wav,wavfiles/429249-8.wav,//www.xeno-canto.org/429249,//creativecommons.org/licenses/by-nc-sa/4.0/,Greg Irving,2018-07-29,song
train,Song Sparrow,song_sparrow,Melospiza,melodia,429249,429249-9.wav,wavfiles/429249-9.wav,//www.xeno-canto.org/429249,//creativecommons.org/licenses/by-nc-sa/4.0/,Greg Irving,2018-07-29,song
train,Song Sparrow,song_sparrow,Melospiza,melodia,434169,434169-0.wav,wavfiles/434169-0.wav,//www.xeno-canto.org/434169,//creativecommons.org/licenses/by-nc-sa/4.0/,Brian Henderson,2012-07-24,song
train,Song Sparrow,song_sparrow,Melospiza,melodia,434169,434169-1.wav,wavfiles/434169-1.wav,//www.xeno-canto.org/434169,//creativecommons.org/licenses/by-nc-sa/4.0/,Brian Henderson,2012-07-24,song
train,Song Sparrow,song_sparrow,Melospiza,melodia,434169,434169-10.wav,wavfiles/434169-10.wav,//www.xeno-canto.org/434169,//creativecommons.org/licenses/by-nc-sa/4.0/,Brian Henderson,2012-07-24,song
train,Song Sparrow,song_sparrow,Melospiza,melodia,434169,434169-2.wav,wavfiles/434169-2.wav,//www.xeno-canto.org/434169,//creativecommons.org/licenses/by-nc-sa/4.0/,Brian Henderson,2012-07-24,song
train,Song Sparrow,song_sparrow,Melospiza,melodia,434169,434169-4.wav,wavfiles/434169-4.wav,//www.xeno-canto.org/434169,//creativecommons.org/licenses/by-nc-sa/4.0/,Brian Henderson,2012-07-24,song
train,Song Sparrow,song_sparrow,Melospiza,melodia,434169,434169-5.wav,wavfiles/434169-5.wav,//www.xeno-canto.org/434169,//creativecommons.org/licenses/by-nc-sa/4.0/,Brian Henderson,2012-07-24,song
train,Song Sparrow,song_sparrow,Melospiza,melodia,434169,434169-6.wav,wavfiles/434169-6.wav,//www.xeno-canto.org/434169,//creativecommons.org/licenses/by-nc-sa/4.0/,Brian Henderson,2012-07-24,song
train,Song Sparrow,song_sparrow,Melospiza,melodia,434169,434169-8.wav,wavfiles/434169-8.wav,//www.xeno-canto.org/434169,//creativecommons.org/licenses/by-nc-sa/4.0/,Brian Henderson,2012-07-24,song
train,Song Sparrow,song_sparrow,Melospiza,melodia,434169,434169-9.wav,wavfiles/434169-9.wav,//www.xeno-canto.org/434169,//creativecommons.org/licenses/by-nc-sa/4.0/,Brian Henderson,2012-07-24,song
train,Song Sparrow,song_sparrow,Melospiza,melodia,462899,462899-0.wav,wavfiles/462899-0.wav,//www.xeno-canto.org/462899,//creativecommons.org/licenses/by-nc-sa/4.0/,Will Sweet,2019-03-23,song
train,Song Sparrow,song_sparrow,Melospiza,melodia,462899,462899-1.wav,wavfiles/462899-1.wav,//www.xeno-canto.org/462899,//creativecommons.org/licenses/by-nc-sa/4.0/,Will Sweet,2019-03-23,song
train,Song Sparrow,song_sparrow,Melospiza,melodia,462899,462899-10.wav,wavfiles/462899-10.wav,//www.xeno-canto.org/462899,//creativecommons.org/licenses/by-nc-sa/4.0/,Will Sweet,2019-03-23,song
train,Song Sparrow,song_sparrow,Melospiza,melodia,462899,462899-2.wav,wavfiles/462899-2.wav,//www.xeno-canto.org/462899,//creativecommons.org/licenses/by-nc-sa/4.0/,Will Sweet,2019-03-23,song
train,Song Sparrow,song_sparrow,Melospiza,melodia,462899,462899-4.wav,wavfiles/462899-4.wav,//www.xeno-canto.org/462899,//creativecommons.org/licenses/by-nc-sa/4.0/,Will Sweet,2019-03-23,song
train,Song Sparrow,song_sparrow,Melospiza,melodia,462899,462899-8.wav,wavfiles/462899-8.wav,//www.xeno-canto.org/462899,//creativecommons.org/licenses/by-nc-sa/4.0/,Will Sweet,2019-03-23,song
train,Song Sparrow,song_sparrow,Melospiza,melodia,462899,462899-9.wav,wavfiles/462899-9.wav,//www.xeno-canto.org/462899,//creativecommons.org/licenses/by-nc-sa/4.0/,Will Sweet,2019-03-23,song
train,Song Sparrow,song_sparrow,Melospiza,melodia,465907,465907-0.wav,wavfiles/465907-0.wav,//www.xeno-canto.org/465907,//creativecommons.org/licenses/by-nc-sa/4.0/,Daniel Parker,2018-06-16,song
train,Song Sparrow,song_sparrow,Melospiza,melodia,465907,465907-1.wav,wavfiles/465907-1.wav,//www.xeno-canto.org/465907,//creativecommons.org/licenses/by-nc-sa/4.0/,Daniel Parker,2018-06-16,song
train,Song Sparrow,song_sparrow,Melospiza,melodia,465907,465907-10.wav,wavfiles/465907-10.wav,//www.xeno-canto.org/465907,//creativecommons.org/licenses/by-nc-sa/4.0/,Daniel Parker,2018-06-16,song
train,Song Sparrow,song_sparrow,Melospiza,melodia,465907,465907-11.wav,wavfiles/465907-11.wav,//www.xeno-canto.org/465907,//creativecommons.org/licenses/by-nc-sa/4.0/,Daniel Parker,2018-06-16,song
train,Song Sparrow,song_sparrow,Melospiza,melodia,465907,465907-12.wav,wavfiles/465907-12.wav,//www.xeno-canto.org/465907,//creativecommons.org/licenses/by-nc-sa/4.0/,Daniel Parker,2018-06-16,song
train,Song Sparrow,song_sparrow,Melospiza,melodia,465907,465907-13.wav,wavfiles/465907-13.wav,//www.xeno-canto.org/465907,//creativecommons.org/licenses/by-nc-sa/4.0/,Daniel Parker,2018-06-16,song
train,Song Sparrow,song_sparrow,Melospiza,melodia,465907,465907-2.wav,wavfiles/465907-2.wav,//www.xeno-canto.org/465907,//creativecommons.org/licenses/by-nc-sa/4.0/,Daniel Parker,2018-06-16,song
train,Song Sparrow,song_sparrow,Melospiza,melodia,465907,465907-3.wav,wavfiles/465907-3.wav,//www.xeno-canto.org/465907,//creativecommons.org/licenses/by-nc-sa/4.0/,Daniel Parker,2018-06-16,song
train,Song Sparrow,song_sparrow,Melospiza,melodia,465907,465907-4.wav,wavfiles/465907-4.wav,//www.xeno-canto.org/465907,//creativecommons.org/licenses/by-nc-sa/4.0/,Daniel Parker,2018-06-16,song
train,Song Sparrow,song_sparrow,Melospiza,melodia,465907,465907-5.wav,wavfiles/465907-5.wav,//www.xeno-canto.org/465907,//creativecommons.org/licenses/by-nc-sa/4.0/,Daniel Parker,2018-06-16,song
train,Song Sparrow,song_sparrow,Melospiza,melodia,465907,465907-6.wav,wavfiles/465907-6.wav,//www.xeno-canto.org/465907,//creativecommons.org/licenses/by-nc-sa/4.0/,Daniel Parker,2018-06-16,song
train,Song Sparrow,song_sparrow,Melospiza,melodia,465907,465907-7.wav,wavfiles/465907-7.wav,//www.xeno-canto.org/465907,//creativecommons.org/licenses/by-nc-sa/4.0/,Daniel Parker,2018-06-16,song
train,Song Sparrow,song_sparrow,Melospiza,melodia,465907,465907-8.wav,wavfiles/465907-8.wav,//www.xeno-canto.org/465907,//creativecommons.org/licenses/by-nc-sa/4.0/,Daniel Parker,2018-06-16,song
train,Song Sparrow,song_sparrow,Melospiza,melodia,465907,465907-9.wav,wavfiles/465907-9.wav,//www.xeno-canto.org/465907,//creativecommons.org/licenses/by-nc-sa/4.0/,Daniel Parker,2018-06-16,song
train,Song Sparrow,song_sparrow,Melospiza,melodia,469877,469877-0.wav,wavfiles/469877-0.wav,//www.xeno-canto.org/469877,//creativecommons.org/licenses/by-nc-sa/4.0/,Rolf A. de By,1999-04-23,song
train,Song Sparrow,song_sparrow,Melospiza,melodia,469877,469877-1.wav,wavfiles/469877-1.wav,//www.xeno-canto.org/469877,//creativecommons.org/licenses/by-nc-sa/4.0/,Rolf A. de By,1999-04-23,song
train,Song Sparrow,song_sparrow,Melospiza,melodia,469877,469877-2.wav,wavfiles/469877-2.wav,//www.xeno-canto.org/469877,//creativecommons.org/licenses/by-nc-sa/4.0/,Rolf A. de By,1999-04-23,song
train,Song Sparrow,song_sparrow,Melospiza,melodia,469877,469877-3.wav,wavfiles/469877-3.wav,//www.xeno-canto.org/469877,//creativecommons.org/licenses/by-nc-sa/4.0/,Rolf A. de By,1999-04-23,song
train,Song Sparrow,song_sparrow,Melospiza,melodia,469877,469877-4.wav,wavfiles/469877-4.wav,//www.xeno-canto.org/469877,//creativecommons.org/licenses/by-nc-sa/4.0/,Rolf A. de By,1999-04-23,song
train,Song Sparrow,song_sparrow,Melospiza,melodia,469877,469877-5.wav,wavfiles/469877-5.wav,//www.xeno-canto.org/469877,//creativecommons.org/licenses/by-nc-sa/4.0/,Rolf A. de By,1999-04-23,song
train,Song Sparrow,song_sparrow,Melospiza,melodia,469877,469877-6.wav,wavfiles/469877-6.wav,//www.xeno-canto.org/469877,//creativecommons.org/licenses/by-nc-sa/4.0/,Rolf A. de By,1999-04-23,song
train,Song Sparrow,song_sparrow,Melospiza,melodia,469877,469877-7.wav,wavfiles/469877-7.wav,//www.xeno-canto.org/469877,//creativecommons.org/licenses/by-nc-sa/4.0/,Rolf A. de By,1999-04-23,song
train,Song Sparrow,song_sparrow,Melospiza,melodia,469877,469877-8.wav,wavfiles/469877-8.wav,//www.xeno-canto.org/469877,//creativecommons.org/licenses/by-nc-sa/4.0/,Rolf A. de By,1999-04-23,song
train,Song Sparrow,song_sparrow,Melospiza,melodia,469877,469877-9.wav,wavfiles/469877-9.wav,//www.xeno-canto.org/469877,//creativecommons.org/licenses/by-nc-sa/4.0/,Rolf A. de By,1999-04-23,song
train,Song Sparrow,song_sparrow,Melospiza,melodia,477785,477785-0.wav,wavfiles/477785-0.wav,//www.xeno-canto.org/477785,//creativecommons.org/licenses/by-nc-sa/4.0/,Jim Berry,2019-05-29,song
train,Song Sparrow,song_sparrow,Melospiza,melodia,477785,477785-1.wav,wavfiles/477785-1.wav,//www.xeno-canto.org/477785,//creativecommons.org/licenses/by-nc-sa/4.0/,Jim Berry,2019-05-29,song
train,Song Sparrow,song_sparrow,Melospiza,melodia,477785,477785-2.wav,wavfiles/477785-2.wav,//www.xeno-canto.org/477785,//creativecommons.org/licenses/by-nc-sa/4.0/,Jim Berry,2019-05-29,song
train,Song Sparrow,song_sparrow,Melospiza,melodia,477785,477785-3.wav,wavfiles/477785-3.wav,//www.xeno-canto.org/477785,//creativecommons.org/licenses/by-nc-sa/4.0/,Jim Berry,2019-05-29,song
train,Song Sparrow,song_sparrow,Melospiza,melodia,477785,477785-4.wav,wavfiles/477785-4.wav,//www.xeno-canto.org/477785,//creativecommons.org/licenses/by-nc-sa/4.0/,Jim Berry,2019-05-29,song
train,Song Sparrow,song_sparrow,Melospiza,melodia,477785,477785-6.wav,wavfiles/477785-6.wav,//www.xeno-canto.org/477785,//creativecommons.org/licenses/by-nc-sa/4.0/,Jim Berry,2019-05-29,song
train,Song Sparrow,song_sparrow,Melospiza,melodia,477785,477785-7.wav,wavfiles/477785-7.wav,//www.xeno-canto.org/477785,//creativecommons.org/licenses/by-nc-sa/4.0/,Jim Berry,2019-05-29,song
train,Song Sparrow,song_sparrow,Melospiza,melodia,480068,480068-0.wav,wavfiles/480068-0.wav,//www.xeno-canto.org/480068,//creativecommons.org/licenses/by-nc-sa/4.0/,Thomas G. Graves,2019-06-07,"call, song"
train,Song Sparrow,song_sparrow,Melospiza,melodia,480068,480068-1.wav,wavfiles/480068-1.wav,//www.xeno-canto.org/480068,//creativecommons.org/licenses/by-nc-sa/4.0/,Thomas G. Graves,2019-06-07,"call, song"
train,Song Sparrow,song_sparrow,Melospiza,melodia,480068,480068-10.wav,wavfiles/480068-10.wav,//www.xeno-canto.org/480068,//creativecommons.org/licenses/by-nc-sa/4.0/,Thomas G. Graves,2019-06-07,"call, song"
train,Song Sparrow,song_sparrow,Melospiza,melodia,480068,480068-2.wav,wavfiles/480068-2.wav,//www.xeno-canto.org/480068,//creativecommons.org/licenses/by-nc-sa/4.0/,Thomas G. Graves,2019-06-07,"call, song"
train,Song Sparrow,song_sparrow,Melospiza,melodia,480068,480068-4.wav,wavfiles/480068-4.wav,//www.xeno-canto.org/480068,//creativecommons.org/licenses/by-nc-sa/4.0/,Thomas G. Graves,2019-06-07,"call, song"
train,Song Sparrow,song_sparrow,Melospiza,melodia,480068,480068-5.wav,wavfiles/480068-5.wav,//www.xeno-canto.org/480068,//creativecommons.org/licenses/by-nc-sa/4.0/,Thomas G. Graves,2019-06-07,"call, song"
train,Song Sparrow,song_sparrow,Melospiza,melodia,480068,480068-6.wav,wavfiles/480068-6.wav,//www.xeno-canto.org/480068,//creativecommons.org/licenses/by-nc-sa/4.0/,Thomas G. Graves,2019-06-07,"call, song"
train,Song Sparrow,song_sparrow,Melospiza,melodia,480068,480068-7.wav,wavfiles/480068-7.wav,//www.xeno-canto.org/480068,//creativecommons.org/licenses/by-nc-sa/4.0/,Thomas G. Graves,2019-06-07,"call, song"
train,Song Sparrow,song_sparrow,Melospiza,melodia,480068,480068-8.wav,wavfiles/480068-8.wav,//www.xeno-canto.org/480068,//creativecommons.org/licenses/by-nc-sa/4.0/,Thomas G. Graves,2019-06-07,"call, song"
train,Song Sparrow,song_sparrow,Melospiza,melodia,480068,480068-9.wav,wavfiles/480068-9.wav,//www.xeno-canto.org/480068,//creativecommons.org/licenses/by-nc-sa/4.0/,Thomas G. Graves,2019-06-07,"call, song"
train,Song Sparrow,song_sparrow,Melospiza,melodia,480224,480224-0.wav,wavfiles/480224-0.wav,//www.xeno-canto.org/480224,//creativecommons.org/licenses/by-nc-sa/4.0/,William Whitehead,2019-06-10,song
train,Song Sparrow,song_sparrow,Melospiza,melodia,480224,480224-1.wav,wavfiles/480224-1.wav,//www.xeno-canto.org/480224,//creativecommons.org/licenses/by-nc-sa/4.0/,William Whitehead,2019-06-10,song
train,Song Sparrow,song_sparrow,Melospiza,melodia,480224,480224-10.wav,wavfiles/480224-10.wav,//www.xeno-canto.org/480224,//creativecommons.org/licenses/by-nc-sa/4.0/,William Whitehead,2019-06-10,song
train,Song Sparrow,song_sparrow,Melospiza,melodia,480224,480224-2.wav,wavfiles/480224-2.wav,//www.xeno-canto.org/480224,//creativecommons.org/licenses/by-nc-sa/4.0/,William Whitehead,2019-06-10,song
train,Song Sparrow,song_sparrow,Melospiza,melodia,480224,480224-3.wav,wavfiles/480224-3.wav,//www.xeno-canto.org/480224,//creativecommons.org/licenses/by-nc-sa/4.0/,William Whitehead,2019-06-10,song
train,Song Sparrow,song_sparrow,Melospiza,melodia,480224,480224-4.wav,wavfiles/480224-4.wav,//www.xeno-canto.org/480224,//creativecommons.org/licenses/by-nc-sa/4.0/,William Whitehead,2019-06-10,song
train,Song Sparrow,song_sparrow,Melospiza,melodia,480224,480224-5.wav,wavfiles/480224-5.wav,//www.xeno-canto.org/480224,//creativecommons.org/licenses/by-nc-sa/4.0/,William Whitehead,2019-06-10,song
train,Song Sparrow,song_sparrow,Melospiza,melodia,480224,480224-6.wav,wavfiles/480224-6.wav,//www.xeno-canto.org/480224,//creativecommons.org/licenses/by-nc-sa/4.0/,William Whitehead,2019-06-10,song
train,Song Sparrow,song_sparrow,Melospiza,melodia,480224,480224-7.wav,wavfiles/480224-7.wav,//www.xeno-canto.org/480224,//creativecommons.org/licenses/by-nc-sa/4.0/,William Whitehead,2019-06-10,song
train,Song Sparrow,song_sparrow,Melospiza,melodia,481115,481115-0.wav,wavfiles/481115-0.wav,//www.xeno-canto.org/481115,//creativecommons.org/licenses/by-nc-sa/4.0/,Meena Haribal,2019-05-20,song
train,Song Sparrow,song_sparrow,Melospiza,melodia,481115,481115-1.wav,wavfiles/481115-1.wav,//www.xeno-canto.org/481115,//creativecommons.org/licenses/by-nc-sa/4.0/,Meena Haribal,2019-05-20,song
train,Song Sparrow,song_sparrow,Melospiza,melodia,481115,481115-10.wav,wavfiles/481115-10.wav,//www.xeno-canto.org/481115,//creativecommons.org/licenses/by-nc-sa/4.0/,Meena Haribal,2019-05-20,song
train,Song Sparrow,song_sparrow,Melospiza,melodia,481115,481115-11.wav,wavfiles/481115-11.wav,//www.xeno-canto.org/481115,//creativecommons.org/licenses/by-nc-sa/4.0/,Meena Haribal,2019-05-20,song
train,Song Sparrow,song_sparrow,Melospiza,melodia,481115,481115-12.wav,wavfiles/481115-12.wav,//www.xeno-canto.org/481115,//creativecommons.org/licenses/by-nc-sa/4.0/,Meena Haribal,2019-05-20,song
train,Song Sparrow,song_sparrow,Melospiza,melodia,481115,481115-2.wav,wavfiles/481115-2.wav,//www.xeno-canto.org/481115,//creativecommons.org/licenses/by-nc-sa/4.0/,Meena Haribal,2019-05-20,song
train,Song Sparrow,song_sparrow,Melospiza,melodia,481115,481115-3.wav,wavfiles/481115-3.wav,//www.xeno-canto.org/481115,//creativecommons.org/licenses/by-nc-sa/4.0/,Meena Haribal,2019-05-20,song
train,Song Sparrow,song_sparrow,Melospiza,melodia,481115,481115-4.wav,wavfiles/481115-4.wav,//www.xeno-canto.org/481115,//creativecommons.org/licenses/by-nc-sa/4.0/,Meena Haribal,2019-05-20,song
train,Song Sparrow,song_sparrow,Melospiza,melodia,481115,481115-5.wav,wavfiles/481115-5.wav,//www.xeno-canto.org/481115,//creativecommons.org/licenses/by-nc-sa/4.0/,Meena Haribal,2019-05-20,song
train,Song Sparrow,song_sparrow,Melospiza,melodia,481115,481115-6.wav,wavfiles/481115-6.wav,//www.xeno-canto.org/481115,//creativecommons.org/licenses/by-nc-sa/4.0/,Meena Haribal,2019-05-20,song
train,Song Sparrow,song_sparrow,Melospiza,melodia,481115,481115-7.wav,wavfiles/481115-7.wav,//www.xeno-canto.org/481115,//creativecommons.org/licenses/by-nc-sa/4.0/,Meena Haribal,2019-05-20,song
train,Song Sparrow,song_sparrow,Melospiza,melodia,481115,481115-8.wav,wavfiles/481115-8.wav,//www.xeno-canto.org/481115,//creativecommons.org/licenses/by-nc-sa/4.0/,Meena Haribal,2019-05-20,song
train,Song Sparrow,song_sparrow,Melospiza,melodia,481115,481115-9.wav,wavfiles/481115-9.wav,//www.xeno-canto.org/481115,//creativecommons.org/licenses/by-nc-sa/4.0/,Meena Haribal,2019-05-20,song
train,Song Sparrow,song_sparrow,Melospiza,melodia,482639,482639-12.wav,wavfiles/482639-12.wav,//www.xeno-canto.org/482639,//creativecommons.org/licenses/by-nc-sa/4.0/,William Whitehead,2019-06-21,song
train,Song Sparrow,song_sparrow,Melospiza,melodia,482639,482639-13.wav,wavfiles/482639-13.wav,//www.xeno-canto.org/482639,//creativecommons.org/licenses/by-nc-sa/4.0/,William Whitehead,2019-06-21,song
train,Song Sparrow,song_sparrow,Melospiza,melodia,482639,482639-8.wav,wavfiles/482639-8.wav,//www.xeno-canto.org/482639,//creativecommons.org/licenses/by-nc-sa/4.0/,William Whitehead,2019-06-21,song
train,Song Sparrow,song_sparrow,Melospiza,melodia,483220,483220-0.wav,wavfiles/483220-0.wav,//www.xeno-canto.org/483220,//creativecommons.org/licenses/by-nc-sa/4.0/,Eric Hough,2019-05-14,"male, song"
train,Song Sparrow,song_sparrow,Melospiza,melodia,483220,483220-1.wav,wavfiles/483220-1.wav,//www.xeno-canto.org/483220,//creativecommons.org/licenses/by-nc-sa/4.0/,Eric Hough,2019-05-14,"male, song"
train,Song Sparrow,song_sparrow,Melospiza,melodia,483220,483220-13.wav,wavfiles/483220-13.wav,//www.xeno-canto.org/483220,//creativecommons.org/licenses/by-nc-sa/4.0/,Eric Hough,2019-05-14,"male, song"
train,Song Sparrow,song_sparrow,Melospiza,melodia,483220,483220-2.wav,wavfiles/483220-2.wav,//www.xeno-canto.org/483220,//creativecommons.org/licenses/by-nc-sa/4.0/,Eric Hough,2019-05-14,"male, song"
train,Song Sparrow,song_sparrow,Melospiza,melodia,483220,483220-5.wav,wavfiles/483220-5.wav,//www.xeno-canto.org/483220,//creativecommons.org/licenses/by-nc-sa/4.0/,Eric Hough,2019-05-14,"male, song"
train,Song Sparrow,song_sparrow,Melospiza,melodia,483220,483220-6.wav,wavfiles/483220-6.wav,//www.xeno-canto.org/483220,//creativecommons.org/licenses/by-nc-sa/4.0/,Eric Hough,2019-05-14,"male, song"
train,Song Sparrow,song_sparrow,Melospiza,melodia,483220,483220-7.wav,wavfiles/483220-7.wav,//www.xeno-canto.org/483220,//creativecommons.org/licenses/by-nc-sa/4.0/,Eric Hough,2019-05-14,"male, song"
train,Song Sparrow,song_sparrow,Melospiza,melodia,483881,483881-0.wav,wavfiles/483881-0.wav,//www.xeno-canto.org/483881,//creativecommons.org/licenses/by-nc-sa/4.0/,Barry Edmonston,2019-06-19,"male, song"
train,Song Sparrow,song_sparrow,Melospiza,melodia,483881,483881-1.wav,wavfiles/483881-1.wav,//www.xeno-canto.org/483881,//creativecommons.org/licenses/by-nc-sa/4.0/,Barry Edmonston,2019-06-19,"male, song"
train,Song Sparrow,song_sparrow,Melospiza,melodia,483881,483881-2.wav,wavfiles/483881-2.wav,//www.xeno-canto.org/483881,//creativecommons.org/licenses/by-nc-sa/4.0/,Barry Edmonston,2019-06-19,"male, song"
train,Song Sparrow,song_sparrow,Melospiza,melodia,483881,483881-3.wav,wavfiles/483881-3.wav,//www.xeno-canto.org/483881,//creativecommons.org/licenses/by-nc-sa/4.0/,Barry Edmonston,2019-06-19,"male, song"
train,Song Sparrow,song_sparrow,Melospiza,melodia,483881,483881-4.wav,wavfiles/483881-4.wav,//www.xeno-canto.org/483881,//creativecommons.org/licenses/by-nc-sa/4.0/,Barry Edmonston,2019-06-19,"male, song"
train,Song Sparrow,song_sparrow,Melospiza,melodia,483881,483881-5.wav,wavfiles/483881-5.wav,//www.xeno-canto.org/483881,//creativecommons.org/licenses/by-nc-sa/4.0/,Barry Edmonston,2019-06-19,"male, song"
train,Song Sparrow,song_sparrow,Melospiza,melodia,483881,483881-6.wav,wavfiles/483881-6.wav,//www.xeno-canto.org/483881,//creativecommons.org/licenses/by-nc-sa/4.0/,Barry Edmonston,2019-06-19,"male, song"
train,Song Sparrow,song_sparrow,Melospiza,melodia,483881,483881-7.wav,wavfiles/483881-7.wav,//www.xeno-canto.org/483881,//creativecommons.org/licenses/by-nc-sa/4.0/,Barry Edmonston,2019-06-19,"male, song"
train,Song Sparrow,song_sparrow,Melospiza,melodia,483884,483884-0.wav,wavfiles/483884-0.wav,//www.xeno-canto.org/483884,//creativecommons.org/licenses/by-nc-sa/4.0/,Barry Edmonston,2019-06-19,"male, song"
train,Song Sparrow,song_sparrow,Melospiza,melodia,483884,483884-1.wav,wavfiles/483884-1.wav,//www.xeno-canto.org/483884,//creativecommons.org/licenses/by-nc-sa/4.0/,Barry Edmonston,2019-06-19,"male, song"
train,Song Sparrow,song_sparrow,Melospiza,melodia,483884,483884-10.wav,wavfiles/483884-10.wav,//www.xeno-canto.org/483884,//creativecommons.org/licenses/by-nc-sa/4.0/,Barry Edmonston,2019-06-19,"male, song"
train,Song Sparrow,song_sparrow,Melospiza,melodia,483884,483884-2.wav,wavfiles/483884-2.wav,//www.xeno-canto.org/483884,//creativecommons.org/licenses/by-nc-sa/4.0/,Barry Edmonston,2019-06-19,"male, song"
train,Song Sparrow,song_sparrow,Melospiza,melodia,483884,483884-4.wav,wavfiles/483884-4.wav,//www.xeno-canto.org/483884,//creativecommons.org/licenses/by-nc-sa/4.0/,Barry Edmonston,2019-06-19,"male, song"
train,Song Sparrow,song_sparrow,Melospiza,melodia,483884,483884-5.wav,wavfiles/483884-5.wav,//www.xeno-canto.org/483884,//creativecommons.org/licenses/by-nc-sa/4.0/,Barry Edmonston,2019-06-19,"male, song"
train,Song Sparrow,song_sparrow,Melospiza,melodia,483884,483884-6.wav,wavfiles/483884-6.wav,//www.xeno-canto.org/483884,//creativecommons.org/licenses/by-nc-sa/4.0/,Barry Edmonston,2019-06-19,"male, song"
train,Song Sparrow,song_sparrow,Melospiza,melodia,483884,483884-7.wav,wavfiles/483884-7.wav,//www.xeno-canto.org/483884,//creativecommons.org/licenses/by-nc-sa/4.0/,Barry Edmonston,2019-06-19,"male, song"
train,Song Sparrow,song_sparrow,Melospiza,melodia,483884,483884-8.wav,wavfiles/483884-8.wav,//www.xeno-canto.org/483884,//creativecommons.org/licenses/by-nc-sa/4.0/,Barry Edmonston,2019-06-19,"male, song"
train,Song Sparrow,song_sparrow,Melospiza,melodia,483884,483884-9.wav,wavfiles/483884-9.wav,//www.xeno-canto.org/483884,//creativecommons.org/licenses/by-nc-sa/4.0/,Barry Edmonston,2019-06-19,"male, song"
train,Song Sparrow,song_sparrow,Melospiza,melodia,483978,483978-0.wav,wavfiles/483978-0.wav,//www.xeno-canto.org/483978,//creativecommons.org/licenses/by-nc-sa/4.0/,Paul Marvin,2019-06-26,song
train,Song Sparrow,song_sparrow,Melospiza,melodia,483978,483978-1.wav,wavfiles/483978-1.wav,//www.xeno-canto.org/483978,//creativecommons.org/licenses/by-nc-sa/4.0/,Paul Marvin,2019-06-26,song
train,Song Sparrow,song_sparrow,Melospiza,melodia,483978,483978-11.wav,wavfiles/483978-11.wav,//www.xeno-canto.org/483978,//creativecommons.org/licenses/by-nc-sa/4.0/,Paul Marvin,2019-06-26,song
train,Song Sparrow,song_sparrow,Melospiza,melodia,483978,483978-12.wav,wavfiles/483978-12.wav,//www.xeno-canto.org/483978,//creativecommons.org/licenses/by-nc-sa/4.0/,Paul Marvin,2019-06-26,song
train,Song Sparrow,song_sparrow,Melospiza,melodia,483978,483978-13.wav,wavfiles/483978-13.wav,//www.xeno-canto.org/483978,//creativecommons.org/licenses/by-nc-sa/4.0/,Paul Marvin,2019-06-26,song
train,Song Sparrow,song_sparrow,Melospiza,melodia,483978,483978-14.wav,wavfiles/483978-14.wav,//www.xeno-canto.org/483978,//creativecommons.org/licenses/by-nc-sa/4.0/,Paul Marvin,2019-06-26,song
train,Song Sparrow,song_sparrow,Melospiza,melodia,483978,483978-2.wav,wavfiles/483978-2.wav,//www.xeno-canto.org/483978,//creativecommons.org/licenses/by-nc-sa/4.0/,Paul Marvin,2019-06-26,song
train,Song Sparrow,song_sparrow,Melospiza,melodia,483978,483978-3.wav,wavfiles/483978-3.wav,//www.xeno-canto.org/483978,//creativecommons.org/licenses/by-nc-sa/4.0/,Paul Marvin,2019-06-26,song
train,Song Sparrow,song_sparrow,Melospiza,melodia,483978,483978-4.wav,wavfiles/483978-4.wav,//www.xeno-canto.org/483978,//creativecommons.org/licenses/by-nc-sa/4.0/,Paul Marvin,2019-06-26,song
train,Song Sparrow,song_sparrow,Melospiza,melodia,483978,483978-5.wav,wavfiles/483978-5.wav,//www.xeno-canto.org/483978,//creativecommons.org/licenses/by-nc-sa/4.0/,Paul Marvin,2019-06-26,song
train,Song Sparrow,song_sparrow,Melospiza,melodia,483978,483978-6.wav,wavfiles/483978-6.wav,//www.xeno-canto.org/483978,//creativecommons.org/licenses/by-nc-sa/4.0/,Paul Marvin,2019-06-26,song
train,Song Sparrow,song_sparrow,Melospiza,melodia,483978,483978-7.wav,wavfiles/483978-7.wav,//www.xeno-canto.org/483978,//creativecommons.org/licenses/by-nc-sa/4.0/,Paul Marvin,2019-06-26,song
train,Song Sparrow,song_sparrow,Melospiza,melodia,483978,483978-8.wav,wavfiles/483978-8.wav,//www.xeno-canto.org/483978,//creativecommons.org/licenses/by-nc-sa/4.0/,Paul Marvin,2019-06-26,song
train,Song Sparrow,song_sparrow,Melospiza,melodia,490351,490351-0.wav,wavfiles/490351-0.wav,//www.xeno-canto.org/490351,//creativecommons.org/licenses/by-nc-sa/4.0/,William Whitehead,2019-08-03,song
train,Song Sparrow,song_sparrow,Melospiza,melodia,490351,490351-1.wav,wavfiles/490351-1.wav,//www.xeno-canto.org/490351,//creativecommons.org/licenses/by-nc-sa/4.0/,William Whitehead,2019-08-03,song
train,Song Sparrow,song_sparrow,Melospiza,melodia,490351,490351-10.wav,wavfiles/490351-10.wav,//www.xeno-canto.org/490351,//creativecommons.org/licenses/by-nc-sa/4.0/,William Whitehead,2019-08-03,song
train,Song Sparrow,song_sparrow,Melospiza,melodia,490351,490351-11.wav,wavfiles/490351-11.wav,//www.xeno-canto.org/490351,//creativecommons.org/licenses/by-nc-sa/4.0/,William Whitehead,2019-08-03,song
train,Song Sparrow,song_sparrow,Melospiza,melodia,490351,490351-12.wav,wavfiles/490351-12.wav,//www.xeno-canto.org/490351,//creativecommons.org/licenses/by-nc-sa/4.0/,William Whitehead,2019-08-03,song
train,Song Sparrow,song_sparrow,Melospiza,melodia,490351,490351-14.wav,wavfiles/490351-14.wav,//www.xeno-canto.org/490351,//creativecommons.org/licenses/by-nc-sa/4.0/,William Whitehead,2019-08-03,song
train,Song Sparrow,song_sparrow,Melospiza,melodia,490351,490351-2.wav,wavfiles/490351-2.wav,//www.xeno-canto.org/490351,//creativecommons.org/licenses/by-nc-sa/4.0/,William Whitehead,2019-08-03,song
train,Song Sparrow,song_sparrow,Melospiza,melodia,490351,490351-7.wav,wavfiles/490351-7.wav,//www.xeno-canto.org/490351,//creativecommons.org/licenses/by-nc-sa/4.0/,William Whitehead,2019-08-03,song
train,Song Sparrow,song_sparrow,Melospiza,melodia,490351,490351-8.wav,wavfiles/490351-8.wav,//www.xeno-canto.org/490351,//creativecommons.org/licenses/by-nc-sa/4.0/,William Whitehead,2019-08-03,song
train,Song Sparrow,song_sparrow,Melospiza,melodia,490351,490351-9.wav,wavfiles/490351-9.wav,//www.xeno-canto.org/490351,//creativecommons.org/licenses/by-nc-sa/4.0/,William Whitehead,2019-08-03,song
train,Song Sparrow,song_sparrow,Melospiza,melodia,490353,490353-11.wav,wavfiles/490353-11.wav,//www.xeno-canto.org/490353,//creativecommons.org/licenses/by-nc-sa/4.0/,William Whitehead,2019-08-03,song
train,Song Sparrow,song_sparrow,Melospiza,melodia,490353,490353-12.wav,wavfiles/490353-12.wav,//www.xeno-canto.org/490353,//creativecommons.org/licenses/by-nc-sa/4.0/,William Whitehead,2019-08-03,song
train,Song Sparrow,song_sparrow,Melospiza,melodia,490353,490353-14.wav,wavfiles/490353-14.wav,//www.xeno-canto.org/490353,//creativecommons.org/licenses/by-nc-sa/4.0/,William Whitehead,2019-08-03,song
train,Song Sparrow,song_sparrow,Melospiza,melodia,490353,490353-15.wav,wavfiles/490353-15.wav,//www.xeno-canto.org/490353,//creativecommons.org/licenses/by-nc-sa/4.0/,William Whitehead,2019-08-03,song
train,Song Sparrow,song_sparrow,Melospiza,melodia,490353,490353-4.wav,wavfiles/490353-4.wav,//www.xeno-canto.org/490353,//creativecommons.org/licenses/by-nc-sa/4.0/,William Whitehead,2019-08-03,song
train,Song Sparrow,song_sparrow,Melospiza,melodia,490353,490353-5.wav,wavfiles/490353-5.wav,//www.xeno-canto.org/490353,//creativecommons.org/licenses/by-nc-sa/4.0/,William Whitehead,2019-08-03,song
train,Song Sparrow,song_sparrow,Melospiza,melodia,490353,490353-6.wav,wavfiles/490353-6.wav,//www.xeno-canto.org/490353,//creativecommons.org/licenses/by-nc-sa/4.0/,William Whitehead,2019-08-03,song
train,Song Sparrow,song_sparrow,Melospiza,melodia,500924,500924-0.wav,wavfiles/500924-0.wav,//www.xeno-canto.org/500924,//creativecommons.org/licenses/by-nc-sa/4.0/,William Whitehead,2019-10-05,song
train,Song Sparrow,song_sparrow,Melospiza,melodia,500924,500924-1.wav,wavfiles/500924-1.wav,//www.xeno-canto.org/500924,//creativecommons.org/licenses/by-nc-sa/4.0/,William Whitehead,2019-10-05,song
train,Song Sparrow,song_sparrow,Melospiza,melodia,500924,500924-10.wav,wavfiles/500924-10.wav,//www.xeno-canto.org/500924,//creativecommons.org/licenses/by-nc-sa/4.0/,William Whitehead,2019-10-05,song
train,Song Sparrow,song_sparrow,Melospiza,melodia,500924,500924-11.wav,wavfiles/500924-11.wav,//www.xeno-canto.org/500924,//creativecommons.org/licenses/by-nc-sa/4.0/,William Whitehead,2019-10-05,song
train,Song Sparrow,song_sparrow,Melospiza,melodia,500924,500924-12.wav,wavfiles/500924-12.wav,//www.xeno-canto.org/500924,//creativecommons.org/licenses/by-nc-sa/4.0/,William Whitehead,2019-10-05,song
train,Song Sparrow,song_sparrow,Melospiza,melodia,500924,500924-13.wav,wavfiles/500924-13.wav,//www.xeno-canto.org/500924,//creativecommons.org/licenses/by-nc-sa/4.0/,William Whitehead,2019-10-05,song
train,Song Sparrow,song_sparrow,Melospiza,melodia,500924,500924-2.wav,wavfiles/500924-2.wav,//www.xeno-canto.org/500924,//creativecommons.org/licenses/by-nc-sa/4.0/,William Whitehead,2019-10-05,song
train,Song Sparrow,song_sparrow,Melospiza,melodia,500924,500924-3.wav,wavfiles/500924-3.wav,//www.xeno-canto.org/500924,//creativecommons.org/licenses/by-nc-sa/4.0/,William Whitehead,2019-10-05,song
train,Song Sparrow,song_sparrow,Melospiza,melodia,500924,500924-4.wav,wavfiles/500924-4.wav,//www.xeno-canto.org/500924,//creativecommons.org/licenses/by-nc-sa/4.0/,William Whitehead,2019-10-05,song
train,Song Sparrow,song_sparrow,Melospiza,melodia,500924,500924-5.wav,wavfiles/500924-5.wav,//www.xeno-canto.org/500924,//creativecommons.org/licenses/by-nc-sa/4.0/,William Whitehead,2019-10-05,song
train,Song Sparrow,song_sparrow,Melospiza,melodia,500924,500924-6.wav,wavfiles/500924-6.wav,//www.xeno-canto.org/500924,//creativecommons.org/licenses/by-nc-sa/4.0/,William Whitehead,2019-10-05,song
train,Song Sparrow,song_sparrow,Melospiza,melodia,500924,500924-7.wav,wavfiles/500924-7.wav,//www.xeno-canto.org/500924,//creativecommons.org/licenses/by-nc-sa/4.0/,William Whitehead,2019-10-05,song
train,Song Sparrow,song_sparrow,Melospiza,melodia,500924,500924-8.wav,wavfiles/500924-8.wav,//www.xeno-canto.org/500924,//creativecommons.org/licenses/by-nc-sa/4.0/,William Whitehead,2019-10-05,song
train,Song Sparrow,song_sparrow,Melospiza,melodia,500924,500924-9.wav,wavfiles/500924-9.wav,//www.xeno-canto.org/500924,//creativecommons.org/licenses/by-nc-sa/4.0/,William Whitehead,2019-10-05,song
train,Song Sparrow,song_sparrow,Melospiza,melodia,549591,549591-0.wav,wavfiles/549591-0.wav,//www.xeno-canto.org/549591,//creativecommons.org/licenses/by-nc-sa/4.0/,Bruce Lagerquist,2020-04-19,"adult, sex uncertain, song"
train,Song Sparrow,song_sparrow,Melospiza,melodia,549591,549591-1.wav,wavfiles/549591-1.wav,//www.xeno-canto.org/549591,//creativecommons.org/licenses/by-nc-sa/4.0/,Bruce Lagerquist,2020-04-19,"adult, sex uncertain, song"
train,Song Sparrow,song_sparrow,Melospiza,melodia,549591,549591-10.wav,wavfiles/549591-10.wav,//www.xeno-canto.org/549591,//creativecommons.org/licenses/by-nc-sa/4.0/,Bruce Lagerquist,2020-04-19,"adult, sex uncertain, song"
train,Song Sparrow,song_sparrow,Melospiza,melodia,549591,549591-11.wav,wavfiles/549591-11.wav,//www.xeno-canto.org/549591,//creativecommons.org/licenses/by-nc-sa/4.0/,Bruce Lagerquist,2020-04-19,"adult, sex uncertain, song"
train,Song Sparrow,song_sparrow,Melospiza,melodia,549591,549591-2.wav,wavfiles/549591-2.wav,//www.xeno-canto.org/549591,//creativecommons.org/licenses/by-nc-sa/4.0/,Bruce Lagerquist,2020-04-19,"adult, sex uncertain, song"
train,Song Sparrow,song_sparrow,Melospiza,melodia,549591,549591-3.wav,wavfiles/549591-3.wav,//www.xeno-canto.org/549591,//creativecommons.org/licenses/by-nc-sa/4.0/,Bruce Lagerquist,2020-04-19,"adult, sex uncertain, song"
train,Song Sparrow,song_sparrow,Melospiza,melodia,549591,549591-4.wav,wavfiles/549591-4.wav,//www.xeno-canto.org/549591,//creativecommons.org/licenses/by-nc-sa/4.0/,Bruce Lagerquist,2020-04-19,"adult, sex uncertain, song"
train,Song Sparrow,song_sparrow,Melospiza,melodia,549591,549591-5.wav,wavfiles/549591-5.wav,//www.xeno-canto.org/549591,//creativecommons.org/licenses/by-nc-sa/4.0/,Bruce Lagerquist,2020-04-19,"adult, sex uncertain, song"
train,Song Sparrow,song_sparrow,Melospiza,melodia,549591,549591-6.wav,wavfiles/549591-6.wav,//www.xeno-canto.org/549591,//creativecommons.org/licenses/by-nc-sa/4.0/,Bruce Lagerquist,2020-04-19,"adult, sex uncertain, song"
train,Song Sparrow,song_sparrow,Melospiza,melodia,549591,549591-7.wav,wavfiles/549591-7.wav,//www.xeno-canto.org/549591,//creativecommons.org/licenses/by-nc-sa/4.0/,Bruce Lagerquist,2020-04-19,"adult, sex uncertain, song"
train,Song Sparrow,song_sparrow,Melospiza,melodia,549591,549591-8.wav,wavfiles/549591-8.wav,//www.xeno-canto.org/549591,//creativecommons.org/licenses/by-nc-sa/4.0/,Bruce Lagerquist,2020-04-19,"adult, sex uncertain, song"
train,Song Sparrow,song_sparrow,Melospiza,melodia,549591,549591-9.wav,wavfiles/549591-9.wav,//www.xeno-canto.org/549591,//creativecommons.org/licenses/by-nc-sa/4.0/,Bruce Lagerquist,2020-04-19,"adult, sex uncertain, song"
train,Song Sparrow,song_sparrow,Melospiza,melodia,551290,551290-0.wav,wavfiles/551290-0.wav,//www.xeno-canto.org/551290,//creativecommons.org/licenses/by-nc-sa/4.0/,William Whitehead,2020-04-27,song
train,Song Sparrow,song_sparrow,Melospiza,melodia,551290,551290-1.wav,wavfiles/551290-1.wav,//www.xeno-canto.org/551290,//creativecommons.org/licenses/by-nc-sa/4.0/,William Whitehead,2020-04-27,song
train,Song Sparrow,song_sparrow,Melospiza,melodia,551290,551290-10.wav,wavfiles/551290-10.wav,//www.xeno-canto.org/551290,//creativecommons.org/licenses/by-nc-sa/4.0/,William Whitehead,2020-04-27,song
train,Song Sparrow,song_sparrow,Melospiza,melodia,551290,551290-11.wav,wavfiles/551290-11.wav,//www.xeno-canto.org/551290,//creativecommons.org/licenses/by-nc-sa/4.0/,William Whitehead,2020-04-27,song
train,Song Sparrow,song_sparrow,Melospiza,melodia,551290,551290-12.wav,wavfiles/551290-12.wav,//www.xeno-canto.org/551290,//creativecommons.org/licenses/by-nc-sa/4.0/,William Whitehead,2020-04-27,song
train,Song Sparrow,song_sparrow,Melospiza,melodia,551290,551290-2.wav,wavfiles/551290-2.wav,//www.xeno-canto.org/551290,//creativecommons.org/licenses/by-nc-sa/4.0/,William Whitehead,2020-04-27,song
train,Song Sparrow,song_sparrow,Melospiza,melodia,551290,551290-3.wav,wavfiles/551290-3.wav,//www.xeno-canto.org/551290,//creativecommons.org/licenses/by-nc-sa/4.0/,William Whitehead,2020-04-27,song
train,Song Sparrow,song_sparrow,Melospiza,melodia,551290,551290-4.wav,wavfiles/551290-4.wav,//www.xeno-canto.org/551290,//creativecommons.org/licenses/by-nc-sa/4.0/,William Whitehead,2020-04-27,song
train,Song Sparrow,song_sparrow,Melospiza,melodia,551290,551290-5.wav,wavfiles/551290-5.wav,//www.xeno-canto.org/551290,//creativecommons.org/licenses/by-nc-sa/4.0/,William Whitehead,2020-04-27,song
train,Song Sparrow,song_sparrow,Melospiza,melodia,551290,551290-6.wav,wavfiles/551290-6.wav,//www.xeno-canto.org/551290,//creativecommons.org/licenses/by-nc-sa/4.0/,William Whitehead,2020-04-27,song
train,Song Sparrow,song_sparrow,Melospiza,melodia,551290,551290-7.wav,wavfiles/551290-7.wav,//www.xeno-canto.org/551290,//creativecommons.org/licenses/by-nc-sa/4.0/,William Whitehead,2020-04-27,song
train,Song Sparrow,song_sparrow,Melospiza,melodia,551290,551290-8.wav,wavfiles/551290-8.wav,//www.xeno-canto.org/551290,//creativecommons.org/licenses/by-nc-sa/4.0/,William Whitehead,2020-04-27,song
train,Song Sparrow,song_sparrow,Melospiza,melodia,551290,551290-9.wav,wavfiles/551290-9.wav,//www.xeno-canto.org/551290,//creativecommons.org/licenses/by-nc-sa/4.0/,William Whitehead,2020-04-27,song
train,Song Sparrow,song_sparrow,Melospiza,melodia,561356,561356-0.wav,wavfiles/561356-0.wav,//www.xeno-canto.org/561356,//creativecommons.org/licenses/by-nc-sa/4.0/,Thomas G. Graves,2020-05-21,"adult, male, song"
train,Song Sparrow,song_sparrow,Melospiza,melodia,561356,561356-1.wav,wavfiles/561356-1.wav,//www.xeno-canto.org/561356,//creativecommons.org/licenses/by-nc-sa/4.0/,Thomas G. Graves,2020-05-21,"adult, male, song"
train,Song Sparrow,song_sparrow,Melospiza,melodia,561356,561356-2.wav,wavfiles/561356-2.wav,//www.xeno-canto.org/561356,//creativecommons.org/licenses/by-nc-sa/4.0/,Thomas G. Graves,2020-05-21,"adult, male, song"
train,Song Sparrow,song_sparrow,Melospiza,melodia,561356,561356-3.wav,wavfiles/561356-3.wav,//www.xeno-canto.org/561356,//creativecommons.org/licenses/by-nc-sa/4.0/,Thomas G. Graves,2020-05-21,"adult, male, song"
train,Song Sparrow,song_sparrow,Melospiza,melodia,561356,561356-4.wav,wavfiles/561356-4.wav,//www.xeno-canto.org/561356,//creativecommons.org/licenses/by-nc-sa/4.0/,Thomas G. Graves,2020-05-21,"adult, male, song"
train,Song Sparrow,song_sparrow,Melospiza,melodia,561356,561356-5.wav,wavfiles/561356-5.wav,//www.xeno-canto.org/561356,//creativecommons.org/licenses/by-nc-sa/4.0/,Thomas G. Graves,2020-05-21,"adult, male, song"
train,Song Sparrow,song_sparrow,Melospiza,melodia,561356,561356-6.wav,wavfiles/561356-6.wav,//www.xeno-canto.org/561356,//creativecommons.org/licenses/by-nc-sa/4.0/,Thomas G. Graves,2020-05-21,"adult, male, song"
train,Song Sparrow,song_sparrow,Melospiza,melodia,561356,561356-7.wav,wavfiles/561356-7.wav,//www.xeno-canto.org/561356,//creativecommons.org/licenses/by-nc-sa/4.0/,Thomas G. Graves,2020-05-21,"adult, male, song"
train,Song Sparrow,song_sparrow,Melospiza,melodia,561356,561356-8.wav,wavfiles/561356-8.wav,//www.xeno-canto.org/561356,//creativecommons.org/licenses/by-nc-sa/4.0/,Thomas G. Graves,2020-05-21,"adult, male, song"
train,Song Sparrow,song_sparrow,Melospiza,melodia,565240,565240-0.wav,wavfiles/565240-0.wav,//www.xeno-canto.org/565240,//creativecommons.org/licenses/by-nc-sa/4.0/,Bobby Wilcox,2020-06-01,"adult, male, song"
train,Song Sparrow,song_sparrow,Melospiza,melodia,565240,565240-1.wav,wavfiles/565240-1.wav,//www.xeno-canto.org/565240,//creativecommons.org/licenses/by-nc-sa/4.0/,Bobby Wilcox,2020-06-01,"adult, male, song"
train,Song Sparrow,song_sparrow,Melospiza,melodia,565240,565240-10.wav,wavfiles/565240-10.wav,//www.xeno-canto.org/565240,//creativecommons.org/licenses/by-nc-sa/4.0/,Bobby Wilcox,2020-06-01,"adult, male, song"
train,Song Sparrow,song_sparrow,Melospiza,melodia,565240,565240-4.wav,wavfiles/565240-4.wav,//www.xeno-canto.org/565240,//creativecommons.org/licenses/by-nc-sa/4.0/,Bobby Wilcox,2020-06-01,"adult, male, song"
train,Song Sparrow,song_sparrow,Melospiza,melodia,565240,565240-5.wav,wavfiles/565240-5.wav,//www.xeno-canto.org/565240,//creativecommons.org/licenses/by-nc-sa/4.0/,Bobby Wilcox,2020-06-01,"adult, male, song"
train,Song Sparrow,song_sparrow,Melospiza,melodia,565240,565240-6.wav,wavfiles/565240-6.wav,//www.xeno-canto.org/565240,//creativecommons.org/licenses/by-nc-sa/4.0/,Bobby Wilcox,2020-06-01,"adult, male, song"
train,Song Sparrow,song_sparrow,Melospiza,melodia,565240,565240-7.wav,wavfiles/565240-7.wav,//www.xeno-canto.org/565240,//creativecommons.org/licenses/by-nc-sa/4.0/,Bobby Wilcox,2020-06-01,"adult, male, song"
train,Song Sparrow,song_sparrow,Melospiza,melodia,565240,565240-8.wav,wavfiles/565240-8.wav,//www.xeno-canto.org/565240,//creativecommons.org/licenses/by-nc-sa/4.0/,Bobby Wilcox,2020-06-01,"adult, male, song"
train,Song Sparrow,song_sparrow,Melospiza,melodia,565240,565240-9.wav,wavfiles/565240-9.wav,//www.xeno-canto.org/565240,//creativecommons.org/licenses/by-nc-sa/4.0/,Bobby Wilcox,2020-06-01,"adult, male, song"
