split,name,species_slug,genus,species,id,filename,relative_wav_path,source_url,license,recordist,date,sound_type,audio_sha256
test,American Robin,american_robin,Turdus,migratorius,128490,128490-0.wav,wavfiles/128490-0.wav,//www.xeno-canto.org/128490,//creativecommons.org/licenses/by-sa/3.0/,Jonathon Jongsma,2013-04-03,song,39789F9DF4715F37642E0E5FEC96258304B306AD05589AACB422B0EA475C8918
test,American Robin,american_robin,Turdus,migratorius,128490,128490-1.wav,wavfiles/128490-1.wav,//www.xeno-canto.org/128490,//creativecommons.org/licenses/by-sa/3.0/,Jonathon Jongsma,2013-04-03,song,781064D090BE4FB0AE393495A62C7AAD6096F9DD532690502AD779AB6EC40C3F
test,American Robin,american_robin,Turdus,migratorius,128490,128490-2.wav,wavfiles/128490-2.wav,//www.xeno-canto.org/128490,//creativecommons.org/licenses/by-sa/3.0/,Jonathon Jongsma,2013-04-03,song,02F63773BF9F7EFB9F4CFF874A0BC44FE5266CB140AAFCD71C49A7698750AC16
test,American Robin,american_robin,Turdus,migratorius,128490,128490-3.wav,wavfiles/128490-3.wav,//www.xeno-canto.org/128490,//creativecommons.org/licenses/by-sa/3.0/,Jonathon Jongsma,2013-04-03,song,3DC6F511F9A94B0E7F947EC3342E9E0F018021EC3B466D3FFDF922C7C2C86446
test,American Robin,american_robin,Turdus,migratorius,128490,128490-4.wav,wavfiles/128490-4.wav,//www.xeno-canto.org/128490,//creativecommons.org/licenses/by-sa/3.0/,Jonathon Jongsma,2013-04-03,song,58AB873C2EFD17A9A578D7CB9C19748885F96D969D313557BB89176B88F2671C
test,American Robin,american_robin,Turdus,migratorius,128490,128490-5.wav,wavfiles/128490-5.wav,//www.xeno-canto.org/128490,//creativecommons.org/licenses/by-sa/3.0/,Jonathon Jongsma,2013-04-03,song,427BE11F34AC84CA81A7FEE1899CF0BBDB7BD5803E80D61332746D581A7CFC7A
test,American Robin,american_robin,Turdus,migratorius,128490,128490-6.wav,wavfiles/128490-6.wav,//www.xeno-canto.org/128490,//creativecommons.org/licenses/by-sa/3.0/,Jonathon Jongsma,2013-04-03,song,11BADAD7FF908812A5A1438B702674D701A42B9AFF35CB8064BDECC372EEF0DE
test,American Robin,american_robin,Turdus,migratorius,128490,128490-7.wav,wavfiles/128490-7.wav,//www.xeno-canto.org/128490,//creativecommons.org/licenses/by-sa/3.0/,Jonathon Jongsma,2013-04-03,song,B4E8E6D8086CE9D1FEC859522BABA9611FB02889E9DCD41082E072086B2A720E
test,American Robin,american_robin,Turdus,migratorius,128490,128490-8.wav,wavfiles/128490-8.wav,//www.xeno-canto.org/128490,//creativecommons.org/licenses/by-sa/3.0/,Jonathon Jongsma,2013-04-03,song,E9BAE615701AAB0F312D34FE224BDF31ED9A100523D6CE889F994246710D066F
test,American Robin,american_robin,Turdus,migratorius,128490,128490-9.wav,wavfiles/128490-9.wav,//www.xeno-canto.org/128490,//creativecommons.org/licenses/by-sa/3.0/,Jonathon Jongsma,2013-04-03,song,66C4B81265762099912B9E2EA350A3CCA9ADEA8F7AB292E74CC9B2B4B45217C5
test,American Robin,american_robin,Turdus,migratorius,138063,138063-0.wav,wavfiles/138063-0.wav,//www.xeno-canto.org/138063,//creativecommons.org/licenses/by-nc-sa/3.0/,Paul Driver,2013-04-18,"call, song",E678521B73CB98897119F00F4A4486E819FE71923DFF2B85088A2D4F78DB1394
test,American Robin,american_robin,Turdus,migratorius,138063,138063-1.wav,wavfiles/138063-1.wav,//www.xeno-canto.org/138063,//creativecommons.org/licenses/by-nc-sa/3.0/,Paul Driver,2013-04-18,"call, song",E180A586E50C0B3C7DBE0ED2F6ACED8783EF24F6272B86ED3FCA459D19987C32
test,American Robin,american_robin,Turdus,migratorius,138063,138063-10.wav,wavfiles/138063-10.wav,//www.xeno-canto.org/138063,//creativecommons.org/licenses/by-nc-sa/3.0/,Paul Driver,2013-04-18,"call, song",F0F2AE46001C9BCBD32C02934D4F220115AEE1C6D2D7CA117C042DA3FA6B203C
test,American Robin,american_robin,Turdus,migratorius,138063,138063-14.wav,wavfiles/138063-14.wav,//www.xeno-canto.org/138063,//creativecommons.org/licenses/by-nc-sa/3.0/,Paul Driver,2013-04-18,"call, song",6480798043965E7266BF0CE76482DCB822D1D53E9E01E8F61DBFCF30C45762DB
test,American Robin,american_robin,Turdus,migratorius,138063,138063-15.wav,wavfiles/138063-15.wav,//www.xeno-canto.org/138063,//creativecommons.org/licenses/by-nc-sa/3.0/,Paul Driver,2013-04-18,"call, song",D2BA7AE48B74F943986B46E95305F7E3AEC4D7A02F2EB51E7908B431F28D9418
test,American Robin,american_robin,Turdus,migratorius,138063,138063-16.wav,wavfiles/138063-16.wav,//www.xeno-canto.org/138063,//creativecommons.org/licenses/by-nc-sa/3.0/,Paul Driver,2013-04-18,"call, song",DDE1BEE6962F0A191E3B59CDA0AF97E5459C6516D960A5C0C01E8E73481CFEC5
test,American Robin,american_robin,Turdus,migratorius,138063,138063-2.wav,wavfiles/138063-2.wav,//www.xeno-canto.org/138063,//creativecommons.org/licenses/by-nc-sa/3.0/,Paul Driver,2013-04-18,"call, song",135293282752BD3F04716B5EB5460C3179D498FC3CD610F98B7CD54E0D6521FF
test,American Robin,american_robin,Turdus,migratorius,138063,138063-3.wav,wavfiles/138063-3.wav,//www.xeno-canto.org/138063,//creativecommons.org/licenses/by-nc-sa/3.0/,Paul Driver,2013-04-18,"call, song",EE07CAEA5CD6AD344936883A19442D1A070DC1AB59E2CFEB64B06E0C73E225CB
test,American Robin,american_robin,Turdus,migratorius,138063,138063-4.wav,wavfiles/138063-4.wav,//www.xeno-canto.org/138063,//creativecommons.org/licenses/by-nc-sa/3.0/,Paul Driver,2013-04-18,"call, song",7863B3091FAED2CC2372420573A1FB0960C5191FD5A172365C51BD8F34207A71
test,American Robin,american_robin,Turdus,migratorius,138063,138063-5.wav,wavfiles/138063-5.wav,//www.xeno-canto.org/138063,//creativecommons.org/licenses/by-nc-sa/3.0/,Paul Driver,2013-04-18,"call, song",510949DAA51382689313A7269C9D0C74D44E2A3930C07937C5EB993FCA25F847
test,American Robin,american_robin,Turdus,migratorius,138063,138063-6.wav,wavfiles/138063-6.wav,//www.xeno-canto.org/138063,//creativecommons.org/licenses/by-nc-sa/3.0/,Paul Driver,2013-04-18,"call, song",157B1624523C8E76DEE1FA311ABF94922CBBEDCFA7A2E085C0315F80B736F93A
test,American Robin,american_robin,Turdus,migratorius,138063,138063-7.wav,wavfiles/138063-7.wav,//www.xeno-canto.org/138063,//creativecommons.org/licenses/by-nc-sa/3.0/,Paul Driver,2013-04-18,"call, song",E557C7630B661869B8D1D4F64FCDE91D617FF5087CADB311B663CF40F80AF7AC
test,American Robin,american_robin,Turdus,migratorius,138063,138063-8.wav,wavfiles/138063-8.wav,//www.xeno-canto.org/138063,//creativecommons.org/licenses/by-nc-sa/3.0/,Paul Driver,2013-04-18,"call, song",81550D129FA2A7C1630C2C9A6C7155E7DEF1BFC928CB17FEF8B907A79A9628FC
test,American Robin,american_robin,Turdus,migratorius,138063,138063-9.wav,wavfiles/138063-9.wav,//www.xeno-canto.org/138063,//creativecommons.org/licenses/by-nc-sa/3.0/,Paul Driver,2013-04-18,"call, song",71AFC681D373AD3092D30E24AD969F32670C213C2F1F19D9741FF65C8CC614F4
test,American Robin,american_robin,Turdus,migratorius,165303,165303-0.wav,wavfiles/165303-0.wav,//www.xeno-canto.org/165303,//creativecommons.org/licenses/by-nc-sa/3.0/,Paul Marvin,2012-05-31,song,6BACEE102A4BC183B607B7857AF7F9826C351F03F2CC92970BEFB6D6DED83B5F
test,American Robin,american_robin,Turdus,migratorius,165303,165303-1.wav,wavfiles/165303-1.wav,//www.xeno-canto.org/165303,//creativecommons.org/licenses/by-nc-sa/3.0/,Paul Marvin,2012-05-31,song,949F85D9428D2DB21785C3687A4E7C642D65E12F5312B9334DC567FA77C54934
test,American Robin,american_robin,Turdus,migratorius,165303,165303-10.wav,wavfiles/165303-10.wav,//www.xeno-canto.org/165303,//creativecommons.org/licenses/by-nc-sa/3.0/,Paul Marvin,2012-05-31,song,A8C1654AE2445A43BAE1B204FEF3E86691FCDA074C1E499847E414D958C6E63F
test,American Robin,american_robin,Turdus,migratorius,165303,165303-11.wav,wavfiles/165303-11.wav,//www.xeno-canto.org/165303,//creativecommons.org/licenses/by-nc-sa/3.0/,Paul Marvin,2012-05-31,song,3D780359F68115C09F128B97E82EB43A39EF15DD8071A76FED9EC5E56F740C43
test,American Robin,american_robin,Turdus,migratorius,165303,165303-12.wav,wavfiles/165303-12.wav,//www.xeno-canto.org/165303,//creativecommons.org/licenses/by-nc-sa/3.0/,Paul Marvin,2012-05-31,song,1CCAC0B708314FF8C83B17F0824B06A29B29DCC48D49650851E998AD0FF081B7
test,American Robin,american_robin,Turdus,migratorius,165303,165303-2.wav,wavfiles/165303-2.wav,//www.xeno-canto.org/165303,//creativecommons.org/licenses/by-nc-sa/3.0/,Paul Marvin,2012-05-31,song,FBB758492131CF01AA995FA52BF148E70BD9F5B9724E0C5FF0E2D4C2D882212D
test,American Robin,american_robin,Turdus,migratorius,165303,165303-3.wav,wavfiles/165303-3.wav,//www.xeno-canto.org/165303,//creativecommons.org/licenses/by-nc-sa/3.0/,Paul Marvin,2012-05-31,song,FAAFF1B1D1B0B2CD863344B570237CEB752087E1FC2B40B98BE62C712069C42F
test,American Robin,american_robin,Turdus,migratorius,165303,165303-4.wav,wavfiles/165303-4.wav,//www.xeno-canto.org/165303,//creativecommons.org/licenses/by-nc-sa/3.0/,Paul Marvin,2012-05-31,song,948AD346DEC4C388382F4ABFE82D2D250B6E259F9E235E7C4DE26C668E252C0E
test,American Robin,american_robin,Turdus,migratorius,165303,165303-5.wav,wavfiles/165303-5.wav,//www.xeno-canto.org/165303,//creativecommons.org/licenses/by-nc-sa/3.0/,Paul Marvin,2012-05-31,song,14C955859F1650899CE6AA62A63A6A643E148975582448DD924454D1C46FAE9B
test,American Robin,american_robin,Turdus,migratorius,165303,165303-6.wav,wavfiles/165303-6.wav,//www.xeno-canto.org/165303,//creativecommons.org/licenses/by-nc-sa/3.0/,Paul Marvin,2012-05-31,song,C1AFA88B2EA8FA4AC4384E8E990968A1F5B0991F3A6C708F87A77B9BF5C29B86
test,American Robin,american_robin,Turdus,migratorius,165303,165303-7.wav,wavfiles/165303-7.wav,//www.xeno-canto.org/165303,//creativecommons.org/licenses/by-nc-sa/3.0/,Paul Marvin,2012-05-31,song,BF80BB1B469E1A1CC31C71CD2C47F18B5F0E5B27552B2CF7B826C29202B92BE5
test,American Robin,american_robin,Turdus,migratorius,165303,165303-8.wav,wavfiles/165303-8.wav,//www.xeno-canto.org/165303,//creativecommons.org/licenses/by-nc-sa/3.0/,Paul Marvin,2012-05-31,song,D89195C11476B49CBA1BD58C750BE6B2E9FE35892E05B1ACDBC9156574302CB8
test,American Robin,american_robin,Turdus,migratorius,165303,165303-9.wav,wavfiles/165303-9.wav,//www.xeno-canto.org/165303,//creativecommons.org/licenses/by-nc-sa/3.0/,Paul Marvin,2012-05-31,song,B3710BC6FC4BDCA5798A131E6804A61CABD1FBD1960A27B889FE43AEC47F1861
test,American Robin,american_robin,Turdus,migratorius,172423,172423-4.wav,wavfiles/172423-4.wav,//www.xeno-canto.org/172423,//creativecommons.org/licenses/by-nc-sa/4.0/,Eric DeFonso,2013-03-28,song,8408D2CC8300CB2898B4C5A168080000E066CC2C46C0B563B3AD322E2FC7FB22
test,American Robin,american_robin,Turdus,migratorius,172423,172423-5.wav,wavfiles/172423-5.wav,//www.xeno-canto.org/172423,//creativecommons.org/licenses/by-nc-sa/4.0/,Eric DeFonso,2013-03-28,song,C6C0588B93523B4C9155BD9DBF22BD203728F6D188A05771A646A9CC3FA9DC92
test,American Robin,american_robin,Turdus,migratorius,178008,178008-0.wav,wavfiles/178008-0.wav,//www.xeno-canto.org/178008,//creativecommons.org/licenses/by-nc-sa/4.0/,Thomas G. Graves,2014-05-04,song,42FEABFC807ACF5590D1542B1985DBC30732B031148DF6E32623AEE2DC92B7B8
test,American Robin,american_robin,Turdus,migratorius,178008,178008-1.wav,wavfiles/178008-1.wav,//www.xeno-canto.org/178008,//creativecommons.org/licenses/by-nc-sa/4.0/,Thomas G. Graves,2014-05-04,song,F9D4734B932F8CA1A3FB700CF4DBF565F8508A60EDA092DA9A7B21098563991F
test,American Robin,american_robin,Turdus,migratorius,178008,178008-10.wav,wavfiles/178008-10.wav,//www.xeno-canto.org/178008,//creativecommons.org/licenses/by-nc-sa/4.0/,Thomas G. Graves,2014-05-04,song,6EA5DE4495D527EEBE7A5C0736D533348D9DCA3B9F9489BFC4108C72866536FA
test,American Robin,american_robin,Turdus,migratorius,178008,178008-11.wav,wavfiles/178008-11.wav,//www.xeno-canto.org/178008,//creativecommons.org/licenses/by-nc-sa/4.0/,Thomas G. Graves,2014-05-04,song,1B8B46AA67D1285B3B26680CA45211AEAB6020986DBDA324DE3165AC5CEC0621
test,American Robin,american_robin,Turdus,migratorius,178008,178008-12.wav,wavfiles/178008-12.wav,//www.xeno-canto.org/178008,//creativecommons.org/licenses/by-nc-sa/4.0/,Thomas G. Graves,2014-05-04,song,01D7BF22E97505A5A95A2E847C7B227537B03BE4F3936F91F4CE402062ACC79F
test,American Robin,american_robin,Turdus,migratorius,178008,178008-2.wav,wavfiles/178008-2.wav,//www.xeno-canto.org/178008,//creativecommons.org/licenses/by-nc-sa/4.0/,Thomas G. Graves,2014-05-04,song,88743E5F2B45871AA46DC9173A59CEF5CA33E489C88027EC0255AC6FE302EE02
test,American Robin,american_robin,Turdus,migratorius,178008,178008-3.wav,wavfiles/178008-3.wav,//www.xeno-canto.org/178008,//creativecommons.org/licenses/by-nc-sa/4.0/,Thomas G. Graves,2014-05-04,song,F77F6729A4DB87438C4CBCA251229143F9D2D829B9601877BF93BB873579EC23
test,American Robin,american_robin,Turdus,migratorius,178008,178008-4.wav,wavfiles/178008-4.wav,//www.xeno-canto.org/178008,//creativecommons.org/licenses/by-nc-sa/4.0/,Thomas G. Graves,2014-05-04,song,EA5BFAF6A7871CA7465CB1034CDB8D116D7BDE778EEEAEAA11E1860F66C13BA1
test,American Robin,american_robin,Turdus,migratorius,178008,178008-5.wav,wavfiles/178008-5.wav,//www.xeno-canto.org/178008,//creativecommons.org/licenses/by-nc-sa/4.0/,Thomas G. Graves,2014-05-04,song,295F5706119F93688995257B46D81A804B71BBC60DFA99001D3BF4026FF3F2AB
test,American Robin,american_robin,Turdus,migratorius,178008,178008-8.wav,wavfiles/178008-8.wav,//www.xeno-canto.org/178008,//creativecommons.org/licenses/by-nc-sa/4.0/,Thomas G. Graves,2014-05-04,song,A045111D597413F4C8056DA5E48A104AB871E6117B14A8D863AC42E42117D837
test,American Robin,american_robin,Turdus,migratorius,178008,178008-9.wav,wavfiles/178008-9.wav,//www.xeno-canto.org/178008,//creativecommons.org/licenses/by-nc-sa/4.0/,Thomas G. Graves,2014-05-04,song,D58C5E46050E60237F4B63F66A4A53101B3AC056E89C17E88CAAA9D5D46FFE15
test,American Robin,american_robin,Turdus,migratorius,313352,313352-0.wav,wavfiles/313352-0.wav,//www.xeno-canto.org/313352,//creativecommons.org/licenses/by-nc-sa/4.0/,Matt Wistrand,2016-04-20,song,857E062716369853E0C656E7354A700CB087841CA246FDBAE2F3ECF490C9A35D
test,American Robin,american_robin,Turdus,migratorius,313352,313352-1.wav,wavfiles/313352-1.wav,//www.xeno-canto.org/313352,//creativecommons.org/licenses/by-nc-sa/4.0/,Matt Wistrand,2016-04-20,song,CC36B2F6CFA199562DEAF8EC117342EE62D6A2C1A91997A93B78E875546C1710
test,American Robin,american_robin,Turdus,migratorius,313352,313352-10.wav,wavfiles/313352-10.wav,//www.xeno-canto.org/313352,//creativecommons.org/licenses/by-nc-sa/4.0/,Matt Wistrand,2016-04-20,song,C0260789F243F25EAA2AB01C6A47827A43DF5A96F0B07A2EDF2244AB0A460937
test,American Robin,american_robin,Turdus,migratorius,313352,313352-11.wav,wavfiles/313352-11.wav,//www.xeno-canto.org/313352,//creativecommons.org/licenses/by-nc-sa/4.0/,Matt Wistrand,2016-04-20,song,3083E47DD56F0B2D1FB15627AB133E2BE0CDB5119E3E57F1056C61A55C2F6F1A
test,American Robin,american_robin,Turdus,migratorius,313352,313352-12.wav,wavfiles/313352-12.wav,//www.xeno-canto.org/313352,//creativecommons.org/licenses/by-nc-sa/4.0/,Matt Wistrand,2016-04-20,song,E49EE6E485FC0378B30E20775C3AD8FF584269D232944556B34FD7E14957D35E
test,American Robin,american_robin,Turdus,migratorius,313352,313352-13.wav,wavfiles/313352-13.wav,//www.xeno-canto.org/313352,//creativecommons.org/licenses/by-nc-sa/4.0/,Matt Wistrand,2016-04-20,song,81E2D5B6C78B856C3E1EF69EB244A6F9A401B7D68E5E76DDE00A8F380BAACC9C
test,American Robin,american_robin,Turdus,migratorius,313352,313352-14.wav,wavfiles/313352-14.wav,//www.xeno-canto.org/313352,//creativecommons.org/licenses/by-nc-sa/4.0/,Matt Wistrand,2016-04-20,song,92C46481AC23550E94652F0BCAA317738B5A3B84B4C3592C82D352B145F887CD
test,American Robin,american_robin,Turdus,migratorius,313352,313352-2.wav,wavfiles/313352-2.wav,//www.xeno-canto.org/313352,//creativecommons.org/licenses/by-nc-sa/4.0/,Matt Wistrand,2016-04-20,song,B88CBB126C0C56DA352B3667B55E78D04E69D18E1D4003D5298A827F7992FA56
test,American Robin,american_robin,Turdus,migratorius,313352,313352-3.wav,wavfiles/313352-3.wav,//www.xeno-canto.org/313352,//creativecommons.org/licenses/by-nc-sa/4.0/,Matt Wistrand,2016-04-20,song,0821C15AC55AD1AF14566638F3AD340C713571E5390A95F3FAE2DB7986D21771
test,American Robin,american_robin,Turdus,migratorius,313352,313352-4.wav,wavfiles/313352-4.wav,//www.xeno-canto.org/313352,//creativecommons.org/licenses/by-nc-sa/4.0/,Matt Wistrand,2016-04-20,song,4EDBE332A4DC410978B1D252E09F939DF12A1C3BAF5DA0F24B511CB1CA8490F1
test,American Robin,american_robin,Turdus,migratorius,313352,313352-7.wav,wavfiles/313352-7.wav,//www.xeno-canto.org/313352,//creativecommons.org/licenses/by-nc-sa/4.0/,Matt Wistrand,2016-04-20,song,E78974757EDB5B57DCF42E3945E95CCEF55D1A8080C5B7BBCF80DB7E0E7C23B8
test,American Robin,american_robin,Turdus,migratorius,313352,313352-8.wav,wavfiles/313352-8.wav,//www.xeno-canto.org/313352,//creativecommons.org/licenses/by-nc-sa/4.0/,Matt Wistrand,2016-04-20,song,6DCC1B667D254BCA2CBF3E6947588A7955A83414BE885A518BFCFE585267E3E6
test,American Robin,american_robin,Turdus,migratorius,313352,313352-9.wav,wavfiles/313352-9.wav,//www.xeno-canto.org/313352,//creativecommons.org/licenses/by-nc-sa/4.0/,Matt Wistrand,2016-04-20,song,F33669A14B694B48A1AD52DE093F2220A70BAB5F0B9B85F71CD280BA687E6F4F
test,American Robin,american_robin,Turdus,migratorius,322572,322572-0.wav,wavfiles/322572-0.wav,//www.xeno-canto.org/322572,//creativecommons.org/licenses/by-nc-sa/4.0/,Richard E. Webster,2015-06-03,vesper song,F3EB9EBE6D2A054292973D4E577E492B478040EA80465A3B35D21214538CDAB7
test,American Robin,american_robin,Turdus,migratorius,322572,322572-1.wav,wavfiles/322572-1.wav,//www.xeno-canto.org/322572,//creativecommons.org/licenses/by-nc-sa/4.0/,Richard E. Webster,2015-06-03,vesper song,5E38359AD5EF7CB7DCFD5C98D3720F38DD6996554CE14376FB6E9333DCAB0A0B
test,American Robin,american_robin,Turdus,migratorius,322572,322572-10.wav,wavfiles/322572-10.wav,//www.xeno-canto.org/322572,//creativecommons.org/licenses/by-nc-sa/4.0/,Richard E. Webster,2015-06-03,vesper song,FED9F5780F05923169661748AE73A23A42A5D91A4B794AC1676D5089D68F2CA7
test,American Robin,american_robin,Turdus,migratorius,322572,322572-11.wav,wavfiles/322572-11.wav,//www.xeno-canto.org/322572,//creativecommons.org/licenses/by-nc-sa/4.0/,Richard E. Webster,2015-06-03,vesper song,F3B8192A912EB71B008A75D334E7B8030E36637886EF12D470125735697E0016
test,American Robin,american_robin,Turdus,migratorius,322572,322572-12.wav,wavfiles/322572-12.wav,//www.xeno-canto.org/322572,//creativecommons.org/licenses/by-nc-sa/4.0/,Richard E. Webster,2015-06-03,vesper song,EBB89AAB4395BF62D8AFA407AB564DCB7957A98F3A04BD83AC3B8237ACF3D775
test,American Robin,american_robin,Turdus,migratorius,322572,322572-13.wav,wavfiles/322572-13.wav,//www.xeno-canto.org/322572,//creativecommons.org/licenses/by-nc-sa/4.0/,Richard E. Webster,2015-06-03,vesper song,159A8774EC3C01E6138150AEB4EFF1817ABB061E0BE40C8402E1B5FDE13A978A
test,American Robin,american_robin,Turdus,migratorius,322572,322572-14.wav,wavfiles/322572-14.wav,//www.xeno-canto.org/322572,//creativecommons.org/licenses/by-nc-sa/4.0/,Richard E. Webster,2015-06-03,vesper song,A03EBD3DD3ED0563B96C35A2E756911B5301E3C10878DDC1CFAACDD7E1C63E45
test,American Robin,american_robin,Turdus,migratorius,322572,322572-15.wav,wavfiles/322572-15.wav,//www.xeno-canto.org/322572,//creativecommons.org/licenses/by-nc-sa/4.0/,Richard E. Webster,2015-06-03,vesper song,52254A3690B87A24FFCDE4857644712C092CF9C88D08C2A5FF0CE7FC80242191
test,American Robin,american_robin,Turdus,migratorius,322572,322572-16.wav,wavfiles/322572-16.wav,//www.xeno-canto.org/322572,//creativecommons.org/licenses/by-nc-sa/4.0/,Richard E. Webster,2015-06-03,vesper song,040602CA12FDAE99612E8F4C9A2DB015710432E222DF28A7B530676A83B01979
test,American Robin,american_robin,Turdus,migratorius,322572,322572-2.wav,wavfiles/322572-2.wav,//www.xeno-canto.org/322572,//creativecommons.org/licenses/by-nc-sa/4.0/,Richard E. Webster,2015-06-03,vesper song,B7A26D378D9347261DFFF259BA6473854DF8C61B89269484787B2B19992120BC
test,American Robin,american_robin,Turdus,migratorius,322572,322572-3.wav,wavfiles/322572-3.wav,//www.xeno-canto.org/322572,//creativecommons.org/licenses/by-nc-sa/4.0/,Richard E. Webster,2015-06-03,vesper song,6FC66E4F547F37C2F3D8720D254A0A27AF528C561B8F2D6C07C4295235CA163B
test,American Robin,american_robin,Turdus,migratorius,322572,322572-4.wav,wavfiles/322572-4.wav,//www.xeno-canto.org/322572,//creativecommons.org/licenses/by-nc-sa/4.0/,Richard E. Webster,2015-06-03,vesper song,2119A4976B10A338AE7AE066D52BFC362A8C43F2A17A080C0ABD7F20B73530BF
test,American Robin,american_robin,Turdus,migratorius,322572,322572-5.wav,wavfiles/322572-5.wav,//www.xeno-canto.org/322572,//creativecommons.org/licenses/by-nc-sa/4.0/,Richard E. Webster,2015-06-03,vesper song,C587271C42F97C258EB06D4E7D492F181C055186126DDE2727E77F622545C7BE
test,American Robin,american_robin,Turdus,migratorius,322572,322572-6.wav,wavfiles/322572-6.wav,//www.xeno-canto.org/322572,//creativecommons.org/licenses/by-nc-sa/4.0/,Richard E. Webster,2015-06-03,vesper song,1B5FB5B8A2EDA48B7CF55B3CB77B84497286307D1C675B4B0BDBC99D7BF62CF5
test,American Robin,american_robin,Turdus,migratorius,322572,322572-7.wav,wavfiles/322572-7.wav,//www.xeno-canto.org/322572,//creativecommons.org/licenses/by-nc-sa/4.0/,Richard E. Webster,2015-06-03,vesper song,8B8E43CF3B57DC933BA3658964627A0A3C151AAA8D60A700C9635285A4B53E7A
test,American Robin,american_robin,Turdus,migratorius,322572,322572-8.wav,wavfiles/322572-8.wav,//www.xeno-canto.org/322572,//creativecommons.org/licenses/by-nc-sa/4.0/,Richard E. Webster,2015-06-03,vesper song,511C688F62476695E41CF763A8FC2977FBC5CBC276B976E48722931A63394C78
test,American Robin,american_robin,Turdus,migratorius,322572,322572-9.wav,wavfiles/322572-9.wav,//www.xeno-canto.org/322572,//creativecommons.org/licenses/by-nc-sa/4.0/,Richard E. Webster,2015-06-03,vesper song,863FAD4493C4F240A7E31CAA3B5CE141DC878F1A27FE540F6CFDFC5DD8533123
test,American Robin,american_robin,Turdus,migratorius,325132,325132-0.wav,wavfiles/325132-0.wav,//www.xeno-canto.org/325132,//creativecommons.org/licenses/by-nc-sa/4.0/,Sue Riffe,2016-06-11,song,A59307B4650894CE3DA1762AC576C5FE6202A89318C1AC4B315EA2FFA98408B6
test,American Robin,american_robin,Turdus,migratorius,325132,325132-1.wav,wavfiles/325132-1.wav,//www.xeno-canto.org/325132,//creativecommons.org/licenses/by-nc-sa/4.0/,Sue Riffe,2016-06-11,song,B0CA81A8B916711B7DD3D0C18A8A76BFC657F30F8D8B3FCCCB90DF2D2A013B91
test,American Robin,american_robin,Turdus,migratorius,325132,325132-2.wav,wavfiles/325132-2.wav,//www.xeno-canto.org/325132,//creativecommons.org/licenses/by-nc-sa/4.0/,Sue Riffe,2016-06-11,song,7E9FBA098D72D6651DAFC5E2D55598F3AA0C9D2AE38D1AFCC5DE611F9535D57C
test,American Robin,american_robin,Turdus,migratorius,325132,325132-3.wav,wavfiles/325132-3.wav,//www.xeno-canto.org/325132,//creativecommons.org/licenses/by-nc-sa/4.0/,Sue Riffe,2016-06-11,song,516FB8057E2FC747A27CB68D35A8E1841BB95CC37CCE3EBB3A8B4A35EFB9C43E
test,American Robin,american_robin,Turdus,migratorius,325132,325132-4.wav,wavfiles/325132-4.wav,//www.xeno-canto.org/325132,//creativecommons.org/licenses/by-nc-sa/4.0/,Sue Riffe,2016-06-11,song,9C17DA702A3643259E82B1F21C30ADD59DFA6EDC32FBB2DDD6A4B75363C8A046
test,American Robin,american_robin,Turdus,migratorius,325132,325132-5.wav,wavfiles/325132-5.wav,//www.xeno-canto.org/325132,//creativecommons.org/licenses/by-nc-sa/4.0/,Sue Riffe,2016-06-11,song,C3977D512122D5DD51686ED2597FD2C49F36F8C0231B7CD118DEFE43178E01F2
test,American Robin,american_robin,Turdus,migratorius,325132,325132-6.wav,wavfiles/325132-6.wav,//www.xeno-canto.org/325132,//creativecommons.org/licenses/by-nc-sa/4.0/,Sue Riffe,2016-06-11,song,58D7C0DACE821E2A389BB6F31E727DE3B0FE287ED7900228F4448D38F2A204D6
test,American Robin,american_robin,Turdus,migratorius,325132,325132-7.wav,wavfiles/325132-7.wav,//www.xeno-canto.org/325132,//creativecommons.org/licenses/by-nc-sa/4.0/,Sue Riffe,2016-06-11,song,9E5887300B2D56079E16B1F02DACA6E41D0F806D18D639BE3882ECC888B44875
test,American Robin,american_robin,Turdus,migratorius,325132,325132-8.wav,wavfiles/325132-8.wav,//www.xeno-canto.org/325132,//creativecommons.org/licenses/by-nc-sa/4.0/,Sue Riffe,2016-06-11,song,DD13CDCC320E09619FE1CC1DC068052704FDFBA4ACBD49D1DBAE53B445673118
test,American Robin,american_robin,Turdus,migratorius,338199,338199-0.wav,wavfiles/338199-0.wav,//www.xeno-canto.org/338199,//creativecommons.org/licenses/by-nc-sa/4.0/,Bruce Lagerquist,2015-05-17,song,6F372E7A789B01AE86A62118346FB8A87E53C508C05FE895180D7FD243808DAC
test,American Robin,american_robin,Turdus,migratorius,338199,338199-1.wav,wavfiles/338199-1.wav,//www.xeno-canto.org/338199,//creativecommons.org/licenses/by-nc-sa/4.0/,Bruce Lagerquist,2015-05-17,song,CB7B126F8E2474B92FC8B33A0E940BEF6AC1004A233ED73CC5105EA23ECD50B5
test,American Robin,american_robin,Turdus,migratorius,338199,338199-10.wav,wavfiles/338199-10.wav,//www.xeno-canto.org/338199,//creativecommons.org/licenses/by-nc-sa/4.0/,Bruce Lagerquist,2015-05-17,song,815AA8BA419BBDA193B79A031D856C0FE4829E2D706FA13A157ECBFB94C7BE8F
test,American Robin,american_robin,Turdus,migratorius,338199,338199-11.wav,wavfiles/338199-11.wav,//www.xeno-canto.org/338199,//creativecommons.org/licenses/by-nc-sa/4.0/,Bruce Lagerquist,2015-05-17,song,A6C570219F26593B7A26BD30195C338B16D35B52D432037E6BDA3859FD079CD9
test,American Robin,american_robin,Turdus,migratorius,338199,338199-12.wav,wavfiles/338199-12.wav,//www.xeno-canto.org/338199,//creativecommons.org/licenses/by-nc-sa/4.0/,Bruce Lagerquist,2015-05-17,song,B4FB450E3DE54EFDC2ADD68CBC5F35F7817FE7400B0CF444FBA1002DA1AC7175
test,American Robin,american_robin,Turdus,migratorius,338199,338199-13.wav,wavfiles/338199-13.wav,//www.xeno-canto.org/338199,//creativecommons.org/licenses/by-nc-sa/4.0/,Bruce Lagerquist,2015-05-17,song,45746C6CA28C6A83A43AF9FE6D926F16DFFF45034383315D0D116DA90C980BB1
test,American Robin,american_robin,Turdus,migratorius,338199,338199-14.wav,wavfiles/338199-14.wav,//www.xeno-canto.org/338199,//creativecommons.org/licenses/by-nc-sa/4.0/,Bruce Lagerquist,2015-05-17,song,F1B8009C882AAAD372DC0E45206FB019440E69431B598CD2156F46B61A26A1E6
test,American Robin,american_robin,Turdus,migratorius,338199,338199-2.wav,wavfiles/338199-2.wav,//www.xeno-canto.org/338199,//creativecommons.org/licenses/by-nc-sa/4.0/,Bruce Lagerquist,2015-05-17,song,69CAE73258CBB1355127294596997B5B4DD5221D027610F5496969288235B99F
test,American Robin,american_robin,Turdus,migratorius,338199,338199-6.wav,wavfiles/338199-6.wav,//www.xeno-canto.org/338199,//creativecommons.org/licenses/by-nc-sa/4.0/,Bruce Lagerquist,2015-05-17,song,05643E521C2812A5118D7C5C491E87D69E441DCA4193A0A607328B9349A9F37E
test,American Robin,american_robin,Turdus,migratorius,338199,338199-7.wav,wavfiles/338199-7.wav,//www.xeno-canto.org/338199,//creativecommons.org/licenses/by-nc-sa/4.0/,Bruce Lagerquist,2015-05-17,song,6D5FA9D4407738AA33679DE4D52C645F055BDAAF6B5531C4BB4F9EF23D67AB41
test,American Robin,american_robin,Turdus,migratorius,338199,338199-8.wav,wavfiles/338199-8.wav,//www.xeno-canto.org/338199,//creativecommons.org/licenses/by-nc-sa/4.0/,Bruce Lagerquist,2015-05-17,song,A028A20EF6038E774B631EF2FECAB16BB55CFCCA5C4F82A17FAE115460EDE7F1
test,American Robin,american_robin,Turdus,migratorius,338199,338199-9.wav,wavfiles/338199-9.wav,//www.xeno-canto.org/338199,//creativecommons.org/licenses/by-nc-sa/4.0/,Bruce Lagerquist,2015-05-17,song,2BCA29421324262BEBCAEEB2003E43425C6B2D5A93C5384912F31AF7AD2CC47E
test,American Robin,american_robin,Turdus,migratorius,408817,408817-0.wav,wavfiles/408817-0.wav,//www.xeno-canto.org/408817,//creativecommons.org/licenses/by-nc-nd/4.0/,Frank Lambert,2015-05-06,song,1874371DC6DE1B2834BA1BCF5C97921E762894EC495A1375ABE4CC97A52D593F
test,American Robin,american_robin,Turdus,migratorius,408817,408817-1.wav,wavfiles/408817-1.wav,//www.xeno-canto.org/408817,//creativecommons.org/licenses/by-nc-nd/4.0/,Frank Lambert,2015-05-06,song,C4826D2DA79911ADB6822E469F0888C0EF524F1C5AB3A4C19EC70E6647779BA9
test,American Robin,american_robin,Turdus,migratorius,408817,408817-10.wav,wavfiles/408817-10.wav,//www.xeno-canto.org/408817,//creativecommons.org/licenses/by-nc-nd/4.0/,Frank Lambert,2015-05-06,song,74C7B0985A599452E79E1812CF38BA6A3830A42FA52964C043D18B9229AD985E
test,American Robin,american_robin,Turdus,migratorius,408817,408817-11.wav,wavfiles/408817-11.wav,//www.xeno-canto.org/408817,//creativecommons.org/licenses/by-nc-nd/4.0/,Frank Lambert,2015-05-06,song,E375E35CEA373917CF0059A829C9A2B6E0F93544730D117BC799C8813A20BC23
test,American Robin,american_robin,Turdus,migratorius,408817,408817-12.wav,wavfiles/408817-12.wav,//www.xeno-canto.org/408817,//creativecommons.org/licenses/by-nc-nd/4.0/,Frank Lambert,2015-05-06,song,AC9F3696A1AAE0E21097AF0B02011E6A57C5034B053E8200C4CE9456F8145432
test,American Robin,american_robin,Turdus,migratorius,408817,408817-13.wav,wavfiles/408817-13.wav,//www.xeno-canto.org/408817,//creativecommons.org/licenses/by-nc-nd/4.0/,Frank Lambert,2015-05-06,song,6F54CAF6F92BBF90A9F089D3FE0580D7CEE131D02D09656D95752D221588AB4D
test,American Robin,american_robin,Turdus,migratorius,408817,408817-14.wav,wavfiles/408817-14.wav,//www.xeno-canto.org/408817,//creativecommons.org/licenses/by-nc-nd/4.0/,Frank Lambert,2015-05-06,song,BFCCC0E8BEDE88AEE288EDD0FEABED5AFA5A0CD8D300EC4668D07D9C1EE4F546
test,American Robin,american_robin,Turdus,migratorius,408817,408817-15.wav,wavfiles/408817-15.wav,//www.xeno-canto.org/408817,//creativecommons.org/licenses/by-nc-nd/4.0/,Frank Lambert,2015-05-06,song,A3782FB3354FE1EA52F4A3C3B4171C6278B92A82E9F83729F5C6861EDF7AD041
test,American Robin,american_robin,Turdus,migratorius,408817,408817-16.wav,wavfiles/408817-16.wav,//www.xeno-canto.org/408817,//creativecommons.org/licenses/by-nc-nd/4.0/,Frank Lambert,2015-05-06,song,783F738B9FA4A92397A185B1BBCA27B080C113C3BF320121D34FA782712502CD
test,American Robin,american_robin,Turdus,migratorius,408817,408817-17.wav,wavfiles/408817-17.wav,//www.xeno-canto.org/408817,//creativecommons.org/licenses/by-nc-nd/4.0/,Frank Lambert,2015-05-06,song,212F651009D1F8C9A53C93E5927C7B41FBF63B7CD0588A756EFDE51CBC9A7254
test,American Robin,american_robin,Turdus,migratorius,408817,408817-2.wav,wavfiles/408817-2.wav,//www.xeno-canto.org/408817,//creativecommons.org/licenses/by-nc-nd/4.0/,Frank Lambert,2015-05-06,song,2D4E5F50CC8822C0D870A7A74792422D5F86349669854A0F27889BF4D4D02045
test,American Robin,american_robin,Turdus,migratorius,408817,408817-3.wav,wavfiles/408817-3.wav,//www.xeno-canto.org/408817,//creativecommons.org/licenses/by-nc-nd/4.0/,Frank Lambert,2015-05-06,song,92D0B1E893D14EF824F9259F69E1D1951A783BEE7A4302AD29B1A9DAAD149D6A
test,American Robin,american_robin,Turdus,migratorius,408817,408817-4.wav,wavfiles/408817-4.wav,//www.xeno-canto.org/408817,//creativecommons.org/licenses/by-nc-nd/4.0/,Frank Lambert,2015-05-06,song,C0F074C4916D0146703711A07A9739F8994C08DB0FE027C9627C3176A784CC8C
test,American Robin,american_robin,Turdus,migratorius,408817,408817-5.wav,wavfiles/408817-5.wav,//www.xeno-canto.org/408817,//creativecommons.org/licenses/by-nc-nd/4.0/,Frank Lambert,2015-05-06,song,1D0E3126AFF923356D1E6E0AFAB374ADF48E4971EA0CCB2AB21E20DF876E1DEA
test,American Robin,american_robin,Turdus,migratorius,408817,408817-6.wav,wavfiles/408817-6.wav,//www.xeno-canto.org/408817,//creativecommons.org/licenses/by-nc-nd/4.0/,Frank Lambert,2015-05-06,song,61BFAEE9F8804C09AE75DD8C4E0757C91A1F637D7FC907B67FC9C35DB94C0768
test,American Robin,american_robin,Turdus,migratorius,408817,408817-7.wav,wavfiles/408817-7.wav,//www.xeno-canto.org/408817,//creativecommons.org/licenses/by-nc-nd/4.0/,Frank Lambert,2015-05-06,song,3DD4DE11829258C9CFAC2022B8FEAAD3472F4C26B4B6E9E40305933389997282
test,American Robin,american_robin,Turdus,migratorius,408817,408817-8.wav,wavfiles/408817-8.wav,//www.xeno-canto.org/408817,//creativecommons.org/licenses/by-nc-nd/4.0/,Frank Lambert,2015-05-06,song,659C716AA7626E209838EE10863F616C28AEA5482CD5F2AA8979FF4DBE19C700
test,American Robin,american_robin,Turdus,migratorius,408817,408817-9.wav,wavfiles/408817-9.wav,//www.xeno-canto.org/408817,//creativecommons.org/licenses/by-nc-nd/4.0/,Frank Lambert,2015-05-06,song,4F180FB91484075A8F581E000FCB97109B5BA0D44CFE07E6867B7B0ACB9E6831
test,American Robin,american_robin,Turdus,migratorius,469605,469605-0.wav,wavfiles/469605-0.wav,//www.xeno-canto.org/469605,//creativecommons.org/licenses/by-nc-sa/4.0/,Rolf A. de By,2000-05-15,song,EDED7BE0276A18EBEE25E636A4D81FCD1096AFAF5E299270F27DFCAB0DB53676
test,American Robin,american_robin,Turdus,migratorius,469605,469605-1.wav,wavfiles/469605-1.wav,//www.xeno-canto.org/469605,//creativecommons.org/licenses/by-nc-sa/4.0/,Rolf A. de By,2000-05-15,song,0B7A5369BDD136FAE112FECB6DA59B5244F244A14A5A17204810BF579E12D457
test,American Robin,american_robin,Turdus,migratorius,469605,469605-12.wav,wavfiles/469605-12.wav,//www.xeno-canto.org/469605,//creativecommons.org/licenses/by-nc-sa/4.0/,Rolf A. de By,2000-05-15,song,B6E1139A32B4A405D307E6BD0CA9269BE77ECEBE9BF122EFF2192B2CEF389FD2
test,American Robin,american_robin,Turdus,migratorius,469605,469605-13.wav,wavfiles/469605-13.wav,//www.xeno-canto.org/469605,//creativecommons.org/licenses/by-nc-sa/4.0/,Rolf A. de By,2000-05-15,song,E9755F6F181B69BC37ED67CC52FC5F34AEE1BBDC295F456DD3CF63C957A31950
test,American Robin,american_robin,Turdus,migratorius,469605,469605-14.wav,wavfiles/469605-14.wav,//www.xeno-canto.org/469605,//creativecommons.org/licenses/by-nc-sa/4.0/,Rolf A. de By,2000-05-15,song,F4358E1DB0411F2B48C0B94838926EA073A77BA34A6124AAEE355AD18A32DE4D
test,American Robin,american_robin,Turdus,migratorius,469605,469605-15.wav,wavfiles/469605-15.wav,//www.xeno-canto.org/469605,//creativecommons.org/licenses/by-nc-sa/4.0/,Rolf A. de By,2000-05-15,song,0923C52E2DC7FD30C6F3BB06855E8F5AA40FF31E1C51E08A096B6DF699C3CADE
test,American Robin,american_robin,Turdus,migratorius,469605,469605-16.wav,wavfiles/469605-16.wav,//www.xeno-canto.org/469605,//creativecommons.org/licenses/by-nc-sa/4.0/,Rolf A. de By,2000-05-15,song,0001ED6C84EB159FBCCE0083B5683A2BB578C757CA51F2975A72AC1AEB65C84F
test,American Robin,american_robin,Turdus,migratorius,469605,469605-2.wav,wavfiles/469605-2.wav,//www.xeno-canto.org/469605,//creativecommons.org/licenses/by-nc-sa/4.0/,Rolf A. de By,2000-05-15,song,DA805001A411D46D4108D96E56E30438D9364F4241FA1E8093616A59AC18617D
test,American Robin,american_robin,Turdus,migratorius,469605,469605-3.wav,wavfiles/469605-3.wav,//www.xeno-canto.org/469605,//creativecommons.org/licenses/by-nc-sa/4.0/,Rolf A. de By,2000-05-15,song,2FCBA083B1C016635904A5CC6119A8063E17BB7BB580E525350F075BD75074AE
test,American Robin,american_robin,Turdus,migratorius,469605,469605-4.wav,wavfiles/469605-4.wav,//www.xeno-canto.org/469605,//creativecommons.org/licenses/by-nc-sa/4.0/,Rolf A. de By,2000-05-15,song,83CA79B0C1CAF3E694695F7E709725C36991F607F9652B1A32BD0F145EBBE947
test,American Robin,american_robin,Turdus,migratorius,469605,469605-5.wav,wavfiles/469605-5.wav,//www.xeno-canto.org/469605,//creativecommons.org/licenses/by-nc-sa/4.0/,Rolf A. de By,2000-05-15,song,3B5D9F9EC0B3D3DF394E0C4F65D59CA7F1420ACAC710E226D7CA6062E3FCC2B7
test,American Robin,american_robin,Turdus,migratorius,469605,469605-6.wav,wavfiles/469605-6.wav,//www.xeno-canto.org/469605,//creativecommons.org/licenses/by-nc-sa/4.0/,Rolf A. de By,2000-05-15,song,2278E3D48CDFE09389CED3A05A4627A6710FC69F4CDD207A21202A7AA160F490
test,American Robin,american_robin,Turdus,migratorius,469605,469605-7.wav,wavfiles/469605-7.wav,//www.xeno-canto.org/469605,//creativecommons.org/licenses/by-nc-sa/4.0/,Rolf A. de By,2000-05-15,song,0DEF476A430CFB38B578350CB40C717912D46AE7FA867453361ED5C5B83C359B
test,American Robin,american_robin,Turdus,migratorius,469605,469605-8.wav,wavfiles/469605-8.wav,//www.xeno-canto.org/469605,//creativecommons.org/licenses/by-nc-sa/4.0/,Rolf A. de By,2000-05-15,song,B86D6E06AD6E2D98A124F784C3564712F58634A86C08706C2C233CC028159540
test,American Robin,american_robin,Turdus,migratorius,562449,562449-0.wav,wavfiles/562449-0.wav,//www.xeno-canto.org/562449,//creativecommons.org/licenses/by-nc-sa/4.0/,Brian Hendrix,2020-05-26,song,05E8DCA897B9D8F17753CCB47C2EACCD1226C214591BB43460629485988CF90C
test,American Robin,american_robin,Turdus,migratorius,562449,562449-1.wav,wavfiles/562449-1.wav,//www.xeno-canto.org/562449,//creativecommons.org/licenses/by-nc-sa/4.0/,Brian Hendrix,2020-05-26,song,A1B7A9254C2523F595094832060DC83A2F1AD0CF7B4D76F5CB28B43F4255A160
test,American Robin,american_robin,Turdus,migratorius,562449,562449-10.wav,wavfiles/562449-10.wav,//www.xeno-canto.org/562449,//creativecommons.org/licenses/by-nc-sa/4.0/,Brian Hendrix,2020-05-26,song,F80FDDE2970DA4066BDE679E753883B0BB3C7607BF2D1B996A5CD2D155F056FB
test,American Robin,american_robin,Turdus,migratorius,562449,562449-11.wav,wavfiles/562449-11.wav,//www.xeno-canto.org/562449,//creativecommons.org/licenses/by-nc-sa/4.0/,Brian Hendrix,2020-05-26,song,F99A0E9526A858F14702B7CA9E8C2AB9F2C3286E8720A09A07EBB0BC6879185A
test,American Robin,american_robin,Turdus,migratorius,562449,562449-12.wav,wavfiles/562449-12.wav,//www.xeno-canto.org/562449,//creativecommons.org/licenses/by-nc-sa/4.0/,Brian Hendrix,2020-05-26,song,52AD4D8DA9ADF2BCE28AE5702B282E17B417B3FEC6060C42E57428DEFFFD85F8
test,American Robin,american_robin,Turdus,migratorius,562449,562449-14.wav,wavfiles/562449-14.wav,//www.xeno-canto.org/562449,//creativecommons.org/licenses/by-nc-sa/4.0/,Brian Hendrix,2020-05-26,song,D94CB63A529C9CA245AA48744CC04FCBAEA8363711CA02D9B83F74C44434FEB0
test,American Robin,american_robin,Turdus,migratorius,562449,562449-2.wav,wavfiles/562449-2.wav,//www.xeno-canto.org/562449,//creativecommons.org/licenses/by-nc-sa/4.0/,Brian Hendrix,2020-05-26,song,8C4A17844204D1E37492566CD26BE051572B79A8181BA6C72D9EA56EC4890438
test,American Robin,american_robin,Turdus,migratorius,562449,562449-3.wav,wavfiles/562449-3.wav,//www.xeno-canto.org/562449,//creativecommons.org/licenses/by-nc-sa/4.0/,Brian Hendrix,2020-05-26,song,66BF35951128A3F49B109FEC3782FC7D7C62ABF376BB4BFF745193638939D529
test,American Robin,american_robin,Turdus,migratorius,562449,562449-4.wav,wavfiles/562449-4.wav,//www.xeno-canto.org/562449,//creativecommons.org/licenses/by-nc-sa/4.0/,Brian Hendrix,2020-05-26,song,871E00478000452D3B105BDFA9609B0DEDD7941FC3961857F8E02E595BA7F33C
test,American Robin,american_robin,Turdus,migratorius,562449,562449-6.wav,wavfiles/562449-6.wav,//www.xeno-canto.org/562449,//creativecommons.org/licenses/by-nc-sa/4.0/,Brian Hendrix,2020-05-26,song,7FE29E62DEE68A7382960C4A935325180C16C97B95ECE8E5A0211C855369B271
test,American Robin,american_robin,Turdus,migratorius,562449,562449-7.wav,wavfiles/562449-7.wav,//www.xeno-canto.org/562449,//creativecommons.org/licenses/by-nc-sa/4.0/,Brian Hendrix,2020-05-26,song,676FCD767C09523287372DF6528B02CDDF2B77853FC67C740D3C3632285FD663
test,American Robin,american_robin,Turdus,migratorius,562449,562449-9.wav,wavfiles/562449-9.wav,//www.xeno-canto.org/562449,//creativecommons.org/licenses/by-nc-sa/4.0/,Brian Hendrix,2020-05-26,song,0B56F161AE5E5F176457E6D7D60F2BE6D55EF3A22E65FA0973D14177720A0A14
test,Northern Cardinal,northern_cardinal,Cardinalis,cardinalis,82113,82113-0.wav,wavfiles/82113-0.wav,//www.xeno-canto.org/82113,//creativecommons.org/licenses/by-nc-nd/2.5/,Mike Nelson,2011-06-25,Song,B802F78ACFCCAEF4CD3A726A20AD85EBCDAE08E65B65EBB8DF8337FBBD640369
test,Northern Cardinal,northern_cardinal,Cardinalis,cardinalis,82113,82113-1.wav,wavfiles/82113-1.wav,//www.xeno-canto.org/82113,//creativecommons.org/licenses/by-nc-nd/2.5/,Mike Nelson,2011-06-25,Song,39DE0A1D83444A26FCBE4E3D237C466DD42DFFD5FA5B152BEBF9BEE58AE16666
test,Northern Cardinal,northern_cardinal,Cardinalis,cardinalis,82113,82113-10.wav,wavfiles/82113-10.wav,//www.xeno-canto.org/82113,//creativecommons.org/licenses/by-nc-nd/2.5/,Mike Nelson,2011-06-25,Song,53B3CCCB35D529EAB322F9A8539F8860463EE4DA62C6F7FE01D55658CC4C9718
test,Northern Cardinal,northern_cardinal,Cardinalis,cardinalis,82113,82113-11.wav,wavfiles/82113-11.wav,//www.xeno-canto.org/82113,//creativecommons.org/licenses/by-nc-nd/2.5/,Mike Nelson,2011-06-25,Song,50027E2EBFAEEC1D2CCB5433B2B850B8D520088824658796874BD0B0E8A39066
test,Northern Cardinal,northern_cardinal,Cardinalis,cardinalis,82113,82113-12.wav,wavfiles/82113-12.wav,//www.xeno-canto.org/82113,//creativecommons.org/licenses/by-nc-nd/2.5/,Mike Nelson,2011-06-25,Song,3A5DD41CDEA0C9203A0903D5EC945CD1E16DBB6775604B41D93B478E6CBCB025
test,Northern Cardinal,northern_cardinal,Cardinalis,cardinalis,82113,82113-13.wav,wavfiles/82113-13.wav,//www.xeno-canto.org/82113,//creativecommons.org/licenses/by-nc-nd/2.5/,Mike Nelson,2011-06-25,Song,B333C5CB8720C363C07754A85AE03ECC0CF0D2F9930422D33708D3A5DD06106F
test,Northern Cardinal,northern_cardinal,Cardinalis,cardinalis,82113,82113-2.wav,wavfiles/82113-2.wav,//www.xeno-canto.org/82113,//creativecommons.org/licenses/by-nc-nd/2.5/,Mike Nelson,2011-06-25,Song,EBD3E3BF8AD77CEF922EE726E03F457DEF86F6D81B5CE3711B0B1E21F9E95332
test,Northern Cardinal,northern_cardinal,Cardinalis,cardinalis,82113,82113-3.wav,wavfiles/82113-3.wav,//www.xeno-canto.org/82113,//creativecommons.org/licenses/by-nc-nd/2.5/,Mike Nelson,2011-06-25,Song,AAC4FD72933ED39A0AA29B65BFE2322038816299B7D4370DEAFAC5D7AEF00A9D
test,Northern Cardinal,northern_cardinal,Cardinalis,cardinalis,82113,82113-5.wav,wavfiles/82113-5.wav,//www.xeno-canto.org/82113,//creativecommons.org/licenses/by-nc-nd/2.5/,Mike Nelson,2011-06-25,Song,76858FE12BDE5E0397E18BF21DBFB471C655A37FC4FE8BFFDA1F1D40E5846CED
test,Northern Cardinal,northern_cardinal,Cardinalis,cardinalis,82113,82113-6.wav,wavfiles/82113-6.wav,//www.xeno-canto.org/82113,//creativecommons.org/licenses/by-nc-nd/2.5/,Mike Nelson,2011-06-25,Song,5F4D4A53BC91BE64A4A9BCC075D4D27CECD6273F24B92C41328F373EA3945E4B
test,Northern Cardinal,northern_cardinal,Cardinalis,cardinalis,82113,82113-7.wav,wavfiles/82113-7.wav,//www.xeno-canto.org/82113,//creativecommons.org/licenses/by-nc-nd/2.5/,Mike Nelson,2011-06-25,Song,575666F735E405AA9EFE36D5F0CC81200CF9EE55E06228A4D1B57E198088B259
test,Northern Cardinal,northern_cardinal,Cardinalis,cardinalis,82113,82113-8.wav,wavfiles/82113-8.wav,//www.xeno-canto.org/82113,//creativecommons.org/licenses/by-nc-nd/2.5/,Mike Nelson,2011-06-25,Song,CEEFF5A390889BDF0373BB7E36789106CE0C37574A37EFE453D8742EA479C834
test,Northern Cardinal,northern_cardinal,Cardinalis,cardinalis,143800,143800-0.wav,wavfiles/143800-0.wav,//www.xeno-canto.org/143800,//creativecommons.org/licenses/by-nc-sa/3.0/,Paul Marvin,2013-07-20,song,3A0D674175DF301663BFDD9121A19D65D87B1851CB733778FA31275DE397F3CD
test,Northern Cardinal,northern_cardinal,Cardinalis,cardinalis,143800,143800-1.wav,wavfiles/143800-1.wav,//www.xeno-canto.org/143800,//creativecommons.org/licenses/by-nc-sa/3.0/,Paul Marvin,2013-07-20,song,ACF62DC70E1DE9A4A5C5360D41C1168FF2E0C9FE38B35E681B4D30579DAF6FE1
test,Northern Cardinal,northern_cardinal,Cardinalis,cardinalis,143800,143800-10.wav,wavfiles/143800-10.wav,//www.xeno-canto.org/143800,//creativecommons.org/licenses/by-nc-sa/3.0/,Paul Marvin,2013-07-20,song,ED1316AC9B60B867B2358CF522B10CDD3C7CA478B56420CEDEF2023294312A84
test,Northern Cardinal,northern_cardinal,Cardinalis,cardinalis,143800,143800-2.wav,wavfiles/143800-2.wav,//www.xeno-canto.org/143800,//creativecommons.org/licenses/by-nc-sa/3.0/,Paul Marvin,2013-07-20,song,291413289B65347919347595B303FA262DCA9066DAF11CAF0F13B6B78E8055E6
test,Northern Cardinal,northern_cardinal,Cardinalis,cardinalis,143800,143800-3.wav,wavfiles/143800-3.wav,//www.xeno-canto.org/143800,//creativecommons.org/licenses/by-nc-sa/3.0/,Paul Marvin,2013-07-20,song,95AF2F039F25C74CAC5B44B37B1123887FFEEF56EA6E81B7F87E249DD11663BA
test,Northern Cardinal,northern_cardinal,Cardinalis,cardinalis,143800,143800-4.wav,wavfiles/143800-4.wav,//www.xeno-canto.org/143800,//creativecommons.org/licenses/by-nc-sa/3.0/,Paul Marvin,2013-07-20,song,733D346F38BFA5B813CC46009012684DD0B492B0B0EA04CEEA2DECB6A9731BCC
test,Northern Cardinal,northern_cardinal,Cardinalis,cardinalis,143800,143800-6.wav,wavfiles/143800-6.wav,//www.xeno-canto.org/143800,//creativecommons.org/licenses/by-nc-sa/3.0/,Paul Marvin,2013-07-20,song,4EBB19C659EF4F9A4F951F3F24D9BBD18C2BA00212F520A3CFB0EB9FDAC9A4A3
test,Northern Cardinal,northern_cardinal,Cardinalis,cardinalis,143800,143800-7.wav,wavfiles/143800-7.wav,//www.xeno-canto.org/143800,//creativecommons.org/licenses/by-nc-sa/3.0/,Paul Marvin,2013-07-20,song,A716A56A2CFF89CC2BD1A1F1D9438F4760196C69EBDEEF1DFB7A9874E93CC6E9
test,Northern Cardinal,northern_cardinal,Cardinalis,cardinalis,143800,143800-9.wav,wavfiles/143800-9.wav,//www.xeno-canto.org/143800,//creativecommons.org/licenses/by-nc-sa/3.0/,Paul Marvin,2013-07-20,song,385792A5EE76D3D969CAA2F54A4F49C6E8FC71F38B6208990999FE243199E85B
test,Northern Cardinal,northern_cardinal,Cardinalis,cardinalis,165346,165346-0.wav,wavfiles/165346-0.wav,//www.xeno-canto.org/165346,//creativecommons.org/licenses/by-nc-sa/3.0/,Paul Marvin,2014-01-17,"male, song",994B5A90F3E152E91B256F0380C349050FAB0D37FD00A4BC5035D8EB7F1AA4C5
test,Northern Cardinal,northern_cardinal,Cardinalis,cardinalis,165346,165346-1.wav,wavfiles/165346-1.wav,//www.xeno-canto.org/165346,//creativecommons.org/licenses/by-nc-sa/3.0/,Paul Marvin,2014-01-17,"male, song",9B17189F4AE793622CBBE55833B8B41D9E61FEA291FF2157F643EB5C217E3656
test,Northern Cardinal,northern_cardinal,Cardinalis,cardinalis,165346,165346-10.wav,wavfiles/165346-10.wav,//www.xeno-canto.org/165346,//creativecommons.org/licenses/by-nc-sa/3.0/,Paul Marvin,2014-01-17,"male, song",7A7806A633D039C5DFEE72EDE11D0779189380EDF8C4D03AB16C923EC3BB5F5B
test,Northern Cardinal,northern_cardinal,Cardinalis,cardinalis,165346,165346-11.wav,wavfiles/165346-11.wav,//www.xeno-canto.org/165346,//creativecommons.org/licenses/by-nc-sa/3.0/,Paul Marvin,2014-01-17,"male, song",8D80E534CB53769A570593062F8F96610C3DD155F7D4577989B9C3B733B32E03
test,Northern Cardinal,northern_cardinal,Cardinalis,cardinalis,165346,165346-12.wav,wavfiles/165346-12.wav,//www.xeno-canto.org/165346,//creativecommons.org/licenses/by-nc-sa/3.0/,Paul Marvin,2014-01-17,"male, song",602E8C6BB8011148C20A3E3157F9E1887533092E69EEEDED27AAF2E766493E06
test,Northern Cardinal,northern_cardinal,Cardinalis,cardinalis,165346,165346-13.wav,wavfiles/165346-13.wav,//www.xeno-canto.org/165346,//creativecommons.org/licenses/by-nc-sa/3.0/,Paul Marvin,2014-01-17,"male, song",B709907990A917885D41E26CD8E65CCFB2F05B66524429648A0DBAA408774C13
test,Northern Cardinal,northern_cardinal,Cardinalis,cardinalis,165346,165346-4.wav,wavfiles/165346-4.wav,//www.xeno-canto.org/165346,//creativecommons.org/licenses/by-nc-sa/3.0/,Paul Marvin,2014-01-17,"male, song",0BAD4711D5E4B73850FFA30C2E995F566941625721DA80D3CC0C72FE33C31BA7
test,Northern Cardinal,northern_cardinal,Cardinalis,cardinalis,165346,165346-5.wav,wavfiles/165346-5.wav,//www.xeno-canto.org/165346,//creativecommons.org/licenses/by-nc-sa/3.0/,Paul Marvin,2014-01-17,"male, song",3C45900E1292D98A2299248244EA7878D6BCD1DF4741661AE17F19607B811763
test,Northern Cardinal,northern_cardinal,Cardinalis,cardinalis,165346,165346-6.wav,wavfiles/165346-6.wav,//www.xeno-canto.org/165346,//creativecommons.org/licenses/by-nc-sa/3.0/,Paul Marvin,2014-01-17,"male, song",0BD411812AA83CBF4866B1F5A796048A58048E469AF332C8FCEBA2139DD422C9
test,Northern Cardinal,northern_cardinal,Cardinalis,cardinalis,165346,165346-7.wav,wavfiles/165346-7.wav,//www.xeno-canto.org/165346,//creativecommons.org/licenses/by-nc-sa/3.0/,Paul Marvin,2014-01-17,"male, song",1114895114A72AB57062FC487AEB44E2CB4DF7B0C940D84E69049CACA6FC965E
test,Northern Cardinal,northern_cardinal,Cardinalis,cardinalis,165346,165346-8.wav,wavfiles/165346-8.wav,//www.xeno-canto.org/165346,//creativecommons.org/licenses/by-nc-sa/3.0/,Paul Marvin,2014-01-17,"male, song",C38A75FA43E203239180E16AE9262DEF2E4E1D55E926198C604042F5CAB7EC0E
test,Northern Cardinal,northern_cardinal,Cardinalis,cardinalis,165346,165346-9.wav,wavfiles/165346-9.wav,//www.xeno-canto.org/165346,//creativecommons.org/licenses/by-nc-sa/3.0/,Paul Marvin,2014-01-17,"male, song",3866E6D902FDF6D491D70DBF4451DE6F0242E93EF5F7AF1BBEEF7DE08FB536DD
test,Northern Cardinal,northern_cardinal,Cardinalis,cardinalis,175226,175226-0.wav,wavfiles/175226-0.wav,//www.xeno-canto.org/175226,//creativecommons.org/licenses/by-sa/4.0/,Jonathon Jongsma,2014-04-18,song,831FBF8AE91CCC00B771DCCBC9A9B614A5B41475C7422E825C59137846BE0912
test,Northern Cardinal,northern_cardinal,Cardinalis,cardinalis,175226,175226-1.wav,wavfiles/175226-1.wav,//www.xeno-canto.org/175226,//creativecommons.org/licenses/by-sa/4.0/,Jonathon Jongsma,2014-04-18,song,BFC17275EE9AC17FDAF8E4452D87CB204B7145750FBC818BCC40AD9CD483FA42
test,Northern Cardinal,northern_cardinal,Cardinalis,cardinalis,175226,175226-10.wav,wavfiles/175226-10.wav,//www.xeno-canto.org/175226,//creativecommons.org/licenses/by-sa/4.0/,Jonathon Jongsma,2014-04-18,song,BC9654201FECA95BA42875E371AB82702B9D7B47300BAC897A9F6D947258F68C
test,Northern Cardinal,northern_cardinal,Cardinalis,cardinalis,175226,175226-11.wav,wavfiles/175226-11.wav,//www.xeno-canto.org/175226,//creativecommons.org/licenses/by-sa/4.0/,Jonathon Jongsma,2014-04-18,song,EF4B239576D52DBDCF37B7E4C04C5C5365194C11028417A55A0A0A554F90BE77
test,Northern Cardinal,northern_cardinal,Cardinalis,cardinalis,175226,175226-2.wav,wavfiles/175226-2.wav,//www.xeno-canto.org/175226,//creativecommons.org/licenses/by-sa/4.0/,Jonathon Jongsma,2014-04-18,song,2DE232876EADF841BB0E42E95FE60CC4591488F7FD73E7A78F4E35CCCACEBCF8
test,Northern Cardinal,northern_cardinal,Cardinalis,cardinalis,175226,175226-3.wav,wavfiles/175226-3.wav,//www.xeno-canto.org/175226,//creativecommons.org/licenses/by-sa/4.0/,Jonathon Jongsma,2014-04-18,song,672F270E3CBD7415B633E74FF12080F9F7FDF5A0D7025D8E019B5E2D23FE8CF0
test,Northern Cardinal,northern_cardinal,Cardinalis,cardinalis,175226,175226-4.wav,wavfiles/175226-4.wav,//www.xeno-canto.org/175226,//creativecommons.org/licenses/by-sa/4.0/,Jonathon Jongsma,2014-04-18,song,3253FC61469E55A40069A54D13D62A58A0E110A9E3583B00722A720881ACC1EA
test,Northern Cardinal,northern_cardinal,Cardinalis,cardinalis,175226,175226-5.wav,wavfiles/175226-5.wav,//www.xeno-canto.org/175226,//creativecommons.org/licenses/by-sa/4.0/,Jonathon Jongsma,2014-04-18,song,1722F5BDE08C5D2959AB782258C0A96260AFB0B62891620C2C1DADBE4CD257F0
test,Northern Cardinal,northern_cardinal,Cardinalis,cardinalis,175226,175226-6.wav,wavfiles/175226-6.wav,//www.xeno-canto.org/175226,//creativecommons.org/licenses/by-sa/4.0/,Jonathon Jongsma,2014-04-18,song,A18F0C005433E9C80D5E1D455B51CAE670A0850403E50539242272F020A14D63
test,Northern Cardinal,northern_cardinal,Cardinalis,cardinalis,175226,175226-7.wav,wavfiles/175226-7.wav,//www.xeno-canto.org/175226,//creativecommons.org/licenses/by-sa/4.0/,Jonathon Jongsma,2014-04-18,song,884115E636F53330165E620ADC4BBE848B265E334EB69BA7F5B6C0B7083511F9
test,Northern Cardinal,northern_cardinal,Cardinalis,cardinalis,175226,175226-8.wav,wavfiles/175226-8.wav,//www.xeno-canto.org/175226,//creativecommons.org/licenses/by-sa/4.0/,Jonathon Jongsma,2014-04-18,song,69674E82C62431E42D91A66CDECE05C051AB0995A3B19DF8B1E4D42898E8AAE7
test,Northern Cardinal,northern_cardinal,Cardinalis,cardinalis,175226,175226-9.wav,wavfiles/175226-9.wav,//www.xeno-canto.org/175226,//creativecommons.org/licenses/by-sa/4.0/,Jonathon Jongsma,2014-04-18,song,23C276A141DB589661EC10593A49FC2DC907E2D453B02AF5A3EF143E82ECE061
test,Northern Cardinal,northern_cardinal,Cardinalis,cardinalis,205836,205836-0.wav,wavfiles/205836-0.wav,//www.xeno-canto.org/205836,//creativecommons.org/licenses/by-nc-sa/4.0/,Ross Gallardy,2014-12-07,"male, song",82BD7D72EE20B6D805EA51DBC6761FE491E26F816344EF386586DE0C0BA2B374
test,Northern Cardinal,northern_cardinal,Cardinalis,cardinalis,205836,205836-1.wav,wavfiles/205836-1.wav,//www.xeno-canto.org/205836,//creativecommons.org/licenses/by-nc-sa/4.0/,Ross Gallardy,2014-12-07,"male, song",A2A539904639DF618EB9710699E6CD0DEE4D2FD26D02BA55576662677C7D2186
test,Northern Cardinal,northern_cardinal,Cardinalis,cardinalis,205836,205836-10.wav,wavfiles/205836-10.wav,//www.xeno-canto.org/205836,//creativecommons.org/licenses/by-nc-sa/4.0/,Ross Gallardy,2014-12-07,"male, song",244A8F72A2E62FBB9A317F5C0E98F6B4256725BBB984B9C0D46A4573D001411D
test,Northern Cardinal,northern_cardinal,Cardinalis,cardinalis,205836,205836-11.wav,wavfiles/205836-11.wav,//www.xeno-canto.org/205836,//creativecommons.org/licenses/by-nc-sa/4.0/,Ross Gallardy,2014-12-07,"male, song",BA2E067F997901F47580DD47C0A3795C53375653998D986E70BAABF0B727112F
test,Northern Cardinal,northern_cardinal,Cardinalis,cardinalis,205836,205836-2.wav,wavfiles/205836-2.wav,//www.xeno-canto.org/205836,//creativecommons.org/licenses/by-nc-sa/4.0/,Ross Gallardy,2014-12-07,"male, song",DF900B429DF10FC0EDE1D05DE9A0374EE8447B6BF45FCD617F02E08C29ED3209
test,Northern Cardinal,northern_cardinal,Cardinalis,cardinalis,205836,205836-4.wav,wavfiles/205836-4.wav,//www.xeno-canto.org/205836,//creativecommons.org/licenses/by-nc-sa/4.0/,Ross Gallardy,2014-12-07,"male, song",281EE9206DC4B6C8DEC3576D73B220F46F71EB4220D4A6C9E2A130C88B0E59D3
test,Northern Cardinal,northern_cardinal,Cardinalis,cardinalis,205836,205836-5.wav,wavfiles/205836-5.wav,//www.xeno-canto.org/205836,//creativecommons.org/licenses/by-nc-sa/4.0/,Ross Gallardy,2014-12-07,"male, song",0F3EE31D707525B812E025635189DF0CDCE0AD0B4EC31E9799557F26E6242D96
test,Northern Cardinal,northern_cardinal,Cardinalis,cardinalis,205836,205836-6.wav,wavfiles/205836-6.wav,//www.xeno-canto.org/205836,//creativecommons.org/licenses/by-nc-sa/4.0/,Ross Gallardy,2014-12-07,"male, song",6F997E4416D331E1BB60587A7266E7E1D9FD0F9600966F8CD80CE30098BD1DC3
test,Northern Cardinal,northern_cardinal,Cardinalis,cardinalis,205836,205836-7.wav,wavfiles/205836-7.wav,//www.xeno-canto.org/205836,//creativecommons.org/licenses/by-nc-sa/4.0/,Ross Gallardy,2014-12-07,"male, song",333A2625F3BFC8B6B2DADB25E98517DD1CE23FA001A09C1774A63491D8ED669E
test,Northern Cardinal,northern_cardinal,Cardinalis,cardinalis,205836,205836-8.wav,wavfiles/205836-8.wav,//www.xeno-canto.org/205836,//creativecommons.org/licenses/by-nc-sa/4.0/,Ross Gallardy,2014-12-07,"male, song",1B5EC2CEFAAE45B832E9845AABF04AAD837D92CC270EB3740459AB57BEA114CC
test,Northern Cardinal,northern_cardinal,Cardinalis,cardinalis,205836,205836-9.wav,wavfiles/205836-9.wav,//www.xeno-canto.org/205836,//creativecommons.org/licenses/by-nc-sa/4.0/,Ross Gallardy,2014-12-07,"male, song",0215AE6988CCB4171BCD9228570336C5726B920B2FA1620E1F553C2B099FF6CC
test,Northern Cardinal,northern_cardinal,Cardinalis,cardinalis,325658,325658-0.wav,wavfiles/325658-0.wav,//www.xeno-canto.org/325658,//creativecommons.org/licenses/by-nc-sa/4.0/,Jerald R,2016-07-04,song,3FDAFE6261FD9AC009DDEE021DA29FB2133E1C39FD3B456278334ED76D7F2199
test,Northern Cardinal,northern_cardinal,Cardinalis,cardinalis,325658,325658-1.wav,wavfiles/325658-1.wav,//www.xeno-canto.org/325658,//creativecommons.org/licenses/by-nc-sa/4.0/,Jerald R,2016-07-04,song,A19D4C6F606345850BC9AB68E8033307C62345F3707620E4949E026DCF1A137F
test,Northern Cardinal,northern_cardinal,Cardinalis,cardinalis,325658,325658-2.wav,wavfiles/325658-2.wav,//www.xeno-canto.org/325658,//creativecommons.org/licenses/by-nc-sa/4.0/,Jerald R,2016-07-04,song,B99D9426035A11A3CAAB77FC521DAD0E435AEB020A62BA0657A95D7ABCC92F1C
test,Northern Cardinal,northern_cardinal,Cardinalis,cardinalis,325658,325658-3.wav,wavfiles/325658-3.wav,//www.xeno-canto.org/325658,//creativecommons.org/licenses/by-nc-sa/4.0/,Jerald R,2016-07-04,song,954B323E31164B0D644D2CFD9EFA0C23CAF9863154A04C71DB2490824E26F266
test,Northern Cardinal,northern_cardinal,Cardinalis,cardinalis,325658,325658-5.wav,wavfiles/325658-5.wav,//www.xeno-canto.org/325658,//creativecommons.org/licenses/by-nc-sa/4.0/,Jerald R,2016-07-04,song,A24FB29DE8C2920858158691E52F24C658838C53886B14648BA3E047CD0421D9
test,Northern Cardinal,northern_cardinal,Cardinalis,cardinalis,325658,325658-6.wav,wavfiles/325658-6.wav,//www.xeno-canto.org/325658,//creativecommons.org/licenses/by-nc-sa/4.0/,Jerald R,2016-07-04,song,6E4D0795243A546D7CF463D947A85F92DE4A39D4CFA31A7DD7E4C268189D3E4E
test,Northern Cardinal,northern_cardinal,Cardinalis,cardinalis,325690,325690-0.wav,wavfiles/325690-0.wav,//www.xeno-canto.org/325690,//creativecommons.org/licenses/by-nc-sa/4.0/,Albert Lastukhin & Max Lastukhin ,2016-04-09,"call, song",52A41A668A5C174A2FB640F32A90A9BD3DDBC13D29B089BBEF160E2F0CB0AB42
test,Northern Cardinal,northern_cardinal,Cardinalis,cardinalis,325690,325690-1.wav,wavfiles/325690-1.wav,//www.xeno-canto.org/325690,//creativecommons.org/licenses/by-nc-sa/4.0/,Albert Lastukhin & Max Lastukhin ,2016-04-09,"call, song",10EDD833EABC39B5057422C467E977484FC81786770EE3860F530CA653E4DDFD
test,Northern Cardinal,northern_cardinal,Cardinalis,cardinalis,325690,325690-10.wav,wavfiles/325690-10.wav,//www.xeno-canto.org/325690,//creativecommons.org/licenses/by-nc-sa/4.0/,Albert Lastukhin & Max Lastukhin ,2016-04-09,"call, song",1F5148262A63AA5E9D5417DF6D1BF98F0430CE149C046B46A69BD3046D64A63D
test,Northern Cardinal,northern_cardinal,Cardinalis,cardinalis,325690,325690-11.wav,wavfiles/325690-11.wav,//www.xeno-canto.org/325690,//creativecommons.org/licenses/by-nc-sa/4.0/,Albert Lastukhin & Max Lastukhin ,2016-04-09,"call, song",C6B79352D6956956BBA9A939038343442972ADD8F59C20487D1FCCF0C6F88698
test,Northern Cardinal,northern_cardinal,Cardinalis,cardinalis,325690,325690-2.wav,wavfiles/325690-2.wav,//www.xeno-canto.org/325690,//creativecommons.org/licenses/by-nc-sa/4.0/,Albert Lastukhin & Max Lastukhin ,2016-04-09,"call, song",FAD058FC651D5151394C5EA7F4EF4ECE3D6C9DC0F04DA64BE14AE1B70966894E
test,Northern Cardinal,northern_cardinal,Cardinalis,cardinalis,325690,325690-3.wav,wavfiles/325690-3.wav,//www.xeno-canto.org/325690,//creativecommons.org/licenses/by-nc-sa/4.0/,Albert Lastukhin & Max Lastukhin ,2016-04-09,"call, song",18F840EA39F674133BD9272E7B53BC2148BBA85FBC9D5E11EE07590B195FD624
test,Northern Cardinal,northern_cardinal,Cardinalis,cardinalis,325690,325690-4.wav,wavfiles/325690-4.wav,//www.xeno-canto.org/325690,//creativecommons.org/licenses/by-nc-sa/4.0/,Albert Lastukhin & Max Lastukhin ,2016-04-09,"call, song",37F6641107E1AD66225E65B29B17E9224A1E65719644B0BB24634749B431659F
test,Northern Cardinal,northern_cardinal,Cardinalis,cardinalis,325690,325690-5.wav,wavfiles/325690-5.wav,//www.xeno-canto.org/325690,//creativecommons.org/licenses/by-nc-sa/4.0/,Albert Lastukhin & Max Lastukhin ,2016-04-09,"call, song",9B9E81762890A72424020C0B1F8F2447AF4AD035F6BDE4DDE8106CE2B35C8BC7
test,Northern Cardinal,northern_cardinal,Cardinalis,cardinalis,325690,325690-6.wav,wavfiles/325690-6.wav,//www.xeno-canto.org/325690,//creativecommons.org/licenses/by-nc-sa/4.0/,Albert Lastukhin & Max Lastukhin ,2016-04-09,"call, song",F5283C542B9D64E23AF1D84D6FCB9BA73E22DFE036BED4B643D570FEBA1AF3FE
test,Northern Cardinal,northern_cardinal,Cardinalis,cardinalis,325690,325690-8.wav,wavfiles/325690-8.wav,//www.xeno-canto.org/325690,//creativecommons.org/licenses/by-nc-sa/4.0/,Albert Lastukhin & Max Lastukhin ,2016-04-09,"call, song",6CC7B005E924AB465F0DBFFFA590D953BD9E3147FAB9E4ACCAD286F237A1A3FF
test,Northern Cardinal,northern_cardinal,Cardinalis,cardinalis,325690,325690-9.wav,wavfiles/325690-9.wav,//www.xeno-canto.org/325690,//creativecommons.org/licenses/by-nc-sa/4.0/,Albert Lastukhin & Max Lastukhin ,2016-04-09,"call, song",D7F9B4D7D29FE5424D2ABC8C0C640E5D8846E5C32779DAC4639A20BF00097005
test,Northern Cardinal,northern_cardinal,Cardinalis,cardinalis,382878,382878-0.wav,wavfiles/382878-0.wav,//www.xeno-canto.org/382878,//creativecommons.org/licenses/by-nc-sa/4.0/,Bobby Wilcox,2017-08-03,song,564B51715A027F8C521D339C7262093A8FAEFC307ED14A24B8D72A139D723122
test,Northern Cardinal,northern_cardinal,Cardinalis,cardinalis,382878,382878-1.wav,wavfiles/382878-1.wav,//www.xeno-canto.org/382878,//creativecommons.org/licenses/by-nc-sa/4.0/,Bobby Wilcox,2017-08-03,song,E7DC440E953A54E15376306022096F6D0756C25E1DFBE2A7D1EA00BC4102CCD6
test,Northern Cardinal,northern_cardinal,Cardinalis,cardinalis,382878,382878-10.wav,wavfiles/382878-10.wav,//www.xeno-canto.org/382878,//creativecommons.org/licenses/by-nc-sa/4.0/,Bobby Wilcox,2017-08-03,song,69838A6F2FFDE482FF863349F3178E452806B0B66CB3F1DEDE0F7622E15E44F6
test,Northern Cardinal,northern_cardinal,Cardinalis,cardinalis,382878,382878-2.wav,wavfiles/382878-2.wav,//www.xeno-canto.org/382878,//creativecommons.org/licenses/by-nc-sa/4.0/,Bobby Wilcox,2017-08-03,song,2B90FDBE5A84DD954AAEDAE18378AB169A2D4EEE76B0809A76E99D4AFC8095AD
test,Northern Cardinal,northern_cardinal,Cardinalis,cardinalis,382878,382878-4.wav,wavfiles/382878-4.wav,//www.xeno-canto.org/382878,//creativecommons.org/licenses/by-nc-sa/4.0/,Bobby Wilcox,2017-08-03,song,3ECFB10415A75D2BE8793F8AF956B588F5B3DF0085C4C853F6B2D765CFA45C44
test,Northern Cardinal,northern_cardinal,Cardinalis,cardinalis,382878,382878-5.wav,wavfiles/382878-5.wav,//www.xeno-canto.org/382878,//creativecommons.org/licenses/by-nc-sa/4.0/,Bobby Wilcox,2017-08-03,song,4CFA2B4684AF976E42BD0ED41557C3832301543B2E254461E51B895AAA48681C
test,Northern Cardinal,northern_cardinal,Cardinalis,cardinalis,382878,382878-6.wav,wavfiles/382878-6.wav,//www.xeno-canto.org/382878,//creativecommons.org/licenses/by-nc-sa/4.0/,Bobby Wilcox,2017-08-03,song,ACF55DB2BA3A14AB7311ED070634F61A6298522DEF37E5B7182F44437771D4DB
test,Northern Cardinal,northern_cardinal,Cardinalis,cardinalis,382878,382878-8.wav,wavfiles/382878-8.wav,//www.xeno-canto.org/382878,//creativecommons.org/licenses/by-nc-sa/4.0/,Bobby Wilcox,2017-08-03,song,59B519451F6E30C7C1E467631B7E23656DD072892233963C2731ABE78329AB15
test,Northern Cardinal,northern_cardinal,Cardinalis,cardinalis,382878,382878-9.wav,wavfiles/382878-9.wav,//www.xeno-canto.org/382878,//creativecommons.org/licenses/by-nc-sa/4.0/,Bobby Wilcox,2017-08-03,song,EB83BD28980B752348858461B4830FE5CFDA44A1FBD9EE29FE5897BC600AC1C1
test,Northern Cardinal,northern_cardinal,Cardinalis,cardinalis,409009,409009-0.wav,wavfiles/409009-0.wav,//www.xeno-canto.org/409009,//creativecommons.org/licenses/by-nc-nd/4.0/,Frank Lambert,2017-02-26,song,25F920D7E100A5C253C7562EAFF8DB42022DA437726050B388BCB01B1CB54D1E
test,Northern Cardinal,northern_cardinal,Cardinalis,cardinalis,409009,409009-1.wav,wavfiles/409009-1.wav,//www.xeno-canto.org/409009,//creativecommons.org/licenses/by-nc-nd/4.0/,Frank Lambert,2017-02-26,song,7C268C780381D7283D6AC8201715EAAAB707A0C4B45F33F0C5B8706481844D93
test,Northern Cardinal,northern_cardinal,Cardinalis,cardinalis,409009,409009-2.wav,wavfiles/409009-2.wav,//www.xeno-canto.org/409009,//creativecommons.org/licenses/by-nc-nd/4.0/,Frank Lambert,2017-02-26,song,66B1D33878E533F1F379EABE2045F01940E5270404C1AFCEE550BAB75768B046
test,Northern Cardinal,northern_cardinal,Cardinalis,cardinalis,409009,409009-3.wav,wavfiles/409009-3.wav,//www.xeno-canto.org/409009,//creativecommons.org/licenses/by-nc-nd/4.0/,Frank Lambert,2017-02-26,song,6C6D28744AF8131A592AE8D046320B8064146FF5F5114CA3F6C434B62B1441CE
test,Northern Cardinal,northern_cardinal,Cardinalis,cardinalis,409009,409009-4.wav,wavfiles/409009-4.wav,//www.xeno-canto.org/409009,//creativecommons.org/licenses/by-nc-nd/4.0/,Frank Lambert,2017-02-26,song,7EACC24F18BB012BFD430BA67780F93F14715B735CC3395A5636E246D867C31C
test,Northern Cardinal,northern_cardinal,Cardinalis,cardinalis,409009,409009-5.wav,wavfiles/409009-5.wav,//www.xeno-canto.org/409009,//creativecommons.org/licenses/by-nc-nd/4.0/,Frank Lambert,2017-02-26,song,A494B45CEF2946347FB5BE40206239298CD27EC41F2466722DE7F49818EF9284
test,Northern Cardinal,northern_cardinal,Cardinalis,cardinalis,409009,409009-6.wav,wavfiles/409009-6.wav,//www.xeno-canto.org/409009,//creativecommons.org/licenses/by-nc-nd/4.0/,Frank Lambert,2017-02-26,song,E1E179BCC2571733CB957119A50A9C2D1864356B977479034C3E685C76231D18
test,Northern Cardinal,northern_cardinal,Cardinalis,cardinalis,409009,409009-7.wav,wavfiles/409009-7.wav,//www.xeno-canto.org/409009,//creativecommons.org/licenses/by-nc-nd/4.0/,Frank Lambert,2017-02-26,song,8F67DE5167FE8B0A563BFCC9217CA203E9D69E1F2E437B540D676E96BA438B88
test,Northern Cardinal,northern_cardinal,Cardinalis,cardinalis,415386,415386-0.wav,wavfiles/415386-0.wav,//www.xeno-canto.org/415386,//creativecommons.org/licenses/by-nc-sa/4.0/,Russ Wigh,2018-05-07,song,2FE9DC6BB50FE0AC38952D7386D24D95FFD68E56037AB65C19067CC94FCDB5AA
test,Northern Cardinal,northern_cardinal,Cardinalis,cardinalis,415386,415386-1.wav,wavfiles/415386-1.wav,//www.xeno-canto.org/415386,//creativecommons.org/licenses/by-nc-sa/4.0/,Russ Wigh,2018-05-07,song,BE551E8D27699849550A0DE287F1BA3C2B4BECDFA8C75F3B4A5057A659F6CBC8
test,Northern Cardinal,northern_cardinal,Cardinalis,cardinalis,415386,415386-10.wav,wavfiles/415386-10.wav,//www.xeno-canto.org/415386,//creativecommons.org/licenses/by-nc-sa/4.0/,Russ Wigh,2018-05-07,song,6977CD194D00D3D3A7DC50FEF7203D8965D5E6362E2ECB65E0EFA1BF786B11CC
test,Northern Cardinal,northern_cardinal,Cardinalis,cardinalis,415386,415386-11.wav,wavfiles/415386-11.wav,//www.xeno-canto.org/415386,//creativecommons.org/licenses/by-nc-sa/4.0/,Russ Wigh,2018-05-07,song,55CEBCF5BEA7C3401118DF5D017B06CE4F8CECB14C66ED608F8C18464F03C666
test,Northern Cardinal,northern_cardinal,Cardinalis,cardinalis,415386,415386-12.wav,wavfiles/415386-12.wav,//www.xeno-canto.org/415386,//creativecommons.org/licenses/by-nc-sa/4.0/,Russ Wigh,2018-05-07,song,BB5FDCDBCCF52254F7F224CDAA59B61DC5DBB13BDD77F84D61559F508F5C16DE
test,Northern Cardinal,northern_cardinal,Cardinalis,cardinalis,415386,415386-13.wav,wavfiles/415386-13.wav,//www.xeno-canto.org/415386,//creativecommons.org/licenses/by-nc-sa/4.0/,Russ Wigh,2018-05-07,song,B5E99FA9F5AD660E52A6E039F80451C1876246ABBE23CEDA5023DCBB5BB3E75C
test,Northern Cardinal,northern_cardinal,Cardinalis,cardinalis,415386,415386-14.wav,wavfiles/415386-14.wav,//www.xeno-canto.org/415386,//creativecommons.org/licenses/by-nc-sa/4.0/,Russ Wigh,2018-05-07,song,60DCFE291470304E960DE722E56010FE766134BCB0B06A0EF6B7D6B35F138F12
test,Northern Cardinal,northern_cardinal,Cardinalis,cardinalis,415386,415386-15.wav,wavfiles/415386-15.wav,//www.xeno-canto.org/415386,//creativecommons.org/licenses/by-nc-sa/4.0/,Russ Wigh,2018-05-07,song,19C0F79A7FACC122701D04D2E43E1818AD5AD9DE77F8DEFCE82B8429BE6A0458
test,Northern Cardinal,northern_cardinal,Cardinalis,cardinalis,415386,415386-16.wav,wavfiles/415386-16.wav,//www.xeno-canto.org/415386,//creativecommons.org/licenses/by-nc-sa/4.0/,Russ Wigh,2018-05-07,song,DCA6E0C50CFEA8A4CE261CF3015599E3316C5DDCCA0052D8066ABED0347A13E0
test,Northern Cardinal,northern_cardinal,Cardinalis,cardinalis,415386,415386-17.wav,wavfiles/415386-17.wav,//www.xeno-canto.org/415386,//creativecommons.org/licenses/by-nc-sa/4.0/,Russ Wigh,2018-05-07,song,7210AA1D6B427B49FF068F405C2D9BA45E0738E24EA2E1D18B23C9349E557A34
test,Northern Cardinal,northern_cardinal,Cardinalis,cardinalis,415386,415386-18.wav,wavfiles/415386-18.wav,//www.xeno-canto.org/415386,//creativecommons.org/licenses/by-nc-sa/4.0/,Russ Wigh,2018-05-07,song,4E518C0922DA3CEB252A0FE7272E2B79052BEAA634E76F35F7999F7EA291EDFC
test,Northern Cardinal,northern_cardinal,Cardinalis,cardinalis,415386,415386-2.wav,wavfiles/415386-2.wav,//www.xeno-canto.org/415386,//creativecommons.org/licenses/by-nc-sa/4.0/,Russ Wigh,2018-05-07,song,5ECA528B745E3F82B7132EEF0835BF37CAC6C14CE5A6E39164AB1198F98493C7
test,Northern Cardinal,northern_cardinal,Cardinalis,cardinalis,415386,415386-3.wav,wavfiles/415386-3.wav,//www.xeno-canto.org/415386,//creativecommons.org/licenses/by-nc-sa/4.0/,Russ Wigh,2018-05-07,song,30259BD9994D44E04E6DF11D1F70F5D472B3D1AE1A59614379ABF8774337ED31
test,Northern Cardinal,northern_cardinal,Cardinalis,cardinalis,415386,415386-4.wav,wavfiles/415386-4.wav,//www.xeno-canto.org/415386,//creativecommons.org/licenses/by-nc-sa/4.0/,Russ Wigh,2018-05-07,song,C1D0A58A3C5E4C79C64F7DE5077B9F4E069C92F8DC0D727BAD3991D1B38B616C
test,Northern Cardinal,northern_cardinal,Cardinalis,cardinalis,415386,415386-5.wav,wavfiles/415386-5.wav,//www.xeno-canto.org/415386,//creativecommons.org/licenses/by-nc-sa/4.0/,Russ Wigh,2018-05-07,song,7140905EEE3BB04453DE86A828387DEDBE0F7C3D9374B739FB3B28E54F5C2EC0
test,Northern Cardinal,northern_cardinal,Cardinalis,cardinalis,415386,415386-6.wav,wavfiles/415386-6.wav,//www.xeno-canto.org/415386,//creativecommons.org/licenses/by-nc-sa/4.0/,Russ Wigh,2018-05-07,song,611B124C4519F68AD8B2143539A5A31EE7E10E97A35660BF57F44351C78D7FDB
test,Northern Cardinal,northern_cardinal,Cardinalis,cardinalis,415386,415386-7.wav,wavfiles/415386-7.wav,//www.xeno-canto.org/415386,//creativecommons.org/licenses/by-nc-sa/4.0/,Russ Wigh,2018-05-07,song,DFA30F386EDE521D20FE5D196D51599C148B0C77CCE0BF1F6018AE70AB514C15
test,Northern Cardinal,northern_cardinal,Cardinalis,cardinalis,415386,415386-8.wav,wavfiles/415386-8.wav,//www.xeno-canto.org/415386,//creativecommons.org/licenses/by-nc-sa/4.0/,Russ Wigh,2018-05-07,song,3890DFE389CF051FD412BDCD4BB37B7F809AEAB4554C9A01BE632EBBE9A36AF4
test,Northern Cardinal,northern_cardinal,Cardinalis,cardinalis,415386,415386-9.wav,wavfiles/415386-9.wav,//www.xeno-canto.org/415386,//creativecommons.org/licenses/by-nc-sa/4.0/,Russ Wigh,2018-05-07,song,5ECE4B02702EA0076789712F2FD7E640AB32C62E0E94D9142679C5FCC99F2CFE
test,Northern Cardinal,northern_cardinal,Cardinalis,cardinalis,460604,460604-0.wav,wavfiles/460604-0.wav,//www.xeno-canto.org/460604,//creativecommons.org/licenses/by-nc-sa/4.0/,Paul Marvin,2012-04-09,song,3290B24C4AD08F48D0831B78B0D7468D79D6E0DDFCBD0431DDFF2F837C8ECFAB
test,Northern Cardinal,northern_cardinal,Cardinalis,cardinalis,460604,460604-1.wav,wavfiles/460604-1.wav,//www.xeno-canto.org/460604,//creativecommons.org/licenses/by-nc-sa/4.0/,Paul Marvin,2012-04-09,song,D63955B30EAFE87B215F7851D3C70550E6F7FDA6DCE99040D8721C5D508B5948
test,Northern Cardinal,northern_cardinal,Cardinalis,cardinalis,460604,460604-10.wav,wavfiles/460604-10.wav,//www.xeno-canto.org/460604,//creativecommons.org/licenses/by-nc-sa/4.0/,Paul Marvin,2012-04-09,song,00C7FB86323C013CEC509B5DAB93CCABA55711B6B879CA939DD3E540CD538AA1
test,Northern Cardinal,northern_cardinal,Cardinalis,cardinalis,460604,460604-2.wav,wavfiles/460604-2.wav,//www.xeno-canto.org/460604,//creativecommons.org/licenses/by-nc-sa/4.0/,Paul Marvin,2012-04-09,song,0C6D8CA43C8EDF46E2108C36E78EF3FD75241FD2AFE1590B66DDE6EE19BFB624
test,Northern Cardinal,northern_cardinal,Cardinalis,cardinalis,460604,460604-4.wav,wavfiles/460604-4.wav,//www.xeno-canto.org/460604,//creativecommons.org/licenses/by-nc-sa/4.0/,Paul Marvin,2012-04-09,song,34A2DA081B8798516191153D5E089F927B0BAAA0369C18BC87E826482183B8CE
test,Northern Cardinal,northern_cardinal,Cardinalis,cardinalis,460604,460604-5.wav,wavfiles/460604-5.wav,//www.xeno-canto.org/460604,//creativecommons.org/licenses/by-nc-sa/4.0/,Paul Marvin,2012-04-09,song,ED13CBD77EA62AB2FE31FB30218E984EF784941D7BDF90F34671C37A7242EC36
test,Northern Cardinal,northern_cardinal,Cardinalis,cardinalis,460604,460604-6.wav,wavfiles/460604-6.wav,//www.xeno-canto.org/460604,//creativecommons.org/licenses/by-nc-sa/4.0/,Paul Marvin,2012-04-09,song,C0960F7634875F3E0F77499406AF79BE6F9C22B05C8E9CFDCBDDD0D5453D4BD5
test,Northern Cardinal,northern_cardinal,Cardinalis,cardinalis,460604,460604-7.wav,wavfiles/460604-7.wav,//www.xeno-canto.org/460604,//creativecommons.org/licenses/by-nc-sa/4.0/,Paul Marvin,2012-04-09,song,78508D6C45D3AA154CCB58DE686DCEE968ED36BBB67A51D074B3B7CAE668C7A1
test,Northern Cardinal,northern_cardinal,Cardinalis,cardinalis,460604,460604-8.wav,wavfiles/460604-8.wav,//www.xeno-canto.org/460604,//creativecommons.org/licenses/by-nc-sa/4.0/,Paul Marvin,2012-04-09,song,FBD2015983B39BBDEF9E7980D40C9D31DDF2413895E62B15B10A66C094FF7D42
test,Northern Cardinal,northern_cardinal,Cardinalis,cardinalis,460604,460604-9.wav,wavfiles/460604-9.wav,//www.xeno-canto.org/460604,//creativecommons.org/licenses/by-nc-sa/4.0/,Paul Marvin,2012-04-09,song,C3A2135293875F03CA2E5E59A9406E3D1C7035C8566EC491E731BCAA8D4D57AF
test,Northern Cardinal,northern_cardinal,Cardinalis,cardinalis,489171,489171-0.wav,wavfiles/489171-0.wav,//www.xeno-canto.org/489171,//creativecommons.org/licenses/by-nc-sa/4.0/,Phoenix Birder,2019-07-27,song,200F1D722686536106EC3D66C750CD970559B0A8306E9C646DADC9FFEF69B333
test,Northern Cardinal,northern_cardinal,Cardinalis,cardinalis,489171,489171-1.wav,wavfiles/489171-1.wav,//www.xeno-canto.org/489171,//creativecommons.org/licenses/by-nc-sa/4.0/,Phoenix Birder,2019-07-27,song,CE24CA5626D8386E400C16EDDC762593D7A8ED5EC83B8FA6AD12705554D91481
test,Northern Cardinal,northern_cardinal,Cardinalis,cardinalis,489171,489171-10.wav,wavfiles/489171-10.wav,//www.xeno-canto.org/489171,//creativecommons.org/licenses/by-nc-sa/4.0/,Phoenix Birder,2019-07-27,song,89D5D5EE6BA4914F1AF0DEF0262BE792CBDD241A6F93DAD3BA5B8542B707304B
test,Northern Cardinal,northern_cardinal,Cardinalis,cardinalis,489171,489171-11.wav,wavfiles/489171-11.wav,//www.xeno-canto.org/489171,//creativecommons.org/licenses/by-nc-sa/4.0/,Phoenix Birder,2019-07-27,song,18F8C2B4ED594922797A069CE9968DBAA1413F80701C39E05D6682C105E3C4DC
test,Northern Cardinal,northern_cardinal,Cardinalis,cardinalis,489171,489171-12.wav,wavfiles/489171-12.wav,//www.xeno-canto.org/489171,//creativecommons.org/licenses/by-nc-sa/4.0/,Phoenix Birder,2019-07-27,song,0490BD729E0323BB9EAFFB0DB5B10CA8574E6609215BD724213DEAB66ECDA9FA
test,Northern Cardinal,northern_cardinal,Cardinalis,cardinalis,489171,489171-2.wav,wavfiles/489171-2.wav,//www.xeno-canto.org/489171,//creativecommons.org/licenses/by-nc-sa/4.0/,Phoenix Birder,2019-07-27,song,CAA226C4F6F2F429624CE9F8B112B96A9C046007F21C76AABEAE507977C9B111
test,Northern Cardinal,northern_cardinal,Cardinalis,cardinalis,489171,489171-3.wav,wavfiles/489171-3.wav,//www.xeno-canto.org/489171,//creativecommons.org/licenses/by-nc-sa/4.0/,Phoenix Birder,2019-07-27,song,B16F531F8EF9CC7202628503C0C35E03FFE2E4146F8367DEA399B10CE3289DC3
test,Northern Cardinal,northern_cardinal,Cardinalis,cardinalis,489171,489171-4.wav,wavfiles/489171-4.wav,//www.xeno-canto.org/489171,//creativecommons.org/licenses/by-nc-sa/4.0/,Phoenix Birder,2019-07-27,song,3A7789C783A32A3831264571BC634CD1C15192CE4ADD35DBCA3EBC60E6284089
test,Northern Cardinal,northern_cardinal,Cardinalis,cardinalis,489171,489171-5.wav,wavfiles/489171-5.wav,//www.xeno-canto.org/489171,//creativecommons.org/licenses/by-nc-sa/4.0/,Phoenix Birder,2019-07-27,song,B284B4049D8139501350324725FD0AAEC2C2ED782F4918007A44A7FB31ED9BED
test,Northern Cardinal,northern_cardinal,Cardinalis,cardinalis,489171,489171-6.wav,wavfiles/489171-6.wav,//www.xeno-canto.org/489171,//creativecommons.org/licenses/by-nc-sa/4.0/,Phoenix Birder,2019-07-27,song,D84751FF4F5EA2C0FD922C6DF44F710618853376CF6685D50058AC08C87CDE4E
test,Northern Cardinal,northern_cardinal,Cardinalis,cardinalis,489171,489171-7.wav,wavfiles/489171-7.wav,//www.xeno-canto.org/489171,//creativecommons.org/licenses/by-nc-sa/4.0/,Phoenix Birder,2019-07-27,song,73F073C0B7BA56AB1322BC31CC995B09C4250E12459797F4F328250DD813039F
test,Northern Cardinal,northern_cardinal,Cardinalis,cardinalis,489171,489171-8.wav,wavfiles/489171-8.wav,//www.xeno-canto.org/489171,//creativecommons.org/licenses/by-nc-sa/4.0/,Phoenix Birder,2019-07-27,song,1B6FBFABEEE7A85295DD50752968555AD31C4D7CD8DCD3EF790D1CE52FD2B4FF
test,Northern Cardinal,northern_cardinal,Cardinalis,cardinalis,489171,489171-9.wav,wavfiles/489171-9.wav,//www.xeno-canto.org/489171,//creativecommons.org/licenses/by-nc-sa/4.0/,Phoenix Birder,2019-07-27,song,E69D2D4427D7A46FBAD28F19E57B461086A766A081E6819E26F2C1367C66BF4F
test,Northern Cardinal,northern_cardinal,Cardinalis,cardinalis,542090,542090-0.wav,wavfiles/542090-0.wav,//www.xeno-canto.org/542090,//creativecommons.org/licenses/by-nc-sa/4.0/,Brian Hendrix,2020-04-05,song,DF06C9AE9CEA1FCBF344B64D283830246B884AEF7BE6100750F6C65E237E0781
test,Northern Cardinal,northern_cardinal,Cardinalis,cardinalis,542090,542090-1.wav,wavfiles/542090-1.wav,//www.xeno-canto.org/542090,//creativecommons.org/licenses/by-nc-sa/4.0/,Brian Hendrix,2020-04-05,song,12084665F1A10B6966961E6359CD03E989B7ADCE62816421321D6400576D882E
test,Northern Cardinal,northern_cardinal,Cardinalis,cardinalis,542090,542090-10.wav,wavfiles/542090-10.wav,//www.xeno-canto.org/542090,//creativecommons.org/licenses/by-nc-sa/4.0/,Brian Hendrix,2020-04-05,song,D94E9DA3C86A793DE3DC5B4FDA497B379C089A4C72E786E1DB86E2C25A090141
test,Northern Cardinal,northern_cardinal,Cardinalis,cardinalis,542090,542090-13.wav,wavfiles/542090-13.wav,//www.xeno-canto.org/542090,//creativecommons.org/licenses/by-nc-sa/4.0/,Brian Hendrix,2020-04-05,song,957E0D3550ADE78341CE0AC05D0D8E56DA67965427696A0489D9E36DC9D88047
test,Northern Cardinal,northern_cardinal,Cardinalis,cardinalis,542090,542090-14.wav,wavfiles/542090-14.wav,//www.xeno-canto.org/542090,//creativecommons.org/licenses/by-nc-sa/4.0/,Brian Hendrix,2020-04-05,song,91E139833993271670F8D27954DF2C2775F4B2D702F1699A72BEEA7902BF2EF1
test,Northern Cardinal,northern_cardinal,Cardinalis,cardinalis,542090,542090-15.wav,wavfiles/542090-15.wav,//www.xeno-canto.org/542090,//creativecommons.org/licenses/by-nc-sa/4.0/,Brian Hendrix,2020-04-05,song,C104F775392657CAA708B420E8AAFB933F2FFD5CDCE907AE58391C9FEAF02AE9
test,Northern Cardinal,northern_cardinal,Cardinalis,cardinalis,542090,542090-2.wav,wavfiles/542090-2.wav,//www.xeno-canto.org/542090,//creativecommons.org/licenses/by-nc-sa/4.0/,Brian Hendrix,2020-04-05,song,BFBCE1CBFA782D9B35074B5B3390E0665E8C21E9211EDF3035A7E958C5278D21
test,Northern Cardinal,northern_cardinal,Cardinalis,cardinalis,542090,542090-3.wav,wavfiles/542090-3.wav,//www.xeno-canto.org/542090,//creativecommons.org/licenses/by-nc-sa/4.0/,Brian Hendrix,2020-04-05,song,A7DA56EA6D125C0B6BB6DD8CF5789A73B845B4747D15B0F763C51604BC11F7A8
test,Northern Cardinal,northern_cardinal,Cardinalis,cardinalis,542090,542090-4.wav,wavfiles/542090-4.wav,//www.xeno-canto.org/542090,//creativecommons.org/licenses/by-nc-sa/4.0/,Brian Hendrix,2020-04-05,song,A77E402941266B52B0803F04315DC3F147D96C673659AC8E65594D46458456CC
test,Northern Cardinal,northern_cardinal,Cardinalis,cardinalis,542090,542090-5.wav,wavfiles/542090-5.wav,//www.xeno-canto.org/542090,//creativecommons.org/licenses/by-nc-sa/4.0/,Brian Hendrix,2020-04-05,song,A87140E9E2373578F841D9491968D038F32C16B2A5A0B2211346CEBCD36FE343
test,Northern Cardinal,northern_cardinal,Cardinalis,cardinalis,542090,542090-6.wav,wavfiles/542090-6.wav,//www.xeno-canto.org/542090,//creativecommons.org/licenses/by-nc-sa/4.0/,Brian Hendrix,2020-04-05,song,73E82BC6915881A74E85F405AFF8E8798F8647B155CC5B15A42D93CED580CBE2
test,Northern Cardinal,northern_cardinal,Cardinalis,cardinalis,542090,542090-7.wav,wavfiles/542090-7.wav,//www.xeno-canto.org/542090,//creativecommons.org/licenses/by-nc-sa/4.0/,Brian Hendrix,2020-04-05,song,A3951B51B3CBA28160DB077469E99B59C7FBF9BD6DD26BFA8C36375DB36826CE
test,Northern Cardinal,northern_cardinal,Cardinalis,cardinalis,542090,542090-8.wav,wavfiles/542090-8.wav,//www.xeno-canto.org/542090,//creativecommons.org/licenses/by-nc-sa/4.0/,Brian Hendrix,2020-04-05,song,49DEEB91C48B2ABB16C793F795C609A5E1ACD0015B3CCA8DCEDB96F90451EDCD
test,Northern Cardinal,northern_cardinal,Cardinalis,cardinalis,542090,542090-9.wav,wavfiles/542090-9.wav,//www.xeno-canto.org/542090,//creativecommons.org/licenses/by-nc-sa/4.0/,Brian Hendrix,2020-04-05,song,9D2E31F8273120302A7BA1253CB93E49D64F9E20FB934BFA476C8B6B2BFD88EB
test,Northern Cardinal,northern_cardinal,Cardinalis,cardinalis,564311,564311-0.wav,wavfiles/564311-0.wav,//www.xeno-canto.org/564311,//creativecommons.org/licenses/by-nc-sa/4.0/,Brian Hendrix,2020-06-01,song,36803820A8EE45B6894CCFA76E38BAAE07735A2EDAE9F5C772A7D3AEC3DECBF8
test,Northern Cardinal,northern_cardinal,Cardinalis,cardinalis,564311,564311-1.wav,wavfiles/564311-1.wav,//www.xeno-canto.org/564311,//creativecommons.org/licenses/by-nc-sa/4.0/,Brian Hendrix,2020-06-01,song,EA464A29A15DF8B5660F087A2502AA352F533AFE56A5A4EFC084C6A42208F203
test,Northern Cardinal,northern_cardinal,Cardinalis,cardinalis,564311,564311-10.wav,wavfiles/564311-10.wav,//www.xeno-canto.org/564311,//creativecommons.org/licenses/by-nc-sa/4.0/,Brian Hendrix,2020-06-01,song,E8C0E44CDE625B67F730FE662D9D7705E9EAAA0B0698D7C23DE694FD47A9E7B0
test,Northern Cardinal,northern_cardinal,Cardinalis,cardinalis,564311,564311-11.wav,wavfiles/564311-11.wav,//www.xeno-canto.org/564311,//creativecommons.org/licenses/by-nc-sa/4.0/,Brian Hendrix,2020-06-01,song,E1843BA90DC71A5CED0DFBA13A0CA510CC7DE863FF8053C2B6020C0C8D610A4A
test,Northern Cardinal,northern_cardinal,Cardinalis,cardinalis,564311,564311-12.wav,wavfiles/564311-12.wav,//www.xeno-canto.org/564311,//creativecommons.org/licenses/by-nc-sa/4.0/,Brian Hendrix,2020-06-01,song,F931D084E7057BA7CC04F3CBCA9BA69BDAB9051FD610AE78F26DFA569BDBB3E5
test,Northern Cardinal,northern_cardinal,Cardinalis,cardinalis,564311,564311-13.wav,wavfiles/564311-13.wav,//www.xeno-canto.org/564311,//creativecommons.org/licenses/by-nc-sa/4.0/,Brian Hendrix,2020-06-01,song,54B2FF138D220F40AB453B02108660C4C9A259242545EC7618E5911ABAC4945B
test,Northern Cardinal,northern_cardinal,Cardinalis,cardinalis,564311,564311-16.wav,wavfiles/564311-16.wav,//www.xeno-canto.org/564311,//creativecommons.org/licenses/by-nc-sa/4.0/,Brian Hendrix,2020-06-01,song,E06A5D3774AE3F78AF6EE691F80C76FDB85C115DD0D636E624FFF566CD1B826D
test,Northern Cardinal,northern_cardinal,Cardinalis,cardinalis,564311,564311-17.wav,wavfiles/564311-17.wav,//www.xeno-canto.org/564311,//creativecommons.org/licenses/by-nc-sa/4.0/,Brian Hendrix,2020-06-01,song,CC59D43F261FD8C200F6312649F8D093A410FD243BAA1D4D06F331415BFD7D0B
test,Northern Cardinal,northern_cardinal,Cardinalis,cardinalis,564311,564311-2.wav,wavfiles/564311-2.wav,//www.xeno-canto.org/564311,//creativecommons.org/licenses/by-nc-sa/4.0/,Brian Hendrix,2020-06-01,song,3370536421A9ABC95EEF94ADA5906F5EE2D1C790F6AE99EADD429C75ABBFEBAB
test,Northern Cardinal,northern_cardinal,Cardinalis,cardinalis,564311,564311-3.wav,wavfiles/564311-3.wav,//www.xeno-canto.org/564311,//creativecommons.org/licenses/by-nc-sa/4.0/,Brian Hendrix,2020-06-01,song,E72C3A4B6EBFB28265CA6A85480C97F8737B0ABDBFEBF5B3D7B19986ACD37B57
test,Northern Cardinal,northern_cardinal,Cardinalis,cardinalis,564311,564311-4.wav,wavfiles/564311-4.wav,//www.xeno-canto.org/564311,//creativecommons.org/licenses/by-nc-sa/4.0/,Brian Hendrix,2020-06-01,song,1D9363CA4BBC74BED1FBAABC9E7EF8E19D7B3940022B00A82F05DD612A72DCEF
test,Northern Cardinal,northern_cardinal,Cardinalis,cardinalis,564311,564311-5.wav,wavfiles/564311-5.wav,//www.xeno-canto.org/564311,//creativecommons.org/licenses/by-nc-sa/4.0/,Brian Hendrix,2020-06-01,song,F32DCFADDC72A6D735F88C93F38299C8A627C08218653246DE5C86C29E3D9841
test,Northern Cardinal,northern_cardinal,Cardinalis,cardinalis,564311,564311-6.wav,wavfiles/564311-6.wav,//www.xeno-canto.org/564311,//creativecommons.org/licenses/by-nc-sa/4.0/,Brian Hendrix,2020-06-01,song,6F7279D72C2F1AEF74A5608664638A523FC6D215BEE612A17526413B169FBA16
test,Northern Cardinal,northern_cardinal,Cardinalis,cardinalis,564311,564311-7.wav,wavfiles/564311-7.wav,//www.xeno-canto.org/564311,//creativecommons.org/licenses/by-nc-sa/4.0/,Brian Hendrix,2020-06-01,song,38ABAEE3DB367803BF47D0C53058A7728E957185401CA7FF95DFB9B2EC9316C8
test,Northern Cardinal,northern_cardinal,Cardinalis,cardinalis,564311,564311-8.wav,wavfiles/564311-8.wav,//www.xeno-canto.org/564311,//creativecommons.org/licenses/by-nc-sa/4.0/,Brian Hendrix,2020-06-01,song,0565DF520CDC26D4E07DBBF86CC00DB391884ACED9E39EC9A81A90E4088C7465
test,Northern Cardinal,northern_cardinal,Cardinalis,cardinalis,564311,564311-9.wav,wavfiles/564311-9.wav,//www.xeno-canto.org/564311,//creativecommons.org/licenses/by-nc-sa/4.0/,Brian Hendrix,2020-06-01,song,38F34C0FC763523F818D298133990D86950C6FFFA807EA4350275BCFE53C24D1
test,Song Sparrow,song_sparrow,Melospiza,melodia,62782,62782-0.wav,wavfiles/62782-0.wav,//www.xeno-canto.org/62782,//creativecommons.org/licenses/by-nc-sa/3.0/,Mike Nelson,2010-09-29,song,3C6749397BED0D63F2C36238825ED36ED3111A735E464EDE58EF65A8D977E319
test,Song Sparrow,song_sparrow,Melospiza,melodia,62782,62782-1.wav,wavfiles/62782-1.wav,//www.xeno-canto.org/62782,//creativecommons.org/licenses/by-nc-sa/3.0/,Mike Nelson,2010-09-29,song,C6913AF14C15E19CD02D427BBF8B98C46544534F380E4CB1D7BE9C8DAA173C37
test,Song Sparrow,song_sparrow,Melospiza,melodia,62782,62782-2.wav,wavfiles/62782-2.wav,//www.xeno-canto.org/62782,//creativecommons.org/licenses/by-nc-sa/3.0/,Mike Nelson,2010-09-29,song,F33C05E6624B1D77C879D015C31CBB5CB655CE16A05722E84628AD40D600388C
test,Song Sparrow,song_sparrow,Melospiza,melodia,62782,62782-3.wav,wavfiles/62782-3.wav,//www.xeno-canto.org/62782,//creativecommons.org/licenses/by-nc-sa/3.0/,Mike Nelson,2010-09-29,song,8219E5B0301E1F386D51F36EE803D9D7BBF13BBD0A732240CFF4A0EF934ACDF9
test,Song Sparrow,song_sparrow,Melospiza,melodia,62782,62782-4.wav,wavfiles/62782-4.wav,//www.xeno-canto.org/62782,//creativecommons.org/licenses/by-nc-sa/3.0/,Mike Nelson,2010-09-29,song,CE3B18441B947BDF1540F2B7B73C760BF9C805E852E8ED38958AF7957E5B8076
test,Song Sparrow,song_sparrow,Melospiza,melodia,62782,62782-5.wav,wavfiles/62782-5.wav,//www.xeno-canto.org/62782,//creativecommons.org/licenses/by-nc-sa/3.0/,Mike Nelson,2010-09-29,song,71F332806AA4F98A6B1296D85B3F720D12CF0BB95D5EE5AACE8171C4F25A7AE7
test,Song Sparrow,song_sparrow,Melospiza,melodia,62782,62782-6.wav,wavfiles/62782-6.wav,//www.xeno-canto.org/62782,//creativecommons.org/licenses/by-nc-sa/3.0/,Mike Nelson,2010-09-29,song,8BFA944C0EA65EEB61BF77EAAB335DD2798D498EB59D84DE1559F0FBD50B5629
test,Song Sparrow,song_sparrow,Melospiza,melodia,62782,62782-7.wav,wavfiles/62782-7.wav,//www.xeno-canto.org/62782,//creativecommons.org/licenses/by-nc-sa/3.0/,Mike Nelson,2010-09-29,song,017C5119AEFEAE4DAE72704E2D7F03653F53545409EC3D6BF6FD72E17207E817
test,Song Sparrow,song_sparrow,Melospiza,melodia,62782,62782-8.wav,wavfiles/62782-8.wav,//www.xeno-canto.org/62782,//creativecommons.org/licenses/by-nc-sa/3.0/,Mike Nelson,2010-09-29,song,CC4C547F3C8BCA1B0692857D67E61B0C28AFA739B5B51FEA9540334C26F26091
test,Song Sparrow,song_sparrow,Melospiza,melodia,62782,62782-9.wav,wavfiles/62782-9.wav,//www.xeno-canto.org/62782,//creativecommons.org/licenses/by-nc-sa/3.0/,Mike Nelson,2010-09-29,song,FD7D68A709A5E4753F230C03C13A1FF4ACCD5839B390048002309963A0AC78D5
test,Song Sparrow,song_sparrow,Melospiza,melodia,125711,125711-0.wav,wavfiles/125711-0.wav,//www.xeno-canto.org/125711,//creativecommons.org/licenses/by-nc-sa/3.0/,Richard E. Webster,2001-05-13,song,8E00FAB3474C1F3DE7BE62B093E0B3614632B63F4E1F90349DC7B646B6734C38
test,Song Sparrow,song_sparrow,Melospiza,melodia,125711,125711-1.wav,wavfiles/125711-1.wav,//www.xeno-canto.org/125711,//creativecommons.org/licenses/by-nc-sa/3.0/,Richard E. Webster,2001-05-13,song,3852CE5FAC7BDEC826DEEEED00E64F1F9BB8CB557E01E60A4A7B5E90ECA0B557
test,Song Sparrow,song_sparrow,Melospiza,melodia,125711,125711-10.wav,wavfiles/125711-10.wav,//www.xeno-canto.org/125711,//creativecommons.org/licenses/by-nc-sa/3.0/,Richard E. Webster,2001-05-13,song,0391FE76F6008C14D554273BFB94759460147D4764FAFA0349DD92ECAC4B93C1
test,Song Sparrow,song_sparrow,Melospiza,melodia,125711,125711-11.wav,wavfiles/125711-11.wav,//www.xeno-canto.org/125711,//creativecommons.org/licenses/by-nc-sa/3.0/,Richard E. Webster,2001-05-13,song,92C350E5A1A3C6434CB996D2FEFFD3B778E029AE55C932257FADE225946013EC
test,Song Sparrow,song_sparrow,Melospiza,melodia,125711,125711-12.wav,wavfiles/125711-12.wav,//www.xeno-canto.org/125711,//creativecommons.org/licenses/by-nc-sa/3.0/,Richard E. Webster,2001-05-13,song,3156B962FE980E40070143D4652CE1B6A6570907EB5313B26388CE749A6F8A8F
test,Song Sparrow,song_sparrow,Melospiza,melodia,125711,125711-2.wav,wavfiles/125711-2.wav,//www.xeno-canto.org/125711,//creativecommons.org/licenses/by-nc-sa/3.0/,Richard E. Webster,2001-05-13,song,E70288FB24200920B0F476FC25437779E0E876FA76AB0A3B57F571093D375A08
test,Song Sparrow,song_sparrow,Melospiza,melodia,125711,125711-3.wav,wavfiles/125711-3.wav,//www.xeno-canto.org/125711,//creativecommons.org/licenses/by-nc-sa/3.0/,Richard E. Webster,2001-05-13,song,232D0E49496345971D16DA5CBD74C6D06534A93FED598EC4D4B6DB0E626C5CD4
test,Song Sparrow,song_sparrow,Melospiza,melodia,125711,125711-4.wav,wavfiles/125711-4.wav,//www.xeno-canto.org/125711,//creativecommons.org/licenses/by-nc-sa/3.0/,Richard E. Webster,2001-05-13,song,432C2CBCF886CDDB32FEB1FBE8B0C7AB8DF3BF2BCD5EF49711B526F3465CD29C
test,Song Sparrow,song_sparrow,Melospiza,melodia,125711,125711-5.wav,wavfiles/125711-5.wav,//www.xeno-canto.org/125711,//creativecommons.org/licenses/by-nc-sa/3.0/,Richard E. Webster,2001-05-13,song,E3A3AF76A9CA3BF631550B325EA779F7F425E5EED95A5343BF7A19A30E158040
test,Song Sparrow,song_sparrow,Melospiza,melodia,125711,125711-6.wav,wavfiles/125711-6.wav,//www.xeno-canto.org/125711,//creativecommons.org/licenses/by-nc-sa/3.0/,Richard E. Webster,2001-05-13,song,A0B63B626BE006CB16C32DEFE6359904717F928F2C0B635AD08196418C53A214
test,Song Sparrow,song_sparrow,Melospiza,melodia,125711,125711-7.wav,wavfiles/125711-7.wav,//www.xeno-canto.org/125711,//creativecommons.org/licenses/by-nc-sa/3.0/,Richard E. Webster,2001-05-13,song,2CAA562966B8B1E333B7DD99F938D3957FCF0E1726B218438CCF39D7A1D4475F
test,Song Sparrow,song_sparrow,Melospiza,melodia,125711,125711-8.wav,wavfiles/125711-8.wav,//www.xeno-canto.org/125711,//creativecommons.org/licenses/by-nc-sa/3.0/,Richard E. Webster,2001-05-13,song,CF9A4C615447C462022482A5023E105014281CFBAFBDA055772A52519AE5220C
test,Song Sparrow,song_sparrow,Melospiza,melodia,125717,125717-0.wav,wavfiles/125717-0.wav,//www.xeno-canto.org/125717,//creativecommons.org/licenses/by-nc-sa/3.0/,Richard E. Webster,1995-06-02,"call, song",9F663C46AA0552DAA76A8037629B4342FBA63C6BD215B06C5C8D736848C10F7C
test,Song Sparrow,song_sparrow,Melospiza,melodia,125717,125717-1.wav,wavfiles/125717-1.wav,//www.xeno-canto.org/125717,//creativecommons.org/licenses/by-nc-sa/3.0/,Richard E. Webster,1995-06-02,"call, song",3CAFD1A6105A065D0AB9077A8FFB787FE055FC2A6284B2A6E0A615570DD9CE5D
test,Song Sparrow,song_sparrow,Melospiza,melodia,125717,125717-13.wav,wavfiles/125717-13.wav,//www.xeno-canto.org/125717,//creativecommons.org/licenses/by-nc-sa/3.0/,Richard E. Webster,1995-06-02,"call, song",95C006FB2FBF49E29E2031BD0E0808B1B6DACA863AB239A78C75BE9244816693
test,Song Sparrow,song_sparrow,Melospiza,melodia,125717,125717-9.wav,wavfiles/125717-9.wav,//www.xeno-canto.org/125717,//creativecommons.org/licenses/by-nc-sa/3.0/,Richard E. Webster,1995-06-02,"call, song",3B5389578ECE9CB7157BE8765160CC591625946EE46707957A4EA9934565E18C
test,Song Sparrow,song_sparrow,Melospiza,melodia,125721,125721-0.wav,wavfiles/125721-0.wav,//www.xeno-canto.org/125721,//creativecommons.org/licenses/by-nc-sa/3.0/,Richard E. Webster,2006-05-05,song,60CBBE254680E659FF6CA9AFDCFEF2407A13A200980933DB5374C9CAE59B0A5B
test,Song Sparrow,song_sparrow,Melospiza,melodia,125721,125721-1.wav,wavfiles/125721-1.wav,//www.xeno-canto.org/125721,//creativecommons.org/licenses/by-nc-sa/3.0/,Richard E. Webster,2006-05-05,song,34F7911A84CBF8760F103AD4F5C2B7DB8D820A5A1FA98176C1130EFD7F724BAE
test,Song Sparrow,song_sparrow,Melospiza,melodia,125721,125721-2.wav,wavfiles/125721-2.wav,//www.xeno-canto.org/125721,//creativecommons.org/licenses/by-nc-sa/3.0/,Richard E. Webster,2006-05-05,song,62CD11DA74A2A20728F4C3186561143DEC547F98D1F17D444BF43C01352C80B3
test,Song Sparrow,song_sparrow,Melospiza,melodia,125721,125721-3.wav,wavfiles/125721-3.wav,//www.xeno-canto.org/125721,//creativecommons.org/licenses/by-nc-sa/3.0/,Richard E. Webster,2006-05-05,song,47F15BD4A721FB485A38EAF1C3CDAD61F453020DD643567E2A8D49D2A543074B
test,Song Sparrow,song_sparrow,Melospiza,melodia,125721,125721-7.wav,wavfiles/125721-7.wav,//www.xeno-canto.org/125721,//creativecommons.org/licenses/by-nc-sa/3.0/,Richard E. Webster,2006-05-05,song,07AD5FEC44DCE7CEAC4139E6C42AA65EEAD94BBB123FC7C1D9309AD10448AA58
test,Song Sparrow,song_sparrow,Melospiza,melodia,125721,125721-8.wav,wavfiles/125721-8.wav,//www.xeno-canto.org/125721,//creativecommons.org/licenses/by-nc-sa/3.0/,Richard E. Webster,2006-05-05,song,2C370EDE94C479FC802B3BF769F6CEC72EE89E4CE7DD91B3B1FFE4FEC49CFFFF
test,Song Sparrow,song_sparrow,Melospiza,melodia,125721,125721-9.wav,wavfiles/125721-9.wav,//www.xeno-canto.org/125721,//creativecommons.org/licenses/by-nc-sa/3.0/,Richard E. Webster,2006-05-05,song,D406EF1CA99DF7D3FCA9C6006FC7613159493DEB328143AA38C47380E0F4C443
test,Song Sparrow,song_sparrow,Melospiza,melodia,131649,131649-0.wav,wavfiles/131649-0.wav,//www.xeno-canto.org/131649,//creativecommons.org/licenses/by-sa/3.0/,Jonathon Jongsma,2013-04-27,song,1A96FA093BE88D5FCD8F8CBAFDCE07D582CF3648561C0F61E8B163A8A71720B2
test,Song Sparrow,song_sparrow,Melospiza,melodia,131649,131649-1.wav,wavfiles/131649-1.wav,//www.xeno-canto.org/131649,//creativecommons.org/licenses/by-sa/3.0/,Jonathon Jongsma,2013-04-27,song,1C8BBDE9600EAE913B2D640D724D085607C075C9A91D93D2F75B2DB8855810E1
test,Song Sparrow,song_sparrow,Melospiza,melodia,131649,131649-2.wav,wavfiles/131649-2.wav,//www.xeno-canto.org/131649,//creativecommons.org/licenses/by-sa/3.0/,Jonathon Jongsma,2013-04-27,song,D2EBE5039F1F4F74329392DBEF9B02687DF9D7CA9B040C42D49819B4DF8160C0
test,Song Sparrow,song_sparrow,Melospiza,melodia,131649,131649-3.wav,wavfiles/131649-3.wav,//www.xeno-canto.org/131649,//creativecommons.org/licenses/by-sa/3.0/,Jonathon Jongsma,2013-04-27,song,F7B5EC69E3D4075960F0BC4FE1B7A64CDE581E9935E6DF901186AF1BAA4A9BDD
test,Song Sparrow,song_sparrow,Melospiza,melodia,131649,131649-4.wav,wavfiles/131649-4.wav,//www.xeno-canto.org/131649,//creativecommons.org/licenses/by-sa/3.0/,Jonathon Jongsma,2013-04-27,song,EFE94033C0BCED47D11069EDC73462E820F565E510874BBBA0B2ACC81B5BDBC3
test,Song Sparrow,song_sparrow,Melospiza,melodia,133566,133566-0.wav,wavfiles/133566-0.wav,//www.xeno-canto.org/133566,//creativecommons.org/licenses/by-nc-sa/3.0/,Dan Lane,2013-05-12,song,62178DBED9B71328133465F81025C162C7DA099A2F08B43A5C5C4B59079088C4
test,Song Sparrow,song_sparrow,Melospiza,melodia,133566,133566-1.wav,wavfiles/133566-1.wav,//www.xeno-canto.org/133566,//creativecommons.org/licenses/by-nc-sa/3.0/,Dan Lane,2013-05-12,song,90EE061C5D054FD14AE2A31FD6ED92CCFEF4F7634F16B2F81907F4C8914AF0D7
test,Song Sparrow,song_sparrow,Melospiza,melodia,133566,133566-10.wav,wavfiles/133566-10.wav,//www.xeno-canto.org/133566,//creativecommons.org/licenses/by-nc-sa/3.0/,Dan Lane,2013-05-12,song,5C066A8228B9CCB5FE6170E34C70BEC689F52ABF98AF2BF12C9D0F52DB42D972
test,Song Sparrow,song_sparrow,Melospiza,melodia,133566,133566-11.wav,wavfiles/133566-11.wav,//www.xeno-canto.org/133566,//creativecommons.org/licenses/by-nc-sa/3.0/,Dan Lane,2013-05-12,song,A080E1F99E66A802CE61533BE6D9D2BBD3B6F0E62FE81AA84A7E9D6EE8EE17AC
test,Song Sparrow,song_sparrow,Melospiza,melodia,133566,133566-12.wav,wavfiles/133566-12.wav,//www.xeno-canto.org/133566,//creativecommons.org/licenses/by-nc-sa/3.0/,Dan Lane,2013-05-12,song,02B37FCB5C131250BFC6942ACC57F6BE5ADE915842ACC9DBACE14D33EE57A52F
test,Song Sparrow,song_sparrow,Melospiza,melodia,133566,133566-2.wav,wavfiles/133566-2.wav,//www.xeno-canto.org/133566,//creativecommons.org/licenses/by-nc-sa/3.0/,Dan Lane,2013-05-12,song,75394EEE921EC75F14B97129208686F825A521DD7EFA8576F45DDBFDEB79E471
test,Song Sparrow,song_sparrow,Melospiza,melodia,133566,133566-4.wav,wavfiles/133566-4.wav,//www.xeno-canto.org/133566,//creativecommons.org/licenses/by-nc-sa/3.0/,Dan Lane,2013-05-12,song,C1B867219E4131CE0F8CF33D5371627F8EA3041E32906BED61912302420DC77D
test,Song Sparrow,song_sparrow,Melospiza,melodia,133566,133566-8.wav,wavfiles/133566-8.wav,//www.xeno-canto.org/133566,//creativecommons.org/licenses/by-nc-sa/3.0/,Dan Lane,2013-05-12,song,1273CDEB2A3EE5B5FC8116709DF40BE45868F6A91AC7EB11209BA781616B6BFD
test,Song Sparrow,song_sparrow,Melospiza,melodia,133566,133566-9.wav,wavfiles/133566-9.wav,//www.xeno-canto.org/133566,//creativecommons.org/licenses/by-nc-sa/3.0/,Dan Lane,2013-05-12,song,96AE78DACF4F9B919AD52EF072EC4DB9D3D83C62C88484019C9708D38C024447
test,Song Sparrow,song_sparrow,Melospiza,melodia,133568,133568-0.wav,wavfiles/133568-0.wav,//www.xeno-canto.org/133568,//creativecommons.org/licenses/by-nc-sa/3.0/,Dan Lane,2013-05-12,song,50F29C680E51E35723A4FD2C5DE0BBC55E15B75339A49F61C7A46B7E43419C6F
test,Song Sparrow,song_sparrow,Melospiza,melodia,133568,133568-1.wav,wavfiles/133568-1.wav,//www.xeno-canto.org/133568,//creativecommons.org/licenses/by-nc-sa/3.0/,Dan Lane,2013-05-12,song,9AFEA131F8541E60234D62461CE3028ABB8CFA3F460341D26BBDB10E166235C1
test,Song Sparrow,song_sparrow,Melospiza,melodia,133568,133568-10.wav,wavfiles/133568-10.wav,//www.xeno-canto.org/133568,//creativecommons.org/licenses/by-nc-sa/3.0/,Dan Lane,2013-05-12,song,D57EC3C165F7B36E1E59676B13DC83A55F94054B07F4749CB2B096A7B18821FD
test,Song Sparrow,song_sparrow,Melospiza,melodia,133568,133568-2.wav,wavfiles/133568-2.wav,//www.xeno-canto.org/133568,//creativecommons.org/licenses/by-nc-sa/3.0/,Dan Lane,2013-05-12,song,001BFC2107075B9B5F108447635096EC23E5CF71BCF9F7B1AD6BC56023E4EF81
test,Song Sparrow,song_sparrow,Melospiza,melodia,133568,133568-4.wav,wavfiles/133568-4.wav,//www.xeno-canto.org/133568,//creativecommons.org/licenses/by-nc-sa/3.0/,Dan Lane,2013-05-12,song,57497BC65BF3214ED17A11A01EDE50E0C8FCF4C4F47DF351972EFDAFDA7795D3
test,Song Sparrow,song_sparrow,Melospiza,melodia,133568,133568-5.wav,wavfiles/133568-5.wav,//www.xeno-canto.org/133568,//creativecommons.org/licenses/by-nc-sa/3.0/,Dan Lane,2013-05-12,song,32354A2133DFA81582E0393F744BB1EE65FA3B8B6C332C1AB53FB48869CEC131
test,Song Sparrow,song_sparrow,Melospiza,melodia,133568,133568-8.wav,wavfiles/133568-8.wav,//www.xeno-canto.org/133568,//creativecommons.org/licenses/by-nc-sa/3.0/,Dan Lane,2013-05-12,song,83E83343E5F60BB0A47D79EC14847828AF588A00477BB5E6B217EE628A2652AE
test,Song Sparrow,song_sparrow,Melospiza,melodia,133568,133568-9.wav,wavfiles/133568-9.wav,//www.xeno-canto.org/133568,//creativecommons.org/licenses/by-nc-sa/3.0/,Dan Lane,2013-05-12,song,F9B6524CA90F4017C6A78E08407AA7766AB057B2BD664B8E23E022833C50C72C
test,Song Sparrow,song_sparrow,Melospiza,melodia,142619,142619-0.wav,wavfiles/142619-0.wav,//www.xeno-canto.org/142619,//creativecommons.org/licenses/by-sa/3.0/,Jonathon Jongsma,2013-07-11,song,AFDBCA40F88E58D84611BE4983041DE29BC8F48C80637A4ADC153446A6514B4E
test,Song Sparrow,song_sparrow,Melospiza,melodia,142619,142619-1.wav,wavfiles/142619-1.wav,//www.xeno-canto.org/142619,//creativecommons.org/licenses/by-sa/3.0/,Jonathon Jongsma,2013-07-11,song,E4C4D5B9FEA3D1F0E65D31E7169D8C80F242EE9E27411B67A230FF523A26D260
test,Song Sparrow,song_sparrow,Melospiza,melodia,142619,142619-10.wav,wavfiles/142619-10.wav,//www.xeno-canto.org/142619,//creativecommons.org/licenses/by-sa/3.0/,Jonathon Jongsma,2013-07-11,song,6131A0BDF768A2C73F3BB141721117E6995D59D59716D06BC091CB37D95A5A50
test,Song Sparrow,song_sparrow,Melospiza,melodia,142619,142619-4.wav,wavfiles/142619-4.wav,//www.xeno-canto.org/142619,//creativecommons.org/licenses/by-sa/3.0/,Jonathon Jongsma,2013-07-11,song,7460231BA431886E80750E731508F70D3D6A8BC3B2995122E43D20D908B7F271
test,Song Sparrow,song_sparrow,Melospiza,melodia,142619,142619-5.wav,wavfiles/142619-5.wav,//www.xeno-canto.org/142619,//creativecommons.org/licenses/by-sa/3.0/,Jonathon Jongsma,2013-07-11,song,579680890AC8845336450CA62281C35A25B47E44A7FB293C3B27C69C47A8DB87
test,Song Sparrow,song_sparrow,Melospiza,melodia,142619,142619-6.wav,wavfiles/142619-6.wav,//www.xeno-canto.org/142619,//creativecommons.org/licenses/by-sa/3.0/,Jonathon Jongsma,2013-07-11,song,E9054A05397F199F88763D92C6D08E8F228FDB50EC7AEADF626EB4A2AFF9A2D6
test,Song Sparrow,song_sparrow,Melospiza,melodia,142619,142619-7.wav,wavfiles/142619-7.wav,//www.xeno-canto.org/142619,//creativecommons.org/licenses/by-sa/3.0/,Jonathon Jongsma,2013-07-11,song,5EAD4DC1441244DF7652B6C6F9107F1C560FDA486ED100FAB9E6EB378120A0E7
test,Song Sparrow,song_sparrow,Melospiza,melodia,142619,142619-8.wav,wavfiles/142619-8.wav,//www.xeno-canto.org/142619,//creativecommons.org/licenses/by-sa/3.0/,Jonathon Jongsma,2013-07-11,song,1A496E8C63D05C59EF77EEAE0DB46891C974D2471F251C9E4716723F3A951005
test,Song Sparrow,song_sparrow,Melospiza,melodia,142619,142619-9.wav,wavfiles/142619-9.wav,//www.xeno-canto.org/142619,//creativecommons.org/licenses/by-sa/3.0/,Jonathon Jongsma,2013-07-11,song,8FBEF597BD9A34BD2DD8F2BF5FE5CA8970C6333125586E1A47A953CBE9F2D9FF
test,Song Sparrow,song_sparrow,Melospiza,melodia,144116,144116-0.wav,wavfiles/144116-0.wav,//www.xeno-canto.org/144116,//creativecommons.org/licenses/by-nc-sa/3.0/,Lauren Harter,2013-04-07,song,F24CB6647C99306653DA532102B375D1D4BE5C9336B2EF76901F04C6DADC6B3A
test,Song Sparrow,song_sparrow,Melospiza,melodia,144116,144116-1.wav,wavfiles/144116-1.wav,//www.xeno-canto.org/144116,//creativecommons.org/licenses/by-nc-sa/3.0/,Lauren Harter,2013-04-07,song,5C8D10239774059C9EAC3C2E619B02681C08B36A67FC6A2B16608967B3ED3272
test,Song Sparrow,song_sparrow,Melospiza,melodia,144116,144116-10.wav,wavfiles/144116-10.wav,//www.xeno-canto.org/144116,//creativecommons.org/licenses/by-nc-sa/3.0/,Lauren Harter,2013-04-07,song,408E64BF46E3DA1031D3B0F8890702EE3EC62960068328BCC2487007AD55217A
test,Song Sparrow,song_sparrow,Melospiza,melodia,144116,144116-11.wav,wavfiles/144116-11.wav,//www.xeno-canto.org/144116,//creativecommons.org/licenses/by-nc-sa/3.0/,Lauren Harter,2013-04-07,song,E4B7BCC695906807D32CE7C926CB88B7F97A25DBFF22AFA883FB007FBA4FC8EB
test,Song Sparrow,song_sparrow,Melospiza,melodia,144116,144116-2.wav,wavfiles/144116-2.wav,//www.xeno-canto.org/144116,//creativecommons.org/licenses/by-nc-sa/3.0/,Lauren Harter,2013-04-07,song,C591BFE5E683C66762F17B9B71E8D316EF12C48D5C7986043D2295369C239C7E
test,Song Sparrow,song_sparrow,Melospiza,melodia,144116,144116-3.wav,wavfiles/144116-3.wav,//www.xeno-canto.org/144116,//creativecommons.org/licenses/by-nc-sa/3.0/,Lauren Harter,2013-04-07,song,CD6ACBD6B85B66E0293CBD0343A970E231B88343462A7C62EF4BF987D5A05A5D
test,Song Sparrow,song_sparrow,Melospiza,melodia,144116,144116-4.wav,wavfiles/144116-4.wav,//www.xeno-canto.org/144116,//creativecommons.org/licenses/by-nc-sa/3.0/,Lauren Harter,2013-04-07,song,57AB7975FDF30F0CA7912AF0419BEF75CC1B5ACCB174A1BF9B2C9D1902B9594F
test,Song Sparrow,song_sparrow,Melospiza,melodia,144116,144116-5.wav,wavfiles/144116-5.wav,//www.xeno-canto.org/144116,//creativecommons.org/licenses/by-nc-sa/3.0/,Lauren Harter,2013-04-07,song,AF53B927F847963AFEA927E074F7CB26E8102EFF2E400B38B47FA133372579A5
test,Song Sparrow,song_sparrow,Melospiza,melodia,144116,144116-6.wav,wavfiles/144116-6.wav,//www.xeno-canto.org/144116,//creativecommons.org/licenses/by-nc-sa/3.0/,Lauren Harter,2013-04-07,song,82408DBB848D878E60E9CFAB68EA33B22856123B9B240B955D14B8B19670BC2E
test,Song Sparrow,song_sparrow,Melospiza,melodia,144116,144116-7.wav,wavfiles/144116-7.wav,//www.xeno-canto.org/144116,//creativecommons.org/licenses/by-nc-sa/3.0/,Lauren Harter,2013-04-07,song,D5751238A1678A3585EC434BDFE62F2251F38495491359C5890323DA15751FE0
test,Song Sparrow,song_sparrow,Melospiza,melodia,144116,144116-9.wav,wavfiles/144116-9.wav,//www.xeno-canto.org/144116,//creativecommons.org/licenses/by-nc-sa/3.0/,Lauren Harter,2013-04-07,song,46FD75CB72C5398E3D9D03A8DCC570E259434A1879B7E1B44110AF5CB51EA385
test,Song Sparrow,song_sparrow,Melospiza,melodia,172442,172442-0.wav,wavfiles/172442-0.wav,//www.xeno-canto.org/172442,//creativecommons.org/licenses/by-nc-sa/4.0/,Eric DeFonso,2013-04-05,song,9CBCEFE2791501AE106A37E80F7A66C48C39BD4D07F3A79D51EB45457C164227
test,Song Sparrow,song_sparrow,Melospiza,melodia,172442,172442-1.wav,wavfiles/172442-1.wav,//www.xeno-canto.org/172442,//creativecommons.org/licenses/by-nc-sa/4.0/,Eric DeFonso,2013-04-05,song,9DA02C411B6DB91C1F439415C3AAFD0952DF4C27C216DB4056FE8CD77872BA53
test,Song Sparrow,song_sparrow,Melospiza,melodia,172442,172442-4.wav,wavfiles/172442-4.wav,//www.xeno-canto.org/172442,//creativecommons.org/licenses/by-nc-sa/4.0/,Eric DeFonso,2013-04-05,song,7119CC2D8CAC8A9EEE228E1078D465C6DC74F8552E59228BECDF5CA5227F8DCB
test,Song Sparrow,song_sparrow,Melospiza,melodia,172442,172442-5.wav,wavfiles/172442-5.wav,//www.xeno-canto.org/172442,//creativecommons.org/licenses/by-nc-sa/4.0/,Eric DeFonso,2013-04-05,song,EFA3F0EFC648E4825790A63F7BECDC413DEE4CBDB4CCEF9E3D88009DB390A9B2
test,Song Sparrow,song_sparrow,Melospiza,melodia,175509,175509-10.wav,wavfiles/175509-10.wav,//www.xeno-canto.org/175509,//creativecommons.org/licenses/by-nc-sa/4.0/,Derek Buchner,2014-04-20,song,1098DAC5D1DE1323E4FD0335BD9CB40DB72A8C30FC108FEE71264A8BDE80DE2C
test,Song Sparrow,song_sparrow,Melospiza,melodia,175509,175509-11.wav,wavfiles/175509-11.wav,//www.xeno-canto.org/175509,//creativecommons.org/licenses/by-nc-sa/4.0/,Derek Buchner,2014-04-20,song,993F1E414C9BEF09220A8465CA857C73FCCBFD4C029762B7A6B068E3001009BA
test,Song Sparrow,song_sparrow,Melospiza,melodia,175509,175509-12.wav,wavfiles/175509-12.wav,//www.xeno-canto.org/175509,//creativecommons.org/licenses/by-nc-sa/4.0/,Derek Buchner,2014-04-20,song,28E83B3ECF7BC463E9499AAA91AD28E301C4006AD41C6528C731C23285DD8CAB
test,Song Sparrow,song_sparrow,Melospiza,melodia,175509,175509-13.wav,wavfiles/175509-13.wav,//www.xeno-canto.org/175509,//creativecommons.org/licenses/by-nc-sa/4.0/,Derek Buchner,2014-04-20,song,586575F6AA4FBD1DB4B2155DA5676628C87F4677568D4FD43260763762AB956D
test,Song Sparrow,song_sparrow,Melospiza,melodia,175509,175509-3.wav,wavfiles/175509-3.wav,//www.xeno-canto.org/175509,//creativecommons.org/licenses/by-nc-sa/4.0/,Derek Buchner,2014-04-20,song,9CE393CDDDCCD971DDC129DBD2EF2DB07A12F517EFC9ABDEBABDC5F7B3D5B40D
test,Song Sparrow,song_sparrow,Melospiza,melodia,175509,175509-4.wav,wavfiles/175509-4.wav,//www.xeno-canto.org/175509,//creativecommons.org/licenses/by-nc-sa/4.0/,Derek Buchner,2014-04-20,song,12C6E7B765EC850781E33E56D9882FD777E50287B29BF4D8B783AA9B861CE241
test,Song Sparrow,song_sparrow,Melospiza,melodia,175509,175509-5.wav,wavfiles/175509-5.wav,//www.xeno-canto.org/175509,//creativecommons.org/licenses/by-nc-sa/4.0/,Derek Buchner,2014-04-20,song,BFEEAC28BA94973EA10B189EDB4893D9768339540DCE60AC9D00DDB84F82BCBE
test,Song Sparrow,song_sparrow,Melospiza,melodia,175509,175509-7.wav,wavfiles/175509-7.wav,//www.xeno-canto.org/175509,//creativecommons.org/licenses/by-nc-sa/4.0/,Derek Buchner,2014-04-20,song,A6B17194DFB6301ADF176A3BCE58C99643ABAC1E49F4822A76BA71FFAC06D865
test,Song Sparrow,song_sparrow,Melospiza,melodia,175509,175509-8.wav,wavfiles/175509-8.wav,//www.xeno-canto.org/175509,//creativecommons.org/licenses/by-nc-sa/4.0/,Derek Buchner,2014-04-20,song,7AF5A5C58B7784930A3DAB28091434CCEC2563815EC134CC6F56DD57C9B05F78
test,Song Sparrow,song_sparrow,Melospiza,melodia,175509,175509-9.wav,wavfiles/175509-9.wav,//www.xeno-canto.org/175509,//creativecommons.org/licenses/by-nc-sa/4.0/,Derek Buchner,2014-04-20,song,3C58D9F35698EC211E54BF8EB81572BBD280E3F1222AC75BBDE5391517CBDEE3
test,Song Sparrow,song_sparrow,Melospiza,melodia,189286,189286-0.wav,wavfiles/189286-0.wav,//www.xeno-canto.org/189286,//creativecommons.org/licenses/by-nc-sa/4.0/,Paul Driver,2014-07-31,song,FB6F910990B5DFCEB5347E571B0252DE702BA7B894C851D90ACE6C7852CACF1F
test,Song Sparrow,song_sparrow,Melospiza,melodia,189286,189286-1.wav,wavfiles/189286-1.wav,//www.xeno-canto.org/189286,//creativecommons.org/licenses/by-nc-sa/4.0/,Paul Driver,2014-07-31,song,FA4AA0481D2A4A7B8EAD1E160749D23440F8E90340849B6F6FD2CB64E4360BCA
test,Song Sparrow,song_sparrow,Melospiza,melodia,189286,189286-10.wav,wavfiles/189286-10.wav,//www.xeno-canto.org/189286,//creativecommons.org/licenses/by-nc-sa/4.0/,Paul Driver,2014-07-31,song,8F569586E9640AEEEBC3BFAAD96703BF0068AE23A614A2E4C8003CE3F1D36B46
test,Song Sparrow,song_sparrow,Melospiza,melodia,189286,189286-2.wav,wavfiles/189286-2.wav,//www.xeno-canto.org/189286,//creativecommons.org/licenses/by-nc-sa/4.0/,Paul Driver,2014-07-31,song,A5C10C33D9E8ADFB2752862D74693A9CBE7C374913D64696B46EAB64266DF173
test,Song Sparrow,song_sparrow,Melospiza,melodia,189286,189286-4.wav,wavfiles/189286-4.wav,//www.xeno-canto.org/189286,//creativecommons.org/licenses/by-nc-sa/4.0/,Paul Driver,2014-07-31,song,BEE268096B0608ED311F498EA67B21A310B7777E4E49145944F3145D41C52E9A
test,Song Sparrow,song_sparrow,Melospiza,melodia,189286,189286-5.wav,wavfiles/189286-5.wav,//www.xeno-canto.org/189286,//creativecommons.org/licenses/by-nc-sa/4.0/,Paul Driver,2014-07-31,song,C5B7CBC139C9011FF84130C967703F4CF0F003D9026AFBEFA4F1BCC4A926E410
test,Song Sparrow,song_sparrow,Melospiza,melodia,189286,189286-6.wav,wavfiles/189286-6.wav,//www.xeno-canto.org/189286,//creativecommons.org/licenses/by-nc-sa/4.0/,Paul Driver,2014-07-31,song,9F7A0C845C8B8850AE200C4DE6D9D0A5768A0C8683F78313413AE1C2D01B695F
test,Song Sparrow,song_sparrow,Melospiza,melodia,189286,189286-8.wav,wavfiles/189286-8.wav,//www.xeno-canto.org/189286,//creativecommons.org/licenses/by-nc-sa/4.0/,Paul Driver,2014-07-31,song,66D82F4804FCBE74B436300B17D8C595DAFCDDABADD64970A8BFDA2DC3DEDD3F
test,Song Sparrow,song_sparrow,Melospiza,melodia,189286,189286-9.wav,wavfiles/189286-9.wav,//www.xeno-canto.org/189286,//creativecommons.org/licenses/by-nc-sa/4.0/,Paul Driver,2014-07-31,song,7605BB3AAF3B6B36B51DB8AF0E24C655C2392195DA520DDCD7BFE217618775AD
test,Song Sparrow,song_sparrow,Melospiza,melodia,225619,225619-0.wav,wavfiles/225619-0.wav,//www.xeno-canto.org/225619,//creativecommons.org/licenses/by-nc-nd/4.0/,Peter Boesman,2007-02-18,song,0A10957163C6B2D06EF28A34E91B56E0915B70FA24C34D9F1B45B828BF0C66B8
test,Song Sparrow,song_sparrow,Melospiza,melodia,225619,225619-1.wav,wavfiles/225619-1.wav,//www.xeno-canto.org/225619,//creativecommons.org/licenses/by-nc-nd/4.0/,Peter Boesman,2007-02-18,song,1133DD975EDAEFF9F9FF28774D468404126D7A272A77E75F38708364FD255ED9
test,Song Sparrow,song_sparrow,Melospiza,melodia,225619,225619-10.wav,wavfiles/225619-10.wav,//www.xeno-canto.org/225619,//creativecommons.org/licenses/by-nc-nd/4.0/,Peter Boesman,2007-02-18,song,D168E8C88A108CBEEB150D01BB615093D1D40838FCD32DFA72601F30EB6F0D29
test,Song Sparrow,song_sparrow,Melospiza,melodia,225619,225619-2.wav,wavfiles/225619-2.wav,//www.xeno-canto.org/225619,//creativecommons.org/licenses/by-nc-nd/4.0/,Peter Boesman,2007-02-18,song,FB61F098EBB9B14D241027654EF4160DDA588C3ED18CA53BDC7DDFD029BDAA99
test,Song Sparrow,song_sparrow,Melospiza,melodia,225619,225619-4.wav,wavfiles/225619-4.wav,//www.xeno-canto.org/225619,//creativecommons.org/licenses/by-nc-nd/4.0/,Peter Boesman,2007-02-18,song,E9A6F4E90CC29F3611614F0B3DEEA29198F0F87CB34C66D7EB70CBC575BB89E4
test,Song Sparrow,song_sparrow,Melospiza,melodia,225619,225619-5.wav,wavfiles/225619-5.wav,//www.xeno-canto.org/225619,//creativecommons.org/licenses/by-nc-nd/4.0/,Peter Boesman,2007-02-18,song,12D788EF4B3DD32781339F9111DB6CFB08B92DFF770030996E02341390F8C0A7
test,Song Sparrow,song_sparrow,Melospiza,melodia,225619,225619-6.wav,wavfiles/225619-6.wav,//www.xeno-canto.org/225619,//creativecommons.org/licenses/by-nc-nd/4.0/,Peter Boesman,2007-02-18,song,E3331E440CD4E70515E35743072D5642EC522B2D9038AD68F22CDD78C79D4360
test,Song Sparrow,song_sparrow,Melospiza,melodia,225619,225619-8.wav,wavfiles/225619-8.wav,//www.xeno-canto.org/225619,//creativecommons.org/licenses/by-nc-nd/4.0/,Peter Boesman,2007-02-18,song,65D9E959DD1D66C5567D38B7ACC0AB4BDBCCD834112EE7CECDA2FFE20F2319D8
test,Song Sparrow,song_sparrow,Melospiza,melodia,225619,225619-9.wav,wavfiles/225619-9.wav,//www.xeno-canto.org/225619,//creativecommons.org/licenses/by-nc-nd/4.0/,Peter Boesman,2007-02-18,song,1E8008711DFB4F78E13335F46929BDC8F04BEF65E47D0BE2927488AEDDF5FCA8
test,Song Sparrow,song_sparrow,Melospiza,melodia,246812,246812-0.wav,wavfiles/246812-0.wav,//www.xeno-canto.org/246812,//creativecommons.org/licenses/by-nc-sa/4.0/,Rachel Hudson,2015-05-30,song,A2C7B2AF40387B12092249AE459BC7115EDAA36D617A1C732EEC61461E5E1133
test,Song Sparrow,song_sparrow,Melospiza,melodia,246812,246812-1.wav,wavfiles/246812-1.wav,//www.xeno-canto.org/246812,//creativecommons.org/licenses/by-nc-sa/4.0/,Rachel Hudson,2015-05-30,song,0302D639084D6A6C37AC126C817C85BE028F493683BF753215E0970BC7BDCE37
test,Song Sparrow,song_sparrow,Melospiza,melodia,246812,246812-10.wav,wavfiles/246812-10.wav,//www.xeno-canto.org/246812,//creativecommons.org/licenses/by-nc-sa/4.0/,Rachel Hudson,2015-05-30,song,93C789C8CB317323526EED6ED9B22B0BC28FBF9D5F4E3ADF6C85178278761097
test,Song Sparrow,song_sparrow,Melospiza,melodia,246812,246812-2.wav,wavfiles/246812-2.wav,//www.xeno-canto.org/246812,//creativecommons.org/licenses/by-nc-sa/4.0/,Rachel Hudson,2015-05-30,song,59D47295F2674CE8662E9BFF47D6DD5EB23373350486227C7AB4CF4A936817FF
test,Song Sparrow,song_sparrow,Melospiza,melodia,246812,246812-3.wav,wavfiles/246812-3.wav,//www.xeno-canto.org/246812,//creativecommons.org/licenses/by-nc-sa/4.0/,Rachel Hudson,2015-05-30,song,49ABACB44F9B29A557BBE7DB63E0B0DA1BF9217BADB4C1EE6C7AE13CD04B0AEB
test,Song Sparrow,song_sparrow,Melospiza,melodia,246812,246812-4.wav,wavfiles/246812-4.wav,//www.xeno-canto.org/246812,//creativecommons.org/licenses/by-nc-sa/4.0/,Rachel Hudson,2015-05-30,song,27EF54DDD45937F0B5984F7EABD34A39C41DC9AA3F9F9E8C8969A0B15204B36F
test,Song Sparrow,song_sparrow,Melospiza,melodia,246812,246812-5.wav,wavfiles/246812-5.wav,//www.xeno-canto.org/246812,//creativecommons.org/licenses/by-nc-sa/4.0/,Rachel Hudson,2015-05-30,song,D402257656AA33A2EA00D8551BF28E492DA9A23B998BDDA358F93C85FD78F407
test,Song Sparrow,song_sparrow,Melospiza,melodia,246812,246812-6.wav,wavfiles/246812-6.wav,//www.xeno-canto.org/246812,//creativecommons.org/licenses/by-nc-sa/4.0/,Rachel Hudson,2015-05-30,song,6B561A0040DC7E3A3A38AF2E280F759D17667F4AE1CEDA2B37C0B4DAA25E78FC
test,Song Sparrow,song_sparrow,Melospiza,melodia,246812,246812-8.wav,wavfiles/246812-8.wav,//www.xeno-canto.org/246812,//creativecommons.org/licenses/by-nc-sa/4.0/,Rachel Hudson,2015-05-30,song,6F541094FF07857F6E7B4C9650310C6213965F1FB7F065C472AE6D1B08442702
test,Song Sparrow,song_sparrow,Melospiza,melodia,246812,246812-9.wav,wavfiles/246812-9.wav,//www.xeno-canto.org/246812,//creativecommons.org/licenses/by-nc-sa/4.0/,Rachel Hudson,2015-05-30,song,BEB53EED2CCE3DB70839DEADFCFB86CCDB311EEA343446F54C73D9213EE92F2E
test,Song Sparrow,song_sparrow,Melospiza,melodia,288000,288000-0.wav,wavfiles/288000-0.wav,//www.xeno-canto.org/288000,//creativecommons.org/licenses/by-nc-sa/4.0/,J.R. Rigby,2015-10-30,song,BEECA7B497D92B092866AF18C286D7CC2AC948F94032FAC303F0012A483E2144
test,Song Sparrow,song_sparrow,Melospiza,melodia,288000,288000-1.wav,wavfiles/288000-1.wav,//www.xeno-canto.org/288000,//creativecommons.org/licenses/by-nc-sa/4.0/,J.R. Rigby,2015-10-30,song,E0D4DF84B6745560235B7624EE78352E723F79F987BB7395313680C59DC060AF
test,Song Sparrow,song_sparrow,Melospiza,melodia,288000,288000-10.wav,wavfiles/288000-10.wav,//www.xeno-canto.org/288000,//creativecommons.org/licenses/by-nc-sa/4.0/,J.R. Rigby,2015-10-30,song,B60164D3CE8208C44DB80D774751ED392E1520AF2B3C5731EC1BF74F37B051E0
test,Song Sparrow,song_sparrow,Melospiza,melodia,288000,288000-2.wav,wavfiles/288000-2.wav,//www.xeno-canto.org/288000,//creativecommons.org/licenses/by-nc-sa/4.0/,J.R. Rigby,2015-10-30,song,6DDEE7D6B1B0DC9713E4E3466D1661D3E1806DB1A2675FE2FA22C524E3AC0C38
test,Song Sparrow,song_sparrow,Melospiza,melodia,288000,288000-3.wav,wavfiles/288000-3.wav,//www.xeno-canto.org/288000,//creativecommons.org/licenses/by-nc-sa/4.0/,J.R. Rigby,2015-10-30,song,58DABB5D71752B8499DB9EAA603158C6E66F63DEA6BD92E744CF89FF6412DEF2
test,Song Sparrow,song_sparrow,Melospiza,melodia,288000,288000-4.wav,wavfiles/288000-4.wav,//www.xeno-canto.org/288000,//creativecommons.org/licenses/by-nc-sa/4.0/,J.R. Rigby,2015-10-30,song,5744569B958325BCCB5402D9FFDE1B43C295918C63636AC37FD4A820CEA62A65
test,Song Sparrow,song_sparrow,Melospiza,melodia,288000,288000-5.wav,wavfiles/288000-5.wav,//www.xeno-canto.org/288000,//creativecommons.org/licenses/by-nc-sa/4.0/,J.R. Rigby,2015-10-30,song,C12612A557AB2726F8FF7BFAD8C5C8F4046C38586B8AF941A32310914301797C
test,Song Sparrow,song_sparrow,Melospiza,melodia,288000,288000-6.wav,wavfiles/288000-6.wav,//www.xeno-canto.org/288000,//creativecommons.org/licenses/by-nc-sa/4.0/,J.R. Rigby,2015-10-30,song,C5CE2E1C32B3D1C4E369DEBB34E93FDC26E770E64088A0FE924D4319DC933CE5
test,Song Sparrow,song_sparrow,Melospiza,melodia,288000,288000-7.wav,wavfiles/288000-7.wav,//www.xeno-canto.org/288000,//creativecommons.org/licenses/by-nc-sa/4.0/,J.R. Rigby,2015-10-30,song,11D6A66EBA700C9E7365F3F5809E7D459A00D2ABD1F960C7742676DF50400E91
test,Song Sparrow,song_sparrow,Melospiza,melodia,288000,288000-8.wav,wavfiles/288000-8.wav,//www.xeno-canto.org/288000,//creativecommons.org/licenses/by-nc-sa/4.0/,J.R. Rigby,2015-10-30,song,EFEFBE6B7C84696A77B2DBF3C5A8E70DD07E11BC37E564912620A15C4233373D
test,Song Sparrow,song_sparrow,Melospiza,melodia,288000,288000-9.wav,wavfiles/288000-9.wav,//www.xeno-canto.org/288000,//creativecommons.org/licenses/by-nc-sa/4.0/,J.R. Rigby,2015-10-30,song,17AA822327D57DDA2B038842031555901173655449D3A3C8EC7835E64C5540C8
test,Song Sparrow,song_sparrow,Melospiza,melodia,309650,309650-0.wav,wavfiles/309650-0.wav,//www.xeno-canto.org/309650,//creativecommons.org/licenses/by-nc-sa/4.0/,Antonio Xeira,2016-03-22,song,B7D61734DA52BC83B95157605C09A7A891D95B9458515F34396011A44EE483C3
test,Song Sparrow,song_sparrow,Melospiza,melodia,309650,309650-1.wav,wavfiles/309650-1.wav,//www.xeno-canto.org/309650,//creativecommons.org/licenses/by-nc-sa/4.0/,Antonio Xeira,2016-03-22,song,139DF4C9A6A0D65C5C3FD1B740EBEE68E246EC1BAEE228FF42E6C97B6FE984FB
test,Song Sparrow,song_sparrow,Melospiza,melodia,309650,309650-3.wav,wavfiles/309650-3.wav,//www.xeno-canto.org/309650,//creativecommons.org/licenses/by-nc-sa/4.0/,Antonio Xeira,2016-03-22,song,D906D89EBCF9853061C608BD55664D894774B127ACC74427F4E4A1EA53EBEC67
test,Song Sparrow,song_sparrow,Melospiza,melodia,309650,309650-4.wav,wavfiles/309650-4.wav,//www.xeno-canto.org/309650,//creativecommons.org/licenses/by-nc-sa/4.0/,Antonio Xeira,2016-03-22,song,AAE0CEF6B92867036FB82A0B0980B7510203E4ACA3B529DBAF8445BCE364C6F9
test,Song Sparrow,song_sparrow,Melospiza,melodia,309650,309650-5.wav,wavfiles/309650-5.wav,//www.xeno-canto.org/309650,//creativecommons.org/licenses/by-nc-sa/4.0/,Antonio Xeira,2016-03-22,song,EFBD7F76BDF1E69D21A36822E05CD7F0765706C77C3A6F7D0CA3609EFCC8D27E
test,Song Sparrow,song_sparrow,Melospiza,melodia,309650,309650-6.wav,wavfiles/309650-6.wav,//www.xeno-canto.org/309650,//creativecommons.org/licenses/by-nc-sa/4.0/,Antonio Xeira,2016-03-22,song,C3743E60F265A49AE587327D5000F14A4D818291A16E7AFACB156FD0A59F179A
test,Song Sparrow,song_sparrow,Melospiza,melodia,309650,309650-7.wav,wavfiles/309650-7.wav,//www.xeno-canto.org/309650,//creativecommons.org/licenses/by-nc-sa/4.0/,Antonio Xeira,2016-03-22,song,796BABC1AFAF09AEA0B2FA65641D35817B756AEEEE6D5E3280DE8F5FA46613E6
test,Song Sparrow,song_sparrow,Melospiza,melodia,309650,309650-8.wav,wavfiles/309650-8.wav,//www.xeno-canto.org/309650,//creativecommons.org/licenses/by-nc-sa/4.0/,Antonio Xeira,2016-03-22,song,C319BB980AF50EAD2395E533B8A4A4E3D0D0582340C5A0DF169DB0DCC13F796A
test,Song Sparrow,song_sparrow,Melospiza,melodia,408127,408127-0.wav,wavfiles/408127-0.wav,//www.xeno-canto.org/408127,//creativecommons.org/licenses/by-nc-nd/4.0/,Frank Lambert,2015-05-17,song,431D8D04BFDD4082D773A011B5BB23DCF4336E709D83D7887F90E5F19DE193DF
test,Song Sparrow,song_sparrow,Melospiza,melodia,408127,408127-1.wav,wavfiles/408127-1.wav,//www.xeno-canto.org/408127,//creativecommons.org/licenses/by-nc-nd/4.0/,Frank Lambert,2015-05-17,song,9DCD2B1EB2B82F63C32C70BCA805F1B692F2BB963452070F9FB45543DE7F47E9
test,Song Sparrow,song_sparrow,Melospiza,melodia,408127,408127-2.wav,wavfiles/408127-2.wav,//www.xeno-canto.org/408127,//creativecommons.org/licenses/by-nc-nd/4.0/,Frank Lambert,2015-05-17,song,907033FDA1D9C2AA8BF9CF0B0E2F46F50DD5EB0EBBB3CF2E1B7903E564A3A4C3
test,Song Sparrow,song_sparrow,Melospiza,melodia,408127,408127-3.wav,wavfiles/408127-3.wav,//www.xeno-canto.org/408127,//creativecommons.org/licenses/by-nc-nd/4.0/,Frank Lambert,2015-05-17,song,06B761FA14078EAB33DF03E88FD6B6FD0E338F84BC9CF2E7BA6DCB69816286C2
test,Song Sparrow,song_sparrow,Melospiza,melodia,408127,408127-4.wav,wavfiles/408127-4.wav,//www.xeno-canto.org/408127,//creativecommons.org/licenses/by-nc-nd/4.0/,Frank Lambert,2015-05-17,song,2E788141A2CDFF395321FD04444D0558BC57CFC61183486CC7B7E67DD44EB86C
test,Song Sparrow,song_sparrow,Melospiza,melodia,408127,408127-5.wav,wavfiles/408127-5.wav,//www.xeno-canto.org/408127,//creativecommons.org/licenses/by-nc-nd/4.0/,Frank Lambert,2015-05-17,song,C7EC720D067EE5D0CF83D582FB3BBA810E20DFE47D83C1B50739F9D5AC118AAB
test,Song Sparrow,song_sparrow,Melospiza,melodia,408127,408127-6.wav,wavfiles/408127-6.wav,//www.xeno-canto.org/408127,//creativecommons.org/licenses/by-nc-nd/4.0/,Frank Lambert,2015-05-17,song,8CD87DDE389FD2F69F3D94836E9FA70B0AFC667402F79C16A58E8E85E6B27CFD
test,Song Sparrow,song_sparrow,Melospiza,melodia,426314,426314-0.wav,wavfiles/426314-0.wav,//www.xeno-canto.org/426314,//creativecommons.org/licenses/by-nc-sa/4.0/,Lance A. M. Benner,2018-06-16,song,2957C93357DD7AD12C74FC5203D9446D0CE1CEA9E898FBCA3CE631A9F7A84600
test,Song Sparrow,song_sparrow,Melospiza,melodia,426314,426314-1.wav,wavfiles/426314-1.wav,//www.xeno-canto.org/426314,//creativecommons.org/licenses/by-nc-sa/4.0/,Lance A. M. Benner,2018-06-16,song,0DF241C7EFB9A19DF9BC5757F08337069F0C652203264245DC093B0C36A60056
test,Song Sparrow,song_sparrow,Melospiza,melodia,426314,426314-10.wav,wavfiles/426314-10.wav,//www.xeno-canto.org/426314,//creativecommons.org/licenses/by-nc-sa/4.0/,Lance A. M. Benner,2018-06-16,song,A0FDB313ECFB2C78EBF36DA3A1E2E99E91E42008602C3D49CCA977E954B5759D
test,Song Sparrow,song_sparrow,Melospiza,melodia,426314,426314-11.wav,wavfiles/426314-11.wav,//www.xeno-canto.org/426314,//creativecommons.org/licenses/by-nc-sa/4.0/,Lance A. M. Benner,2018-06-16,song,E26A4A974573B9817727503E04696FDF9E54DF4E8353C31FE2F0A96504D3C469
test,Song Sparrow,song_sparrow,Melospiza,melodia,426314,426314-2.wav,wavfiles/426314-2.wav,//www.xeno-canto.org/426314,//creativecommons.org/licenses/by-nc-sa/4.0/,Lance A. M. Benner,2018-06-16,song,CEC6CC2970C7F95EFC49D26EED8BB02A6D820AA9EB736952660694BFE28DA3C3
test,Song Sparrow,song_sparrow,Melospiza,melodia,426314,426314-4.wav,wavfiles/426314-4.wav,//www.xeno-canto.org/426314,//creativecommons.org/licenses/by-nc-sa/4.0/,Lance A. M. Benner,2018-06-16,song,89C1F72E5EB9CA8E3E43B8CCC6519EE6DD89521A6AE46D53E311D46C2A03719A
test,Song Sparrow,song_sparrow,Melospiza,melodia,426314,426314-5.wav,wavfiles/426314-5.wav,//www.xeno-canto.org/426314,//creativecommons.org/licenses/by-nc-sa/4.0/,Lance A. M. Benner,2018-06-16,song,4364FB419F751B8321C49F50B44394CEF16D4FDCA1137DB447C7BEA2ADF75902
test,Song Sparrow,song_sparrow,Melospiza,melodia,426314,426314-6.wav,wavfiles/426314-6.wav,//www.xeno-canto.org/426314,//creativecommons.org/licenses/by-nc-sa/4.0/,Lance A. M. Benner,2018-06-16,song,70106431E313B45107EC3AA4D3DA0A369F8FC621AF31AFFFD7397B69DAA0A393
test,Song Sparrow,song_sparrow,Melospiza,melodia,426314,426314-8.wav,wavfiles/426314-8.wav,//www.xeno-canto.org/426314,//creativecommons.org/licenses/by-nc-sa/4.0/,Lance A. M. Benner,2018-06-16,song,2D312CC117CC919A148B9414D788321CE1913E933CAF7F87BDED25027E36A078
test,Song Sparrow,song_sparrow,Melospiza,melodia,426314,426314-9.wav,wavfiles/426314-9.wav,//www.xeno-canto.org/426314,//creativecommons.org/licenses/by-nc-sa/4.0/,Lance A. M. Benner,2018-06-16,song,7BB9C9CF8644D3A3681AEACACE6B961BC3AF37754B4D2984DE28543065231A45
test,Song Sparrow,song_sparrow,Melospiza,melodia,481115,481115-0.wav,wavfiles/481115-0.wav,//www.xeno-canto.org/481115,//creativecommons.org/licenses/by-nc-sa/4.0/,Meena Haribal,2019-05-20,song,D4F94B9643BA835C7E673B7FAF80F1E05A2714B26A9D40C3D5B6A5758224B7C5
test,Song Sparrow,song_sparrow,Melospiza,melodia,481115,481115-1.wav,wavfiles/481115-1.wav,//www.xeno-canto.org/481115,//creativecommons.org/licenses/by-nc-sa/4.0/,Meena Haribal,2019-05-20,song,824D3D35C18D4DF1C06B56BEE3C78AA9EE770D042269F7F60B345265CFC975ED
test,Song Sparrow,song_sparrow,Melospiza,melodia,481115,481115-10.wav,wavfiles/481115-10.wav,//www.xeno-canto.org/481115,//creativecommons.org/licenses/by-nc-sa/4.0/,Meena Haribal,2019-05-20,song,75CEEB4C0D64D5FEAA2C0132B0FCDF3716AA866684EBBCD76118E75ADC22C037
test,Song Sparrow,song_sparrow,Melospiza,melodia,481115,481115-11.wav,wavfiles/481115-11.wav,//www.xeno-canto.org/481115,//creativecommons.org/licenses/by-nc-sa/4.0/,Meena Haribal,2019-05-20,song,CCFA6D4AE51C07EF1FA71E2E80213789BB3B34A6D88D2F4DD533314AC565E001
test,Song Sparrow,song_sparrow,Melospiza,melodia,481115,481115-12.wav,wavfiles/481115-12.wav,//www.xeno-canto.org/481115,//creativecommons.org/licenses/by-nc-sa/4.0/,Meena Haribal,2019-05-20,song,47FB9FBD7F40CFEAC1267FA9BF0518F4B04DE5CE070BE72E42787D3969D65BF6
test,Song Sparrow,song_sparrow,Melospiza,melodia,481115,481115-2.wav,wavfiles/481115-2.wav,//www.xeno-canto.org/481115,//creativecommons.org/licenses/by-nc-sa/4.0/,Meena Haribal,2019-05-20,song,FD762DE2A6D30A0BC89B8E09DBAB13655CC69EFC5741C9EC3DFB0F07B91A63A2
test,Song Sparrow,song_sparrow,Melospiza,melodia,481115,481115-3.wav,wavfiles/481115-3.wav,//www.xeno-canto.org/481115,//creativecommons.org/licenses/by-nc-sa/4.0/,Meena Haribal,2019-05-20,song,E1AC9438CA4A9DF6FBC5F1CC5489148E55EA2779F56F3863B1251F1975890F50
test,Song Sparrow,song_sparrow,Melospiza,melodia,481115,481115-4.wav,wavfiles/481115-4.wav,//www.xeno-canto.org/481115,//creativecommons.org/licenses/by-nc-sa/4.0/,Meena Haribal,2019-05-20,song,07311FACE41E46313AFE78E2E946DB95D3F08BD54FEB96E76DA3EC7DBCFAB5B0
test,Song Sparrow,song_sparrow,Melospiza,melodia,481115,481115-5.wav,wavfiles/481115-5.wav,//www.xeno-canto.org/481115,//creativecommons.org/licenses/by-nc-sa/4.0/,Meena Haribal,2019-05-20,song,3898F9924B7F0BDB3F245D2F571D9773745C07B522180202A09D793E40F79AEE
test,Song Sparrow,song_sparrow,Melospiza,melodia,481115,481115-6.wav,wavfiles/481115-6.wav,//www.xeno-canto.org/481115,//creativecommons.org/licenses/by-nc-sa/4.0/,Meena Haribal,2019-05-20,song,BA5607B0F1230B8632D0BBEF445F3055530AA36A53A5133CBDBAE0F90DCCABE5
test,Song Sparrow,song_sparrow,Melospiza,melodia,481115,481115-7.wav,wavfiles/481115-7.wav,//www.xeno-canto.org/481115,//creativecommons.org/licenses/by-nc-sa/4.0/,Meena Haribal,2019-05-20,song,C6DE7F7DFA2F30B350E7CDEB6EE5744B709E0F0C3A17A57A6149B411144A1D9E
test,Song Sparrow,song_sparrow,Melospiza,melodia,481115,481115-8.wav,wavfiles/481115-8.wav,//www.xeno-canto.org/481115,//creativecommons.org/licenses/by-nc-sa/4.0/,Meena Haribal,2019-05-20,song,211AED682B68E023FBE80ED2C3CFAA2709B3A953EFE0520C84B49D589181F9B1
test,Song Sparrow,song_sparrow,Melospiza,melodia,481115,481115-9.wav,wavfiles/481115-9.wav,//www.xeno-canto.org/481115,//creativecommons.org/licenses/by-nc-sa/4.0/,Meena Haribal,2019-05-20,song,AF96338E04A4B70BF48F89B452D90661BD3458526A2CE22F2C8FBC96752AC387
test,Song Sparrow,song_sparrow,Melospiza,melodia,490353,490353-11.wav,wavfiles/490353-11.wav,//www.xeno-canto.org/490353,//creativecommons.org/licenses/by-nc-sa/4.0/,William Whitehead,2019-08-03,song,802848B6D4864DB276A534D4C3850DF74D5332A49F8316AB2DF1F0DFDAAC83F7
test,Song Sparrow,song_sparrow,Melospiza,melodia,490353,490353-12.wav,wavfiles/490353-12.wav,//www.xeno-canto.org/490353,//creativecommons.org/licenses/by-nc-sa/4.0/,William Whitehead,2019-08-03,song,415D2085639800CA8E4D3CD017C98A117790C2351AEDD78F777DBC418C6B7E21
test,Song Sparrow,song_sparrow,Melospiza,melodia,490353,490353-14.wav,wavfiles/490353-14.wav,//www.xeno-canto.org/490353,//creativecommons.org/licenses/by-nc-sa/4.0/,William Whitehead,2019-08-03,song,E6177735BB052DD08077564CAF209C183D7A722EE601B1406E9C4DF4F36BC97E
test,Song Sparrow,song_sparrow,Melospiza,melodia,490353,490353-15.wav,wavfiles/490353-15.wav,//www.xeno-canto.org/490353,//creativecommons.org/licenses/by-nc-sa/4.0/,William Whitehead,2019-08-03,song,A51028542154C18F978715E37D009BDB66FCD513203A4B72EFD12DBE1FFDF3B2
test,Song Sparrow,song_sparrow,Melospiza,melodia,490353,490353-4.wav,wavfiles/490353-4.wav,//www.xeno-canto.org/490353,//creativecommons.org/licenses/by-nc-sa/4.0/,William Whitehead,2019-08-03,song,DC55A71D386F7A79BF52708C29C48FDEA8B5DD92CA54EC4A6B5AC7D295A1589D
test,Song Sparrow,song_sparrow,Melospiza,melodia,490353,490353-5.wav,wavfiles/490353-5.wav,//www.xeno-canto.org/490353,//creativecommons.org/licenses/by-nc-sa/4.0/,William Whitehead,2019-08-03,song,5E2EC36B1767668BF05142B4C4A84D22871290713239F3D4D99C2281284C983B
test,Song Sparrow,song_sparrow,Melospiza,melodia,490353,490353-6.wav,wavfiles/490353-6.wav,//www.xeno-canto.org/490353,//creativecommons.org/licenses/by-nc-sa/4.0/,William Whitehead,2019-08-03,song,7EB51E009B1347B3027AEB4278EF639DDFAD1745ECC03DF774F1DB99F5AAC998
test,Song Sparrow,song_sparrow,Melospiza,melodia,565240,565240-0.wav,wavfiles/565240-0.wav,//www.xeno-canto.org/565240,//creativecommons.org/licenses/by-nc-sa/4.0/,Bobby Wilcox,2020-06-01,"adult, male, song",FF2DA362F45C280A0C4D37FB5F54DA60A4397B0E83208FF67BC6056994A00B99
test,Song Sparrow,song_sparrow,Melospiza,melodia,565240,565240-1.wav,wavfiles/565240-1.wav,//www.xeno-canto.org/565240,//creativecommons.org/licenses/by-nc-sa/4.0/,Bobby Wilcox,2020-06-01,"adult, male, song",EA10AB94E84E83A550D6122AA77268BD1B0AF4412C47586FD4878C69A27FD630
test,Song Sparrow,song_sparrow,Melospiza,melodia,565240,565240-10.wav,wavfiles/565240-10.wav,//www.xeno-canto.org/565240,//creativecommons.org/licenses/by-nc-sa/4.0/,Bobby Wilcox,2020-06-01,"adult, male, song",6677DD187F3E2386A677E5C9A6DE2DC06F1E0657FEDE5FDC75773BCE528727D6
test,Song Sparrow,song_sparrow,Melospiza,melodia,565240,565240-4.wav,wavfiles/565240-4.wav,//www.xeno-canto.org/565240,//creativecommons.org/licenses/by-nc-sa/4.0/,Bobby Wilcox,2020-06-01,"adult, male, song",FFA7661147D4F29725778723832A2CBA71E5C85E35FB5F03DC389E68AACBFEEF
test,Song Sparrow,song_sparrow,Melospiza,melodia,565240,565240-5.wav,wavfiles/565240-5.wav,//www.xeno-canto.org/565240,//creativecommons.org/licenses/by-nc-sa/4.0/,Bobby Wilcox,2020-06-01,"adult, male, song",59CDD0AD83D0BDA596A4E9AB7EEC5AFBA0995367E546E13436A629DD756D13A4
test,Song Sparrow,song_sparrow,Melospiza,melodia,565240,565240-6.wav,wavfiles/565240-6.wav,//www.xeno-canto.org/565240,//creativecommons.org/licenses/by-nc-sa/4.0/,Bobby Wilcox,2020-06-01,"adult, male, song",05A3093CBA8626A86864E3E380F66F865E417098C72382CB4FEC2AE7C021A6DC
test,Song Sparrow,song_sparrow,Melospiza,melodia,565240,565240-7.wav,wavfiles/565240-7.wav,//www.xeno-canto.org/565240,//creativecommons.org/licenses/by-nc-sa/4.0/,Bobby Wilcox,2020-06-01,"adult, male, song",4788EB84C268FF7874E972D49F6288E78AC1711C11E8F0E692A85CADA6F20302
test,Song Sparrow,song_sparrow,Melospiza,melodia,565240,565240-8.wav,wavfiles/565240-8.wav,//www.xeno-canto.org/565240,//creativecommons.org/licenses/by-nc-sa/4.0/,Bobby Wilcox,2020-06-01,"adult, male, song",8979351FD6C08EBAF95C8D3F239EF7C7A62D9188A76DEA5DF9E61A515797C2FA
test,Song Sparrow,song_sparrow,Melospiza,melodia,565240,565240-9.wav,wavfiles/565240-9.wav,//www.xeno-canto.org/565240,//creativecommons.org/licenses/by-nc-sa/4.0/,Bobby Wilcox,2020-06-01,"adult, male, song",BF50A9B1E7D0FA90065911CF3D134FE2F3F0A4108B1D553E41D44FC153C33483
train,American Robin,american_robin,Turdus,migratorius,13602,13602-0.wav,wavfiles/13602-0.wav,//www.xeno-canto.org/13602,//creativecommons.org/licenses/by-nc-nd/2.5/,Andrew Spencer,2007-05-24,song,3090D083BC6725C57E95F2FCE4B1DB1E2AA73C919E519078BC417211C2EFDDE1
train,American Robin,american_robin,Turdus,migratorius,13602,13602-1.wav,wavfiles/13602-1.wav,//www.xeno-canto.org/13602,//creativecommons.org/licenses/by-nc-nd/2.5/,Andrew Spencer,2007-05-24,song,C1BE6B98E25957214B987164F95F1E8A9E3EF44E489AD0F11A2D616383161662
train,American Robin,american_robin,Turdus,migratorius,13602,13602-10.wav,wavfiles/13602-10.wav,//www.xeno-canto.org/13602,//creativecommons.org/licenses/by-nc-nd/2.5/,Andrew Spencer,2007-05-24,song,DA7C42F3DCAE35FFF8CE926CF9C4470C511C3BF5BC803467F613ECAC1F1B522E
train,American Robin,american_robin,Turdus,migratorius,13602,13602-11.wav,wavfiles/13602-11.wav,//www.xeno-canto.org/13602,//creativecommons.org/licenses/by-nc-nd/2.5/,Andrew Spencer,2007-05-24,song,912C630A053C1109F7815A32DD478F147F46DAF5E383139F7FFF516A2ACB24E9
train,American Robin,american_robin,Turdus,migratorius,13602,13602-12.wav,wavfiles/13602-12.wav,//www.xeno-canto.org/13602,//creativecommons.org/licenses/by-nc-nd/2.5/,Andrew Spencer,2007-05-24,song,C3C6C368E15701E6956D5B8033F93854004BAFF3503AAFE1996A68C520388DC3
train,American Robin,american_robin,Turdus,migratorius,13602,13602-13.wav,wavfiles/13602-13.wav,//www.xeno-canto.org/13602,//creativecommons.org/licenses/by-nc-nd/2.5/,Andrew Spencer,2007-05-24,song,E6F3AD5ABC68F2476DFE20ED88286F5934959306F4488B862A2C6041803B5EDE
train,American Robin,american_robin,Turdus,migratorius,13602,13602-14.wav,wavfiles/13602-14.wav,//www.xeno-canto.org/13602,//creativecommons.org/licenses/by-nc-nd/2.5/,Andrew Spencer,2007-05-24,song,C02525C9F4E651CE2698BFE4F35A385143CE0448F5BC71B177F6F14676E4408A
train,American Robin,american_robin,Turdus,migratorius,13602,13602-2.wav,wavfiles/13602-2.wav,//www.xeno-canto.org/13602,//creativecommons.org/licenses/by-nc-nd/2.5/,Andrew Spencer,2007-05-24,song,DF11FF4463E894704A3EFE293470E8CF0A954E5BCB40EE14BB871DF97F230F85
train,American Robin,american_robin,Turdus,migratorius,13602,13602-3.wav,wavfiles/13602-3.wav,//www.xeno-canto.org/13602,//creativecommons.org/licenses/by-nc-nd/2.5/,Andrew Spencer,2007-05-24,song,2A28FED94365622EBB790F5CDCF9A93764DC2D7F845564F002D2F19B2A3B3FEB
train,American Robin,american_robin,Turdus,migratorius,13602,13602-4.wav,wavfiles/13602-4.wav,//www.xeno-canto.org/13602,//creativecommons.org/licenses/by-nc-nd/2.5/,Andrew Spencer,2007-05-24,song,3562F56C5A8851F1D0E145B9F9203FF8267E89695377CFEE1546F0780323B637
train,American Robin,american_robin,Turdus,migratorius,13602,13602-9.wav,wavfiles/13602-9.wav,//www.xeno-canto.org/13602,//creativecommons.org/licenses/by-nc-nd/2.5/,Andrew Spencer,2007-05-24,song,2824A57143D58487AB14EC1D53D3F4A59BD4926542FCFE488140263926AABBE3
train,American Robin,american_robin,Turdus,migratorius,14442,14442-0.wav,wavfiles/14442-0.wav,//www.xeno-canto.org/14442,//creativecommons.org/licenses/by-nc-nd/2.5/,Chris Parrish,2007-06-11,song,0A461B912E73BA5E14592B4DF75507B49AA5B07FD2364F395F96C2585D5D3576
train,American Robin,american_robin,Turdus,migratorius,14442,14442-1.wav,wavfiles/14442-1.wav,//www.xeno-canto.org/14442,//creativecommons.org/licenses/by-nc-nd/2.5/,Chris Parrish,2007-06-11,song,138D602A776EAD4555F29AA5AA3BDFCC545F5C26AF6EF812D11AC32C02F36E8E
train,American Robin,american_robin,Turdus,migratorius,14442,14442-10.wav,wavfiles/14442-10.wav,//www.xeno-canto.org/14442,//creativecommons.org/licenses/by-nc-nd/2.5/,Chris Parrish,2007-06-11,song,EE271739BFD0C04261F706787CA2404F7584A31ABFEED212234DDC8218FD7176
train,American Robin,american_robin,Turdus,migratorius,14442,14442-11.wav,wavfiles/14442-11.wav,//www.xeno-canto.org/14442,//creativecommons.org/licenses/by-nc-nd/2.5/,Chris Parrish,2007-06-11,song,155869EDC6A60B9A7ADE626830340E0C1732ACFF3C13CBF63A24AEBAE74A6FB6
train,American Robin,american_robin,Turdus,migratorius,14442,14442-12.wav,wavfiles/14442-12.wav,//www.xeno-canto.org/14442,//creativecommons.org/licenses/by-nc-nd/2.5/,Chris Parrish,2007-06-11,song,2E5F7479B0B8B838EFE3B893B6BE63CE3548FDC390A21ADDBF6953668A5379B6
train,American Robin,american_robin,Turdus,migratorius,14442,14442-13.wav,wavfiles/14442-13.wav,//www.xeno-canto.org/14442,//creativecommons.org/licenses/by-nc-nd/2.5/,Chris Parrish,2007-06-11,song,3BE5D0C6B919F24702CA20CB4C89A5F98C328BCE89DD8977669C9B8E11FA1A68
train,American Robin,american_robin,Turdus,migratorius,14442,14442-14.wav,wavfiles/14442-14.wav,//www.xeno-canto.org/14442,//creativecommons.org/licenses/by-nc-nd/2.5/,Chris Parrish,2007-06-11,song,64AE5B43560B0EA4B764102227991538A8B99B0ED9ED492597A993CAEDB168EF
train,American Robin,american_robin,Turdus,migratorius,14442,14442-2.wav,wavfiles/14442-2.wav,//www.xeno-canto.org/14442,//creativecommons.org/licenses/by-nc-nd/2.5/,Chris Parrish,2007-06-11,song,3BF62014452D4299F705C6C7C634612D0AB546B18914BFA3C14DE5B05DDE3655
train,American Robin,american_robin,Turdus,migratorius,14442,14442-3.wav,wavfiles/14442-3.wav,//www.xeno-canto.org/14442,//creativecommons.org/licenses/by-nc-nd/2.5/,Chris Parrish,2007-06-11,song,E2F59F2115C1F5B0A05A43DD856FA17A524C4A721454EC5163345E3BA732B559
train,American Robin,american_robin,Turdus,migratorius,14442,14442-5.wav,wavfiles/14442-5.wav,//www.xeno-canto.org/14442,//creativecommons.org/licenses/by-nc-nd/2.5/,Chris Parrish,2007-06-11,song,0E4652A6C206D2993BC368EB25332E685710F320E59BEBA76C871435CC6429D6
train,American Robin,american_robin,Turdus,migratorius,14442,14442-6.wav,wavfiles/14442-6.wav,//www.xeno-canto.org/14442,//creativecommons.org/licenses/by-nc-nd/2.5/,Chris Parrish,2007-06-11,song,EDA3C3D8D707439EB1E34FA0F2B32F5F32F2AB3593AA02C8BCF9082343989802
train,American Robin,american_robin,Turdus,migratorius,14442,14442-7.wav,wavfiles/14442-7.wav,//www.xeno-canto.org/14442,//creativecommons.org/licenses/by-nc-nd/2.5/,Chris Parrish,2007-06-11,song,2605E9D0A468D7979884C972BE962E18B018C21A9AB7F9EF80ACC241ADF528FE
train,American Robin,american_robin,Turdus,migratorius,14442,14442-8.wav,wavfiles/14442-8.wav,//www.xeno-canto.org/14442,//creativecommons.org/licenses/by-nc-nd/2.5/,Chris Parrish,2007-06-11,song,453D6FCE3252A48925417F2D13322A7443A6833C99CE7A6DAA22C2A3BA7C7A67
train,American Robin,american_robin,Turdus,migratorius,14442,14442-9.wav,wavfiles/14442-9.wav,//www.xeno-canto.org/14442,//creativecommons.org/licenses/by-nc-nd/2.5/,Chris Parrish,2007-06-11,song,F60C7DEBF9CCE5EF25AB68436A437FCEA24088F3141E2608EFF81690BC84288E
train,American Robin,american_robin,Turdus,migratorius,34766,34766-0.wav,wavfiles/34766-0.wav,//www.xeno-canto.org/34766,//creativecommons.org/licenses/by-nc-nd/2.5/,Andrew Spencer,2009-05-08,song,159FB49262FE0590ABE9D366212A055585C032CBE3F5DAAE130631523CF10E54
train,American Robin,american_robin,Turdus,migratorius,34766,34766-1.wav,wavfiles/34766-1.wav,//www.xeno-canto.org/34766,//creativecommons.org/licenses/by-nc-nd/2.5/,Andrew Spencer,2009-05-08,song,04CB9DD3BC1A9E48FCEA57A5DA34783C9599E6F5061F5CB0CF511113C7645B44
train,American Robin,american_robin,Turdus,migratorius,34766,34766-10.wav,wavfiles/34766-10.wav,//www.xeno-canto.org/34766,//creativecommons.org/licenses/by-nc-nd/2.5/,Andrew Spencer,2009-05-08,song,0D1C8726476195D768F412957B73FA96334138EEEB1CD7F0B18E8749601F7D12
train,American Robin,american_robin,Turdus,migratorius,34766,34766-11.wav,wavfiles/34766-11.wav,//www.xeno-canto.org/34766,//creativecommons.org/licenses/by-nc-nd/2.5/,Andrew Spencer,2009-05-08,song,0186894993C79613C37A84A2C7A713420E921E0E410A9095B1A304D26CC48886
train,American Robin,american_robin,Turdus,migratorius,34766,34766-12.wav,wavfiles/34766-12.wav,//www.xeno-canto.org/34766,//creativecommons.org/licenses/by-nc-nd/2.5/,Andrew Spencer,2009-05-08,song,74D48B91600F08C83ACA83F5B1707A98ACA01D15457B54E5D9E73AC6D87D163C
train,American Robin,american_robin,Turdus,migratorius,34766,34766-2.wav,wavfiles/34766-2.wav,//www.xeno-canto.org/34766,//creativecommons.org/licenses/by-nc-nd/2.5/,Andrew Spencer,2009-05-08,song,9C2A64E69D2059410C35F7861DA815F82226B11FB61D2D6B0C75F8735A9D1814
train,American Robin,american_robin,Turdus,migratorius,34766,34766-3.wav,wavfiles/34766-3.wav,//www.xeno-canto.org/34766,//creativecommons.org/licenses/by-nc-nd/2.5/,Andrew Spencer,2009-05-08,song,101C2BB51D8491CC4EBD539A263B245CA04E527C80AB1A91159E9DFEA318AF6D
train,American Robin,american_robin,Turdus,migratorius,34766,34766-4.wav,wavfiles/34766-4.wav,//www.xeno-canto.org/34766,//creativecommons.org/licenses/by-nc-nd/2.5/,Andrew Spencer,2009-05-08,song,B8D1E18604FD576ADD2B8F19A6B80B17D5D1275EFB5A669CBF35D3FC198F7C09
train,American Robin,american_robin,Turdus,migratorius,34766,34766-5.wav,wavfiles/34766-5.wav,//www.xeno-canto.org/34766,//creativecommons.org/licenses/by-nc-nd/2.5/,Andrew Spencer,2009-05-08,song,270D7B891C07F2E48240C0D15C259AAEEC08E3588C66E2DA60D25D3985AD915B
train,American Robin,american_robin,Turdus,migratorius,34766,34766-6.wav,wavfiles/34766-6.wav,//www.xeno-canto.org/34766,//creativecommons.org/licenses/by-nc-nd/2.5/,Andrew Spencer,2009-05-08,song,DBD039BB3961C2D003FB4791686D606659D7D535D30B4925BC7DBFCDA04659B1
train,American Robin,american_robin,Turdus,migratorius,34766,34766-7.wav,wavfiles/34766-7.wav,//www.xeno-canto.org/34766,//creativecommons.org/licenses/by-nc-nd/2.5/,Andrew Spencer,2009-05-08,song,EE5E2D296F83E2522D4ED8599619A1409E1460ACD5DC8D95B4F8BAB26C21E3C9
train,American Robin,american_robin,Turdus,migratorius,34766,34766-8.wav,wavfiles/34766-8.wav,//www.xeno-canto.org/34766,//creativecommons.org/licenses/by-nc-nd/2.5/,Andrew Spencer,2009-05-08,song,784B7C446F8A74A7871C16D7F7CE0EB558D0A3F62E0AAB3BE91EBCCE1642CC6E
train,American Robin,american_robin,Turdus,migratorius,34766,34766-9.wav,wavfiles/34766-9.wav,//www.xeno-canto.org/34766,//creativecommons.org/licenses/by-nc-nd/2.5/,Andrew Spencer,2009-05-08,song,09FB510F59255C943B5BB9B5B5554AB0F096A2D2C311E493680615C657950E29
train,American Robin,american_robin,Turdus,migratorius,70119,70119-0.wav,wavfiles/70119-0.wav,//www.xeno-canto.org/70119,//creativecommons.org/licenses/by-nc-nd/2.5/,Paul Driver,2010-07-13,dawn song,35EBAE5409F65AE6C5713EE54E08D7AC128EC2BE0551F745023D38E0FEA62601
train,American Robin,american_robin,Turdus,migratorius,70119,70119-1.wav,wavfiles/70119-1.wav,//www.xeno-canto.org/70119,//creativecommons.org/licenses/by-nc-nd/2.5/,Paul Driver,2010-07-13,dawn song,D851E4E20A2585421CAB67FEF5AC3C82D3EF83F0748A2A7BB73D7D352E40B64E
train,American Robin,american_robin,Turdus,migratorius,70119,70119-10.wav,wavfiles/70119-10.wav,//www.xeno-canto.org/70119,//creativecommons.org/licenses/by-nc-nd/2.5/,Paul Driver,2010-07-13,dawn song,329985B4845BFB88D71F7774C60FE26B6ABB3C9FEBEDEB25EC75E53DE160560A
train,American Robin,american_robin,Turdus,migratorius,70119,70119-11.wav,wavfiles/70119-11.wav,//www.xeno-canto.org/70119,//creativecommons.org/licenses/by-nc-nd/2.5/,Paul Driver,2010-07-13,dawn song,4ED257B064FE0BCAECE9CD43D7F219D472AAAE5130EB8F059E03D06BEB7898D5
train,American Robin,american_robin,Turdus,migratorius,70119,70119-12.wav,wavfiles/70119-12.wav,//www.xeno-canto.org/70119,//creativecommons.org/licenses/by-nc-nd/2.5/,Paul Driver,2010-07-13,dawn song,5F32960C29DDDF13CE21584BEB9715AD3863F54E8AB6C154FD7D1094445081D1
train,American Robin,american_robin,Turdus,migratorius,70119,70119-2.wav,wavfiles/70119-2.wav,//www.xeno-canto.org/70119,//creativecommons.org/licenses/by-nc-nd/2.5/,Paul Driver,2010-07-13,dawn song,FA6BC7A1B45E1CE3031820228239F5CA545E4C55FAB5E305BF88850D91691BF4
train,American Robin,american_robin,Turdus,migratorius,70119,70119-3.wav,wavfiles/70119-3.wav,//www.xeno-canto.org/70119,//creativecommons.org/licenses/by-nc-nd/2.5/,Paul Driver,2010-07-13,dawn song,D886E7800D4DE36B691674ED0D8779001E88BB8E75B09F9D9403A1CFC293D06A
train,American Robin,american_robin,Turdus,migratorius,70119,70119-4.wav,wavfiles/70119-4.wav,//www.xeno-canto.org/70119,//creativecommons.org/licenses/by-nc-nd/2.5/,Paul Driver,2010-07-13,dawn song,94ACE118959C64D4B3481BACFF77359EBE2A8FDC4DA5E35E0789A0B8A18D9B69
train,American Robin,american_robin,Turdus,migratorius,70119,70119-5.wav,wavfiles/70119-5.wav,//www.xeno-canto.org/70119,//creativecommons.org/licenses/by-nc-nd/2.5/,Paul Driver,2010-07-13,dawn song,4146E40D48464AE275DA31D3B02517EC4116F072763E6E39941660933DC60717
train,American Robin,american_robin,Turdus,migratorius,70119,70119-6.wav,wavfiles/70119-6.wav,//www.xeno-canto.org/70119,//creativecommons.org/licenses/by-nc-nd/2.5/,Paul Driver,2010-07-13,dawn song,B74D46395A13AE97302E99ADBE92B43EDBA52E8E65C38425ECACBF3AA7FD28D5
train,American Robin,american_robin,Turdus,migratorius,70119,70119-7.wav,wavfiles/70119-7.wav,//www.xeno-canto.org/70119,//creativecommons.org/licenses/by-nc-nd/2.5/,Paul Driver,2010-07-13,dawn song,A5B7664EE9AFCFA69E3967010D96A016BAE28D38DEC7F57365A72504DB1A72AA
train,American Robin,american_robin,Turdus,migratorius,70119,70119-8.wav,wavfiles/70119-8.wav,//www.xeno-canto.org/70119,//creativecommons.org/licenses/by-nc-nd/2.5/,Paul Driver,2010-07-13,dawn song,26B8A56CC3BFF7527634A0BAED20D61606386D2BC61049EBBD2C87B1CC3A2488
train,American Robin,american_robin,Turdus,migratorius,70119,70119-9.wav,wavfiles/70119-9.wav,//www.xeno-canto.org/70119,//creativecommons.org/licenses/by-nc-nd/2.5/,Paul Driver,2010-07-13,dawn song,6B8B36527915FE84F17DB114811AC7B4A6A393E6A458324B4ED0DE6DBD593381
train,American Robin,american_robin,Turdus,migratorius,78015,78015-0.wav,wavfiles/78015-0.wav,//www.xeno-canto.org/78015,//creativecommons.org/licenses/by-nc-nd/2.5/,Mike Nelson,2011-05-07,song,58AAAD498E1B2ADCB42A009917C759319BA706F4F9E56F7A11479F3FC0E52486
train,American Robin,american_robin,Turdus,migratorius,78015,78015-1.wav,wavfiles/78015-1.wav,//www.xeno-canto.org/78015,//creativecommons.org/licenses/by-nc-nd/2.5/,Mike Nelson,2011-05-07,song,06D6D572B40FF0BD614B0636346BDBCAA5E2CEC736CB94AE1AD88D1ECF7C2F6F
train,American Robin,american_robin,Turdus,migratorius,78015,78015-10.wav,wavfiles/78015-10.wav,//www.xeno-canto.org/78015,//creativecommons.org/licenses/by-nc-nd/2.5/,Mike Nelson,2011-05-07,song,CA7E3648878527CF9D8428E60B6C226636180F7E8854622E1706C7E2FE881005
train,American Robin,american_robin,Turdus,migratorius,78015,78015-11.wav,wavfiles/78015-11.wav,//www.xeno-canto.org/78015,//creativecommons.org/licenses/by-nc-nd/2.5/,Mike Nelson,2011-05-07,song,8AE4E214DB79C7B01264857E5518CE48EB18F6C868AF5A4AF50388C0612DE4A8
train,American Robin,american_robin,Turdus,migratorius,78015,78015-13.wav,wavfiles/78015-13.wav,//www.xeno-canto.org/78015,//creativecommons.org/licenses/by-nc-nd/2.5/,Mike Nelson,2011-05-07,song,051174AE857F91B6E478C1877B0C2D298804388E22A4E19C5CD27B1A8E6703E4
train,American Robin,american_robin,Turdus,migratorius,78015,78015-14.wav,wavfiles/78015-14.wav,//www.xeno-canto.org/78015,//creativecommons.org/licenses/by-nc-nd/2.5/,Mike Nelson,2011-05-07,song,B89B9370ED803F0382888DC5AF35A2816CE7669D9A127E21901F51E794160E13
train,American Robin,american_robin,Turdus,migratorius,78015,78015-15.wav,wavfiles/78015-15.wav,//www.xeno-canto.org/78015,//creativecommons.org/licenses/by-nc-nd/2.5/,Mike Nelson,2011-05-07,song,AD9F7E56D71A7FB7ED34E9962252A948A327034A84B39F674A64899E1F48EC8E
train,American Robin,american_robin,Turdus,migratorius,78015,78015-2.wav,wavfiles/78015-2.wav,//www.xeno-canto.org/78015,//creativecommons.org/licenses/by-nc-nd/2.5/,Mike Nelson,2011-05-07,song,BF0468345D3687164AAC7050488B2D7906E625D9197C4E00878A106E92229F5D
train,American Robin,american_robin,Turdus,migratorius,78015,78015-4.wav,wavfiles/78015-4.wav,//www.xeno-canto.org/78015,//creativecommons.org/licenses/by-nc-nd/2.5/,Mike Nelson,2011-05-07,song,3F5F4C215A7847A4DC92A1765B4F8341BE3A34E8EFDA36627E58848CC8667D5C
train,American Robin,american_robin,Turdus,migratorius,78015,78015-5.wav,wavfiles/78015-5.wav,//www.xeno-canto.org/78015,//creativecommons.org/licenses/by-nc-nd/2.5/,Mike Nelson,2011-05-07,song,379A064F94EB901FBF74D5191929EE4A2049EFD8E3B5DA12E9D980FB5FBCADB1
train,American Robin,american_robin,Turdus,migratorius,78015,78015-7.wav,wavfiles/78015-7.wav,//www.xeno-canto.org/78015,//creativecommons.org/licenses/by-nc-nd/2.5/,Mike Nelson,2011-05-07,song,80F1C8EF48D766D8A9CD17E835A9ADEF8940ACE94AC2D0685F665275D57E85A8
train,American Robin,american_robin,Turdus,migratorius,78015,78015-8.wav,wavfiles/78015-8.wav,//www.xeno-canto.org/78015,//creativecommons.org/licenses/by-nc-nd/2.5/,Mike Nelson,2011-05-07,song,02686DB6BDC59E1375A0B2F866BE3C2342FFBF816823DBF64C043012F9AA3974
train,American Robin,american_robin,Turdus,migratorius,78015,78015-9.wav,wavfiles/78015-9.wav,//www.xeno-canto.org/78015,//creativecommons.org/licenses/by-nc-nd/2.5/,Mike Nelson,2011-05-07,song,96EC6F409A40BA4FDB5DD6903AE44D9F02534611DE7D4B0261E71D77B97D2932
train,American Robin,american_robin,Turdus,migratorius,78683,78683-0.wav,wavfiles/78683-0.wav,//www.xeno-canto.org/78683,//creativecommons.org/licenses/by-nc-nd/2.5/,Andrew Spencer,2011-05-26,song,2FCC9FCE617CF1811175B5E7EAEDAA1ADFE3D0CA50958CB3301874EB2C1BA1C4
train,American Robin,american_robin,Turdus,migratorius,78683,78683-1.wav,wavfiles/78683-1.wav,//www.xeno-canto.org/78683,//creativecommons.org/licenses/by-nc-nd/2.5/,Andrew Spencer,2011-05-26,song,5A688FCAD28EED6069574D0DF911A814E00785B12E48E3DFB059A6DD2C203264
train,American Robin,american_robin,Turdus,migratorius,78683,78683-10.wav,wavfiles/78683-10.wav,//www.xeno-canto.org/78683,//creativecommons.org/licenses/by-nc-nd/2.5/,Andrew Spencer,2011-05-26,song,046282F7C988C3F14B2DED2AD4155F0644F0AAB6BE77697C7C315B7D93E02EFD
train,American Robin,american_robin,Turdus,migratorius,78683,78683-11.wav,wavfiles/78683-11.wav,//www.xeno-canto.org/78683,//creativecommons.org/licenses/by-nc-nd/2.5/,Andrew Spencer,2011-05-26,song,872E9CE0948DB779DF50D32A1DCB4D33253C6C81F45649F73AAB1725926358C0
train,American Robin,american_robin,Turdus,migratorius,78683,78683-2.wav,wavfiles/78683-2.wav,//www.xeno-canto.org/78683,//creativecommons.org/licenses/by-nc-nd/2.5/,Andrew Spencer,2011-05-26,song,DEAEB1C602E2CCB33D2DA37E0B6C93580BA288516DB9E7285111A986F1323DDB
train,American Robin,american_robin,Turdus,migratorius,78683,78683-3.wav,wavfiles/78683-3.wav,//www.xeno-canto.org/78683,//creativecommons.org/licenses/by-nc-nd/2.5/,Andrew Spencer,2011-05-26,song,FCDB627832CC47B45A36577F491B5E0CC5B8D6BBBC5EF9E6FE30DEF16715808E
train,American Robin,american_robin,Turdus,migratorius,78683,78683-4.wav,wavfiles/78683-4.wav,//www.xeno-canto.org/78683,//creativecommons.org/licenses/by-nc-nd/2.5/,Andrew Spencer,2011-05-26,song,4E870FE9472AF46BCAE77BA19232F397E754B647A5D5BC54882C977C4E4A29E4
train,American Robin,american_robin,Turdus,migratorius,78683,78683-5.wav,wavfiles/78683-5.wav,//www.xeno-canto.org/78683,//creativecommons.org/licenses/by-nc-nd/2.5/,Andrew Spencer,2011-05-26,song,C16F7B130E8E05E684CF629B697042A91AC0E7CB773EC36AF01764A596CF8BDA
train,American Robin,american_robin,Turdus,migratorius,78683,78683-6.wav,wavfiles/78683-6.wav,//www.xeno-canto.org/78683,//creativecommons.org/licenses/by-nc-nd/2.5/,Andrew Spencer,2011-05-26,song,F8C51D706EB444D734CFB2F5BD783D793F24C433F85C68EDB2F7DE4FCDDE7E17
train,American Robin,american_robin,Turdus,migratorius,78683,78683-7.wav,wavfiles/78683-7.wav,//www.xeno-canto.org/78683,//creativecommons.org/licenses/by-nc-nd/2.5/,Andrew Spencer,2011-05-26,song,1E4BDCFD111501C80E0604D27AEEC5BA66D798CD8D3F329E334DC8FF52C2A6B4
train,American Robin,american_robin,Turdus,migratorius,78683,78683-8.wav,wavfiles/78683-8.wav,//www.xeno-canto.org/78683,//creativecommons.org/licenses/by-nc-nd/2.5/,Andrew Spencer,2011-05-26,song,84D1A7F36681C4EDD0D79D34D087E58DC91F5A15393C53A1A294385927B4A156
train,American Robin,american_robin,Turdus,migratorius,78683,78683-9.wav,wavfiles/78683-9.wav,//www.xeno-canto.org/78683,//creativecommons.org/licenses/by-nc-nd/2.5/,Andrew Spencer,2011-05-26,song,4DB16ABC6963AFB3024ABC01573064C70D14AF12D12FB5FAF2DC7E0A5661EBA8
train,American Robin,american_robin,Turdus,migratorius,96869,96869-0.wav,wavfiles/96869-0.wav,//www.xeno-canto.org/96869,//creativecommons.org/licenses/by-nc-nd/2.5/,Daniel Lane,2012-03-11,"call, song",135E8A9419F2D17D7AC4C48671DF415BE38FB588C493F66FD1F838CEA1390214
train,American Robin,american_robin,Turdus,migratorius,96869,96869-1.wav,wavfiles/96869-1.wav,//www.xeno-canto.org/96869,//creativecommons.org/licenses/by-nc-nd/2.5/,Daniel Lane,2012-03-11,"call, song",A4FF2BCD337A3BDE9B6DB30C46443E103B884C4BE9400EAB673055BBF42428E0
train,American Robin,american_robin,Turdus,migratorius,96869,96869-10.wav,wavfiles/96869-10.wav,//www.xeno-canto.org/96869,//creativecommons.org/licenses/by-nc-nd/2.5/,Daniel Lane,2012-03-11,"call, song",30991450AF7511B183FDFEB92BED32DA6503973A97F3E3CF2A6A2515843EE72E
train,American Robin,american_robin,Turdus,migratorius,96869,96869-11.wav,wavfiles/96869-11.wav,//www.xeno-canto.org/96869,//creativecommons.org/licenses/by-nc-nd/2.5/,Daniel Lane,2012-03-11,"call, song",276834E98B764E374A4AACD5FB1DD15703A63B558676ED863D47FF39141B9834
train,American Robin,american_robin,Turdus,migratorius,96869,96869-2.wav,wavfiles/96869-2.wav,//www.xeno-canto.org/96869,//creativecommons.org/licenses/by-nc-nd/2.5/,Daniel Lane,2012-03-11,"call, song",21AC6E10A83E23768AAFDF692031D3F173ABA8C55CB8ECC3A03472D576AF4CA9
train,American Robin,american_robin,Turdus,migratorius,96869,96869-3.wav,wavfiles/96869-3.wav,//www.xeno-canto.org/96869,//creativecommons.org/licenses/by-nc-nd/2.5/,Daniel Lane,2012-03-11,"call, song",3E86482E7A0F5EB380B51EF0AC5141141C36C46A336BF91E4C04006FE86137D5
train,American Robin,american_robin,Turdus,migratorius,96869,96869-4.wav,wavfiles/96869-4.wav,//www.xeno-canto.org/96869,//creativecommons.org/licenses/by-nc-nd/2.5/,Daniel Lane,2012-03-11,"call, song",CE3CCF8AF1EC55DCF6EECCF007575D785B7BC7442BA7CF73735B425704A468BF
train,American Robin,american_robin,Turdus,migratorius,96869,96869-5.wav,wavfiles/96869-5.wav,//www.xeno-canto.org/96869,//creativecommons.org/licenses/by-nc-nd/2.5/,Daniel Lane,2012-03-11,"call, song",355929B608AFB8F4D4500C3A0C6EE08115A3F67CF5EB1B93D7BD517AEA6E146B
train,American Robin,american_robin,Turdus,migratorius,96869,96869-6.wav,wavfiles/96869-6.wav,//www.xeno-canto.org/96869,//creativecommons.org/licenses/by-nc-nd/2.5/,Daniel Lane,2012-03-11,"call, song",16B4253C9837107977BD5ACDFE704C50E51D31DF0757F5A138E7AAA76D00C893
train,American Robin,american_robin,Turdus,migratorius,96869,96869-7.wav,wavfiles/96869-7.wav,//www.xeno-canto.org/96869,//creativecommons.org/licenses/by-nc-nd/2.5/,Daniel Lane,2012-03-11,"call, song",B1035E4FD2D799FDD929AA1BE3BE99DAA9392720E332526B440D01B3B02DC2E8
train,American Robin,american_robin,Turdus,migratorius,96869,96869-8.wav,wavfiles/96869-8.wav,//www.xeno-canto.org/96869,//creativecommons.org/licenses/by-nc-nd/2.5/,Daniel Lane,2012-03-11,"call, song",52128A6156BE26ABC190FFD332917A31F98990A11B37CE56F1758CD7D84B49F5
train,American Robin,american_robin,Turdus,migratorius,96869,96869-9.wav,wavfiles/96869-9.wav,//www.xeno-canto.org/96869,//creativecommons.org/licenses/by-nc-nd/2.5/,Daniel Lane,2012-03-11,"call, song",4A6F028FD7E411C87511602BE2080D64B810A209D0C5E3E2BA81391B23580DDD
train,American Robin,american_robin,Turdus,migratorius,97957,97957-0.wav,wavfiles/97957-0.wav,//www.xeno-canto.org/97957,//creativecommons.org/licenses/by-nc-nd/2.5/,Ryan P. O'Donnell,2012-03-31,Song,D115AA22E2343FA7E0D1DD015735418A3F29F69C34335779847DF7E0C0EB3A53
train,American Robin,american_robin,Turdus,migratorius,97957,97957-1.wav,wavfiles/97957-1.wav,//www.xeno-canto.org/97957,//creativecommons.org/licenses/by-nc-nd/2.5/,Ryan P. O'Donnell,2012-03-31,Song,6EBA72A7699F31AAF82A0D64BEB6B1BA8AAD4BBB83B17E1F213647BC16B9D5BC
train,American Robin,american_robin,Turdus,migratorius,97957,97957-10.wav,wavfiles/97957-10.wav,//www.xeno-canto.org/97957,//creativecommons.org/licenses/by-nc-nd/2.5/,Ryan P. O'Donnell,2012-03-31,Song,F66C1998CE04898874017BDC470F58514ABBE716FCBCAA2AE331EBA116F968D9
train,American Robin,american_robin,Turdus,migratorius,97957,97957-11.wav,wavfiles/97957-11.wav,//www.xeno-canto.org/97957,//creativecommons.org/licenses/by-nc-nd/2.5/,Ryan P. O'Donnell,2012-03-31,Song,E03A9F94C029645A94F71175E831F3EB225F1742D1B04F9AE19B9CD6F6FC7AD3
train,American Robin,american_robin,Turdus,migratorius,97957,97957-12.wav,wavfiles/97957-12.wav,//www.xeno-canto.org/97957,//creativecommons.org/licenses/by-nc-nd/2.5/,Ryan P. O'Donnell,2012-03-31,Song,962653179F919C8E01A4A670BB948E85FC9A67A36AC73EFCF130A95A8E269FA5
train,American Robin,american_robin,Turdus,migratorius,97957,97957-13.wav,wavfiles/97957-13.wav,//www.xeno-canto.org/97957,//creativecommons.org/licenses/by-nc-nd/2.5/,Ryan P. O'Donnell,2012-03-31,Song,A086EA3134659DA39FD4453BC20714D8975C8E840B868E7D65924ED68CF22354
train,American Robin,american_robin,Turdus,migratorius,97957,97957-14.wav,wavfiles/97957-14.wav,//www.xeno-canto.org/97957,//creativecommons.org/licenses/by-nc-nd/2.5/,Ryan P. O'Donnell,2012-03-31,Song,28458BF86A82533FBEC63344A31E94A34005954FCDDFCA61C77FF8A25AF0C080
train,American Robin,american_robin,Turdus,migratorius,97957,97957-15.wav,wavfiles/97957-15.wav,//www.xeno-canto.org/97957,//creativecommons.org/licenses/by-nc-nd/2.5/,Ryan P. O'Donnell,2012-03-31,Song,FF31FD862431C5D7F1963E928C2DA8B00F76A0A324C6BDFC87EDA59CF57A30D5
train,American Robin,american_robin,Turdus,migratorius,97957,97957-16.wav,wavfiles/97957-16.wav,//www.xeno-canto.org/97957,//creativecommons.org/licenses/by-nc-nd/2.5/,Ryan P. O'Donnell,2012-03-31,Song,88208C18F260DE01F0F0B1A5E34D1C0FE8584F6AB2D40CD38786CFC2EAE713F2
train,American Robin,american_robin,Turdus,migratorius,97957,97957-17.wav,wavfiles/97957-17.wav,//www.xeno-canto.org/97957,//creativecommons.org/licenses/by-nc-nd/2.5/,Ryan P. O'Donnell,2012-03-31,Song,6E5037CEDF2934A4414ED00A0DDC60B6E2EDC03BBD8B2C2C058FB090CFB43E1C
train,American Robin,american_robin,Turdus,migratorius,97957,97957-2.wav,wavfiles/97957-2.wav,//www.xeno-canto.org/97957,//creativecommons.org/licenses/by-nc-nd/2.5/,Ryan P. O'Donnell,2012-03-31,Song,D9B8C743A89C547F589F3A9DF26F3EB2CF9CEF747C1AF23133314475A8657475
train,American Robin,american_robin,Turdus,migratorius,97957,97957-3.wav,wavfiles/97957-3.wav,//www.xeno-canto.org/97957,//creativecommons.org/licenses/by-nc-nd/2.5/,Ryan P. O'Donnell,2012-03-31,Song,C141E954945A783C026B694C1B6E872E118D6E1B6E286061BE7BD8403F3D9276
train,American Robin,american_robin,Turdus,migratorius,97957,97957-4.wav,wavfiles/97957-4.wav,//www.xeno-canto.org/97957,//creativecommons.org/licenses/by-nc-nd/2.5/,Ryan P. O'Donnell,2012-03-31,Song,4F8CA83A42DB65EBB6EA56AA6E183B1EDA25D2DDD3DDCE448BA70E6FC0B8FA84
train,American Robin,american_robin,Turdus,migratorius,97957,97957-5.wav,wavfiles/97957-5.wav,//www.xeno-canto.org/97957,//creativecommons.org/licenses/by-nc-nd/2.5/,Ryan P. O'Donnell,2012-03-31,Song,5CE0CE655444DFAB7A2380ED2A40E039C74C4F0D579CEA0386057D1E734D1FD4
train,American Robin,american_robin,Turdus,migratorius,97957,97957-6.wav,wavfiles/97957-6.wav,//www.xeno-canto.org/97957,//creativecommons.org/licenses/by-nc-nd/2.5/,Ryan P. O'Donnell,2012-03-31,Song,03C994F2D11F6CE273247705CB8314C8586DC5B915758D160D258917DCBA5151
train,American Robin,american_robin,Turdus,migratorius,97957,97957-7.wav,wavfiles/97957-7.wav,//www.xeno-canto.org/97957,//creativecommons.org/licenses/by-nc-nd/2.5/,Ryan P. O'Donnell,2012-03-31,Song,4CE42350735D4681029C8BE3EFDB3A54D7CCE8AE4D1C65C5EE2950D736676DDC
train,American Robin,american_robin,Turdus,migratorius,97957,97957-8.wav,wavfiles/97957-8.wav,//www.xeno-canto.org/97957,//creativecommons.org/licenses/by-nc-nd/2.5/,Ryan P. O'Donnell,2012-03-31,Song,8B74DA9464D595909E76C3EAB8099E4BA3F50B09ACA7B3B6FE9DCC7BF07A3467
train,American Robin,american_robin,Turdus,migratorius,97957,97957-9.wav,wavfiles/97957-9.wav,//www.xeno-canto.org/97957,//creativecommons.org/licenses/by-nc-nd/2.5/,Ryan P. O'Donnell,2012-03-31,Song,931D73E0301E8959289391A45E3474E31D7493C6D531109A9F5FD0137C68C760
train,American Robin,american_robin,Turdus,migratorius,103059,103059-0.wav,wavfiles/103059-0.wav,//www.xeno-canto.org/103059,//creativecommons.org/licenses/by-nc-nd/2.5/,Eric DeFonso,2010-06-16,song,E146D65C33B1B3D32E6DEE088115356C3EB8D80B2C3539A48A9BB9BC6C069CE6
train,American Robin,american_robin,Turdus,migratorius,103059,103059-1.wav,wavfiles/103059-1.wav,//www.xeno-canto.org/103059,//creativecommons.org/licenses/by-nc-nd/2.5/,Eric DeFonso,2010-06-16,song,C6693E3B061036F78A4D21CE891D3FB3601A15704AE82D4D1E03749596197038
train,American Robin,american_robin,Turdus,migratorius,103059,103059-10.wav,wavfiles/103059-10.wav,//www.xeno-canto.org/103059,//creativecommons.org/licenses/by-nc-nd/2.5/,Eric DeFonso,2010-06-16,song,BA1B0C025CE250ADAFB4DB933FB5541B0FBA3ED0482B50D62FD442C5F57539AB
train,American Robin,american_robin,Turdus,migratorius,103059,103059-11.wav,wavfiles/103059-11.wav,//www.xeno-canto.org/103059,//creativecommons.org/licenses/by-nc-nd/2.5/,Eric DeFonso,2010-06-16,song,18A888792FA091C49D0A0B85F7A02662E441CDDFC35DD1ECBB18C04024FC4403
train,American Robin,american_robin,Turdus,migratorius,103059,103059-12.wav,wavfiles/103059-12.wav,//www.xeno-canto.org/103059,//creativecommons.org/licenses/by-nc-nd/2.5/,Eric DeFonso,2010-06-16,song,F6656F5C2493113D4159BE4745E3143B906548A61A9954D2C5221B85BD1BEE98
train,American Robin,american_robin,Turdus,migratorius,103059,103059-13.wav,wavfiles/103059-13.wav,//www.xeno-canto.org/103059,//creativecommons.org/licenses/by-nc-nd/2.5/,Eric DeFonso,2010-06-16,song,A8C28FB6D7ABA3ACF3DB2B161F5862FCB47832D4212C96C6B40A7CA3EFD9782B
train,American Robin,american_robin,Turdus,migratorius,103059,103059-14.wav,wavfiles/103059-14.wav,//www.xeno-canto.org/103059,//creativecommons.org/licenses/by-nc-nd/2.5/,Eric DeFonso,2010-06-16,song,F1EAE98D23FBD919E4DDC1CD9D8DB67430E5AF04B2D8B46C6228F0BDE26D4D6D
train,American Robin,american_robin,Turdus,migratorius,103059,103059-15.wav,wavfiles/103059-15.wav,//www.xeno-canto.org/103059,//creativecommons.org/licenses/by-nc-nd/2.5/,Eric DeFonso,2010-06-16,song,16D1D89372674B3BB1E822BEB0172BCDD3E7F74217FC67A5B35E1EECD1DBBE0E
train,American Robin,american_robin,Turdus,migratorius,103059,103059-2.wav,wavfiles/103059-2.wav,//www.xeno-canto.org/103059,//creativecommons.org/licenses/by-nc-nd/2.5/,Eric DeFonso,2010-06-16,song,D8A32C76C7A5104DCAC88519098BB426738F59F2D6EA15243E6D1B723622B42B
train,American Robin,american_robin,Turdus,migratorius,103059,103059-3.wav,wavfiles/103059-3.wav,//www.xeno-canto.org/103059,//creativecommons.org/licenses/by-nc-nd/2.5/,Eric DeFonso,2010-06-16,song,29A2B663D46B76156D7B4293F6F4D9527EAE8496094E496C288365EA33F1B90D
train,American Robin,american_robin,Turdus,migratorius,103059,103059-4.wav,wavfiles/103059-4.wav,//www.xeno-canto.org/103059,//creativecommons.org/licenses/by-nc-nd/2.5/,Eric DeFonso,2010-06-16,song,C77666F3E6397FD199911250F6FCAECD23574A9848A7D623599BF01003901D89
train,American Robin,american_robin,Turdus,migratorius,103059,103059-5.wav,wavfiles/103059-5.wav,//www.xeno-canto.org/103059,//creativecommons.org/licenses/by-nc-nd/2.5/,Eric DeFonso,2010-06-16,song,28EC881166D126CEFAB93799D790F05D6FC96E45DBB28B7F4E7571C00DEFC783
train,American Robin,american_robin,Turdus,migratorius,103059,103059-6.wav,wavfiles/103059-6.wav,//www.xeno-canto.org/103059,//creativecommons.org/licenses/by-nc-nd/2.5/,Eric DeFonso,2010-06-16,song,D5677B3A40F7224DE536523C36A5F11361FBBBFC027B475D1818526C79EE8037
train,American Robin,american_robin,Turdus,migratorius,103059,103059-7.wav,wavfiles/103059-7.wav,//www.xeno-canto.org/103059,//creativecommons.org/licenses/by-nc-nd/2.5/,Eric DeFonso,2010-06-16,song,CDB2C2B3B56B4A877ED30D4021519A93F836A3F7A9F2A2039D92C7B992200E8D
train,American Robin,american_robin,Turdus,migratorius,103059,103059-8.wav,wavfiles/103059-8.wav,//www.xeno-canto.org/103059,//creativecommons.org/licenses/by-nc-nd/2.5/,Eric DeFonso,2010-06-16,song,C33DFF82470870C62AFC7DB39CDB9BA518796EF212428C150EC65F1AA9A5BB75
train,American Robin,american_robin,Turdus,migratorius,103059,103059-9.wav,wavfiles/103059-9.wav,//www.xeno-canto.org/103059,//creativecommons.org/licenses/by-nc-nd/2.5/,Eric DeFonso,2010-06-16,song,E7F7B45D7504D0C1488AD522E3EFA3A8458CD8A7750EF8ACC5127996E942766B
train,American Robin,american_robin,Turdus,migratorius,103060,103060-0.wav,wavfiles/103060-0.wav,//www.xeno-canto.org/103060,//creativecommons.org/licenses/by-nc-nd/2.5/,Eric DeFonso,2010-06-16,song,A5BCC59E7DF824AC425822A8B0571E4823607AC41F9B69C359F4274519EAEB62
train,American Robin,american_robin,Turdus,migratorius,103060,103060-1.wav,wavfiles/103060-1.wav,//www.xeno-canto.org/103060,//creativecommons.org/licenses/by-nc-nd/2.5/,Eric DeFonso,2010-06-16,song,F0A1A02DC4431EA77A7C8B42D1CA2DA3333B566F5D46FAA466C13D7E37DD5E14
train,American Robin,american_robin,Turdus,migratorius,103060,103060-10.wav,wavfiles/103060-10.wav,//www.xeno-canto.org/103060,//creativecommons.org/licenses/by-nc-nd/2.5/,Eric DeFonso,2010-06-16,song,FCC86B5D78C0B02F8192204FB9B697959BDFFBC34B6AEA3D412166AFC18884D7
train,American Robin,american_robin,Turdus,migratorius,103060,103060-11.wav,wavfiles/103060-11.wav,//www.xeno-canto.org/103060,//creativecommons.org/licenses/by-nc-nd/2.5/,Eric DeFonso,2010-06-16,song,DEAB3F5FA48AFF24AEDE4F277A005264BEE836BB59B0A7A715CC0FB87CA878F4
train,American Robin,american_robin,Turdus,migratorius,103060,103060-12.wav,wavfiles/103060-12.wav,//www.xeno-canto.org/103060,//creativecommons.org/licenses/by-nc-nd/2.5/,Eric DeFonso,2010-06-16,song,8328E319FB0ED7617CAE0C740C06216A16E971E9373AFB58A31F0241EEC4012D
train,American Robin,american_robin,Turdus,migratorius,103060,103060-13.wav,wavfiles/103060-13.wav,//www.xeno-canto.org/103060,//creativecommons.org/licenses/by-nc-nd/2.5/,Eric DeFonso,2010-06-16,song,99BF16A14565A06681FFE9D30BF7AA2C9C794A4C378BD5E7529DA8735D24611F
train,American Robin,american_robin,Turdus,migratorius,103060,103060-14.wav,wavfiles/103060-14.wav,//www.xeno-canto.org/103060,//creativecommons.org/licenses/by-nc-nd/2.5/,Eric DeFonso,2010-06-16,song,D0BC45DCB0B3A49EFB4B0D20B034400D33C6182E9FD390059E6C7FBEF297EABA
train,American Robin,american_robin,Turdus,migratorius,103060,103060-15.wav,wavfiles/103060-15.wav,//www.xeno-canto.org/103060,//creativecommons.org/licenses/by-nc-nd/2.5/,Eric DeFonso,2010-06-16,song,60C93064E0B781EC2C4D967ACAB9C1391A8D57926A6734016BB1DF617CA09B84
train,American Robin,american_robin,Turdus,migratorius,103060,103060-16.wav,wavfiles/103060-16.wav,//www.xeno-canto.org/103060,//creativecommons.org/licenses/by-nc-nd/2.5/,Eric DeFonso,2010-06-16,song,9B54EAD74CC28461EACD4089B02C1026BDE5538BFF86D2DA664975A2CA215085
train,American Robin,american_robin,Turdus,migratorius,103060,103060-2.wav,wavfiles/103060-2.wav,//www.xeno-canto.org/103060,//creativecommons.org/licenses/by-nc-nd/2.5/,Eric DeFonso,2010-06-16,song,4E910B8F1291B338C005E2D71507DA5B972508B1D8A83EF1E7249AE77510D8E5
train,American Robin,american_robin,Turdus,migratorius,103060,103060-3.wav,wavfiles/103060-3.wav,//www.xeno-canto.org/103060,//creativecommons.org/licenses/by-nc-nd/2.5/,Eric DeFonso,2010-06-16,song,A2FED9E23B97B0EECD28999DF6947B496535392410BDB291C4609DD0F05CEF5D
train,American Robin,american_robin,Turdus,migratorius,103060,103060-4.wav,wavfiles/103060-4.wav,//www.xeno-canto.org/103060,//creativecommons.org/licenses/by-nc-nd/2.5/,Eric DeFonso,2010-06-16,song,61713419E928DC60B1CCF7ACA51AB65139499932F6972B5018CF471DD216A052
train,American Robin,american_robin,Turdus,migratorius,103060,103060-5.wav,wavfiles/103060-5.wav,//www.xeno-canto.org/103060,//creativecommons.org/licenses/by-nc-nd/2.5/,Eric DeFonso,2010-06-16,song,CEFD70FA4F5FA05799A379640D53AE0483840908C8AA6D16D09AD1F800BE9664
train,American Robin,american_robin,Turdus,migratorius,103060,103060-6.wav,wavfiles/103060-6.wav,//www.xeno-canto.org/103060,//creativecommons.org/licenses/by-nc-nd/2.5/,Eric DeFonso,2010-06-16,song,6AE32F1CACDE75068C65473AFAE983A04C539E824C6768EF24622F22993E6094
train,American Robin,american_robin,Turdus,migratorius,103060,103060-7.wav,wavfiles/103060-7.wav,//www.xeno-canto.org/103060,//creativecommons.org/licenses/by-nc-nd/2.5/,Eric DeFonso,2010-06-16,song,04FFC6F6E509BA6AB279058B328363880B459DEE796A3B6ABA75B16E481AEF78
train,American Robin,american_robin,Turdus,migratorius,103060,103060-9.wav,wavfiles/103060-9.wav,//www.xeno-canto.org/103060,//creativecommons.org/licenses/by-nc-nd/2.5/,Eric DeFonso,2010-06-16,song,81C6CBC05D3A1711E671CC9A8D8C81CC458F947F2515D4A5C715EF2DDA60592F
train,American Robin,american_robin,Turdus,migratorius,129798,129798-0.wav,wavfiles/129798-0.wav,//www.xeno-canto.org/129798,//creativecommons.org/licenses/by-nc-sa/3.0/,Thomas G. Graves,2013-04-14,song,A092D07F12F0795A50505143D81F5D17A575F60E5940B876683C08B838B850B5
train,American Robin,american_robin,Turdus,migratorius,129798,129798-1.wav,wavfiles/129798-1.wav,//www.xeno-canto.org/129798,//creativecommons.org/licenses/by-nc-sa/3.0/,Thomas G. Graves,2013-04-14,song,B6548E4C3A268702780EE4E1AFA318AB6B729325DDD99FA932564051837FCECB
train,American Robin,american_robin,Turdus,migratorius,129798,129798-10.wav,wavfiles/129798-10.wav,//www.xeno-canto.org/129798,//creativecommons.org/licenses/by-nc-sa/3.0/,Thomas G. Graves,2013-04-14,song,E03452DA6605895AB353D563162AF195D2371AAE10E736448771500FBAEB6476
train,American Robin,american_robin,Turdus,migratorius,129798,129798-11.wav,wavfiles/129798-11.wav,//www.xeno-canto.org/129798,//creativecommons.org/licenses/by-nc-sa/3.0/,Thomas G. Graves,2013-04-14,song,8A5C98342C319D13DEF9D31934FF391430DCC857F7107BEF9DD3559AA65C6CCE
train,American Robin,american_robin,Turdus,migratorius,129798,129798-12.wav,wavfiles/129798-12.wav,//www.xeno-canto.org/129798,//creativecommons.org/licenses/by-nc-sa/3.0/,Thomas G. Graves,2013-04-14,song,B1E8558156D011D47FFD411C61D9EDD6E6A55D3098FE3BEFBE64892ADA1119C3
train,American Robin,american_robin,Turdus,migratorius,129798,129798-13.wav,wavfiles/129798-13.wav,//www.xeno-canto.org/129798,//creativecommons.org/licenses/by-nc-sa/3.0/,Thomas G. Graves,2013-04-14,song,77CC1643663A97D5E90A87B3EE63D3A8EAD20B86827A9852EE67B37D41B1DDDD
train,American Robin,american_robin,Turdus,migratorius,129798,129798-14.wav,wavfiles/129798-14.wav,//www.xeno-canto.org/129798,//creativecommons.org/licenses/by-nc-sa/3.0/,Thomas G. Graves,2013-04-14,song,F668E4654954192E55695D31704A05851670EC0C7E1E64A5B82679444232BF78
train,American Robin,american_robin,Turdus,migratorius,129798,129798-2.wav,wavfiles/129798-2.wav,//www.xeno-canto.org/129798,//creativecommons.org/licenses/by-nc-sa/3.0/,Thomas G. Graves,2013-04-14,song,842620F4E3233BF6D710A07C7409780605F2EB50017ADC1B1C35DF40489193EB
train,American Robin,american_robin,Turdus,migratorius,129798,129798-3.wav,wavfiles/129798-3.wav,//www.xeno-canto.org/129798,//creativecommons.org/licenses/by-nc-sa/3.0/,Thomas G. Graves,2013-04-14,song,65AF1E61E90940C61C22F753A51CEDAA3D0488F8FC9C7B66B9B87AD965F9FF8A
train,American Robin,american_robin,Turdus,migratorius,129798,129798-4.wav,wavfiles/129798-4.wav,//www.xeno-canto.org/129798,//creativecommons.org/licenses/by-nc-sa/3.0/,Thomas G. Graves,2013-04-14,song,F0A39E299E242677A4B8DDA661E67E0570F67F04AC4299B61DEE5A3F0D67B49E
train,American Robin,american_robin,Turdus,migratorius,129798,129798-5.wav,wavfiles/129798-5.wav,//www.xeno-canto.org/129798,//creativecommons.org/licenses/by-nc-sa/3.0/,Thomas G. Graves,2013-04-14,song,4A08ACBE4C5F3C142338184FAF5A99F32A1F51032E91EDE1BA5D8BD3133282F7
train,American Robin,american_robin,Turdus,migratorius,129798,129798-6.wav,wavfiles/129798-6.wav,//www.xeno-canto.org/129798,//creativecommons.org/licenses/by-nc-sa/3.0/,Thomas G. Graves,2013-04-14,song,B8556E479A69E4CE8FF7DA890BAFABB0F85B51A7C278F892DE76C9EEEC8B984B
train,American Robin,american_robin,Turdus,migratorius,129798,129798-7.wav,wavfiles/129798-7.wav,//www.xeno-canto.org/129798,//creativecommons.org/licenses/by-nc-sa/3.0/,Thomas G. Graves,2013-04-14,song,2255ABF57482303A929DB1082CFD10D85371BF1C15F65875F4BEDE24F4619B17
train,American Robin,american_robin,Turdus,migratorius,129798,129798-9.wav,wavfiles/129798-9.wav,//www.xeno-canto.org/129798,//creativecommons.org/licenses/by-nc-sa/3.0/,Thomas G. Graves,2013-04-14,song,FA0D23FE8DA8A15DDA9D6FDBF008661152968C57DB1188C6A50FCB6EE9751C6E
train,American Robin,american_robin,Turdus,migratorius,132864,132864-0.wav,wavfiles/132864-0.wav,//www.xeno-canto.org/132864,//creativecommons.org/licenses/by-sa/3.0/,Jonathon Jongsma,2013-05-05,"call, song",3E2DB6B3C792394661A10B5974B84ABC06E1DFDD0507B7B4098DB2B26726FC99
train,American Robin,american_robin,Turdus,migratorius,132864,132864-1.wav,wavfiles/132864-1.wav,//www.xeno-canto.org/132864,//creativecommons.org/licenses/by-sa/3.0/,Jonathon Jongsma,2013-05-05,"call, song",3F1095FDAF834404FE43707624EB60F1F6AD1DFABA0BD05E3412931149B13520
train,American Robin,american_robin,Turdus,migratorius,132864,132864-2.wav,wavfiles/132864-2.wav,//www.xeno-canto.org/132864,//creativecommons.org/licenses/by-sa/3.0/,Jonathon Jongsma,2013-05-05,"call, song",10A0346B902DE19621F98F17768741F92729F44526AF66DA84713ED2A162F788
train,American Robin,american_robin,Turdus,migratorius,132864,132864-4.wav,wavfiles/132864-4.wav,//www.xeno-canto.org/132864,//creativecommons.org/licenses/by-sa/3.0/,Jonathon Jongsma,2013-05-05,"call, song",0FBEF9CA38F9191586FC1BD9BD8F259B77BD168D5F01EAD472965CBBC5111ECC
train,American Robin,american_robin,Turdus,migratorius,132864,132864-5.wav,wavfiles/132864-5.wav,//www.xeno-canto.org/132864,//creativecommons.org/licenses/by-sa/3.0/,Jonathon Jongsma,2013-05-05,"call, song",90CD12D8ADCC71945EA90F99E439100DE011F4444B32F25E943F2A475B9F4B6E
train,American Robin,american_robin,Turdus,migratorius,132864,132864-6.wav,wavfiles/132864-6.wav,//www.xeno-canto.org/132864,//creativecommons.org/licenses/by-sa/3.0/,Jonathon Jongsma,2013-05-05,"call, song",A27C37F77B1E0A1C90B12C09A4356D2758EC11CB163D3D1857F5CF09372563E2
train,American Robin,american_robin,Turdus,migratorius,132864,132864-8.wav,wavfiles/132864-8.wav,//www.xeno-canto.org/132864,//creativecommons.org/licenses/by-sa/3.0/,Jonathon Jongsma,2013-05-05,"call, song",DFFA6157A5E6AAD0EFCA0AC6D2748C9430FBECA96E4805AE5AAF0AAE719C1EF0
train,American Robin,american_robin,Turdus,migratorius,132864,132864-9.wav,wavfiles/132864-9.wav,//www.xeno-canto.org/132864,//creativecommons.org/licenses/by-sa/3.0/,Jonathon Jongsma,2013-05-05,"call, song",720006697BA183C6E96351BD4C3A9EEC066438B102D5614CB2E77CEED5565511
train,American Robin,american_robin,Turdus,migratorius,165304,165304-0.wav,wavfiles/165304-0.wav,//www.xeno-canto.org/165304,//creativecommons.org/licenses/by-nc-sa/3.0/,Paul Marvin,2012-05-31,song,FC757B65DE246F5CE92E193F9ED7E7ECCF506BA713E175FF63C88F233E76D3BF
train,American Robin,american_robin,Turdus,migratorius,165304,165304-1.wav,wavfiles/165304-1.wav,//www.xeno-canto.org/165304,//creativecommons.org/licenses/by-nc-sa/3.0/,Paul Marvin,2012-05-31,song,5070835CFE25ACE6507A87712F2B241783557C590FF8C64E52D2B5DF3610AD03
train,American Robin,american_robin,Turdus,migratorius,165304,165304-10.wav,wavfiles/165304-10.wav,//www.xeno-canto.org/165304,//creativecommons.org/licenses/by-nc-sa/3.0/,Paul Marvin,2012-05-31,song,D12B6C7ABECFEF2130A76EEC45E309209F2817E01F931897212DC8C7CFF935B1
train,American Robin,american_robin,Turdus,migratorius,165304,165304-11.wav,wavfiles/165304-11.wav,//www.xeno-canto.org/165304,//creativecommons.org/licenses/by-nc-sa/3.0/,Paul Marvin,2012-05-31,song,7CF0A71BF018DEBF05B539FCF5D9CD1608532AD0BD08D3F280C7F4D92D56A45E
train,American Robin,american_robin,Turdus,migratorius,165304,165304-12.wav,wavfiles/165304-12.wav,//www.xeno-canto.org/165304,//creativecommons.org/licenses/by-nc-sa/3.0/,Paul Marvin,2012-05-31,song,E4034FAE7EC58E5C7BFF93BA5053198D889FEC792511BB591EA1D0C4DC554C80
train,American Robin,american_robin,Turdus,migratorius,165304,165304-13.wav,wavfiles/165304-13.wav,//www.xeno-canto.org/165304,//creativecommons.org/licenses/by-nc-sa/3.0/,Paul Marvin,2012-05-31,song,8469AFE274F2D061B6EF945C1544C0CC3861370A638330C746B8D8740EF12955
train,American Robin,american_robin,Turdus,migratorius,165304,165304-14.wav,wavfiles/165304-14.wav,//www.xeno-canto.org/165304,//creativecommons.org/licenses/by-nc-sa/3.0/,Paul Marvin,2012-05-31,song,ABEE41A1870FB92439338E0989F3857ADD6251B110473A74E3A419078D357D7E
train,American Robin,american_robin,Turdus,migratorius,165304,165304-15.wav,wavfiles/165304-15.wav,//www.xeno-canto.org/165304,//creativecommons.org/licenses/by-nc-sa/3.0/,Paul Marvin,2012-05-31,song,02514DCBAF4156BD81D8501706272C0EF07924F0860DA98E47DA22D28909B81A
train,American Robin,american_robin,Turdus,migratorius,165304,165304-16.wav,wavfiles/165304-16.wav,//www.xeno-canto.org/165304,//creativecommons.org/licenses/by-nc-sa/3.0/,Paul Marvin,2012-05-31,song,F62AF84836B638DE04CC3784F7B897AD54EEF046FDFDCA1B4945ADD2477A9664
train,American Robin,american_robin,Turdus,migratorius,165304,165304-2.wav,wavfiles/165304-2.wav,//www.xeno-canto.org/165304,//creativecommons.org/licenses/by-nc-sa/3.0/,Paul Marvin,2012-05-31,song,8DA01E73703096FFCEC677C4C77C27644FFEE90344F7066C40191724A5597719
train,American Robin,american_robin,Turdus,migratorius,165304,165304-3.wav,wavfiles/165304-3.wav,//www.xeno-canto.org/165304,//creativecommons.org/licenses/by-nc-sa/3.0/,Paul Marvin,2012-05-31,song,C91A71B34DEF9B15C017398B4859E5F8AA0B5C47E2ED470C43528AA6F5A83A30
train,American Robin,american_robin,Turdus,migratorius,165304,165304-4.wav,wavfiles/165304-4.wav,//www.xeno-canto.org/165304,//creativecommons.org/licenses/by-nc-sa/3.0/,Paul Marvin,2012-05-31,song,619AE42F2B519089BAC5714C18D0CAED176DF55CBD02F24CAF9A73125847022D
train,American Robin,american_robin,Turdus,migratorius,165304,165304-5.wav,wavfiles/165304-5.wav,//www.xeno-canto.org/165304,//creativecommons.org/licenses/by-nc-sa/3.0/,Paul Marvin,2012-05-31,song,8DA4A3F53171E22F319526A5FB563F16A72E5513479174AAAB1CCB57188F4A92
train,American Robin,american_robin,Turdus,migratorius,165304,165304-6.wav,wavfiles/165304-6.wav,//www.xeno-canto.org/165304,//creativecommons.org/licenses/by-nc-sa/3.0/,Paul Marvin,2012-05-31,song,4EA975AAAF03BFFBCB258A626F5B9970EA93409BA3221761710DB1B8EF66E389
train,American Robin,american_robin,Turdus,migratorius,165304,165304-7.wav,wavfiles/165304-7.wav,//www.xeno-canto.org/165304,//creativecommons.org/licenses/by-nc-sa/3.0/,Paul Marvin,2012-05-31,song,E30337A4B450118E769B6EA5541D83A84552C1BCA9E70A90B4B1508F4C1B6247
train,American Robin,american_robin,Turdus,migratorius,165304,165304-8.wav,wavfiles/165304-8.wav,//www.xeno-canto.org/165304,//creativecommons.org/licenses/by-nc-sa/3.0/,Paul Marvin,2012-05-31,song,137D9A68311F16660C0AFA74A8E7978A1DF3CA4E4F4F4F05FF7C8C0440F8DCE2
train,American Robin,american_robin,Turdus,migratorius,165304,165304-9.wav,wavfiles/165304-9.wav,//www.xeno-canto.org/165304,//creativecommons.org/licenses/by-nc-sa/3.0/,Paul Marvin,2012-05-31,song,4775B70DF1A54A8085D54DA62B02669CBAFED0A8E4448474DCDEB2534C7476D2
train,American Robin,american_robin,Turdus,migratorius,175222,175222-0.wav,wavfiles/175222-0.wav,//www.xeno-canto.org/175222,//creativecommons.org/licenses/by-sa/4.0/,Jonathon Jongsma,2014-04-18,"call, whisper song",712EC089864900BAD07FD7F367EA703B5E923997F8A5BF318106B34FFB87B652
train,American Robin,american_robin,Turdus,migratorius,175222,175222-1.wav,wavfiles/175222-1.wav,//www.xeno-canto.org/175222,//creativecommons.org/licenses/by-sa/4.0/,Jonathon Jongsma,2014-04-18,"call, whisper song",8A65CCDDE727F671DE1496822E7765A03FA7CAA21CA75EF77E775A67E9449178
train,American Robin,american_robin,Turdus,migratorius,175222,175222-10.wav,wavfiles/175222-10.wav,//www.xeno-canto.org/175222,//creativecommons.org/licenses/by-sa/4.0/,Jonathon Jongsma,2014-04-18,"call, whisper song",2B0E6383E53BEF736881D4D60DF70C52FA6B1C9FEFACF2CCF0CDC33A199EA2B1
train,American Robin,american_robin,Turdus,migratorius,175222,175222-11.wav,wavfiles/175222-11.wav,//www.xeno-canto.org/175222,//creativecommons.org/licenses/by-sa/4.0/,Jonathon Jongsma,2014-04-18,"call, whisper song",B970CAA7303E544A3E6EF3AAC8EDC49882DC96AD4A8D5480D4A9BC96DE7208E7
train,American Robin,american_robin,Turdus,migratorius,175222,175222-2.wav,wavfiles/175222-2.wav,//www.xeno-canto.org/175222,//creativecommons.org/licenses/by-sa/4.0/,Jonathon Jongsma,2014-04-18,"call, whisper song",61BA2B527775CECFC22A08BE0F6492FF82B7D31210FC8C67D2680BC260663907
train,American Robin,american_robin,Turdus,migratorius,175222,175222-3.wav,wavfiles/175222-3.wav,//www.xeno-canto.org/175222,//creativecommons.org/licenses/by-sa/4.0/,Jonathon Jongsma,2014-04-18,"call, whisper song",DD55C9EE7565F499437706BD222537B3C3AB01E5AA7911A47041570B0CB3CEA2
train,American Robin,american_robin,Turdus,migratorius,175222,175222-6.wav,wavfiles/175222-6.wav,//www.xeno-canto.org/175222,//creativecommons.org/licenses/by-sa/4.0/,Jonathon Jongsma,2014-04-18,"call, whisper song",B512C907A87E2AC9414624A58A076AD1BA7F7C3A324BFC00EBADB2E2209A99B2
train,American Robin,american_robin,Turdus,migratorius,175222,175222-7.wav,wavfiles/175222-7.wav,//www.xeno-canto.org/175222,//creativecommons.org/licenses/by-sa/4.0/,Jonathon Jongsma,2014-04-18,"call, whisper song",E8697A3BDFCE85E438B56BDBFC292E80A5C4594BEC4A8C2EEC690E238EFCD843
train,American Robin,american_robin,Turdus,migratorius,175222,175222-8.wav,wavfiles/175222-8.wav,//www.xeno-canto.org/175222,//creativecommons.org/licenses/by-sa/4.0/,Jonathon Jongsma,2014-04-18,"call, whisper song",A0D6922326B13D232AC7DEFC439CF46A47DC478F434C8A7D898EE88B8B99F353
train,American Robin,american_robin,Turdus,migratorius,175222,175222-9.wav,wavfiles/175222-9.wav,//www.xeno-canto.org/175222,//creativecommons.org/licenses/by-sa/4.0/,Jonathon Jongsma,2014-04-18,"call, whisper song",408BE68F4FC8E77FD398CE27458F687574159FC570E2363E6A5B8322884667B8
train,American Robin,american_robin,Turdus,migratorius,177384,177384-10.wav,wavfiles/177384-10.wav,//www.xeno-canto.org/177384,//creativecommons.org/licenses/by-nc-sa/4.0/,Jorge de Leon Cardozo and Susan Hochgraf,2014-05-05,song,4B47B2D8BF0868536E28C66479617EC758D5991282AD39DE6401306436C70626
train,American Robin,american_robin,Turdus,migratorius,177384,177384-12.wav,wavfiles/177384-12.wav,//www.xeno-canto.org/177384,//creativecommons.org/licenses/by-nc-sa/4.0/,Jorge de Leon Cardozo and Susan Hochgraf,2014-05-05,song,49B12714917C6608E6D68FC2C666D4DF3B8E3BC85818C714E084F84D265E4D7A
train,American Robin,american_robin,Turdus,migratorius,177384,177384-13.wav,wavfiles/177384-13.wav,//www.xeno-canto.org/177384,//creativecommons.org/licenses/by-nc-sa/4.0/,Jorge de Leon Cardozo and Susan Hochgraf,2014-05-05,song,EC99107156F25C966C9E2018EE135B649EC40EF40A97F03A11E318E95D836FA7
train,American Robin,american_robin,Turdus,migratorius,177384,177384-2.wav,wavfiles/177384-2.wav,//www.xeno-canto.org/177384,//creativecommons.org/licenses/by-nc-sa/4.0/,Jorge de Leon Cardozo and Susan Hochgraf,2014-05-05,song,DD436391B7F683E3D11B05FD4FFCB0C6765196D1C8EC523E2A5A378EC795BE69
train,American Robin,american_robin,Turdus,migratorius,177384,177384-3.wav,wavfiles/177384-3.wav,//www.xeno-canto.org/177384,//creativecommons.org/licenses/by-nc-sa/4.0/,Jorge de Leon Cardozo and Susan Hochgraf,2014-05-05,song,C99DB3164B69B128EEB9F35FF290944F2574AF1CC482C690EFBB0BA0FCE7C9FC
train,American Robin,american_robin,Turdus,migratorius,177384,177384-4.wav,wavfiles/177384-4.wav,//www.xeno-canto.org/177384,//creativecommons.org/licenses/by-nc-sa/4.0/,Jorge de Leon Cardozo and Susan Hochgraf,2014-05-05,song,5A3F1F5F3DDCE6EE1DBA6748A429D02F4B0EAD0DB16555F88170C2AD30DC8D1A
train,American Robin,american_robin,Turdus,migratorius,177384,177384-5.wav,wavfiles/177384-5.wav,//www.xeno-canto.org/177384,//creativecommons.org/licenses/by-nc-sa/4.0/,Jorge de Leon Cardozo and Susan Hochgraf,2014-05-05,song,4C154AFBF7AB6E92DF328716059B1431B811F45973905E64E3E71D26C7BE2D7B
train,American Robin,american_robin,Turdus,migratorius,177384,177384-7.wav,wavfiles/177384-7.wav,//www.xeno-canto.org/177384,//creativecommons.org/licenses/by-nc-sa/4.0/,Jorge de Leon Cardozo and Susan Hochgraf,2014-05-05,song,2B80D40B1798B29F7BE8FC6BC1433DAF47CF15BD5CA4AACC12E3915B747D8E5A
train,American Robin,american_robin,Turdus,migratorius,177384,177384-8.wav,wavfiles/177384-8.wav,//www.xeno-canto.org/177384,//creativecommons.org/licenses/by-nc-sa/4.0/,Jorge de Leon Cardozo and Susan Hochgraf,2014-05-05,song,0E334B8ABA5A8CEAD19FC9E2A739963A8DBF5CD7FB29357FCB1B8156CA0C1F2C
train,American Robin,american_robin,Turdus,migratorius,190441,190441-0.wav,wavfiles/190441-0.wav,//www.xeno-canto.org/190441,//creativecommons.org/licenses/by-nc-nd/4.0/,Krzysztof Deoniziak,2014-08-01,song,0373400CE02F543287A6BF95391E6210830FA95D54933234656CA292C6AF10C8
train,American Robin,american_robin,Turdus,migratorius,190441,190441-1.wav,wavfiles/190441-1.wav,//www.xeno-canto.org/190441,//creativecommons.org/licenses/by-nc-nd/4.0/,Krzysztof Deoniziak,2014-08-01,song,A01F09829988F8B9487121855875E99F950A7CBA1E9EFA43EF4CA77D4EBDB8D0
train,American Robin,american_robin,Turdus,migratorius,190441,190441-10.wav,wavfiles/190441-10.wav,//www.xeno-canto.org/190441,//creativecommons.org/licenses/by-nc-nd/4.0/,Krzysztof Deoniziak,2014-08-01,song,6CC6421651ECB87A1FAB92F14A874CFFA24C8C7D6C11D55D88BCF282B65092E9
train,American Robin,american_robin,Turdus,migratorius,190441,190441-11.wav,wavfiles/190441-11.wav,//www.xeno-canto.org/190441,//creativecommons.org/licenses/by-nc-nd/4.0/,Krzysztof Deoniziak,2014-08-01,song,F4B8AEA04B4C8B4272784F6B36EAACE188EA0BBAC93BE9B42DA1A862E851444E
train,American Robin,american_robin,Turdus,migratorius,190441,190441-12.wav,wavfiles/190441-12.wav,//www.xeno-canto.org/190441,//creativecommons.org/licenses/by-nc-nd/4.0/,Krzysztof Deoniziak,2014-08-01,song,0C62337687F3AEB7BF692EB3990FAE14A680EA85DE616102230B73F900064BC8
train,American Robin,american_robin,Turdus,migratorius,190441,190441-13.wav,wavfiles/190441-13.wav,//www.xeno-canto.org/190441,//creativecommons.org/licenses/by-nc-nd/4.0/,Krzysztof Deoniziak,2014-08-01,song,A090201B5C84905328FE0A6B8D73F336D1CBCAC582705EFC4B835D2C405B2A8F
train,American Robin,american_robin,Turdus,migratorius,190441,190441-14.wav,wavfiles/190441-14.wav,//www.xeno-canto.org/190441,//creativecommons.org/licenses/by-nc-nd/4.0/,Krzysztof Deoniziak,2014-08-01,song,89E7473C7A313D0C2186133A3E066A100E5AF6013260EA133021D008E403EF3D
train,American Robin,american_robin,Turdus,migratorius,190441,190441-15.wav,wavfiles/190441-15.wav,//www.xeno-canto.org/190441,//creativecommons.org/licenses/by-nc-nd/4.0/,Krzysztof Deoniziak,2014-08-01,song,2505EF9748F5BFEB4BB54A34B85B239C0E9364E8278BE9DB4C0F34B586A1012E
train,American Robin,american_robin,Turdus,migratorius,190441,190441-2.wav,wavfiles/190441-2.wav,//www.xeno-canto.org/190441,//creativecommons.org/licenses/by-nc-nd/4.0/,Krzysztof Deoniziak,2014-08-01,song,43936E957D1EEE04F59B85232B67B6F2F8283E50A5D23BD04B8A2C2DA083BCDE
train,American Robin,american_robin,Turdus,migratorius,190441,190441-3.wav,wavfiles/190441-3.wav,//www.xeno-canto.org/190441,//creativecommons.org/licenses/by-nc-nd/4.0/,Krzysztof Deoniziak,2014-08-01,song,E542280EF9826234432F1E4DE8013682B6F7980414F5B11AF51D0DA7272B610B
train,American Robin,american_robin,Turdus,migratorius,190441,190441-4.wav,wavfiles/190441-4.wav,//www.xeno-canto.org/190441,//creativecommons.org/licenses/by-nc-nd/4.0/,Krzysztof Deoniziak,2014-08-01,song,23041F10C14F89F1A1DC82E8E04FDECD75A774CC93456EB7B2DF9548E9C825D2
train,American Robin,american_robin,Turdus,migratorius,190441,190441-5.wav,wavfiles/190441-5.wav,//www.xeno-canto.org/190441,//creativecommons.org/licenses/by-nc-nd/4.0/,Krzysztof Deoniziak,2014-08-01,song,1DD15FB92020DC915347FEA55B6B222FFB9F165EC006D25EAEAA72F42A731FDC
train,American Robin,american_robin,Turdus,migratorius,190441,190441-6.wav,wavfiles/190441-6.wav,//www.xeno-canto.org/190441,//creativecommons.org/licenses/by-nc-nd/4.0/,Krzysztof Deoniziak,2014-08-01,song,4232906FAD780C82D94FDD1D965D67DDABFFD1FE7FB148EC3D68393AA6ED58DD
train,American Robin,american_robin,Turdus,migratorius,190441,190441-8.wav,wavfiles/190441-8.wav,//www.xeno-canto.org/190441,//creativecommons.org/licenses/by-nc-nd/4.0/,Krzysztof Deoniziak,2014-08-01,song,E8EE208609C23566F142918A354068F158AD077D137F9FA0D69FFD77D300E5F6
train,American Robin,american_robin,Turdus,migratorius,190441,190441-9.wav,wavfiles/190441-9.wav,//www.xeno-canto.org/190441,//creativecommons.org/licenses/by-nc-nd/4.0/,Krzysztof Deoniziak,2014-08-01,song,89930AB4C180980A6835EED070A646AAC3914C8A7D6B1E1BFF54EA45E679AEE8
train,American Robin,american_robin,Turdus,migratorius,205803,205803-0.wav,wavfiles/205803-0.wav,//www.xeno-canto.org/205803,//creativecommons.org/licenses/by-nc-sa/4.0/,Eric DeFonso,2014-05-28,song,C361FD2358C2DB870E4CEDFB760DDAF32FDE977C83973CD3551B2A3DFAB42E10
train,American Robin,american_robin,Turdus,migratorius,205803,205803-1.wav,wavfiles/205803-1.wav,//www.xeno-canto.org/205803,//creativecommons.org/licenses/by-nc-sa/4.0/,Eric DeFonso,2014-05-28,song,7150AF0D825025D7FB4CAD52654AD9DB9B4E282B8876AA92463AF584E32CAC80
train,American Robin,american_robin,Turdus,migratorius,205803,205803-10.wav,wavfiles/205803-10.wav,//www.xeno-canto.org/205803,//creativecommons.org/licenses/by-nc-sa/4.0/,Eric DeFonso,2014-05-28,song,1DE96460A31E39686EEA7D324684A2CC32D483C19ACD9FB23EA377FC2D30E31D
train,American Robin,american_robin,Turdus,migratorius,205803,205803-11.wav,wavfiles/205803-11.wav,//www.xeno-canto.org/205803,//creativecommons.org/licenses/by-nc-sa/4.0/,Eric DeFonso,2014-05-28,song,2414168D1ACAE3E5613CE0D3A4F6D5C6F80BCBD7CD8B1843D41879035D9C941D
train,American Robin,american_robin,Turdus,migratorius,205803,205803-12.wav,wavfiles/205803-12.wav,//www.xeno-canto.org/205803,//creativecommons.org/licenses/by-nc-sa/4.0/,Eric DeFonso,2014-05-28,song,5D44E1D8885260C02781604A718E9EAB1A95EB84B2FF68EB36AC73DF0B5725E3
train,American Robin,american_robin,Turdus,migratorius,205803,205803-13.wav,wavfiles/205803-13.wav,//www.xeno-canto.org/205803,//creativecommons.org/licenses/by-nc-sa/4.0/,Eric DeFonso,2014-05-28,song,1D5497F5F6D0ABDBDE593A27AA09E530FE6CFB1D2DEE9C63E8A44790A8F8B7C2
train,American Robin,american_robin,Turdus,migratorius,205803,205803-14.wav,wavfiles/205803-14.wav,//www.xeno-canto.org/205803,//creativecommons.org/licenses/by-nc-sa/4.0/,Eric DeFonso,2014-05-28,song,02FF4A6635B776FDD2E2CCF1BCEEAEE2D1B07C2AD988B287442189A98F7CC971
train,American Robin,american_robin,Turdus,migratorius,205803,205803-2.wav,wavfiles/205803-2.wav,//www.xeno-canto.org/205803,//creativecommons.org/licenses/by-nc-sa/4.0/,Eric DeFonso,2014-05-28,song,343CE333E116EFA64B18C8A0728665AA11298C1C684E925495C4195B727C5DA2
train,American Robin,american_robin,Turdus,migratorius,205803,205803-3.wav,wavfiles/205803-3.wav,//www.xeno-canto.org/205803,//creativecommons.org/licenses/by-nc-sa/4.0/,Eric DeFonso,2014-05-28,song,DD89FEDC1236E84D683D04DA5316F31116CA3442F5B4B1FA039DB3C8339E378C
train,American Robin,american_robin,Turdus,migratorius,205803,205803-4.wav,wavfiles/205803-4.wav,//www.xeno-canto.org/205803,//creativecommons.org/licenses/by-nc-sa/4.0/,Eric DeFonso,2014-05-28,song,FBD714C62FFCC36B0E27223DA8C1E7D38EAE9B7F58410B2B79E7CE9FCEADEF6D
train,American Robin,american_robin,Turdus,migratorius,205803,205803-5.wav,wavfiles/205803-5.wav,//www.xeno-canto.org/205803,//creativecommons.org/licenses/by-nc-sa/4.0/,Eric DeFonso,2014-05-28,song,BEDDE79EB376D979FCB8D00903FAAC9B6F218C7CF387405902D173B0C963AB55
train,American Robin,american_robin,Turdus,migratorius,205803,205803-6.wav,wavfiles/205803-6.wav,//www.xeno-canto.org/205803,//creativecommons.org/licenses/by-nc-sa/4.0/,Eric DeFonso,2014-05-28,song,0A9165088359B0695DBF33B69BEF7E8E1A1250048EB16FB252D301788B7064DD
train,American Robin,american_robin,Turdus,migratorius,205803,205803-7.wav,wavfiles/205803-7.wav,//www.xeno-canto.org/205803,//creativecommons.org/licenses/by-nc-sa/4.0/,Eric DeFonso,2014-05-28,song,16A76865C63B672104EAFA6CB65C289DA59FFB14A32BB2C9CD232CB5BFB770D5
train,American Robin,american_robin,Turdus,migratorius,205803,205803-8.wav,wavfiles/205803-8.wav,//www.xeno-canto.org/205803,//creativecommons.org/licenses/by-nc-sa/4.0/,Eric DeFonso,2014-05-28,song,0AFD153E6BCA479684FACFF327345CC7CE5BFE0050929EC5BEF0A72929AE2B94
train,American Robin,american_robin,Turdus,migratorius,205803,205803-9.wav,wavfiles/205803-9.wav,//www.xeno-canto.org/205803,//creativecommons.org/licenses/by-nc-sa/4.0/,Eric DeFonso,2014-05-28,song,1664ABC5860FC6247144248A6D20B9795C8EAE6567B04C98B83916449283E1F6
train,American Robin,american_robin,Turdus,migratorius,269082,269082-0.wav,wavfiles/269082-0.wav,//www.xeno-canto.org/269082,//creativecommons.org/licenses/by-nc-sa/4.0/,Davyd Betchkal,2012-05-16,"call, song",9F41C10484FCEAAF2D23E82E4CED0E7C6791770EEBFAF865052831937B0A63B9
train,American Robin,american_robin,Turdus,migratorius,269082,269082-1.wav,wavfiles/269082-1.wav,//www.xeno-canto.org/269082,//creativecommons.org/licenses/by-nc-sa/4.0/,Davyd Betchkal,2012-05-16,"call, song",99275D9E01A5B9AFCE2D7F06BC065371FEDFE22D07531C9BCB911571F76AF78E
train,American Robin,american_robin,Turdus,migratorius,269082,269082-10.wav,wavfiles/269082-10.wav,//www.xeno-canto.org/269082,//creativecommons.org/licenses/by-nc-sa/4.0/,Davyd Betchkal,2012-05-16,"call, song",18A06DE7E3BEBE310FBF1E021AB07A52974470BC1A54517C7704569D722ED43D
train,American Robin,american_robin,Turdus,migratorius,269082,269082-4.wav,wavfiles/269082-4.wav,//www.xeno-canto.org/269082,//creativecommons.org/licenses/by-nc-sa/4.0/,Davyd Betchkal,2012-05-16,"call, song",42E43579C27D637AD9381A7BB0EE9417A4B93D8301FAE7AC2DC52C4BAED75D47
train,American Robin,american_robin,Turdus,migratorius,269082,269082-5.wav,wavfiles/269082-5.wav,//www.xeno-canto.org/269082,//creativecommons.org/licenses/by-nc-sa/4.0/,Davyd Betchkal,2012-05-16,"call, song",F71EBEE2A036CE145A724222DFFAEEF961E46A78227368B29690BE07E661EAEC
train,American Robin,american_robin,Turdus,migratorius,269082,269082-6.wav,wavfiles/269082-6.wav,//www.xeno-canto.org/269082,//creativecommons.org/licenses/by-nc-sa/4.0/,Davyd Betchkal,2012-05-16,"call, song",600B48E53B30C31C4C5F33E92071134B4CF1488BF31ABD4E2E5B4B574047AEBF
train,American Robin,american_robin,Turdus,migratorius,269082,269082-7.wav,wavfiles/269082-7.wav,//www.xeno-canto.org/269082,//creativecommons.org/licenses/by-nc-sa/4.0/,Davyd Betchkal,2012-05-16,"call, song",804723F9599BEF90655E6DD210ACE9CC214C08141E0798CA666E80C7F288DF2B
train,American Robin,american_robin,Turdus,migratorius,269082,269082-8.wav,wavfiles/269082-8.wav,//www.xeno-canto.org/269082,//creativecommons.org/licenses/by-nc-sa/4.0/,Davyd Betchkal,2012-05-16,"call, song",8012ACA3AC6422A3FD867A13EA78C3165E1E375DAE7238A8310B4B5626D62429
train,American Robin,american_robin,Turdus,migratorius,269082,269082-9.wav,wavfiles/269082-9.wav,//www.xeno-canto.org/269082,//creativecommons.org/licenses/by-nc-sa/4.0/,Davyd Betchkal,2012-05-16,"call, song",00874EE1CC8F7BE74FA549B0742C3D5AFB6001E859F307209D54D795FEBCE1DD
train,American Robin,american_robin,Turdus,migratorius,294460,294460-0.wav,wavfiles/294460-0.wav,//www.xeno-canto.org/294460,//creativecommons.org/licenses/by-nc-sa/4.0/,Paul Marvin,2015-06-02,dawn song,FF5C88D9DC5275F35C21E8564926956CA65D51A4D07265755E6C34A6CDAD9919
train,American Robin,american_robin,Turdus,migratorius,294460,294460-10.wav,wavfiles/294460-10.wav,//www.xeno-canto.org/294460,//creativecommons.org/licenses/by-nc-sa/4.0/,Paul Marvin,2015-06-02,dawn song,9CED91A5FFD4BBBCB442B277685F9482F1AEA9EC9C11692CE48082F750D4BFA5
train,American Robin,american_robin,Turdus,migratorius,294460,294460-11.wav,wavfiles/294460-11.wav,//www.xeno-canto.org/294460,//creativecommons.org/licenses/by-nc-sa/4.0/,Paul Marvin,2015-06-02,dawn song,F0759DC75B52AF8A3C864B4088274FCB6E7CD90189FD9DB671C26AAC1DD53279
train,American Robin,american_robin,Turdus,migratorius,294460,294460-12.wav,wavfiles/294460-12.wav,//www.xeno-canto.org/294460,//creativecommons.org/licenses/by-nc-sa/4.0/,Paul Marvin,2015-06-02,dawn song,2F8497469FFDBB0A117016F1BA145CC340D9D5F69406393378605B9F74B22279
train,American Robin,american_robin,Turdus,migratorius,294460,294460-13.wav,wavfiles/294460-13.wav,//www.xeno-canto.org/294460,//creativecommons.org/licenses/by-nc-sa/4.0/,Paul Marvin,2015-06-02,dawn song,E183D05FB5A6D13F1F109E7F4F87FD7B23FD34431A5F5CF902F418269C6C3BA1
train,American Robin,american_robin,Turdus,migratorius,294460,294460-3.wav,wavfiles/294460-3.wav,//www.xeno-canto.org/294460,//creativecommons.org/licenses/by-nc-sa/4.0/,Paul Marvin,2015-06-02,dawn song,17850E94FBE32926A822AFE1C9894B692D55B0BD18EE4F54F13058760E0D938D
train,American Robin,american_robin,Turdus,migratorius,294460,294460-4.wav,wavfiles/294460-4.wav,//www.xeno-canto.org/294460,//creativecommons.org/licenses/by-nc-sa/4.0/,Paul Marvin,2015-06-02,dawn song,A5D04E1EFBE9FC22DC3FC5D8754C75B704E3D6F4ABDB8F9804F0B564AEFEB8DD
train,American Robin,american_robin,Turdus,migratorius,294460,294460-5.wav,wavfiles/294460-5.wav,//www.xeno-canto.org/294460,//creativecommons.org/licenses/by-nc-sa/4.0/,Paul Marvin,2015-06-02,dawn song,992800CAB78CB0AB7354C4CC7FF967AA733DBF7FB92A54A6F749E1C3DC561DB5
train,American Robin,american_robin,Turdus,migratorius,294460,294460-6.wav,wavfiles/294460-6.wav,//www.xeno-canto.org/294460,//creativecommons.org/licenses/by-nc-sa/4.0/,Paul Marvin,2015-06-02,dawn song,80B197AA02C9F588B21612C3594076C6921C191AAF27E3D8EEC77CD938062024
train,American Robin,american_robin,Turdus,migratorius,294460,294460-7.wav,wavfiles/294460-7.wav,//www.xeno-canto.org/294460,//creativecommons.org/licenses/by-nc-sa/4.0/,Paul Marvin,2015-06-02,dawn song,C4CC58E7C8F960A90515C8A45D234D5A1A68AFBB8F95204A665B7E1E2ACF00BB
train,American Robin,american_robin,Turdus,migratorius,294460,294460-8.wav,wavfiles/294460-8.wav,//www.xeno-canto.org/294460,//creativecommons.org/licenses/by-nc-sa/4.0/,Paul Marvin,2015-06-02,dawn song,2E81C046E3A20418FF27A5149FC47B0726AA2E2D93B5AD397904276301663469
train,American Robin,american_robin,Turdus,migratorius,294460,294460-9.wav,wavfiles/294460-9.wav,//www.xeno-canto.org/294460,//creativecommons.org/licenses/by-nc-sa/4.0/,Paul Marvin,2015-06-02,dawn song,AC2ECC31F8B7C528E1118723CBFABCA12C560385A5426F0EBBA61552F0754545
train,American Robin,american_robin,Turdus,migratorius,307484,307484-11.wav,wavfiles/307484-11.wav,//www.xeno-canto.org/307484,//creativecommons.org/licenses/by-nc-sa/4.0/,J.R. Rigby,2016-03-17,"call, song",7A123B621D815157BA72EAE53E3F23DEFD7B9F785BDE7F5F879E7BAB3532494F
train,American Robin,american_robin,Turdus,migratorius,307484,307484-12.wav,wavfiles/307484-12.wav,//www.xeno-canto.org/307484,//creativecommons.org/licenses/by-nc-sa/4.0/,J.R. Rigby,2016-03-17,"call, song",5E6FEA04AB8DF8C20B3E2C4D4718A719254468FB3B8C6482EAEB03DA97143037
train,American Robin,american_robin,Turdus,migratorius,309318,309318-0.wav,wavfiles/309318-0.wav,//www.xeno-canto.org/309318,//creativecommons.org/licenses/by-nc-sa/4.0/,J.R. Rigby,2016-03-26,song,9440EA92D74C000D26942321B8FBBD9D21E7EDDD254E0F11ACE55A6D1867F26E
train,American Robin,american_robin,Turdus,migratorius,309318,309318-1.wav,wavfiles/309318-1.wav,//www.xeno-canto.org/309318,//creativecommons.org/licenses/by-nc-sa/4.0/,J.R. Rigby,2016-03-26,song,6152D3E003F0C187F96E11E7647337F56B18D421E1345CBFAC9C6F2F9CD645F6
train,American Robin,american_robin,Turdus,migratorius,309318,309318-10.wav,wavfiles/309318-10.wav,//www.xeno-canto.org/309318,//creativecommons.org/licenses/by-nc-sa/4.0/,J.R. Rigby,2016-03-26,song,D69253B08502D10B7982952DBFFBD3C9D0EB20AB18857AC36D6CBDD2B3672479
train,American Robin,american_robin,Turdus,migratorius,309318,309318-12.wav,wavfiles/309318-12.wav,//www.xeno-canto.org/309318,//creativecommons.org/licenses/by-nc-sa/4.0/,J.R. Rigby,2016-03-26,song,DFDF7DF6731A0736498FCF6B3BB370C38F800C3B7D1B49647FC33F6B8385BE52
train,American Robin,american_robin,Turdus,migratorius,309318,309318-2.wav,wavfiles/309318-2.wav,//www.xeno-canto.org/309318,//creativecommons.org/licenses/by-nc-sa/4.0/,J.R. Rigby,2016-03-26,song,DC94E5E297105A5903A83952A727D0F51546403D5B31EEF9F59D702F9021BECF
train,American Robin,american_robin,Turdus,migratorius,309318,309318-3.wav,wavfiles/309318-3.wav,//www.xeno-canto.org/309318,//creativecommons.org/licenses/by-nc-sa/4.0/,J.R. Rigby,2016-03-26,song,FA4CCE77A08127D711FD70E98B2A74A4BBB9AA66C0586B9E943FB1493E1DB04C
train,American Robin,american_robin,Turdus,migratorius,309318,309318-5.wav,wavfiles/309318-5.wav,//www.xeno-canto.org/309318,//creativecommons.org/licenses/by-nc-sa/4.0/,J.R. Rigby,2016-03-26,song,59436D0C614097214FCE2FA3B507658C3DD77DBBB992FFD173B819D4B56C0B91
train,American Robin,american_robin,Turdus,migratorius,309318,309318-6.wav,wavfiles/309318-6.wav,//www.xeno-canto.org/309318,//creativecommons.org/licenses/by-nc-sa/4.0/,J.R. Rigby,2016-03-26,song,A8DECEEB3C5A6D99D451F184C0A869C531225389675A166933B0E61C644ED963
train,American Robin,american_robin,Turdus,migratorius,309318,309318-7.wav,wavfiles/309318-7.wav,//www.xeno-canto.org/309318,//creativecommons.org/licenses/by-nc-sa/4.0/,J.R. Rigby,2016-03-26,song,14295F0DF04FD68A7BE0AE40C82750F2D7AA28310BFDC0805A1659DA5A79F8B0
train,American Robin,american_robin,Turdus,migratorius,309318,309318-9.wav,wavfiles/309318-9.wav,//www.xeno-canto.org/309318,//creativecommons.org/licenses/by-nc-sa/4.0/,J.R. Rigby,2016-03-26,song,C054E57D11F880089A0E81C51DA3C98E8432F16CE009BF0E1B670A9081A9D072
train,American Robin,american_robin,Turdus,migratorius,309928,309928-0.wav,wavfiles/309928-0.wav,//www.xeno-canto.org/309928,//creativecommons.org/licenses/by-nc-sa/4.0/,J.R. Rigby,2016-04-01,"plastic song, song",0862D17824C0D69A768C12BD6409C8EC010118CFBB4F426B1E1E71B816101C7C
train,American Robin,american_robin,Turdus,migratorius,309928,309928-1.wav,wavfiles/309928-1.wav,//www.xeno-canto.org/309928,//creativecommons.org/licenses/by-nc-sa/4.0/,J.R. Rigby,2016-04-01,"plastic song, song",8D58BE42FADD3D56742E24BAF8E01241D5A74D815D07935F3F7F9BCE7DF854C3
train,American Robin,american_robin,Turdus,migratorius,309928,309928-2.wav,wavfiles/309928-2.wav,//www.xeno-canto.org/309928,//creativecommons.org/licenses/by-nc-sa/4.0/,J.R. Rigby,2016-04-01,"plastic song, song",E2B543F2F89A64D61F64870CF0BDCD6A76AB60A659FE27344B903806983FACB3
train,American Robin,american_robin,Turdus,migratorius,309928,309928-3.wav,wavfiles/309928-3.wav,//www.xeno-canto.org/309928,//creativecommons.org/licenses/by-nc-sa/4.0/,J.R. Rigby,2016-04-01,"plastic song, song",D4FAFF49C286711057533EE42030206FC4512BD6988E32D979D31A6EC1D24D78
train,American Robin,american_robin,Turdus,migratorius,309928,309928-4.wav,wavfiles/309928-4.wav,//www.xeno-canto.org/309928,//creativecommons.org/licenses/by-nc-sa/4.0/,J.R. Rigby,2016-04-01,"plastic song, song",BC2BCB5E01F1C9CE5DDF3B64C597E712DB5F22EBE7A150934BF3C28F05385D79
train,American Robin,american_robin,Turdus,migratorius,309928,309928-5.wav,wavfiles/309928-5.wav,//www.xeno-canto.org/309928,//creativecommons.org/licenses/by-nc-sa/4.0/,J.R. Rigby,2016-04-01,"plastic song, song",3936718883BFD31A03AE08760F54465D8C97EA7AF6556035A90E15E4586E283A
train,American Robin,american_robin,Turdus,migratorius,309928,309928-6.wav,wavfiles/309928-6.wav,//www.xeno-canto.org/309928,//creativecommons.org/licenses/by-nc-sa/4.0/,J.R. Rigby,2016-04-01,"plastic song, song",F22EA45F26390CA2F7F37859E2ADC2B80866C0BBFA3D538F967E6F32768F359B
train,American Robin,american_robin,Turdus,migratorius,309928,309928-8.wav,wavfiles/309928-8.wav,//www.xeno-canto.org/309928,//creativecommons.org/licenses/by-nc-sa/4.0/,J.R. Rigby,2016-04-01,"plastic song, song",9B99B61E7CACA26247A71384BA51B66DD1FE949C11E4A2C3E18D6EC643C86B13
train,American Robin,american_robin,Turdus,migratorius,310256,310256-0.wav,wavfiles/310256-0.wav,//www.xeno-canto.org/310256,//creativecommons.org/licenses/by-nc-sa/4.0/,Daniel Parker,2016-03-11,song,E1E5CFE30442D2C2D6F983A56C48B9B48D980CFF5A25371EB0324393DEC696F5
train,American Robin,american_robin,Turdus,migratorius,310256,310256-1.wav,wavfiles/310256-1.wav,//www.xeno-canto.org/310256,//creativecommons.org/licenses/by-nc-sa/4.0/,Daniel Parker,2016-03-11,song,821B49C2EECF17FF6C241E74BCA97BF4E1A0BDD7FBC55787C2066F5453A26909
train,American Robin,american_robin,Turdus,migratorius,310256,310256-10.wav,wavfiles/310256-10.wav,//www.xeno-canto.org/310256,//creativecommons.org/licenses/by-nc-sa/4.0/,Daniel Parker,2016-03-11,song,E2FA5D6E47F2BF81A5F94D2D98A25312AC2C14D47DCC28D8699ED63474428FED
train,American Robin,american_robin,Turdus,migratorius,310256,310256-11.wav,wavfiles/310256-11.wav,//www.xeno-canto.org/310256,//creativecommons.org/licenses/by-nc-sa/4.0/,Daniel Parker,2016-03-11,song,3E37BDABF0CCA1920DBA0C21116D4B8208C9E556B0C4ECB60D86B8D11EF8D873
train,American Robin,american_robin,Turdus,migratorius,310256,310256-13.wav,wavfiles/310256-13.wav,//www.xeno-canto.org/310256,//creativecommons.org/licenses/by-nc-sa/4.0/,Daniel Parker,2016-03-11,song,7072F75F7D72D666E1784D44F7968AFF9A860C72F983E8CB37849A5D1BE489D4
train,American Robin,american_robin,Turdus,migratorius,310256,310256-14.wav,wavfiles/310256-14.wav,//www.xeno-canto.org/310256,//creativecommons.org/licenses/by-nc-sa/4.0/,Daniel Parker,2016-03-11,song,20080FF32319ECBFBA2D16CB7A050ABEDE5988C01D98A0F789EEEE4F7D78B2FC
train,American Robin,american_robin,Turdus,migratorius,310256,310256-15.wav,wavfiles/310256-15.wav,//www.xeno-canto.org/310256,//creativecommons.org/licenses/by-nc-sa/4.0/,Daniel Parker,2016-03-11,song,8003231AD58BAE75E19E39B162C7AF4A2808CEA4E78D15AE569753E70ECB4945
train,American Robin,american_robin,Turdus,migratorius,310256,310256-2.wav,wavfiles/310256-2.wav,//www.xeno-canto.org/310256,//creativecommons.org/licenses/by-nc-sa/4.0/,Daniel Parker,2016-03-11,song,AFC8335859ED22219BDAE9097E9B868DCAAF48A6C48E5A33DA9D83374A06A02C
train,American Robin,american_robin,Turdus,migratorius,310256,310256-3.wav,wavfiles/310256-3.wav,//www.xeno-canto.org/310256,//creativecommons.org/licenses/by-nc-sa/4.0/,Daniel Parker,2016-03-11,song,FE0C0072E4906E3F42413B8689AF20BB68FA58F9CF80349EDB5BF1098F096331
train,American Robin,american_robin,Turdus,migratorius,310256,310256-4.wav,wavfiles/310256-4.wav,//www.xeno-canto.org/310256,//creativecommons.org/licenses/by-nc-sa/4.0/,Daniel Parker,2016-03-11,song,2B9BEF1FF17CB2FA2851F2B34952EE149818A052ADD68B0DEFCD1DC82D6014F0
train,American Robin,american_robin,Turdus,migratorius,310256,310256-5.wav,wavfiles/310256-5.wav,//www.xeno-canto.org/310256,//creativecommons.org/licenses/by-nc-sa/4.0/,Daniel Parker,2016-03-11,song,A51D192326B766FE1BF812ADA261B3D947BE81BEE12D893CD976247A6500A8C7
train,American Robin,american_robin,Turdus,migratorius,310256,310256-6.wav,wavfiles/310256-6.wav,//www.xeno-canto.org/310256,//creativecommons.org/licenses/by-nc-sa/4.0/,Daniel Parker,2016-03-11,song,3DB6F5E5C966D3BC8EA6D6E92B57FC51FB85D1A95BE8512140B57E14CFE952BD
train,American Robin,american_robin,Turdus,migratorius,310256,310256-7.wav,wavfiles/310256-7.wav,//www.xeno-canto.org/310256,//creativecommons.org/licenses/by-nc-sa/4.0/,Daniel Parker,2016-03-11,song,28FB40A9832681138C06C101B3D5E8B7FE72673A61567BF106D0F818617A8B7A
train,American Robin,american_robin,Turdus,migratorius,310256,310256-8.wav,wavfiles/310256-8.wav,//www.xeno-canto.org/310256,//creativecommons.org/licenses/by-nc-sa/4.0/,Daniel Parker,2016-03-11,song,714ABDE15BC38B86BB4A9F6188FAD8D46F9BB680D65C7FBB3114A837C7947DA3
train,American Robin,american_robin,Turdus,migratorius,310256,310256-9.wav,wavfiles/310256-9.wav,//www.xeno-canto.org/310256,//creativecommons.org/licenses/by-nc-sa/4.0/,Daniel Parker,2016-03-11,song,5689840A10BD22BA247BBCADFC20E65144835621D68F7B1F694817F11D15F003
train,American Robin,american_robin,Turdus,migratorius,313351,313351-0.wav,wavfiles/313351-0.wav,//www.xeno-canto.org/313351,//creativecommons.org/licenses/by-nc-sa/4.0/,Matt Wistrand,2016-04-21,"alarm call, song",1D22C06043C69745A706799BE65207985A0F3154745993E4B09B99BC895D942E
train,American Robin,american_robin,Turdus,migratorius,313351,313351-1.wav,wavfiles/313351-1.wav,//www.xeno-canto.org/313351,//creativecommons.org/licenses/by-nc-sa/4.0/,Matt Wistrand,2016-04-21,"alarm call, song",683D8F1829CFC7EF7AD68FDD6A9CB936D51EFBB50214EF7A33B83A14FFEB7A9E
train,American Robin,american_robin,Turdus,migratorius,313351,313351-10.wav,wavfiles/313351-10.wav,//www.xeno-canto.org/313351,//creativecommons.org/licenses/by-nc-sa/4.0/,Matt Wistrand,2016-04-21,"alarm call, song",9D961DD5BD8631695A0BBA08B787D1C0A7F796A9A778BAA4EEFB5D548CA2DAA4
train,American Robin,american_robin,Turdus,migratorius,313351,313351-11.wav,wavfiles/313351-11.wav,//www.xeno-canto.org/313351,//creativecommons.org/licenses/by-nc-sa/4.0/,Matt Wistrand,2016-04-21,"alarm call, song",7EC93166FCF15A56261C10F0011BA079F972FD0C9EB449296A73875DA13395D8
train,American Robin,american_robin,Turdus,migratorius,313351,313351-2.wav,wavfiles/313351-2.wav,//www.xeno-canto.org/313351,//creativecommons.org/licenses/by-nc-sa/4.0/,Matt Wistrand,2016-04-21,"alarm call, song",0335427018FE8FE8AF0F4EF7FCE208BF33DED1B3212523B65BEB4C04355E3EC1
train,American Robin,american_robin,Turdus,migratorius,313351,313351-4.wav,wavfiles/313351-4.wav,//www.xeno-canto.org/313351,//creativecommons.org/licenses/by-nc-sa/4.0/,Matt Wistrand,2016-04-21,"alarm call, song",A6463B7E9423929A20EDA7C1CEEFF3D52FB0278200903B385B364DD8FCE74CDC
train,American Robin,american_robin,Turdus,migratorius,313351,313351-5.wav,wavfiles/313351-5.wav,//www.xeno-canto.org/313351,//creativecommons.org/licenses/by-nc-sa/4.0/,Matt Wistrand,2016-04-21,"alarm call, song",64A6455822D466554BEC47F82B50607C38921D9D481E9B03313918AADC66180C
train,American Robin,american_robin,Turdus,migratorius,313351,313351-6.wav,wavfiles/313351-6.wav,//www.xeno-canto.org/313351,//creativecommons.org/licenses/by-nc-sa/4.0/,Matt Wistrand,2016-04-21,"alarm call, song",116166792EB1A3C93AAAB6D25F45FE162BD691222BFDFAFD420146B2170F298F
train,American Robin,american_robin,Turdus,migratorius,320724,320724-0.wav,wavfiles/320724-0.wav,//www.xeno-canto.org/320724,//creativecommons.org/licenses/by-nc-sa/4.0/,Nick Komar,2016-04-06,song,6DD422094DA1798DF6B8DE52D4E6CEB696E25901EA47ECAFAAEBBB23B6B30267
train,American Robin,american_robin,Turdus,migratorius,320724,320724-1.wav,wavfiles/320724-1.wav,//www.xeno-canto.org/320724,//creativecommons.org/licenses/by-nc-sa/4.0/,Nick Komar,2016-04-06,song,2E58341F7B5A581A2EEC2DC6517356D3843CB73CCC8826285A12BC1C4D7926C5
train,American Robin,american_robin,Turdus,migratorius,320724,320724-10.wav,wavfiles/320724-10.wav,//www.xeno-canto.org/320724,//creativecommons.org/licenses/by-nc-sa/4.0/,Nick Komar,2016-04-06,song,9963312403142F72DBFD963C4112CD51B4E87B4E7CC5940D10D00FF5E84542C8
train,American Robin,american_robin,Turdus,migratorius,320724,320724-13.wav,wavfiles/320724-13.wav,//www.xeno-canto.org/320724,//creativecommons.org/licenses/by-nc-sa/4.0/,Nick Komar,2016-04-06,song,14908CA4044C8CE524A623CAB1211067BC94842C38DC57A2E4EF43FD6DBCB893
train,American Robin,american_robin,Turdus,migratorius,320724,320724-14.wav,wavfiles/320724-14.wav,//www.xeno-canto.org/320724,//creativecommons.org/licenses/by-nc-sa/4.0/,Nick Komar,2016-04-06,song,601851BBD6E76142A5C5F2399C83E8E519E8C0F5034E04423E393173EB22E3DA
train,American Robin,american_robin,Turdus,migratorius,320724,320724-15.wav,wavfiles/320724-15.wav,//www.xeno-canto.org/320724,//creativecommons.org/licenses/by-nc-sa/4.0/,Nick Komar,2016-04-06,song,CB44A3B9548E4DB30F01617729BE8B88436299E5AA2E7186741FE4F3C32D6827
train,American Robin,american_robin,Turdus,migratorius,320724,320724-2.wav,wavfiles/320724-2.wav,//www.xeno-canto.org/320724,//creativecommons.org/licenses/by-nc-sa/4.0/,Nick Komar,2016-04-06,song,3596AD7B13AF29344AADE6E5CEDDB5A24F85D700CD54111205E3FDC990CF98E3
train,American Robin,american_robin,Turdus,migratorius,320724,320724-3.wav,wavfiles/320724-3.wav,//www.xeno-canto.org/320724,//creativecommons.org/licenses/by-nc-sa/4.0/,Nick Komar,2016-04-06,song,FC869AFCF6FF596F74119D77DA488308221D8117CFAC7B3FA9DF44B15BDF72C9
train,American Robin,american_robin,Turdus,migratorius,320724,320724-4.wav,wavfiles/320724-4.wav,//www.xeno-canto.org/320724,//creativecommons.org/licenses/by-nc-sa/4.0/,Nick Komar,2016-04-06,song,00358AA1FDE7902370F4507510E45EA426A6F486304E88E27726C5FBB2849C2B
train,American Robin,american_robin,Turdus,migratorius,320724,320724-5.wav,wavfiles/320724-5.wav,//www.xeno-canto.org/320724,//creativecommons.org/licenses/by-nc-sa/4.0/,Nick Komar,2016-04-06,song,8FA92ADFBE5EFECE31997462447588357ACEF61FB902D00137AC63C6A3EDF87C
train,American Robin,american_robin,Turdus,migratorius,320724,320724-6.wav,wavfiles/320724-6.wav,//www.xeno-canto.org/320724,//creativecommons.org/licenses/by-nc-sa/4.0/,Nick Komar,2016-04-06,song,3AFDCBE6848EFCA7AF16DC53BCDC6B46192C791986811E88FE728C6A0398F9AB
train,American Robin,american_robin,Turdus,migratorius,320724,320724-7.wav,wavfiles/320724-7.wav,//www.xeno-canto.org/320724,//creativecommons.org/licenses/by-nc-sa/4.0/,Nick Komar,2016-04-06,song,B23FDB1C5893C17434A670FF7EF592E2215398B39F617BB5892D33F0BAFDB1D3
train,American Robin,american_robin,Turdus,migratorius,320724,320724-8.wav,wavfiles/320724-8.wav,//www.xeno-canto.org/320724,//creativecommons.org/licenses/by-nc-sa/4.0/,Nick Komar,2016-04-06,song,3A951BE95A7911BABC65E76DB3E5F6730E5E99073B046D3CCFE6F4825CC359A5
train,American Robin,american_robin,Turdus,migratorius,320724,320724-9.wav,wavfiles/320724-9.wav,//www.xeno-canto.org/320724,//creativecommons.org/licenses/by-nc-sa/4.0/,Nick Komar,2016-04-06,song,F410E6C3FEF0A9A29757473EF722EEAFDE2F80F27D5E282D2A2E8C1984C9C2E1
train,American Robin,american_robin,Turdus,migratorius,322565,322565-0.wav,wavfiles/322565-0.wav,//www.xeno-canto.org/322565,//creativecommons.org/licenses/by-nc-sa/4.0/,Richard E. Webster,2015-05-20,song,AB0BE78F54384E86EB5E5DBAD7EA5806570B9593D7D34C54875FABFBA3C295DF
train,American Robin,american_robin,Turdus,migratorius,322565,322565-1.wav,wavfiles/322565-1.wav,//www.xeno-canto.org/322565,//creativecommons.org/licenses/by-nc-sa/4.0/,Richard E. Webster,2015-05-20,song,323D2D4C88CE287C4964E1E313F30FF626EC3C0D6C1647582E20436317C5CF7A
train,American Robin,american_robin,Turdus,migratorius,322565,322565-10.wav,wavfiles/322565-10.wav,//www.xeno-canto.org/322565,//creativecommons.org/licenses/by-nc-sa/4.0/,Richard E. Webster,2015-05-20,song,E8081E4653469B83D12FFCBB149324D5500001C98313EAA4CECC824BFF20EFA1
train,American Robin,american_robin,Turdus,migratorius,322565,322565-11.wav,wavfiles/322565-11.wav,//www.xeno-canto.org/322565,//creativecommons.org/licenses/by-nc-sa/4.0/,Richard E. Webster,2015-05-20,song,CA9E96DB1058C98F8D5DE9C9B9DF6FACC925A0E6047DC7B3EDED967CA8CAF96A
train,American Robin,american_robin,Turdus,migratorius,322565,322565-12.wav,wavfiles/322565-12.wav,//www.xeno-canto.org/322565,//creativecommons.org/licenses/by-nc-sa/4.0/,Richard E. Webster,2015-05-20,song,3ACCA1AE9F4E9D888468B7E8E6C671BAF94404D121BA2411F6AEE041ED2394AE
train,American Robin,american_robin,Turdus,migratorius,322565,322565-13.wav,wavfiles/322565-13.wav,//www.xeno-canto.org/322565,//creativecommons.org/licenses/by-nc-sa/4.0/,Richard E. Webster,2015-05-20,song,7748CC9397A2DB5420EAB6AFB8ABF9FE7AD95B5838833171E965EC83C65F7248
train,American Robin,american_robin,Turdus,migratorius,322565,322565-2.wav,wavfiles/322565-2.wav,//www.xeno-canto.org/322565,//creativecommons.org/licenses/by-nc-sa/4.0/,Richard E. Webster,2015-05-20,song,761FE596CDFD69AF1E61FDB6FFE8C7CE4FCAACF3E751B069B7C496DAE8B051D1
train,American Robin,american_robin,Turdus,migratorius,322565,322565-3.wav,wavfiles/322565-3.wav,//www.xeno-canto.org/322565,//creativecommons.org/licenses/by-nc-sa/4.0/,Richard E. Webster,2015-05-20,song,7C299962AA92443DE775F7461FA6CA6A364AC3C80459464E11FE04B23ACBDD2C
train,American Robin,american_robin,Turdus,migratorius,322565,322565-4.wav,wavfiles/322565-4.wav,//www.xeno-canto.org/322565,//creativecommons.org/licenses/by-nc-sa/4.0/,Richard E. Webster,2015-05-20,song,35731B3840A610543C7346D9FE70839BBFF799D2EE8C2644635A2F1E6FF1A1F6
train,American Robin,american_robin,Turdus,migratorius,322565,322565-5.wav,wavfiles/322565-5.wav,//www.xeno-canto.org/322565,//creativecommons.org/licenses/by-nc-sa/4.0/,Richard E. Webster,2015-05-20,song,4BD7E79B214CEE8DA9CADC2105FD0CCD2A88813219E44050FA7A9E2BA18885F0
train,American Robin,american_robin,Turdus,migratorius,322565,322565-6.wav,wavfiles/322565-6.wav,//www.xeno-canto.org/322565,//creativecommons.org/licenses/by-nc-sa/4.0/,Richard E. Webster,2015-05-20,song,4B155AA13344EF89358EC2A415DE7E77895181FD7CFA1063E795C3D301493E50
train,American Robin,american_robin,Turdus,migratorius,322565,322565-7.wav,wavfiles/322565-7.wav,//www.xeno-canto.org/322565,//creativecommons.org/licenses/by-nc-sa/4.0/,Richard E. Webster,2015-05-20,song,002155E68A4F7BC98AD5248DFF945CC2F4BED3269687F89373073AE7938B0775
train,American Robin,american_robin,Turdus,migratorius,322565,322565-8.wav,wavfiles/322565-8.wav,//www.xeno-canto.org/322565,//creativecommons.org/licenses/by-nc-sa/4.0/,Richard E. Webster,2015-05-20,song,D04157144C6EC2B2D2EBB20CC662B944D08345C7707B9DDB6E065CD1107B6F75
train,American Robin,american_robin,Turdus,migratorius,322565,322565-9.wav,wavfiles/322565-9.wav,//www.xeno-canto.org/322565,//creativecommons.org/licenses/by-nc-sa/4.0/,Richard E. Webster,2015-05-20,song,F989E1A27FC1BE0C33159FBE1693FE14F13B1ECACDD1A09D3FBB7AD22339BAFF
train,American Robin,american_robin,Turdus,migratorius,322734,322734-0.wav,wavfiles/322734-0.wav,//www.xeno-canto.org/322734,//creativecommons.org/licenses/by-nc-sa/4.0/,Sue Riffe,2016-06-11,song,390534804414CF915CB7FF9E096CC5E5388BBFD1C957E1C065A65993352CF22D
train,American Robin,american_robin,Turdus,migratorius,322734,322734-1.wav,wavfiles/322734-1.wav,//www.xeno-canto.org/322734,//creativecommons.org/licenses/by-nc-sa/4.0/,Sue Riffe,2016-06-11,song,8758DFB07B9072E094EC4F930201B5B9CF73B1F576A92AD25281911902224D72
train,American Robin,american_robin,Turdus,migratorius,322734,322734-2.wav,wavfiles/322734-2.wav,//www.xeno-canto.org/322734,//creativecommons.org/licenses/by-nc-sa/4.0/,Sue Riffe,2016-06-11,song,66CC49F495BA27CDCC6FC03D98399E1D3A913ECF7E7E9089BB410FF16A24B610
train,American Robin,american_robin,Turdus,migratorius,322734,322734-3.wav,wavfiles/322734-3.wav,//www.xeno-canto.org/322734,//creativecommons.org/licenses/by-nc-sa/4.0/,Sue Riffe,2016-06-11,song,A716F19072F9E80EE3D5317E7D327CBC8BEB2B7E9985F456BD1862228C9736C0
train,American Robin,american_robin,Turdus,migratorius,322734,322734-4.wav,wavfiles/322734-4.wav,//www.xeno-canto.org/322734,//creativecommons.org/licenses/by-nc-sa/4.0/,Sue Riffe,2016-06-11,song,96D0FF2BB12BC59FEE7836A5851E17D9977E1FD98FA81EA2FC51B9CC1D441EFF
train,American Robin,american_robin,Turdus,migratorius,322734,322734-5.wav,wavfiles/322734-5.wav,//www.xeno-canto.org/322734,//creativecommons.org/licenses/by-nc-sa/4.0/,Sue Riffe,2016-06-11,song,643DA65289C2347A2E414510B84A29535AC0566CBF291080723A90008BF74441
train,American Robin,american_robin,Turdus,migratorius,322734,322734-7.wav,wavfiles/322734-7.wav,//www.xeno-canto.org/322734,//creativecommons.org/licenses/by-nc-sa/4.0/,Sue Riffe,2016-06-11,song,9C5FA00DA65AC0244740C3AAB89805FFD77F4B92FA735A973FD460E61F227CC7
train,American Robin,american_robin,Turdus,migratorius,322734,322734-8.wav,wavfiles/322734-8.wav,//www.xeno-canto.org/322734,//creativecommons.org/licenses/by-nc-sa/4.0/,Sue Riffe,2016-06-11,song,73A738B453ED75020E4DBE3D3EA2256775918ABF69A9F10B5053BE8742DAC651
train,American Robin,american_robin,Turdus,migratorius,322734,322734-9.wav,wavfiles/322734-9.wav,//www.xeno-canto.org/322734,//creativecommons.org/licenses/by-nc-sa/4.0/,Sue Riffe,2016-06-11,song,7511B3AC3E81C51FEDFF67C01492090940F52210753513899905C59BD7C6B416
train,American Robin,american_robin,Turdus,migratorius,322821,322821-0.wav,wavfiles/322821-0.wav,//www.xeno-canto.org/322821,//creativecommons.org/licenses/by-nc-nd/4.0/,Peter Boesman,2016-06-01,song,56A837A456097AF2304371D25B9EA74DC758CC09DF944A537B38E378452DC160
train,American Robin,american_robin,Turdus,migratorius,322821,322821-1.wav,wavfiles/322821-1.wav,//www.xeno-canto.org/322821,//creativecommons.org/licenses/by-nc-nd/4.0/,Peter Boesman,2016-06-01,song,26CD61BE81D42B5B40C235311F4648F18C0D4BC46BEC70D9693CA3179C867BFD
train,American Robin,american_robin,Turdus,migratorius,322821,322821-10.wav,wavfiles/322821-10.wav,//www.xeno-canto.org/322821,//creativecommons.org/licenses/by-nc-nd/4.0/,Peter Boesman,2016-06-01,song,F61A27F3E6A1E20917D7C2AFD41D174B31C7EB1780303F700DC2B2EF707A34AE
train,American Robin,american_robin,Turdus,migratorius,322821,322821-11.wav,wavfiles/322821-11.wav,//www.xeno-canto.org/322821,//creativecommons.org/licenses/by-nc-nd/4.0/,Peter Boesman,2016-06-01,song,7594F669036A3270546287A426566974CFBCDDB9FCA4E77F8E073C6F50BB30A8
train,American Robin,american_robin,Turdus,migratorius,322821,322821-12.wav,wavfiles/322821-12.wav,//www.xeno-canto.org/322821,//creativecommons.org/licenses/by-nc-nd/4.0/,Peter Boesman,2016-06-01,song,0CCD05C6BBD6DE8B99C117247460F62FC4CBD89543BC3D7DA758F1CB0CA1BF64
train,American Robin,american_robin,Turdus,migratorius,322821,322821-13.wav,wavfiles/322821-13.wav,//www.xeno-canto.org/322821,//creativecommons.org/licenses/by-nc-nd/4.0/,Peter Boesman,2016-06-01,song,B536C82F327812BEECAE69EF5787496A3FF7C02763EBBA7128BA62FF3172A0D9
train,American Robin,american_robin,Turdus,migratorius,322821,322821-14.wav,wavfiles/322821-14.wav,//www.xeno-canto.org/322821,//creativecommons.org/licenses/by-nc-nd/4.0/,Peter Boesman,2016-06-01,song,6C112179D0708D6F3AC052ABC21315BA793AB4F16B638865174B8B537D8CCE50
train,American Robin,american_robin,Turdus,migratorius,322821,322821-15.wav,wavfiles/322821-15.wav,//www.xeno-canto.org/322821,//creativecommons.org/licenses/by-nc-nd/4.0/,Peter Boesman,2016-06-01,song,ABBA7B76903B760E1848011DAD9218432C7EA53E49E34E2F43246635029BD5C5
train,American Robin,american_robin,Turdus,migratorius,322821,322821-2.wav,wavfiles/322821-2.wav,//www.xeno-canto.org/322821,//creativecommons.org/licenses/by-nc-nd/4.0/,Peter Boesman,2016-06-01,song,133294AD81FC67E44F5A04DB6C0391FA188DE1F9432F198B9FFF59B748AC641D
train,American Robin,american_robin,Turdus,migratorius,322821,322821-5.wav,wavfiles/322821-5.wav,//www.xeno-canto.org/322821,//creativecommons.org/licenses/by-nc-nd/4.0/,Peter Boesman,2016-06-01,song,2DDBA6E708C61434EAB8DC1E2E565A1DCAFFF5FBC9C6729051AC129DCBA6B8F5
train,American Robin,american_robin,Turdus,migratorius,322821,322821-6.wav,wavfiles/322821-6.wav,//www.xeno-canto.org/322821,//creativecommons.org/licenses/by-nc-nd/4.0/,Peter Boesman,2016-06-01,song,0F243C4EE7BBA2821362AA38A752354D582F75E9D3663F5F9DB96127578AF20A
train,American Robin,american_robin,Turdus,migratorius,322821,322821-7.wav,wavfiles/322821-7.wav,//www.xeno-canto.org/322821,//creativecommons.org/licenses/by-nc-nd/4.0/,Peter Boesman,2016-06-01,song,7211478F8E71A92DA74A05A80880BF35F354EDEDD0B64B8678E644F0DFEDC7B0
train,American Robin,american_robin,Turdus,migratorius,322821,322821-8.wav,wavfiles/322821-8.wav,//www.xeno-canto.org/322821,//creativecommons.org/licenses/by-nc-nd/4.0/,Peter Boesman,2016-06-01,song,87F0807203C9BDEF89F25914965B6AFA6303595FEBB58FDD295B525F3AF753F5
train,American Robin,american_robin,Turdus,migratorius,322821,322821-9.wav,wavfiles/322821-9.wav,//www.xeno-canto.org/322821,//creativecommons.org/licenses/by-nc-nd/4.0/,Peter Boesman,2016-06-01,song,EF9652C1C1B468E1156FC282E4BED72749EA94DD41807269062178B901F8620E
train,American Robin,american_robin,Turdus,migratorius,322822,322822-0.wav,wavfiles/322822-0.wav,//www.xeno-canto.org/322822,//creativecommons.org/licenses/by-nc-nd/4.0/,Peter Boesman,2016-06-01,song,7E9FB0939B8B03050C12E7514175C5AF22C4C64FBD89A5E7AC5052D0EF543A41
train,American Robin,american_robin,Turdus,migratorius,322822,322822-1.wav,wavfiles/322822-1.wav,//www.xeno-canto.org/322822,//creativecommons.org/licenses/by-nc-nd/4.0/,Peter Boesman,2016-06-01,song,A004ECCCBF09C8E9470D172B6DF563E8114318F00F05031A68155DC01BDB6945
train,American Robin,american_robin,Turdus,migratorius,322822,322822-10.wav,wavfiles/322822-10.wav,//www.xeno-canto.org/322822,//creativecommons.org/licenses/by-nc-nd/4.0/,Peter Boesman,2016-06-01,song,57DCA3E645442D216FA2E88E736FB870494531B294F43A9D9F69DB54794A723D
train,American Robin,american_robin,Turdus,migratorius,322822,322822-11.wav,wavfiles/322822-11.wav,//www.xeno-canto.org/322822,//creativecommons.org/licenses/by-nc-nd/4.0/,Peter Boesman,2016-06-01,song,23C9E7DC346B15F8042EAF9AF3BD5C2A57A61BDA798649917D2DB59218716440
train,American Robin,american_robin,Turdus,migratorius,322822,322822-12.wav,wavfiles/322822-12.wav,//www.xeno-canto.org/322822,//creativecommons.org/licenses/by-nc-nd/4.0/,Peter Boesman,2016-06-01,song,FE3C48427BBE35FDF10812C413FF3C082E1057CBE7C681648F02CBB93784433E
train,American Robin,american_robin,Turdus,migratorius,322822,322822-13.wav,wavfiles/322822-13.wav,//www.xeno-canto.org/322822,//creativecommons.org/licenses/by-nc-nd/4.0/,Peter Boesman,2016-06-01,song,E773AD65889D303375BFEEAC6B5EFB62F7E3869ED54A1D80355F8D3D70DD6029
train,American Robin,american_robin,Turdus,migratorius,322822,322822-14.wav,wavfiles/322822-14.wav,//www.xeno-canto.org/322822,//creativecommons.org/licenses/by-nc-nd/4.0/,Peter Boesman,2016-06-01,song,A40293373AEA752B206C9B9AC73C40D9D2143248A05A1BFED33EEAA8F3B69D38
train,American Robin,american_robin,Turdus,migratorius,322822,322822-15.wav,wavfiles/322822-15.wav,//www.xeno-canto.org/322822,//creativecommons.org/licenses/by-nc-nd/4.0/,Peter Boesman,2016-06-01,song,657716799530BBD3400820CF1FE28D1E182D2C73D91CCD91867A3EDED2CF7FE7
train,American Robin,american_robin,Turdus,migratorius,322822,322822-2.wav,wavfiles/322822-2.wav,//www.xeno-canto.org/322822,//creativecommons.org/licenses/by-nc-nd/4.0/,Peter Boesman,2016-06-01,song,D41D283870B85A415AB6F78C1CAF2E2D496B2C33D6EE1009F4B16093CB2ABFD4
train,American Robin,american_robin,Turdus,migratorius,322822,322822-3.wav,wavfiles/322822-3.wav,//www.xeno-canto.org/322822,//creativecommons.org/licenses/by-nc-nd/4.0/,Peter Boesman,2016-06-01,song,FA235A36A51603D4784517B6F9A366BFAA4A13119786EA7FC80C1073DC42D879
train,American Robin,american_robin,Turdus,migratorius,322822,322822-4.wav,wavfiles/322822-4.wav,//www.xeno-canto.org/322822,//creativecommons.org/licenses/by-nc-nd/4.0/,Peter Boesman,2016-06-01,song,C0F2A01C12A307CF38DF5E131739580B12D2BAE6DB2BF3831E3BC01F639FBDE7
train,American Robin,american_robin,Turdus,migratorius,322822,322822-8.wav,wavfiles/322822-8.wav,//www.xeno-canto.org/322822,//creativecommons.org/licenses/by-nc-nd/4.0/,Peter Boesman,2016-06-01,song,C14AA4B9E9CABA7FFC544A8E214BED3ABCF7BA86E1982D6801A4CDF66974D8E0
train,American Robin,american_robin,Turdus,migratorius,322822,322822-9.wav,wavfiles/322822-9.wav,//www.xeno-canto.org/322822,//creativecommons.org/licenses/by-nc-nd/4.0/,Peter Boesman,2016-06-01,song,721EF92AA538AE090A372948BD500B5C3ABE73FE1E32031CBB52A9C90952C9CB
train,American Robin,american_robin,Turdus,migratorius,322884,322884-0.wav,wavfiles/322884-0.wav,//www.xeno-canto.org/322884,//creativecommons.org/licenses/by-nc-nd/4.0/,Peter Boesman,2016-06-02,song,2A399E3F252DD74AF4CDFD683D4D199B5C31A48D7D54C608BE39ABECEC59F170
train,American Robin,american_robin,Turdus,migratorius,322884,322884-1.wav,wavfiles/322884-1.wav,//www.xeno-canto.org/322884,//creativecommons.org/licenses/by-nc-nd/4.0/,Peter Boesman,2016-06-02,song,3459E2621A156E63963B8CB1F85C35B7470AAE2EACBD8B59667F14CE773D83EF
train,American Robin,american_robin,Turdus,migratorius,322884,322884-10.wav,wavfiles/322884-10.wav,//www.xeno-canto.org/322884,//creativecommons.org/licenses/by-nc-nd/4.0/,Peter Boesman,2016-06-02,song,C394F6F8745D045818D039359F33057D8508E618730C36E9BB3FE75F7F586D3F
train,American Robin,american_robin,Turdus,migratorius,322884,322884-11.wav,wavfiles/322884-11.wav,//www.xeno-canto.org/322884,//creativecommons.org/licenses/by-nc-nd/4.0/,Peter Boesman,2016-06-02,song,02793262DC2C7C1B8785632C91BDF7B3DAB11AACE0F7F024F3B12101FDEEEBA0
train,American Robin,american_robin,Turdus,migratorius,322884,322884-2.wav,wavfiles/322884-2.wav,//www.xeno-canto.org/322884,//creativecommons.org/licenses/by-nc-nd/4.0/,Peter Boesman,2016-06-02,song,12751556B86B7969B71526326768F7D478E3E6567E51F3C96955506E1D0E7146
train,American Robin,american_robin,Turdus,migratorius,322884,322884-3.wav,wavfiles/322884-3.wav,//www.xeno-canto.org/322884,//creativecommons.org/licenses/by-nc-nd/4.0/,Peter Boesman,2016-06-02,song,1CBDB11F2ECB86791D20CB0F90FA5E75F06E9BE30B33A693D32C832B1AB01289
train,American Robin,american_robin,Turdus,migratorius,322884,322884-4.wav,wavfiles/322884-4.wav,//www.xeno-canto.org/322884,//creativecommons.org/licenses/by-nc-nd/4.0/,Peter Boesman,2016-06-02,song,E3F375A9ED7C7D5F95373D4010C6CBC4EF1A380B08EC29DF937BF4563C7A1B15
train,American Robin,american_robin,Turdus,migratorius,322884,322884-5.wav,wavfiles/322884-5.wav,//www.xeno-canto.org/322884,//creativecommons.org/licenses/by-nc-nd/4.0/,Peter Boesman,2016-06-02,song,4BB2E1CEB4C909B4775923AAA839F9426493B002BEDE74C093C4CBA6E877BE68
train,American Robin,american_robin,Turdus,migratorius,322884,322884-6.wav,wavfiles/322884-6.wav,//www.xeno-canto.org/322884,//creativecommons.org/licenses/by-nc-nd/4.0/,Peter Boesman,2016-06-02,song,06C1E1E07B93A9B0F310E0C113FABACE3AF49039B8779965059B2194D9EA4A3C
train,American Robin,american_robin,Turdus,migratorius,322884,322884-7.wav,wavfiles/322884-7.wav,//www.xeno-canto.org/322884,//creativecommons.org/licenses/by-nc-nd/4.0/,Peter Boesman,2016-06-02,song,5F834DA6EACB3803486CE6079D6912FE52589968C322B899D193AB4A654B3B4C
train,American Robin,american_robin,Turdus,migratorius,322884,322884-8.wav,wavfiles/322884-8.wav,//www.xeno-canto.org/322884,//creativecommons.org/licenses/by-nc-nd/4.0/,Peter Boesman,2016-06-02,song,84D6BE077C2160BF0033B460E997C0BF1F095129F6124F6A14C402BACA5F68D0
train,American Robin,american_robin,Turdus,migratorius,322884,322884-9.wav,wavfiles/322884-9.wav,//www.xeno-canto.org/322884,//creativecommons.org/licenses/by-nc-nd/4.0/,Peter Boesman,2016-06-02,song,3C1B433C1458CA611EE6C0E0C52E112D7E558A58EFEAB9424EAA1BEF4714E993
train,American Robin,american_robin,Turdus,migratorius,322887,322887-0.wav,wavfiles/322887-0.wav,//www.xeno-canto.org/322887,//creativecommons.org/licenses/by-nc-nd/4.0/,Peter Boesman,2016-06-02,"call, song",0228D4C355F59A091B49E3053E10E874590B0F41AB9C300C0E1CB9315E9446D4
train,American Robin,american_robin,Turdus,migratorius,322887,322887-1.wav,wavfiles/322887-1.wav,//www.xeno-canto.org/322887,//creativecommons.org/licenses/by-nc-nd/4.0/,Peter Boesman,2016-06-02,"call, song",EE1FB510004A3A7B8A1D2FF83F5B65426E0F076C23C04EB91A6D47F642A3E590
train,American Robin,american_robin,Turdus,migratorius,322887,322887-10.wav,wavfiles/322887-10.wav,//www.xeno-canto.org/322887,//creativecommons.org/licenses/by-nc-nd/4.0/,Peter Boesman,2016-06-02,"call, song",284A3807F07CDF584654C42E5DD0ED895E159AD11C520130E1BCF47570A74778
train,American Robin,american_robin,Turdus,migratorius,322887,322887-11.wav,wavfiles/322887-11.wav,//www.xeno-canto.org/322887,//creativecommons.org/licenses/by-nc-nd/4.0/,Peter Boesman,2016-06-02,"call, song",FD7391860715308D508CFAA886E4B804CF734CD8E51718765F89731F5DE431EE
train,American Robin,american_robin,Turdus,migratorius,322887,322887-12.wav,wavfiles/322887-12.wav,//www.xeno-canto.org/322887,//creativecommons.org/licenses/by-nc-nd/4.0/,Peter Boesman,2016-06-02,"call, song",EFFDD2D20011CDBE55CCFACBAEF0375DEE2C113A5ABA4C19A509B20F798299C5
train,American Robin,american_robin,Turdus,migratorius,322887,322887-13.wav,wavfiles/322887-13.wav,//www.xeno-canto.org/322887,//creativecommons.org/licenses/by-nc-nd/4.0/,Peter Boesman,2016-06-02,"call, song",6B612BE7A2E53541037208F3971EA4AE3A52E325444C90E9745B1AB34DE07F7F
train,American Robin,american_robin,Turdus,migratorius,322887,322887-14.wav,wavfiles/322887-14.wav,//www.xeno-canto.org/322887,//creativecommons.org/licenses/by-nc-nd/4.0/,Peter Boesman,2016-06-02,"call, song",758A637C0C3F33ED76481D16624E3E1C7B90AA8DF6FDBAFD856289CC87432AF0
train,American Robin,american_robin,Turdus,migratorius,322887,322887-2.wav,wavfiles/322887-2.wav,//www.xeno-canto.org/322887,//creativecommons.org/licenses/by-nc-nd/4.0/,Peter Boesman,2016-06-02,"call, song",41BB7546D07DE9C441B4186D1C9B258C8032B1AC9AF6CDA9A347467241FF80E2
train,American Robin,american_robin,Turdus,migratorius,322887,322887-3.wav,wavfiles/322887-3.wav,//www.xeno-canto.org/322887,//creativecommons.org/licenses/by-nc-nd/4.0/,Peter Boesman,2016-06-02,"call, song",A0DEEE7DD85E265B671CF84C10E027A0DC7A876290CD0518F5232C206179C2C4
train,American Robin,american_robin,Turdus,migratorius,322887,322887-4.wav,wavfiles/322887-4.wav,//www.xeno-canto.org/322887,//creativecommons.org/licenses/by-nc-nd/4.0/,Peter Boesman,2016-06-02,"call, song",8B746F7B3183C7501719BEE0AD5DD34E56AED6300AD908F4AB58FEDD4F614A32
train,American Robin,american_robin,Turdus,migratorius,322887,322887-5.wav,wavfiles/322887-5.wav,//www.xeno-canto.org/322887,//creativecommons.org/licenses/by-nc-nd/4.0/,Peter Boesman,2016-06-02,"call, song",699831DA9715C9A48DA729F11A3E095994C66957C3B46F0953D7ADBE6315240B
train,American Robin,american_robin,Turdus,migratorius,322887,322887-6.wav,wavfiles/322887-6.wav,//www.xeno-canto.org/322887,//creativecommons.org/licenses/by-nc-nd/4.0/,Peter Boesman,2016-06-02,"call, song",82182E63774D12F3D7C5DAF2060E58FD6FD3A5B4192AB530EFD27108FCF15060
train,American Robin,american_robin,Turdus,migratorius,322887,322887-7.wav,wavfiles/322887-7.wav,//www.xeno-canto.org/322887,//creativecommons.org/licenses/by-nc-nd/4.0/,Peter Boesman,2016-06-02,"call, song",4081281BACE22BFADB685C1360682EDCCA00E40D7A27F5EBF09B938B8757607D
train,American Robin,american_robin,Turdus,migratorius,322887,322887-8.wav,wavfiles/322887-8.wav,//www.xeno-canto.org/322887,//creativecommons.org/licenses/by-nc-nd/4.0/,Peter Boesman,2016-06-02,"call, song",516CE88E51A8FB053B331D632E56BF4BD7A78AB093EB59ABF3B836F0BC87CD94
train,American Robin,american_robin,Turdus,migratorius,322887,322887-9.wav,wavfiles/322887-9.wav,//www.xeno-canto.org/322887,//creativecommons.org/licenses/by-nc-nd/4.0/,Peter Boesman,2016-06-02,"call, song",56B619C4A06272C0DFCAF018A16545A95F4A114BBE4F5DD1E9DB767A2471585B
train,American Robin,american_robin,Turdus,migratorius,367008,367008-0.wav,wavfiles/367008-0.wav,//www.xeno-canto.org/367008,//creativecommons.org/licenses/by-nc-sa/4.0/,Jorge de Leon Cardozo,2017-04-24,song,E7D67CA9507657AD3353C56E6D2FFF2FF8AEC3E63F9D071C0ECD44555D1AD5CF
train,American Robin,american_robin,Turdus,migratorius,367008,367008-1.wav,wavfiles/367008-1.wav,//www.xeno-canto.org/367008,//creativecommons.org/licenses/by-nc-sa/4.0/,Jorge de Leon Cardozo,2017-04-24,song,D5E3AA25BE74EBAD5B66FF8205B27BA7730B42AE5BDFD4AFF908C21C881A7BB3
train,American Robin,american_robin,Turdus,migratorius,367008,367008-10.wav,wavfiles/367008-10.wav,//www.xeno-canto.org/367008,//creativecommons.org/licenses/by-nc-sa/4.0/,Jorge de Leon Cardozo,2017-04-24,song,2D07812829A77EDD436E8AFBA435C002731E7D1F25B0D361F3E15331CE78D634
train,American Robin,american_robin,Turdus,migratorius,367008,367008-11.wav,wavfiles/367008-11.wav,//www.xeno-canto.org/367008,//creativecommons.org/licenses/by-nc-sa/4.0/,Jorge de Leon Cardozo,2017-04-24,song,7DC3F2F35051388C95E40E39ABD3E01BD16004E93A5504BFD884432869E7ABD9
train,American Robin,american_robin,Turdus,migratorius,367008,367008-12.wav,wavfiles/367008-12.wav,//www.xeno-canto.org/367008,//creativecommons.org/licenses/by-nc-sa/4.0/,Jorge de Leon Cardozo,2017-04-24,song,8E222A1BCE8D0E12533220DB127791E4A7B41B1E0C76FE4149CF14D822064E0D
train,American Robin,american_robin,Turdus,migratorius,367008,367008-14.wav,wavfiles/367008-14.wav,//www.xeno-canto.org/367008,//creativecommons.org/licenses/by-nc-sa/4.0/,Jorge de Leon Cardozo,2017-04-24,song,E22646275EFBAB0DE812993484A17398827AB6706CDAA567C8883D0763B4805E
train,American Robin,american_robin,Turdus,migratorius,367008,367008-15.wav,wavfiles/367008-15.wav,//www.xeno-canto.org/367008,//creativecommons.org/licenses/by-nc-sa/4.0/,Jorge de Leon Cardozo,2017-04-24,song,1C3ABC15A8578FAB47CA054B146951401463F3A617E4CE1411EF00B315D0A3E2
train,American Robin,american_robin,Turdus,migratorius,367008,367008-16.wav,wavfiles/367008-16.wav,//www.xeno-canto.org/367008,//creativecommons.org/licenses/by-nc-sa/4.0/,Jorge de Leon Cardozo,2017-04-24,song,8281020FADA2DA0A946B4EB39021141F359987AD2C5921251FBD9671867914A9
train,American Robin,american_robin,Turdus,migratorius,367008,367008-17.wav,wavfiles/367008-17.wav,//www.xeno-canto.org/367008,//creativecommons.org/licenses/by-nc-sa/4.0/,Jorge de Leon Cardozo,2017-04-24,song,23A241BE20846D21F49385305750B0F21BF43ED179143D2FF1AE80EF2ACFE0E2
train,American Robin,american_robin,Turdus,migratorius,367008,367008-2.wav,wavfiles/367008-2.wav,//www.xeno-canto.org/367008,//creativecommons.org/licenses/by-nc-sa/4.0/,Jorge de Leon Cardozo,2017-04-24,song,58FA81845FDCA65A4633BB0BBE5CE00D604D7FF7E6A4AD29DEBD77EB558100FF
train,American Robin,american_robin,Turdus,migratorius,367008,367008-3.wav,wavfiles/367008-3.wav,//www.xeno-canto.org/367008,//creativecommons.org/licenses/by-nc-sa/4.0/,Jorge de Leon Cardozo,2017-04-24,song,2A6B8594E2CD56AFF50F30E419C770A379AFE7A9F8FCB70C5230EA9E787447B1
train,American Robin,american_robin,Turdus,migratorius,367008,367008-4.wav,wavfiles/367008-4.wav,//www.xeno-canto.org/367008,//creativecommons.org/licenses/by-nc-sa/4.0/,Jorge de Leon Cardozo,2017-04-24,song,D3469FBC9DC9D58E80B0D6BA739BB6AB78A7ADB7664042461767F7E55C5E7EC3
train,American Robin,american_robin,Turdus,migratorius,367008,367008-5.wav,wavfiles/367008-5.wav,//www.xeno-canto.org/367008,//creativecommons.org/licenses/by-nc-sa/4.0/,Jorge de Leon Cardozo,2017-04-24,song,07861BA5FB9A481FBA1E32E4D4BEB07702D6D27BB019E6ABEF8CAEBAE06A5628
train,American Robin,american_robin,Turdus,migratorius,367008,367008-6.wav,wavfiles/367008-6.wav,//www.xeno-canto.org/367008,//creativecommons.org/licenses/by-nc-sa/4.0/,Jorge de Leon Cardozo,2017-04-24,song,62E8DB63B0CA662A39BC9E86D7BA3AAF00C6094AB9A27F8A07FB13010C9ED5E3
train,American Robin,american_robin,Turdus,migratorius,367008,367008-7.wav,wavfiles/367008-7.wav,//www.xeno-canto.org/367008,//creativecommons.org/licenses/by-nc-sa/4.0/,Jorge de Leon Cardozo,2017-04-24,song,CDC237A51876E1F5CEEDBE9C32DB86630CD107295104AAEAE52563BA434D3435
train,American Robin,american_robin,Turdus,migratorius,367008,367008-8.wav,wavfiles/367008-8.wav,//www.xeno-canto.org/367008,//creativecommons.org/licenses/by-nc-sa/4.0/,Jorge de Leon Cardozo,2017-04-24,song,991BB431F133D29575F4E041459C19D32F644D7F50F1FBE1894BD2EE6C3DBF49
train,American Robin,american_robin,Turdus,migratorius,367008,367008-9.wav,wavfiles/367008-9.wav,//www.xeno-canto.org/367008,//creativecommons.org/licenses/by-nc-sa/4.0/,Jorge de Leon Cardozo,2017-04-24,song,DBD3F1BC33970B58B688697B92AD005B7407D3973F7457CDB9F74543A283E119
train,American Robin,american_robin,Turdus,migratorius,368614,368614-0.wav,wavfiles/368614-0.wav,//www.xeno-canto.org/368614,//creativecommons.org/licenses/by-nc-sa/4.0/,Sue Riffe,2017-04-01,"call, song",50E6B9C186741338ACC98A54C75F0555F403458496E14A344891B34588EE71E7
train,American Robin,american_robin,Turdus,migratorius,368614,368614-1.wav,wavfiles/368614-1.wav,//www.xeno-canto.org/368614,//creativecommons.org/licenses/by-nc-sa/4.0/,Sue Riffe,2017-04-01,"call, song",F998C09DBFC659E416909D534B8451F97F946BB82F81E8B5C07C21A9D8E7E23E
train,American Robin,american_robin,Turdus,migratorius,368614,368614-10.wav,wavfiles/368614-10.wav,//www.xeno-canto.org/368614,//creativecommons.org/licenses/by-nc-sa/4.0/,Sue Riffe,2017-04-01,"call, song",D0A4BEDF700B3E6AB2F15C9B0F4049AA384C78EBFD1C5780BA40AC1115B0BD4C
train,American Robin,american_robin,Turdus,migratorius,368614,368614-13.wav,wavfiles/368614-13.wav,//www.xeno-canto.org/368614,//creativecommons.org/licenses/by-nc-sa/4.0/,Sue Riffe,2017-04-01,"call, song",7FA16477BF0090BB55BA54E127F34029E989E1763E6B2F80186252EC14D2D9B9
train,American Robin,american_robin,Turdus,migratorius,368614,368614-14.wav,wavfiles/368614-14.wav,//www.xeno-canto.org/368614,//creativecommons.org/licenses/by-nc-sa/4.0/,Sue Riffe,2017-04-01,"call, song",992123F027BA43009EA65F10199074338E4729EDE2935E81EFC1DC28F369ADD5
train,American Robin,american_robin,Turdus,migratorius,368614,368614-15.wav,wavfiles/368614-15.wav,//www.xeno-canto.org/368614,//creativecommons.org/licenses/by-nc-sa/4.0/,Sue Riffe,2017-04-01,"call, song",76DFAFA06E6F458F70251B01F7BC130E64C5ED861AF6930D54FB1455279A4623
train,American Robin,american_robin,Turdus,migratorius,368614,368614-2.wav,wavfiles/368614-2.wav,//www.xeno-canto.org/368614,//creativecommons.org/licenses/by-nc-sa/4.0/,Sue Riffe,2017-04-01,"call, song",70841451A66007DAF89D4C8590B21AEA2BA0ECEB4E0BB18BF54ADBD7BED8DD45
train,American Robin,american_robin,Turdus,migratorius,368614,368614-3.wav,wavfiles/368614-3.wav,//www.xeno-canto.org/368614,//creativecommons.org/licenses/by-nc-sa/4.0/,Sue Riffe,2017-04-01,"call, song",D73811393B421ACDE4DEEF79F9C3F38BB9EECEA9589E9531E7867D00C7D345FE
train,American Robin,american_robin,Turdus,migratorius,368614,368614-4.wav,wavfiles/368614-4.wav,//www.xeno-canto.org/368614,//creativecommons.org/licenses/by-nc-sa/4.0/,Sue Riffe,2017-04-01,"call, song",FA15F8BCB21E9DCFF76E7B506FE67FB8E1070BAC6B27EFD3C1269FA2F08E2353
train,American Robin,american_robin,Turdus,migratorius,368614,368614-5.wav,wavfiles/368614-5.wav,//www.xeno-canto.org/368614,//creativecommons.org/licenses/by-nc-sa/4.0/,Sue Riffe,2017-04-01,"call, song",AB183273D2BE40D257AF1CF9F3866867703DFD8A573D424CA459A5AE6043B49A
train,American Robin,american_robin,Turdus,migratorius,368614,368614-6.wav,wavfiles/368614-6.wav,//www.xeno-canto.org/368614,//creativecommons.org/licenses/by-nc-sa/4.0/,Sue Riffe,2017-04-01,"call, song",970834F5B68E564649C5A25A5E5FBA9D8302D90D9AB4C026045D3D2A13C786BC
train,American Robin,american_robin,Turdus,migratorius,368614,368614-7.wav,wavfiles/368614-7.wav,//www.xeno-canto.org/368614,//creativecommons.org/licenses/by-nc-sa/4.0/,Sue Riffe,2017-04-01,"call, song",CED7C2D98441383BE9AA85273C85D3BDC69FB455E9138E87C451BA529D59942F
train,American Robin,american_robin,Turdus,migratorius,368614,368614-8.wav,wavfiles/368614-8.wav,//www.xeno-canto.org/368614,//creativecommons.org/licenses/by-nc-sa/4.0/,Sue Riffe,2017-04-01,"call, song",2387FCA3C0D29EF8870A8C8EFFB0E230F5ED1D3B54F7B1E7585D34705C2DC5A2
train,American Robin,american_robin,Turdus,migratorius,368614,368614-9.wav,wavfiles/368614-9.wav,//www.xeno-canto.org/368614,//creativecommons.org/licenses/by-nc-sa/4.0/,Sue Riffe,2017-04-01,"call, song",C0926447E2FE2FAA9CF4A0A45472CBE7B067DBB06A5EB5D2580525A4E686FB54
train,American Robin,american_robin,Turdus,migratorius,368615,368615-0.wav,wavfiles/368615-0.wav,//www.xeno-canto.org/368615,//creativecommons.org/licenses/by-nc-sa/4.0/,Sue Riffe,2017-04-01,"call, song",C987B7396964F25300FD512F732FDE4B26C2717F96410AF1ABF6EA9914ADE8F7
train,American Robin,american_robin,Turdus,migratorius,368615,368615-1.wav,wavfiles/368615-1.wav,//www.xeno-canto.org/368615,//creativecommons.org/licenses/by-nc-sa/4.0/,Sue Riffe,2017-04-01,"call, song",9EEA89C7AE0E3920DBF89F0EE4C3881FA530E8D43137BE51F6B2173F4F55D5C2
train,American Robin,american_robin,Turdus,migratorius,368615,368615-10.wav,wavfiles/368615-10.wav,//www.xeno-canto.org/368615,//creativecommons.org/licenses/by-nc-sa/4.0/,Sue Riffe,2017-04-01,"call, song",23066AEB65919CC5D7A864B60F4F89F4B129488333F8893E1F8916724DB4C29C
train,American Robin,american_robin,Turdus,migratorius,368615,368615-11.wav,wavfiles/368615-11.wav,//www.xeno-canto.org/368615,//creativecommons.org/licenses/by-nc-sa/4.0/,Sue Riffe,2017-04-01,"call, song",A4DD5277128F7B006A5A8213D2FF79801E67CBF64C26A3016FFA46294F2FDA17
train,American Robin,american_robin,Turdus,migratorius,368615,368615-12.wav,wavfiles/368615-12.wav,//www.xeno-canto.org/368615,//creativecommons.org/licenses/by-nc-sa/4.0/,Sue Riffe,2017-04-01,"call, song",DEE36EB276269CCB535147D0A918FEB369418300F9AC09E0F122B15EAFDDED9E
train,American Robin,american_robin,Turdus,migratorius,368615,368615-13.wav,wavfiles/368615-13.wav,//www.xeno-canto.org/368615,//creativecommons.org/licenses/by-nc-sa/4.0/,Sue Riffe,2017-04-01,"call, song",06A861DD0D060D9C90763F4480468519C1B7114F6FD11E01B6D8D298DBF90E9E
train,American Robin,american_robin,Turdus,migratorius,368615,368615-14.wav,wavfiles/368615-14.wav,//www.xeno-canto.org/368615,//creativecommons.org/licenses/by-nc-sa/4.0/,Sue Riffe,2017-04-01,"call, song",FBB6E562635978D1605B009A2D8E07C6616DA4A2ED84104FE0C1D7DF4A490763
train,American Robin,american_robin,Turdus,migratorius,368615,368615-15.wav,wavfiles/368615-15.wav,//www.xeno-canto.org/368615,//creativecommons.org/licenses/by-nc-sa/4.0/,Sue Riffe,2017-04-01,"call, song",BB270B68BB82303EB0FA21CF400BCFF6E33D356980F2CF09F839BC92DBD9CE8D
train,American Robin,american_robin,Turdus,migratorius,368615,368615-16.wav,wavfiles/368615-16.wav,//www.xeno-canto.org/368615,//creativecommons.org/licenses/by-nc-sa/4.0/,Sue Riffe,2017-04-01,"call, song",69FF35B937280F59A265B33A4891CC9F4756B3E59A360A28DAA7A6608E50F594
train,American Robin,american_robin,Turdus,migratorius,368615,368615-2.wav,wavfiles/368615-2.wav,//www.xeno-canto.org/368615,//creativecommons.org/licenses/by-nc-sa/4.0/,Sue Riffe,2017-04-01,"call, song",FECB975B93A3904E940A63B90E28903A1A83BAFA776E556DE9114DD1CFF4FFCB
train,American Robin,american_robin,Turdus,migratorius,368615,368615-3.wav,wavfiles/368615-3.wav,//www.xeno-canto.org/368615,//creativecommons.org/licenses/by-nc-sa/4.0/,Sue Riffe,2017-04-01,"call, song",9734D08B54C61E65E3537F9141058F6247CB2D56A0DDEBC3E02D22B8B1274DBC
train,American Robin,american_robin,Turdus,migratorius,368615,368615-4.wav,wavfiles/368615-4.wav,//www.xeno-canto.org/368615,//creativecommons.org/licenses/by-nc-sa/4.0/,Sue Riffe,2017-04-01,"call, song",6842F70DF59DAE4A00F6E9DCF5E3EC4640B99CBA9CC5E0BD331A6B8C298815A5
train,American Robin,american_robin,Turdus,migratorius,368615,368615-5.wav,wavfiles/368615-5.wav,//www.xeno-canto.org/368615,//creativecommons.org/licenses/by-nc-sa/4.0/,Sue Riffe,2017-04-01,"call, song",BF628A72BD1B87B04C98ACB282CD166CD0F8E11477C65A8B0515048F8A33C861
train,American Robin,american_robin,Turdus,migratorius,368615,368615-6.wav,wavfiles/368615-6.wav,//www.xeno-canto.org/368615,//creativecommons.org/licenses/by-nc-sa/4.0/,Sue Riffe,2017-04-01,"call, song",3330D90B2BAA3DD4825308D51AAB95325AE93E542CB134F1F7D0EE730DFC6B7A
train,American Robin,american_robin,Turdus,migratorius,368615,368615-7.wav,wavfiles/368615-7.wav,//www.xeno-canto.org/368615,//creativecommons.org/licenses/by-nc-sa/4.0/,Sue Riffe,2017-04-01,"call, song",78C998C755FEE9D6D891C5239CC63C876042B09C284BF4B11E23EA2D340A97F1
train,American Robin,american_robin,Turdus,migratorius,368615,368615-8.wav,wavfiles/368615-8.wav,//www.xeno-canto.org/368615,//creativecommons.org/licenses/by-nc-sa/4.0/,Sue Riffe,2017-04-01,"call, song",5D478344BF36B1CABC69C0A5B53B92D077EE6F0E9F9B6FF7A60D28716AFACDBB
train,American Robin,american_robin,Turdus,migratorius,368615,368615-9.wav,wavfiles/368615-9.wav,//www.xeno-canto.org/368615,//creativecommons.org/licenses/by-nc-sa/4.0/,Sue Riffe,2017-04-01,"call, song",2DE528E1B0FA0879E742D37EFFD512DBF7BC505331F28A068DC16C6176C5C066
train,American Robin,american_robin,Turdus,migratorius,375006,375006-0.wav,wavfiles/375006-0.wav,//www.xeno-canto.org/375006,//creativecommons.org/licenses/by-nc-sa/4.0/,Scott Gravette,2017-06-05,"male, song",2D76D82370CD2DB9D07F3DAE59A0F083D9DBE10BE5BAF067436586F489E0CC3A
train,American Robin,american_robin,Turdus,migratorius,375006,375006-1.wav,wavfiles/375006-1.wav,//www.xeno-canto.org/375006,//creativecommons.org/licenses/by-nc-sa/4.0/,Scott Gravette,2017-06-05,"male, song",83FD46574B4939E3A3EFE0175384BAF7609FE429EF4ABEAA4C7CF7ECA5D083F0
train,American Robin,american_robin,Turdus,migratorius,375006,375006-10.wav,wavfiles/375006-10.wav,//www.xeno-canto.org/375006,//creativecommons.org/licenses/by-nc-sa/4.0/,Scott Gravette,2017-06-05,"male, song",B931EC7FE4A4E517A3A8ABFA52EFA4E44681DCA2100EC70C8AF834FCDD4E452B
train,American Robin,american_robin,Turdus,migratorius,375006,375006-11.wav,wavfiles/375006-11.wav,//www.xeno-canto.org/375006,//creativecommons.org/licenses/by-nc-sa/4.0/,Scott Gravette,2017-06-05,"male, song",7E0EB0E72D8AC8259FC128161A24395D26EB33C4670A25EE3BB758E22AD450DE
train,American Robin,american_robin,Turdus,migratorius,375006,375006-12.wav,wavfiles/375006-12.wav,//www.xeno-canto.org/375006,//creativecommons.org/licenses/by-nc-sa/4.0/,Scott Gravette,2017-06-05,"male, song",07E147879A9DD13AF63E76A3823D2BF50A42A1C63B8921CAAA988FFC04CC0222
train,American Robin,american_robin,Turdus,migratorius,375006,375006-13.wav,wavfiles/375006-13.wav,//www.xeno-canto.org/375006,//creativecommons.org/licenses/by-nc-sa/4.0/,Scott Gravette,2017-06-05,"male, song",B26ED6D8A01A0A1FF42AAF156AEC6624724F32473B786D41F9053A2FF8D35BD6
train,American Robin,american_robin,Turdus,migratorius,375006,375006-14.wav,wavfiles/375006-14.wav,//www.xeno-canto.org/375006,//creativecommons.org/licenses/by-nc-sa/4.0/,Scott Gravette,2017-06-05,"male, song",4E0B8A23A100B6194EFFCE4C6DCC07971369B32E7AB30DF5EF3AE35A1EC18986
train,American Robin,american_robin,Turdus,migratorius,375006,375006-15.wav,wavfiles/375006-15.wav,//www.xeno-canto.org/375006,//creativecommons.org/licenses/by-nc-sa/4.0/,Scott Gravette,2017-06-05,"male, song",E03838E23ADB625DFE14BC68BF8334105F6D406F6547BDB7611B4C1C2AF6A7BF
train,American Robin,american_robin,Turdus,migratorius,375006,375006-2.wav,wavfiles/375006-2.wav,//www.xeno-canto.org/375006,//creativecommons.org/licenses/by-nc-sa/4.0/,Scott Gravette,2017-06-05,"male, song",A8E5C5ADFEE9714BC0B68195BD7E69809124C2A0E1645F300BA610163108752D
train,American Robin,american_robin,Turdus,migratorius,375006,375006-5.wav,wavfiles/375006-5.wav,//www.xeno-canto.org/375006,//creativecommons.org/licenses/by-nc-sa/4.0/,Scott Gravette,2017-06-05,"male, song",77BBC60A0B94B33B59FC3EEA87538F578CBB11D1A2AA086E0C043CAFAF74B5EE
train,American Robin,american_robin,Turdus,migratorius,375006,375006-6.wav,wavfiles/375006-6.wav,//www.xeno-canto.org/375006,//creativecommons.org/licenses/by-nc-sa/4.0/,Scott Gravette,2017-06-05,"male, song",D0F6F3FB650F1806D69460925B7DBF13C23CF8643D765ED684C34FCE6704AA95
train,American Robin,american_robin,Turdus,migratorius,375006,375006-7.wav,wavfiles/375006-7.wav,//www.xeno-canto.org/375006,//creativecommons.org/licenses/by-nc-sa/4.0/,Scott Gravette,2017-06-05,"male, song",D5DF5EC70794C92CEAC5ACEDC8E4FCBD06E11E7E13B43612B0E3C39EECDAA136
train,American Robin,american_robin,Turdus,migratorius,375006,375006-8.wav,wavfiles/375006-8.wav,//www.xeno-canto.org/375006,//creativecommons.org/licenses/by-nc-sa/4.0/,Scott Gravette,2017-06-05,"male, song",FF6D423329A0C1CAE0F23471831FC046C4021A97BC71DFCCB9D154C897FF7AC9
train,American Robin,american_robin,Turdus,migratorius,375006,375006-9.wav,wavfiles/375006-9.wav,//www.xeno-canto.org/375006,//creativecommons.org/licenses/by-nc-sa/4.0/,Scott Gravette,2017-06-05,"male, song",2392933FB520103A40BA60693E1F5776F694DFEBC0AE5EDA697149AC18DE01EB
train,American Robin,american_robin,Turdus,migratorius,375274,375274-0.wav,wavfiles/375274-0.wav,//www.xeno-canto.org/375274,//creativecommons.org/licenses/by-nc-sa/4.0/,Susan Hochgraf,2017-05-27,"male, song",01084F101B280773CA4C904A7B620B1BB640B895F424CC37B9D154EE01A74368
train,American Robin,american_robin,Turdus,migratorius,375274,375274-1.wav,wavfiles/375274-1.wav,//www.xeno-canto.org/375274,//creativecommons.org/licenses/by-nc-sa/4.0/,Susan Hochgraf,2017-05-27,"male, song",55BB915904DB2582805C259BE1FD6B15E3B809A498B2B8627A9402D15AFE9881
train,American Robin,american_robin,Turdus,migratorius,375274,375274-10.wav,wavfiles/375274-10.wav,//www.xeno-canto.org/375274,//creativecommons.org/licenses/by-nc-sa/4.0/,Susan Hochgraf,2017-05-27,"male, song",9C374D31328A2345133492ABE3D3B85B8CA74C2722FCEA86301BD3ADABCA56EE
train,American Robin,american_robin,Turdus,migratorius,375274,375274-11.wav,wavfiles/375274-11.wav,//www.xeno-canto.org/375274,//creativecommons.org/licenses/by-nc-sa/4.0/,Susan Hochgraf,2017-05-27,"male, song",609691648FCAFE760427B6A833FF871060ECC1A7F8E3D380F2A2806CF4D70AC3
train,American Robin,american_robin,Turdus,migratorius,375274,375274-12.wav,wavfiles/375274-12.wav,//www.xeno-canto.org/375274,//creativecommons.org/licenses/by-nc-sa/4.0/,Susan Hochgraf,2017-05-27,"male, song",125CF52DE69A87DC8CAD981E17CBFD2DD275661B78F2AF5220ED2E2979BB6F8A
train,American Robin,american_robin,Turdus,migratorius,375274,375274-2.wav,wavfiles/375274-2.wav,//www.xeno-canto.org/375274,//creativecommons.org/licenses/by-nc-sa/4.0/,Susan Hochgraf,2017-05-27,"male, song",30B3C49A3AD618FFB59100425D7A7EFDC8E8CBA5D062A601636DE1D573565A4A
train,American Robin,american_robin,Turdus,migratorius,375274,375274-3.wav,wavfiles/375274-3.wav,//www.xeno-canto.org/375274,//creativecommons.org/licenses/by-nc-sa/4.0/,Susan Hochgraf,2017-05-27,"male, song",A22846ABF6FA42425EBC08891AE529D226865724E7F097F38CB0662C1F607F5D
train,American Robin,american_robin,Turdus,migratorius,375274,375274-4.wav,wavfiles/375274-4.wav,//www.xeno-canto.org/375274,//creativecommons.org/licenses/by-nc-sa/4.0/,Susan Hochgraf,2017-05-27,"male, song",654D5A85BD87BEEEFE4B6EF220BE78FDC37E9118E66248C19733116344CA44CD
train,American Robin,american_robin,Turdus,migratorius,375274,375274-5.wav,wavfiles/375274-5.wav,//www.xeno-canto.org/375274,//creativecommons.org/licenses/by-nc-sa/4.0/,Susan Hochgraf,2017-05-27,"male, song",743FA304BBA11C348B98DFA1EE675B35218EEB5611EEEAE0A80FBF7E376AC971
train,American Robin,american_robin,Turdus,migratorius,375274,375274-6.wav,wavfiles/375274-6.wav,//www.xeno-canto.org/375274,//creativecommons.org/licenses/by-nc-sa/4.0/,Susan Hochgraf,2017-05-27,"male, song",82711992FBF76FF0D0F0600A014FCFD4FB95630CB63AACD394BA918FB4E707B6
train,American Robin,american_robin,Turdus,migratorius,375274,375274-7.wav,wavfiles/375274-7.wav,//www.xeno-canto.org/375274,//creativecommons.org/licenses/by-nc-sa/4.0/,Susan Hochgraf,2017-05-27,"male, song",067BD7161D31B9E04E1C7985B8AC48FD2FDDFC92823A2F22041D14E582BDD7EA
train,American Robin,american_robin,Turdus,migratorius,375274,375274-8.wav,wavfiles/375274-8.wav,//www.xeno-canto.org/375274,//creativecommons.org/licenses/by-nc-sa/4.0/,Susan Hochgraf,2017-05-27,"male, song",48C58E07B6D62D4B9129F006533A4E6C92DA7EF7B7ABABAA01A72820DAFD5D0D
train,American Robin,american_robin,Turdus,migratorius,375274,375274-9.wav,wavfiles/375274-9.wav,//www.xeno-canto.org/375274,//creativecommons.org/licenses/by-nc-sa/4.0/,Susan Hochgraf,2017-05-27,"male, song",5E2F0B07C90EB1CCB021E23468F24FDD1A38BFA1A5EFD0744134B8F830956F64
train,American Robin,american_robin,Turdus,migratorius,382342,382342-0.wav,wavfiles/382342-0.wav,//www.xeno-canto.org/382342,//creativecommons.org/licenses/by-nc-sa/4.0/,Kent Livezey,2017-07-16,song,D9A46122400914C6FE84DBD986B2B0FCA848206692D146CBEC448E72EB0158C5
train,American Robin,american_robin,Turdus,migratorius,382342,382342-1.wav,wavfiles/382342-1.wav,//www.xeno-canto.org/382342,//creativecommons.org/licenses/by-nc-sa/4.0/,Kent Livezey,2017-07-16,song,766E676EB75C8E61CDA83353F90D3E7E15411FE6114365BD99DF9B778A52307C
train,American Robin,american_robin,Turdus,migratorius,382342,382342-10.wav,wavfiles/382342-10.wav,//www.xeno-canto.org/382342,//creativecommons.org/licenses/by-nc-sa/4.0/,Kent Livezey,2017-07-16,song,065C792DF9BF44D112EEA5661A566E9C7D6BB6EEBFDF1257375DAB8F31CB19DC
train,American Robin,american_robin,Turdus,migratorius,382342,382342-11.wav,wavfiles/382342-11.wav,//www.xeno-canto.org/382342,//creativecommons.org/licenses/by-nc-sa/4.0/,Kent Livezey,2017-07-16,song,256F8578BDAE89AD0EB2AABB2E1883FB6FD35CC53ADAF8F3AE54DB1CF9595A71
train,American Robin,american_robin,Turdus,migratorius,382342,382342-12.wav,wavfiles/382342-12.wav,//www.xeno-canto.org/382342,//creativecommons.org/licenses/by-nc-sa/4.0/,Kent Livezey,2017-07-16,song,388C1C9A7A2F1544BFE96BB7A2BDD80954989F18B1217D4D93A09951259A0698
train,American Robin,american_robin,Turdus,migratorius,382342,382342-13.wav,wavfiles/382342-13.wav,//www.xeno-canto.org/382342,//creativecommons.org/licenses/by-nc-sa/4.0/,Kent Livezey,2017-07-16,song,24781A3149B9B34135B95F434D578D9A5026D6D965143325F96AD643BD5A9DD6
train,American Robin,american_robin,Turdus,migratorius,382342,382342-2.wav,wavfiles/382342-2.wav,//www.xeno-canto.org/382342,//creativecommons.org/licenses/by-nc-sa/4.0/,Kent Livezey,2017-07-16,song,EDE85E583549A962A91F98B7F8107140FF395C24510DC0BD8779E1FC3D2ED705
train,American Robin,american_robin,Turdus,migratorius,382342,382342-3.wav,wavfiles/382342-3.wav,//www.xeno-canto.org/382342,//creativecommons.org/licenses/by-nc-sa/4.0/,Kent Livezey,2017-07-16,song,774934B7CC165189738CAB06DE0CFC4E5C777AE9FDD2F30C5E20ABAC86400620
train,American Robin,american_robin,Turdus,migratorius,382342,382342-4.wav,wavfiles/382342-4.wav,//www.xeno-canto.org/382342,//creativecommons.org/licenses/by-nc-sa/4.0/,Kent Livezey,2017-07-16,song,389CB7F6BAD9F0AA4B083AD0F129BB483C7DB612EC76DF2C8D17E495A7411EAE
train,American Robin,american_robin,Turdus,migratorius,382342,382342-5.wav,wavfiles/382342-5.wav,//www.xeno-canto.org/382342,//creativecommons.org/licenses/by-nc-sa/4.0/,Kent Livezey,2017-07-16,song,89B7AF811DD3F713076499F98928808265564AA0BFE8BAFBC09695639B10B25F
train,American Robin,american_robin,Turdus,migratorius,382342,382342-6.wav,wavfiles/382342-6.wav,//www.xeno-canto.org/382342,//creativecommons.org/licenses/by-nc-sa/4.0/,Kent Livezey,2017-07-16,song,8E88D09A6191836D63E811667A879713C49D98003BD3AB34B367BD7621BABF60
train,American Robin,american_robin,Turdus,migratorius,382342,382342-7.wav,wavfiles/382342-7.wav,//www.xeno-canto.org/382342,//creativecommons.org/licenses/by-nc-sa/4.0/,Kent Livezey,2017-07-16,song,7DFF5A71CE84763D2D01814DEA3D05AF82BD47B323911743174629EE5D394F5B
train,American Robin,american_robin,Turdus,migratorius,382342,382342-8.wav,wavfiles/382342-8.wav,//www.xeno-canto.org/382342,//creativecommons.org/licenses/by-nc-sa/4.0/,Kent Livezey,2017-07-16,song,E2AEB8FD39E4BBFB4F422EBBC12BD97DFCC25AFA83345C9CE5FD8BDE36DAD37F
train,American Robin,american_robin,Turdus,migratorius,382342,382342-9.wav,wavfiles/382342-9.wav,//www.xeno-canto.org/382342,//creativecommons.org/licenses/by-nc-sa/4.0/,Kent Livezey,2017-07-16,song,BA511CD0230DCE5ED7311F22BDE536226B9E1ADE8D8677731647AA8304DED09B
train,American Robin,american_robin,Turdus,migratorius,383961,383961-0.wav,wavfiles/383961-0.wav,//www.xeno-canto.org/383961,//creativecommons.org/licenses/by-nc-sa/4.0/,Antonio Xeira,2015-05-05,song,1241C1E3E4EF73EABD464B2F1FB3116EC6B369217C211C43A6AEA37CFDAF6560
train,American Robin,american_robin,Turdus,migratorius,383961,383961-1.wav,wavfiles/383961-1.wav,//www.xeno-canto.org/383961,//creativecommons.org/licenses/by-nc-sa/4.0/,Antonio Xeira,2015-05-05,song,F6D423EE4EAF9704443A5428EF55D23CBE514F1A0579C9D608FF792389B0E9BB
train,American Robin,american_robin,Turdus,migratorius,383961,383961-10.wav,wavfiles/383961-10.wav,//www.xeno-canto.org/383961,//creativecommons.org/licenses/by-nc-sa/4.0/,Antonio Xeira,2015-05-05,song,E52B2E09F16797A5F32B8E7EEC54BB31E4740A7B036E56E08732C072DD96D16F
train,American Robin,american_robin,Turdus,migratorius,383961,383961-11.wav,wavfiles/383961-11.wav,//www.xeno-canto.org/383961,//creativecommons.org/licenses/by-nc-sa/4.0/,Antonio Xeira,2015-05-05,song,1CD3EA505AA97B33AF32227C50ED84D61232944CE7E2D4EBA75DE78571915AEA
train,American Robin,american_robin,Turdus,migratorius,383961,383961-12.wav,wavfiles/383961-12.wav,//www.xeno-canto.org/383961,//creativecommons.org/licenses/by-nc-sa/4.0/,Antonio Xeira,2015-05-05,song,A2F26EAF2A50218774AA949D31297ED20E7D3C8BAB9378E216EE19F504A1D9E9
train,American Robin,american_robin,Turdus,migratorius,383961,383961-13.wav,wavfiles/383961-13.wav,//www.xeno-canto.org/383961,//creativecommons.org/licenses/by-nc-sa/4.0/,Antonio Xeira,2015-05-05,song,FC82B4BF5480C2DA9F4294B00A7E315E1B954B5D510AA30AE0EECFE491F2FDD7
train,American Robin,american_robin,Turdus,migratorius,383961,383961-14.wav,wavfiles/383961-14.wav,//www.xeno-canto.org/383961,//creativecommons.org/licenses/by-nc-sa/4.0/,Antonio Xeira,2015-05-05,song,591A5350787E4A10BFDE8467C40FE1696769D3F020A926A4F210C2FBB9A5E70D
train,American Robin,american_robin,Turdus,migratorius,383961,383961-15.wav,wavfiles/383961-15.wav,//www.xeno-canto.org/383961,//creativecommons.org/licenses/by-nc-sa/4.0/,Antonio Xeira,2015-05-05,song,FBAB4EEB2B0E0023659C6F5FF1F2BD1BFE89E37D0C001EDFD482753A56EF5751
train,American Robin,american_robin,Turdus,migratorius,383961,383961-16.wav,wavfiles/383961-16.wav,//www.xeno-canto.org/383961,//creativecommons.org/licenses/by-nc-sa/4.0/,Antonio Xeira,2015-05-05,song,6F3E93CC373A7BB412CE05D09BBA815D085DDFF4CEED719302269569A30FEF9C
train,American Robin,american_robin,Turdus,migratorius,383961,383961-5.wav,wavfiles/383961-5.wav,//www.xeno-canto.org/383961,//creativecommons.org/licenses/by-nc-sa/4.0/,Antonio Xeira,2015-05-05,song,795AD51201F487B3CAC123247D1B044C4D043FAEDD7A99B5C71D88107EA20E35
train,American Robin,american_robin,Turdus,migratorius,383961,383961-6.wav,wavfiles/383961-6.wav,//www.xeno-canto.org/383961,//creativecommons.org/licenses/by-nc-sa/4.0/,Antonio Xeira,2015-05-05,song,93DFC33C473E9CD4C0B7E111808B95FC63CBF13103183457D15EF828E8B4D2B7
train,American Robin,american_robin,Turdus,migratorius,383961,383961-7.wav,wavfiles/383961-7.wav,//www.xeno-canto.org/383961,//creativecommons.org/licenses/by-nc-sa/4.0/,Antonio Xeira,2015-05-05,song,6A057F524D96CDD305F39468AC7617ED21733CE6CFC8DCE6E1BD8A267EDF6B1C
train,American Robin,american_robin,Turdus,migratorius,383961,383961-8.wav,wavfiles/383961-8.wav,//www.xeno-canto.org/383961,//creativecommons.org/licenses/by-nc-sa/4.0/,Antonio Xeira,2015-05-05,song,B2F32039A9DA4A62B6A0A6F67200A71F0DF63E9ED5B999A887A4103D444BAF5D
train,American Robin,american_robin,Turdus,migratorius,383961,383961-9.wav,wavfiles/383961-9.wav,//www.xeno-canto.org/383961,//creativecommons.org/licenses/by-nc-sa/4.0/,Antonio Xeira,2015-05-05,song,2F2790FF89194B0416FDB81E46F30F0AAD76666D055655C270BD4A29AE19DCE3
train,American Robin,american_robin,Turdus,migratorius,384027,384027-0.wav,wavfiles/384027-0.wav,//www.xeno-canto.org/384027,//creativecommons.org/licenses/by-nc-sa/4.0/,Antonio Xeira,2015-07-10,song,CD66246C1904B329880D87DBB6C605ABCAAD519F24D859783613C49BE57E5E93
train,American Robin,american_robin,Turdus,migratorius,384027,384027-1.wav,wavfiles/384027-1.wav,//www.xeno-canto.org/384027,//creativecommons.org/licenses/by-nc-sa/4.0/,Antonio Xeira,2015-07-10,song,79ECB40B00E5C009CAA386FF4AF96A20541E20399961EC445B940843B9B07AF8
train,American Robin,american_robin,Turdus,migratorius,384027,384027-10.wav,wavfiles/384027-10.wav,//www.xeno-canto.org/384027,//creativecommons.org/licenses/by-nc-sa/4.0/,Antonio Xeira,2015-07-10,song,88083B3B8EEAA6E8FEFA9D8EDC47653E5A7423B85E1BDEC7211720039DDF1CD3
train,American Robin,american_robin,Turdus,migratorius,384027,384027-11.wav,wavfiles/384027-11.wav,//www.xeno-canto.org/384027,//creativecommons.org/licenses/by-nc-sa/4.0/,Antonio Xeira,2015-07-10,song,F4C41B334664E8811F1288E5FC11D6A4AF9E6E8E238232C79E8DE13F792D7DA8
train,American Robin,american_robin,Turdus,migratorius,384027,384027-3.wav,wavfiles/384027-3.wav,//www.xeno-canto.org/384027,//creativecommons.org/licenses/by-nc-sa/4.0/,Antonio Xeira,2015-07-10,song,6A6AA775CBF30425B7A06CDB3D53961D2C41C43143F7938C768735941FB3E2D8
train,American Robin,american_robin,Turdus,migratorius,384027,384027-4.wav,wavfiles/384027-4.wav,//www.xeno-canto.org/384027,//creativecommons.org/licenses/by-nc-sa/4.0/,Antonio Xeira,2015-07-10,song,EEAF3909436023F4A9D754F5C229E1B9ADAF14CA28708FA783CB24A3B490FEF0
train,American Robin,american_robin,Turdus,migratorius,384027,384027-5.wav,wavfiles/384027-5.wav,//www.xeno-canto.org/384027,//creativecommons.org/licenses/by-nc-sa/4.0/,Antonio Xeira,2015-07-10,song,B2431AA2F3242BC18D43C2EA5FBA795E9BFA5A19FB3BE4291D4F01751DA028D5
train,American Robin,american_robin,Turdus,migratorius,384027,384027-6.wav,wavfiles/384027-6.wav,//www.xeno-canto.org/384027,//creativecommons.org/licenses/by-nc-sa/4.0/,Antonio Xeira,2015-07-10,song,1C437BF58082A34F67C6E50EDC547F38DE1FDE7DBA29E3FCBF6318B6FB343529
train,American Robin,american_robin,Turdus,migratorius,384027,384027-7.wav,wavfiles/384027-7.wav,//www.xeno-canto.org/384027,//creativecommons.org/licenses/by-nc-sa/4.0/,Antonio Xeira,2015-07-10,song,80696DF6BDA1F28575A234B38F284E652631C64E0B202B8A0C06ACCC1C30C535
train,American Robin,american_robin,Turdus,migratorius,384027,384027-8.wav,wavfiles/384027-8.wav,//www.xeno-canto.org/384027,//creativecommons.org/licenses/by-nc-sa/4.0/,Antonio Xeira,2015-07-10,song,E05EF013A9E6D3061EC7EF1F8F9C6F15B3914D4A537BE495FBB78F6284A9F72C
train,American Robin,american_robin,Turdus,migratorius,384027,384027-9.wav,wavfiles/384027-9.wav,//www.xeno-canto.org/384027,//creativecommons.org/licenses/by-nc-sa/4.0/,Antonio Xeira,2015-07-10,song,565BFFB93317AAFA557AD451DA1131471E15DBAF0E60AF9D5551AD15B3AC454D
train,American Robin,american_robin,Turdus,migratorius,394835,394835-0.wav,wavfiles/394835-0.wav,//www.xeno-canto.org/394835,//creativecommons.org/licenses/by-nc-sa/4.0/,Nick Komar,2017-05-21,song,D48C4ADD8B6CC36C42A1F477F7E1FE05FD38BD55B1BE2853E6E215A8244FBAB2
train,American Robin,american_robin,Turdus,migratorius,394835,394835-1.wav,wavfiles/394835-1.wav,//www.xeno-canto.org/394835,//creativecommons.org/licenses/by-nc-sa/4.0/,Nick Komar,2017-05-21,song,BABA868BF8284F7F0D7A08E15C30E28906DCA59F5E97960C2B1F492F80E3F532
train,American Robin,american_robin,Turdus,migratorius,394835,394835-10.wav,wavfiles/394835-10.wav,//www.xeno-canto.org/394835,//creativecommons.org/licenses/by-nc-sa/4.0/,Nick Komar,2017-05-21,song,4EB14BA3132014617B8B49179846695C43BDB80D55A636DD97459AD278AA15BA
train,American Robin,american_robin,Turdus,migratorius,394835,394835-11.wav,wavfiles/394835-11.wav,//www.xeno-canto.org/394835,//creativecommons.org/licenses/by-nc-sa/4.0/,Nick Komar,2017-05-21,song,4E11AC77FE897DA1B34EFD26E8145BE2733758A6466304C1CFAE5664B86C25C6
train,American Robin,american_robin,Turdus,migratorius,394835,394835-12.wav,wavfiles/394835-12.wav,//www.xeno-canto.org/394835,//creativecommons.org/licenses/by-nc-sa/4.0/,Nick Komar,2017-05-21,song,42FAE84B715B20DEC5A3F24C7F80A41A683DD3BF0FFBE79C69037A64168F2F62
train,American Robin,american_robin,Turdus,migratorius,394835,394835-13.wav,wavfiles/394835-13.wav,//www.xeno-canto.org/394835,//creativecommons.org/licenses/by-nc-sa/4.0/,Nick Komar,2017-05-21,song,7FAEA48A6248203862AFB1447FD053BFED9DF69F40FBD350C0627F6B4241C933
train,American Robin,american_robin,Turdus,migratorius,394835,394835-14.wav,wavfiles/394835-14.wav,//www.xeno-canto.org/394835,//creativecommons.org/licenses/by-nc-sa/4.0/,Nick Komar,2017-05-21,song,45A4F4DA75E4C1A86D953528AC66525CBAE9F611998482A2E567A31102E4CFB8
train,American Robin,american_robin,Turdus,migratorius,394835,394835-15.wav,wavfiles/394835-15.wav,//www.xeno-canto.org/394835,//creativecommons.org/licenses/by-nc-sa/4.0/,Nick Komar,2017-05-21,song,49AF5FB892A20B8EA686D83FE7FE8C2AED2640864D123CF02F02FB508B54D598
train,American Robin,american_robin,Turdus,migratorius,394835,394835-2.wav,wavfiles/394835-2.wav,//www.xeno-canto.org/394835,//creativecommons.org/licenses/by-nc-sa/4.0/,Nick Komar,2017-05-21,song,C946E1D70F45CDB4233841E09526FC401B8CEA92AB72ED4ADB687DFA1B04396F
train,American Robin,american_robin,Turdus,migratorius,394835,394835-3.wav,wavfiles/394835-3.wav,//www.xeno-canto.org/394835,//creativecommons.org/licenses/by-nc-sa/4.0/,Nick Komar,2017-05-21,song,1FB50EA58F796E2261514B0525A05E0DA68C04C138D1AEE73DE286F94ABA25D4
train,American Robin,american_robin,Turdus,migratorius,394835,394835-7.wav,wavfiles/394835-7.wav,//www.xeno-canto.org/394835,//creativecommons.org/licenses/by-nc-sa/4.0/,Nick Komar,2017-05-21,song,D15D9D6FA2419BBD27C5D3CBE3DC5574B4DC0D19263A07D1CA227CB1253D755A
train,American Robin,american_robin,Turdus,migratorius,394835,394835-8.wav,wavfiles/394835-8.wav,//www.xeno-canto.org/394835,//creativecommons.org/licenses/by-nc-sa/4.0/,Nick Komar,2017-05-21,song,EEE9DD73F38107604A5369E9378F4BB5FE6B57A5A70F024815E09B909D396A87
train,American Robin,american_robin,Turdus,migratorius,394835,394835-9.wav,wavfiles/394835-9.wav,//www.xeno-canto.org/394835,//creativecommons.org/licenses/by-nc-sa/4.0/,Nick Komar,2017-05-21,song,47D6BE417A2DA04B8613AB7670E0DC97B27CBEF6AD58883C76BFDA9C5362385C
train,American Robin,american_robin,Turdus,migratorius,406326,406326-0.wav,wavfiles/406326-0.wav,//www.xeno-canto.org/406326,//creativecommons.org/licenses/by-nc-sa/4.0/,Patrik Åberg,2017-06-19,song,B7833DFCB546B16430FF43A2765E95D81D7FBED8B9F7CD0FE0DF88AB75F8C2FE
train,American Robin,american_robin,Turdus,migratorius,406326,406326-1.wav,wavfiles/406326-1.wav,//www.xeno-canto.org/406326,//creativecommons.org/licenses/by-nc-sa/4.0/,Patrik Åberg,2017-06-19,song,5551A7FDFBA78142AC1D40B3843D025A3E0B1C3662358134BF551DFF7B72455F
train,American Robin,american_robin,Turdus,migratorius,406326,406326-10.wav,wavfiles/406326-10.wav,//www.xeno-canto.org/406326,//creativecommons.org/licenses/by-nc-sa/4.0/,Patrik Åberg,2017-06-19,song,F9E0C2DF9A7D4AACEEF2D90DBF32FD14E903B12609A5C7D9474436E9ACD043AE
train,American Robin,american_robin,Turdus,migratorius,406326,406326-11.wav,wavfiles/406326-11.wav,//www.xeno-canto.org/406326,//creativecommons.org/licenses/by-nc-sa/4.0/,Patrik Åberg,2017-06-19,song,ECD31DD056ED487A469446FDB536CC021DE8613EE7FCB94E483ED59016E59400
train,American Robin,american_robin,Turdus,migratorius,406326,406326-12.wav,wavfiles/406326-12.wav,//www.xeno-canto.org/406326,//creativecommons.org/licenses/by-nc-sa/4.0/,Patrik Åberg,2017-06-19,song,6A9F5C807E6AD78CEE1102FA4FCC84E22E085626D411C63D105FAEB4397233E2
train,American Robin,american_robin,Turdus,migratorius,406326,406326-3.wav,wavfiles/406326-3.wav,//www.xeno-canto.org/406326,//creativecommons.org/licenses/by-nc-sa/4.0/,Patrik Åberg,2017-06-19,song,BF433ADEA70793E932B081745F8CF6E1D53DB2A326411CC898275BD0ADD16DDD
train,American Robin,american_robin,Turdus,migratorius,406326,406326-4.wav,wavfiles/406326-4.wav,//www.xeno-canto.org/406326,//creativecommons.org/licenses/by-nc-sa/4.0/,Patrik Åberg,2017-06-19,song,FB0407737C1060ACF7EEE8FAD4D8738641AB61D27F56FFF352FE412CC172A062
train,American Robin,american_robin,Turdus,migratorius,406326,406326-5.wav,wavfiles/406326-5.wav,//www.xeno-canto.org/406326,//creativecommons.org/licenses/by-nc-sa/4.0/,Patrik Åberg,2017-06-19,song,24DBAEC702C3380871A5ED65327BAF412922008ABC8755C26DF798ED81A797C1
train,American Robin,american_robin,Turdus,migratorius,406326,406326-6.wav,wavfiles/406326-6.wav,//www.xeno-canto.org/406326,//creativecommons.org/licenses/by-nc-sa/4.0/,Patrik Åberg,2017-06-19,song,A5575538536756D9C0784A69A2304B90C65F5AC2F6F42245FB59A24E6EC56A38
train,American Robin,american_robin,Turdus,migratorius,406326,406326-7.wav,wavfiles/406326-7.wav,//www.xeno-canto.org/406326,//creativecommons.org/licenses/by-nc-sa/4.0/,Patrik Åberg,2017-06-19,song,779FCEF32F27405A0A836A1CD04032EC0D30E0CDFA0F1A02270992C993B7CF5A
train,American Robin,american_robin,Turdus,migratorius,406326,406326-8.wav,wavfiles/406326-8.wav,//www.xeno-canto.org/406326,//creativecommons.org/licenses/by-nc-sa/4.0/,Patrik Åberg,2017-06-19,song,732DA526193EB40D3E22818AD440B906CEFD068E73113994085F73F521F7D7F9
train,American Robin,american_robin,Turdus,migratorius,406326,406326-9.wav,wavfiles/406326-9.wav,//www.xeno-canto.org/406326,//creativecommons.org/licenses/by-nc-sa/4.0/,Patrik Åberg,2017-06-19,song,71923BC2BED4418BB2EF8F5F3CD08B42A392B9BE7805644785417492CB2645E7
train,American Robin,american_robin,Turdus,migratorius,407819,407819-0.wav,wavfiles/407819-0.wav,//www.xeno-canto.org/407819,//creativecommons.org/licenses/by-nc-sa/4.0/,Jim Berry,2015-04-18,song,1EB41DF42C0D36CAFA86EB44F4370804BD546118A21DF8C7CDA43088674E7B29
train,American Robin,american_robin,Turdus,migratorius,407819,407819-1.wav,wavfiles/407819-1.wav,//www.xeno-canto.org/407819,//creativecommons.org/licenses/by-nc-sa/4.0/,Jim Berry,2015-04-18,song,434624A69580ADA21E2DB145343F74B0FEB3E4805D8435EA53819CF81B83D50F
train,American Robin,american_robin,Turdus,migratorius,407819,407819-10.wav,wavfiles/407819-10.wav,//www.xeno-canto.org/407819,//creativecommons.org/licenses/by-nc-sa/4.0/,Jim Berry,2015-04-18,song,5D2B67401D2B3F91B1BF59CD261AA0CA2FC97EF05DD5DC60BE9CD1A86CE58927
train,American Robin,american_robin,Turdus,migratorius,407819,407819-11.wav,wavfiles/407819-11.wav,//www.xeno-canto.org/407819,//creativecommons.org/licenses/by-nc-sa/4.0/,Jim Berry,2015-04-18,song,F2176B5762F27AC77CB1A5B0903E8889AAFCF5B5BBE23A633FDF767416A2CFD9
train,American Robin,american_robin,Turdus,migratorius,407819,407819-12.wav,wavfiles/407819-12.wav,//www.xeno-canto.org/407819,//creativecommons.org/licenses/by-nc-sa/4.0/,Jim Berry,2015-04-18,song,46A68A4C56737B3BADAC88E872F10588FC4D0A16DD766B75D28372FADDE4CF84
train,American Robin,american_robin,Turdus,migratorius,407819,407819-2.wav,wavfiles/407819-2.wav,//www.xeno-canto.org/407819,//creativecommons.org/licenses/by-nc-sa/4.0/,Jim Berry,2015-04-18,song,3009382784DDB1CDABB0D5E75CACA417FD5769941E4F0EBD2577413A4A6914FE
train,American Robin,american_robin,Turdus,migratorius,407819,407819-3.wav,wavfiles/407819-3.wav,//www.xeno-canto.org/407819,//creativecommons.org/licenses/by-nc-sa/4.0/,Jim Berry,2015-04-18,song,883277240A3935C712E1E0B28E0172600ECC5C727596018F99EC03F154269BBF
train,American Robin,american_robin,Turdus,migratorius,407819,407819-4.wav,wavfiles/407819-4.wav,//www.xeno-canto.org/407819,//creativecommons.org/licenses/by-nc-sa/4.0/,Jim Berry,2015-04-18,song,511B78650422CDF0F37AF10CC865F7282B467D03F398601E7F8BA8C39612B56D
train,American Robin,american_robin,Turdus,migratorius,407819,407819-6.wav,wavfiles/407819-6.wav,//www.xeno-canto.org/407819,//creativecommons.org/licenses/by-nc-sa/4.0/,Jim Berry,2015-04-18,song,F610AF9CEE601787556178546D7C51CC36FCB4030558579DFC9D31F73AE6C20E
train,American Robin,american_robin,Turdus,migratorius,407819,407819-7.wav,wavfiles/407819-7.wav,//www.xeno-canto.org/407819,//creativecommons.org/licenses/by-nc-sa/4.0/,Jim Berry,2015-04-18,song,CF97853E9BB339100BE69FA82651AD41D0B489F3E405FC7DBC2DF9E8EC85451A
train,American Robin,american_robin,Turdus,migratorius,407819,407819-8.wav,wavfiles/407819-8.wav,//www.xeno-canto.org/407819,//creativecommons.org/licenses/by-nc-sa/4.0/,Jim Berry,2015-04-18,song,596A2E8873520111956428F547980DDF8DAB1B77F75E84CF29C78E3CE82529AA
train,American Robin,american_robin,Turdus,migratorius,407819,407819-9.wav,wavfiles/407819-9.wav,//www.xeno-canto.org/407819,//creativecommons.org/licenses/by-nc-sa/4.0/,Jim Berry,2015-04-18,song,238ABED7A6405BD376A77C70ED7EBEB64B77C2D7858C4A81C753C0C47889EC8F
train,American Robin,american_robin,Turdus,migratorius,416294,416294-10.wav,wavfiles/416294-10.wav,//www.xeno-canto.org/416294,//creativecommons.org/licenses/by-nc-sa/4.0/,Gary Harbour,2018-05-21,song,68C9990E26AEEFE322BB44F6734FAB2EB56499642DCB402974237D30A5422004
train,American Robin,american_robin,Turdus,migratorius,416294,416294-11.wav,wavfiles/416294-11.wav,//www.xeno-canto.org/416294,//creativecommons.org/licenses/by-nc-sa/4.0/,Gary Harbour,2018-05-21,song,F9A5E62B8797E7BDDE3C8BE299C63669A6C47D5DBB3E8A0F8E790022E128C8F9
train,American Robin,american_robin,Turdus,migratorius,416294,416294-12.wav,wavfiles/416294-12.wav,//www.xeno-canto.org/416294,//creativecommons.org/licenses/by-nc-sa/4.0/,Gary Harbour,2018-05-21,song,3B2EABA350CAEC85EA872A0F3709993A46C3F85E8694793310A61514D42A1151
train,American Robin,american_robin,Turdus,migratorius,416294,416294-16.wav,wavfiles/416294-16.wav,//www.xeno-canto.org/416294,//creativecommons.org/licenses/by-nc-sa/4.0/,Gary Harbour,2018-05-21,song,9EA4F21E74C58361A8CBDE905DE16370FAB8A776F7E917718F6626EF4AC45A7C
train,American Robin,american_robin,Turdus,migratorius,416294,416294-17.wav,wavfiles/416294-17.wav,//www.xeno-canto.org/416294,//creativecommons.org/licenses/by-nc-sa/4.0/,Gary Harbour,2018-05-21,song,4D01F17C8BADA8A397A7AEB752D71AA1E229957B41DA5002C622A5526AF0428B
train,American Robin,american_robin,Turdus,migratorius,416294,416294-18.wav,wavfiles/416294-18.wav,//www.xeno-canto.org/416294,//creativecommons.org/licenses/by-nc-sa/4.0/,Gary Harbour,2018-05-21,song,1A4931D746E782F4FEF8845E6C9D379D04FEDB242949247E33479F74AA1F4307
train,American Robin,american_robin,Turdus,migratorius,416294,416294-2.wav,wavfiles/416294-2.wav,//www.xeno-canto.org/416294,//creativecommons.org/licenses/by-nc-sa/4.0/,Gary Harbour,2018-05-21,song,12A841558751B7A6B42A290D3291CD981CE7CA494712627FA485AD49586D99A1
train,American Robin,american_robin,Turdus,migratorius,416294,416294-3.wav,wavfiles/416294-3.wav,//www.xeno-canto.org/416294,//creativecommons.org/licenses/by-nc-sa/4.0/,Gary Harbour,2018-05-21,song,1576F1E16A1634A6E9630B0EEDFC2D692C3A42EE5C5BF75F0878B08CE2EDF579
train,American Robin,american_robin,Turdus,migratorius,416294,416294-4.wav,wavfiles/416294-4.wav,//www.xeno-canto.org/416294,//creativecommons.org/licenses/by-nc-sa/4.0/,Gary Harbour,2018-05-21,song,D55F5510A3E836FD112F78E40FF08BD5A1DEFA20A0309FF476FDB704F196F85C
train,American Robin,american_robin,Turdus,migratorius,416294,416294-5.wav,wavfiles/416294-5.wav,//www.xeno-canto.org/416294,//creativecommons.org/licenses/by-nc-sa/4.0/,Gary Harbour,2018-05-21,song,F58F4048157202D292FE0B584CE2AC1C603D16193C8E6B360B34F097D3E08FBA
train,American Robin,american_robin,Turdus,migratorius,416294,416294-6.wav,wavfiles/416294-6.wav,//www.xeno-canto.org/416294,//creativecommons.org/licenses/by-nc-sa/4.0/,Gary Harbour,2018-05-21,song,60A295F41C06E92AD380C24B64FCDFB74EB6BE01D321E4E99CC4136ADF14A0D2
train,American Robin,american_robin,Turdus,migratorius,416294,416294-7.wav,wavfiles/416294-7.wav,//www.xeno-canto.org/416294,//creativecommons.org/licenses/by-nc-sa/4.0/,Gary Harbour,2018-05-21,song,011C3C8134889735A887D4DAD1F5D0FA349B533DF4A92AA6589C230467FB3972
train,American Robin,american_robin,Turdus,migratorius,416294,416294-8.wav,wavfiles/416294-8.wav,//www.xeno-canto.org/416294,//creativecommons.org/licenses/by-nc-sa/4.0/,Gary Harbour,2018-05-21,song,2C31099043006994149B706292EACDBE8C7FBD76475AE1AA362CC06E7D9A4A4B
train,American Robin,american_robin,Turdus,migratorius,416294,416294-9.wav,wavfiles/416294-9.wav,//www.xeno-canto.org/416294,//creativecommons.org/licenses/by-nc-sa/4.0/,Gary Harbour,2018-05-21,song,20C33F21875DDF5C81A5CE68E09AF43F747C2DF7533C9EE969F7F98632AE18EC
train,American Robin,american_robin,Turdus,migratorius,423449,423449-0.wav,wavfiles/423449-0.wav,//www.xeno-canto.org/423449,//creativecommons.org/licenses/by-nc-sa/4.0/,Nicholas Comparato,2018-06-20,song,E90A335309DAC2B503767F490FDD0E8A15A41996DDFFBD5209E184D4E785D731
train,American Robin,american_robin,Turdus,migratorius,423449,423449-1.wav,wavfiles/423449-1.wav,//www.xeno-canto.org/423449,//creativecommons.org/licenses/by-nc-sa/4.0/,Nicholas Comparato,2018-06-20,song,99DE8C3CD10EB4CD6552280F98D360EF94E76F23689887300F9A6EFA03900AE7
train,American Robin,american_robin,Turdus,migratorius,423449,423449-10.wav,wavfiles/423449-10.wav,//www.xeno-canto.org/423449,//creativecommons.org/licenses/by-nc-sa/4.0/,Nicholas Comparato,2018-06-20,song,EE13A2827A3EA4B9FDD06C4F8081D32523DCD56869FC5FA1B27EA0E0993306CF
train,American Robin,american_robin,Turdus,migratorius,423449,423449-11.wav,wavfiles/423449-11.wav,//www.xeno-canto.org/423449,//creativecommons.org/licenses/by-nc-sa/4.0/,Nicholas Comparato,2018-06-20,song,D21E92BBD1ACC0A4437D177DFAD7F01FBFEB685F3DFB6224191E0521A4517E35
train,American Robin,american_robin,Turdus,migratorius,423449,423449-12.wav,wavfiles/423449-12.wav,//www.xeno-canto.org/423449,//creativecommons.org/licenses/by-nc-sa/4.0/,Nicholas Comparato,2018-06-20,song,880C65854D17720E10F259F1F9A949D22C6D0555AEC4B0D392C594F67C73A762
train,American Robin,american_robin,Turdus,migratorius,423449,423449-2.wav,wavfiles/423449-2.wav,//www.xeno-canto.org/423449,//creativecommons.org/licenses/by-nc-sa/4.0/,Nicholas Comparato,2018-06-20,song,8D237B54C215B3E6371AE89D58256953261E4D0F37CAC6A39FCB242D4D5B2307
train,American Robin,american_robin,Turdus,migratorius,423449,423449-3.wav,wavfiles/423449-3.wav,//www.xeno-canto.org/423449,//creativecommons.org/licenses/by-nc-sa/4.0/,Nicholas Comparato,2018-06-20,song,D182D2CD0FAAF4EC6FC5F00CB2E83E3F596F94A24BE57AE3C44C0580E140DA85
train,American Robin,american_robin,Turdus,migratorius,423449,423449-4.wav,wavfiles/423449-4.wav,//www.xeno-canto.org/423449,//creativecommons.org/licenses/by-nc-sa/4.0/,Nicholas Comparato,2018-06-20,song,B001FE260520ABB5E02F353DDE2090D09914BAFB545C480406D319A5329F2208
train,American Robin,american_robin,Turdus,migratorius,423449,423449-5.wav,wavfiles/423449-5.wav,//www.xeno-canto.org/423449,//creativecommons.org/licenses/by-nc-sa/4.0/,Nicholas Comparato,2018-06-20,song,544B2FB1A123BB1BF3A34883CF15BE4B994A03C5AB3F0E2D4A2CC654ACDA9428
train,American Robin,american_robin,Turdus,migratorius,423449,423449-6.wav,wavfiles/423449-6.wav,//www.xeno-canto.org/423449,//creativecommons.org/licenses/by-nc-sa/4.0/,Nicholas Comparato,2018-06-20,song,7F51B5E6C2D35B2EFD706D87F11C14549139E12E18EE9FEA4965D612484AA295
train,American Robin,american_robin,Turdus,migratorius,423449,423449-7.wav,wavfiles/423449-7.wav,//www.xeno-canto.org/423449,//creativecommons.org/licenses/by-nc-sa/4.0/,Nicholas Comparato,2018-06-20,song,3A619BFDEC5BE6A03A0291E6C3873F92CF510E13A43C644E457D8A65F67E7D71
train,American Robin,american_robin,Turdus,migratorius,423449,423449-8.wav,wavfiles/423449-8.wav,//www.xeno-canto.org/423449,//creativecommons.org/licenses/by-nc-sa/4.0/,Nicholas Comparato,2018-06-20,song,95C47043F7E263C30FB4E5D792373C77702D0C84D4E3649AB6F6A3AD54A54387
train,American Robin,american_robin,Turdus,migratorius,423449,423449-9.wav,wavfiles/423449-9.wav,//www.xeno-canto.org/423449,//creativecommons.org/licenses/by-nc-sa/4.0/,Nicholas Comparato,2018-06-20,song,B6E1924353AC3067EC2C0D7C5B1F6C2421D185970295C7D287AC68318172374D
train,American Robin,american_robin,Turdus,migratorius,446457,446457-0.wav,wavfiles/446457-0.wav,//www.xeno-canto.org/446457,//creativecommons.org/licenses/by-nc-sa/4.0/,Ed Pandolfino,2017-04-21,song,B670F2C07BB826A41F8F8EC08F2433D343F1711F5E4740D1787343913856A249
train,American Robin,american_robin,Turdus,migratorius,446457,446457-1.wav,wavfiles/446457-1.wav,//www.xeno-canto.org/446457,//creativecommons.org/licenses/by-nc-sa/4.0/,Ed Pandolfino,2017-04-21,song,1A14BCFD0AE1B42AAE9CEAEE9B3CE4645F6C63AADC11DDBD60CF6A94918693E6
train,American Robin,american_robin,Turdus,migratorius,446457,446457-10.wav,wavfiles/446457-10.wav,//www.xeno-canto.org/446457,//creativecommons.org/licenses/by-nc-sa/4.0/,Ed Pandolfino,2017-04-21,song,6E9BB7E72DA4C3AA27390BB924631D6BD3CEC5E1C14E29DEBAC02012EEE18621
train,American Robin,american_robin,Turdus,migratorius,446457,446457-11.wav,wavfiles/446457-11.wav,//www.xeno-canto.org/446457,//creativecommons.org/licenses/by-nc-sa/4.0/,Ed Pandolfino,2017-04-21,song,8CCE78B4AC6867BD2FA3DE6648ABBAFF6EBD6FA0D9241CF1C19FAAF13A5387A6
train,American Robin,american_robin,Turdus,migratorius,446457,446457-2.wav,wavfiles/446457-2.wav,//www.xeno-canto.org/446457,//creativecommons.org/licenses/by-nc-sa/4.0/,Ed Pandolfino,2017-04-21,song,32099AB8B97A6BC28BF54F7FC34DB93C20D96A3AFD33DE29DD57D4F0A32263A8
train,American Robin,american_robin,Turdus,migratorius,446457,446457-3.wav,wavfiles/446457-3.wav,//www.xeno-canto.org/446457,//creativecommons.org/licenses/by-nc-sa/4.0/,Ed Pandolfino,2017-04-21,song,977ADECB203A67C363F8757AD387F129AA3115451D2EC73B35E70931FF93E2D2
train,American Robin,american_robin,Turdus,migratorius,446457,446457-6.wav,wavfiles/446457-6.wav,//www.xeno-canto.org/446457,//creativecommons.org/licenses/by-nc-sa/4.0/,Ed Pandolfino,2017-04-21,song,21A5D1F8E0F01ADB1918102991BAB148A18FD1FC6F0F00442172CB54212388CF
train,American Robin,american_robin,Turdus,migratorius,446457,446457-7.wav,wavfiles/446457-7.wav,//www.xeno-canto.org/446457,//creativecommons.org/licenses/by-nc-sa/4.0/,Ed Pandolfino,2017-04-21,song,7D25CA82F5EBE369855D321B93F8077C639EF38968177EA70FEC8FF7B3AC03DF
train,American Robin,american_robin,Turdus,migratorius,446457,446457-8.wav,wavfiles/446457-8.wav,//www.xeno-canto.org/446457,//creativecommons.org/licenses/by-nc-sa/4.0/,Ed Pandolfino,2017-04-21,song,747D482573DD5E1E7BC50A5458FE22497AF1EA81576C83ACD3F8D963458069BD
train,American Robin,american_robin,Turdus,migratorius,446457,446457-9.wav,wavfiles/446457-9.wav,//www.xeno-canto.org/446457,//creativecommons.org/licenses/by-nc-sa/4.0/,Ed Pandolfino,2017-04-21,song,2A2926A98115C5366C1605FEEAABF412D766D2EECE0C775337FCB144E4EA944C
train,American Robin,american_robin,Turdus,migratorius,464766,464766-0.wav,wavfiles/464766-0.wav,//www.xeno-canto.org/464766,//creativecommons.org/licenses/by-nc-sa/4.0/,Brian Hendrix,2019-04-02,song,398D35EEEB3627FC241B6E786ABF45E411EC01F196D8BA8E4DC4F0DB91808203
train,American Robin,american_robin,Turdus,migratorius,464766,464766-1.wav,wavfiles/464766-1.wav,//www.xeno-canto.org/464766,//creativecommons.org/licenses/by-nc-sa/4.0/,Brian Hendrix,2019-04-02,song,BBFBD5B340D51192C2322AC3064509202EB58DF9CD48E2A095652C6704110727
train,American Robin,american_robin,Turdus,migratorius,464766,464766-10.wav,wavfiles/464766-10.wav,//www.xeno-canto.org/464766,//creativecommons.org/licenses/by-nc-sa/4.0/,Brian Hendrix,2019-04-02,song,32FB2C258B05CD3558D6FEB76280F1E8241BEE413274968CF43E46F83D4BE097
train,American Robin,american_robin,Turdus,migratorius,464766,464766-11.wav,wavfiles/464766-11.wav,//www.xeno-canto.org/464766,//creativecommons.org/licenses/by-nc-sa/4.0/,Brian Hendrix,2019-04-02,song,C7A913EE44746E8B14BC32F65CE60738D98EB1783F45AC731454C578333332BF
train,American Robin,american_robin,Turdus,migratorius,464766,464766-12.wav,wavfiles/464766-12.wav,//www.xeno-canto.org/464766,//creativecommons.org/licenses/by-nc-sa/4.0/,Brian Hendrix,2019-04-02,song,53C657CBE718520E88025241DA9BAB37F08F0F30B79247E59AA2CEF84080ECA9
train,American Robin,american_robin,Turdus,migratorius,464766,464766-13.wav,wavfiles/464766-13.wav,//www.xeno-canto.org/464766,//creativecommons.org/licenses/by-nc-sa/4.0/,Brian Hendrix,2019-04-02,song,19B843E51221C982C64B2627BBEFF6D32317A1A3E26D8C9679D14350B4717E1F
train,American Robin,american_robin,Turdus,migratorius,464766,464766-14.wav,wavfiles/464766-14.wav,//www.xeno-canto.org/464766,//creativecommons.org/licenses/by-nc-sa/4.0/,Brian Hendrix,2019-04-02,song,A645CB083262616E9FCB8AB6F09D9437C56ABC5808995610A924FD4B97CC8489
train,American Robin,american_robin,Turdus,migratorius,464766,464766-2.wav,wavfiles/464766-2.wav,//www.xeno-canto.org/464766,//creativecommons.org/licenses/by-nc-sa/4.0/,Brian Hendrix,2019-04-02,song,819B98F0FB31494F1048113F7DA9A3F46D3138D2A5C5A74796A39E06F4B01CD3
train,American Robin,american_robin,Turdus,migratorius,464766,464766-3.wav,wavfiles/464766-3.wav,//www.xeno-canto.org/464766,//creativecommons.org/licenses/by-nc-sa/4.0/,Brian Hendrix,2019-04-02,song,0CDA1E821948B53368A84F38BC131B72A1B8AEC17EADA3DC16DE0B35B35C66B0
train,American Robin,american_robin,Turdus,migratorius,464766,464766-4.wav,wavfiles/464766-4.wav,//www.xeno-canto.org/464766,//creativecommons.org/licenses/by-nc-sa/4.0/,Brian Hendrix,2019-04-02,song,59846C8000166E1C764773415C18F9D474A1D909626EB8C24C0D095952A4F97B
train,American Robin,american_robin,Turdus,migratorius,464766,464766-5.wav,wavfiles/464766-5.wav,//www.xeno-canto.org/464766,//creativecommons.org/licenses/by-nc-sa/4.0/,Brian Hendrix,2019-04-02,song,1B578B3CFFAC40BA73CE8D013CBB5AA22AF064038BACC42ED472386230569BC5
train,American Robin,american_robin,Turdus,migratorius,464766,464766-6.wav,wavfiles/464766-6.wav,//www.xeno-canto.org/464766,//creativecommons.org/licenses/by-nc-sa/4.0/,Brian Hendrix,2019-04-02,song,E3BB885BDE789D1878D28033B5FA16A4E5AFC9F0FEEFA94CC15073BDC0585965
train,American Robin,american_robin,Turdus,migratorius,464766,464766-7.wav,wavfiles/464766-7.wav,//www.xeno-canto.org/464766,//creativecommons.org/licenses/by-nc-sa/4.0/,Brian Hendrix,2019-04-02,song,44B6BED0C7249E3DB646C14029A722E1D8F76D7A7437CD2531C7452F048AF02D
train,American Robin,american_robin,Turdus,migratorius,464766,464766-8.wav,wavfiles/464766-8.wav,//www.xeno-canto.org/464766,//creativecommons.org/licenses/by-nc-sa/4.0/,Brian Hendrix,2019-04-02,song,F6A5FFD217575080E724FA6EC727A03CECDA697C9F7BD5FB379906677B42941F
train,American Robin,american_robin,Turdus,migratorius,464766,464766-9.wav,wavfiles/464766-9.wav,//www.xeno-canto.org/464766,//creativecommons.org/licenses/by-nc-sa/4.0/,Brian Hendrix,2019-04-02,song,DA859433046D47A49813CF703A7FC839707464F8DF5E6A022D65BAA602CE36FA
train,American Robin,american_robin,Turdus,migratorius,468991,468991-0.wav,wavfiles/468991-0.wav,//www.xeno-canto.org/468991,//creativecommons.org/licenses/by-nc-sa/4.0/,bowtyler,2019-04-03,song,481A6763B0C77B2C37A0167C127C6B8F7479A975BEA103A2F955CDA5221B88E2
train,American Robin,american_robin,Turdus,migratorius,468991,468991-1.wav,wavfiles/468991-1.wav,//www.xeno-canto.org/468991,//creativecommons.org/licenses/by-nc-sa/4.0/,bowtyler,2019-04-03,song,BD4327BD74F1F7658C6EC328FE78D1C0946F2A629CBB5FB34283C775252B03CF
train,American Robin,american_robin,Turdus,migratorius,468991,468991-10.wav,wavfiles/468991-10.wav,//www.xeno-canto.org/468991,//creativecommons.org/licenses/by-nc-sa/4.0/,bowtyler,2019-04-03,song,B856AD041EAA8E1625D7FA7097C19685A4CDD1DE7C385EAB2640F40D886A1C76
train,American Robin,american_robin,Turdus,migratorius,468991,468991-11.wav,wavfiles/468991-11.wav,//www.xeno-canto.org/468991,//creativecommons.org/licenses/by-nc-sa/4.0/,bowtyler,2019-04-03,song,9C09E89F1B970D9A097011A968116B2B58A8EE748ADC568CA96A3A889B64243D
train,American Robin,american_robin,Turdus,migratorius,468991,468991-12.wav,wavfiles/468991-12.wav,//www.xeno-canto.org/468991,//creativecommons.org/licenses/by-nc-sa/4.0/,bowtyler,2019-04-03,song,76ED6062933D76ACBA668B739696A82F2C0187E564BB2EFE61EE554A52D493F8
train,American Robin,american_robin,Turdus,migratorius,468991,468991-13.wav,wavfiles/468991-13.wav,//www.xeno-canto.org/468991,//creativecommons.org/licenses/by-nc-sa/4.0/,bowtyler,2019-04-03,song,A9AD3D80ABDF0E26AD0ACD9B68C91D700CCA109C79664FDD00D62B0D6EA97CB4
train,American Robin,american_robin,Turdus,migratorius,468991,468991-14.wav,wavfiles/468991-14.wav,//www.xeno-canto.org/468991,//creativecommons.org/licenses/by-nc-sa/4.0/,bowtyler,2019-04-03,song,F312BF5D3DF6E8528BA5C890C5A2201DE0FFA14645ACD0EFA349F8CEC89939E3
train,American Robin,american_robin,Turdus,migratorius,468991,468991-2.wav,wavfiles/468991-2.wav,//www.xeno-canto.org/468991,//creativecommons.org/licenses/by-nc-sa/4.0/,bowtyler,2019-04-03,song,B3370BD2A73C94BDECA70759FD2ABD1EE1D5A2D00DF0F54A540A2E8251360FC0
train,American Robin,american_robin,Turdus,migratorius,468991,468991-3.wav,wavfiles/468991-3.wav,//www.xeno-canto.org/468991,//creativecommons.org/licenses/by-nc-sa/4.0/,bowtyler,2019-04-03,song,724CE8B86AB442FE148A74F14176C048A1414B14F7CB87FB1AEDFF99B5D6D16C
train,American Robin,american_robin,Turdus,migratorius,468991,468991-4.wav,wavfiles/468991-4.wav,//www.xeno-canto.org/468991,//creativecommons.org/licenses/by-nc-sa/4.0/,bowtyler,2019-04-03,song,F872682FEF1A2179100B720018667F87B0252662DB657A67F9A8A11315517412
train,American Robin,american_robin,Turdus,migratorius,468991,468991-5.wav,wavfiles/468991-5.wav,//www.xeno-canto.org/468991,//creativecommons.org/licenses/by-nc-sa/4.0/,bowtyler,2019-04-03,song,E3FE5F852F52BC342EC907C0EEE03214B5144ED83DC9A8B8C8D90F31A7E7BA6F
train,American Robin,american_robin,Turdus,migratorius,468991,468991-6.wav,wavfiles/468991-6.wav,//www.xeno-canto.org/468991,//creativecommons.org/licenses/by-nc-sa/4.0/,bowtyler,2019-04-03,song,7920965B167A6C851205103C31C317E5D54A6D1004A224730660465803E461D5
train,American Robin,american_robin,Turdus,migratorius,468991,468991-7.wav,wavfiles/468991-7.wav,//www.xeno-canto.org/468991,//creativecommons.org/licenses/by-nc-sa/4.0/,bowtyler,2019-04-03,song,9FBD75CDFADF1CD1DE89D64EAF80021F7A758DA22A9B8C627E59C8023D6A7926
train,American Robin,american_robin,Turdus,migratorius,468991,468991-8.wav,wavfiles/468991-8.wav,//www.xeno-canto.org/468991,//creativecommons.org/licenses/by-nc-sa/4.0/,bowtyler,2019-04-03,song,9A433C38A5A32A2E81EB535032B4FA311BCDB4B2764B7E98A829684F88FE6794
train,American Robin,american_robin,Turdus,migratorius,468991,468991-9.wav,wavfiles/468991-9.wav,//www.xeno-canto.org/468991,//creativecommons.org/licenses/by-nc-sa/4.0/,bowtyler,2019-04-03,song,C65E7005968408A65956DDDAD7376AD487860778366BAB80229A0144C434D396
train,American Robin,american_robin,Turdus,migratorius,483578,483578-0.wav,wavfiles/483578-0.wav,//www.xeno-canto.org/483578,//creativecommons.org/licenses/by-nc-sa/4.0/,Russ Wigh,2019-06-27,song,1C13B841CD1F0A882A9FE694405B91BB7C7A5924E2F8F5603D28D8ADF614503E
train,American Robin,american_robin,Turdus,migratorius,483578,483578-1.wav,wavfiles/483578-1.wav,//www.xeno-canto.org/483578,//creativecommons.org/licenses/by-nc-sa/4.0/,Russ Wigh,2019-06-27,song,3FE8310512BC63C16A755B7D70F0A1819FF6F497E8BBBE6B0ED1D2D53DEFC196
train,American Robin,american_robin,Turdus,migratorius,483578,483578-10.wav,wavfiles/483578-10.wav,//www.xeno-canto.org/483578,//creativecommons.org/licenses/by-nc-sa/4.0/,Russ Wigh,2019-06-27,song,C3D05D43882ADC86EE5B840F6085CB74C90DFC0F39460F77ACBFD150902C6463
train,American Robin,american_robin,Turdus,migratorius,483578,483578-11.wav,wavfiles/483578-11.wav,//www.xeno-canto.org/483578,//creativecommons.org/licenses/by-nc-sa/4.0/,Russ Wigh,2019-06-27,song,99B4C1FA2FBC3243B2E7D5D67815ED607C44B2333DD4B57D11E168F4D88EF671
train,American Robin,american_robin,Turdus,migratorius,483578,483578-12.wav,wavfiles/483578-12.wav,//www.xeno-canto.org/483578,//creativecommons.org/licenses/by-nc-sa/4.0/,Russ Wigh,2019-06-27,song,D24A137E88C7443443D5E136BA7BD0DA0CBDA4D9B71E1A625E8185799AC389DF
train,American Robin,american_robin,Turdus,migratorius,483578,483578-13.wav,wavfiles/483578-13.wav,//www.xeno-canto.org/483578,//creativecommons.org/licenses/by-nc-sa/4.0/,Russ Wigh,2019-06-27,song,2B694CE038885BEE937361CD3B4BD6FA1D87C8792D39F96130102DFB86F37374
train,American Robin,american_robin,Turdus,migratorius,483578,483578-14.wav,wavfiles/483578-14.wav,//www.xeno-canto.org/483578,//creativecommons.org/licenses/by-nc-sa/4.0/,Russ Wigh,2019-06-27,song,ECA6F7D4919EDED1E241B65455BFA80A53C4230963F83526A0FF8DAF57885716
train,American Robin,american_robin,Turdus,migratorius,483578,483578-15.wav,wavfiles/483578-15.wav,//www.xeno-canto.org/483578,//creativecommons.org/licenses/by-nc-sa/4.0/,Russ Wigh,2019-06-27,song,5EEFEE9FBD9939548BD30E4591DB5534FE019C2E09E6F6388B9673CF85970095
train,American Robin,american_robin,Turdus,migratorius,483578,483578-16.wav,wavfiles/483578-16.wav,//www.xeno-canto.org/483578,//creativecommons.org/licenses/by-nc-sa/4.0/,Russ Wigh,2019-06-27,song,94D3F6CB293FEFDA7540C99412216B1E66B5B33BDC67777ED0DABE754430A187
train,American Robin,american_robin,Turdus,migratorius,483578,483578-2.wav,wavfiles/483578-2.wav,//www.xeno-canto.org/483578,//creativecommons.org/licenses/by-nc-sa/4.0/,Russ Wigh,2019-06-27,song,C3C3D51CF2F92D29B6369A7B5E4BA12A7758AC6B4BA7B588EC64994F11994A33
train,American Robin,american_robin,Turdus,migratorius,483578,483578-3.wav,wavfiles/483578-3.wav,//www.xeno-canto.org/483578,//creativecommons.org/licenses/by-nc-sa/4.0/,Russ Wigh,2019-06-27,song,C34C363D13654172A186761443073B4DD688CE505F8273CF5DC252CF72273EC9
train,American Robin,american_robin,Turdus,migratorius,483578,483578-4.wav,wavfiles/483578-4.wav,//www.xeno-canto.org/483578,//creativecommons.org/licenses/by-nc-sa/4.0/,Russ Wigh,2019-06-27,song,D802004C6E4A829369A3F3AC4B069B0BBC441C802C232FA09A3BD24B65C6A3AA
train,American Robin,american_robin,Turdus,migratorius,483578,483578-5.wav,wavfiles/483578-5.wav,//www.xeno-canto.org/483578,//creativecommons.org/licenses/by-nc-sa/4.0/,Russ Wigh,2019-06-27,song,D18C8DB6AB221F80BE28238F287D9F83ECFDC947CB3EC2F422287E56B959637A
train,American Robin,american_robin,Turdus,migratorius,483578,483578-6.wav,wavfiles/483578-6.wav,//www.xeno-canto.org/483578,//creativecommons.org/licenses/by-nc-sa/4.0/,Russ Wigh,2019-06-27,song,030873AFB73748AFB611EED8E04A51A62E65FAF8765648314D29EFE7AFE115D4
train,American Robin,american_robin,Turdus,migratorius,483578,483578-7.wav,wavfiles/483578-7.wav,//www.xeno-canto.org/483578,//creativecommons.org/licenses/by-nc-sa/4.0/,Russ Wigh,2019-06-27,song,D1AEFC7AD631605BEEC020842484A709ECC73540544B32D2808C58BAD733EFF2
train,American Robin,american_robin,Turdus,migratorius,483578,483578-8.wav,wavfiles/483578-8.wav,//www.xeno-canto.org/483578,//creativecommons.org/licenses/by-nc-sa/4.0/,Russ Wigh,2019-06-27,song,494B2B137BE6D9F4AFA32B948CAE066CB02A8F6E94D1DDBE79DD808EF5B517CA
train,American Robin,american_robin,Turdus,migratorius,483578,483578-9.wav,wavfiles/483578-9.wav,//www.xeno-canto.org/483578,//creativecommons.org/licenses/by-nc-sa/4.0/,Russ Wigh,2019-06-27,song,BBC6BF6EFF5890FCA73ACFFE7C6F6D7B4196772737803E1ECD1D8C15C3083C5F
train,American Robin,american_robin,Turdus,migratorius,483628,483628-0.wav,wavfiles/483628-0.wav,//www.xeno-canto.org/483628,//creativecommons.org/licenses/by-nc-sa/4.0/,Barry Edmonston,2019-06-16,song,7CA0A963666C65040E46FCE249A445D02CBF9B3FB238A119B3DCBAEF193BEEF1
train,American Robin,american_robin,Turdus,migratorius,483628,483628-1.wav,wavfiles/483628-1.wav,//www.xeno-canto.org/483628,//creativecommons.org/licenses/by-nc-sa/4.0/,Barry Edmonston,2019-06-16,song,2692E236FFD5D78E935F2138B0F5BAA27DD7928C6E2F06F6ACFEDC8BEF2BBD74
train,American Robin,american_robin,Turdus,migratorius,483628,483628-12.wav,wavfiles/483628-12.wav,//www.xeno-canto.org/483628,//creativecommons.org/licenses/by-nc-sa/4.0/,Barry Edmonston,2019-06-16,song,784D8C1ADA68C7EC363615FA45E6C246EC8DEF4EE7D587597A5BF590A2E3F836
train,American Robin,american_robin,Turdus,migratorius,483628,483628-13.wav,wavfiles/483628-13.wav,//www.xeno-canto.org/483628,//creativecommons.org/licenses/by-nc-sa/4.0/,Barry Edmonston,2019-06-16,song,A72014AEB64C780385B335162A9C859FE74925427D5D499BFE8D9635D3AB5DEB
train,American Robin,american_robin,Turdus,migratorius,483628,483628-14.wav,wavfiles/483628-14.wav,//www.xeno-canto.org/483628,//creativecommons.org/licenses/by-nc-sa/4.0/,Barry Edmonston,2019-06-16,song,92DAC5654F6C79CD3C41F9AED0C3768833853A4267806C9867DDF0EB4C3A0F61
train,American Robin,american_robin,Turdus,migratorius,483628,483628-15.wav,wavfiles/483628-15.wav,//www.xeno-canto.org/483628,//creativecommons.org/licenses/by-nc-sa/4.0/,Barry Edmonston,2019-06-16,song,97B011B8541023DF98AD2F6741833E47F6F4D61C50C4D4A5557C6AF05B6A3C83
train,American Robin,american_robin,Turdus,migratorius,483628,483628-2.wav,wavfiles/483628-2.wav,//www.xeno-canto.org/483628,//creativecommons.org/licenses/by-nc-sa/4.0/,Barry Edmonston,2019-06-16,song,C29743EC41182F04EE78D04A445EE933C748B6349D3409CC7069BF8133BD0B8B
train,American Robin,american_robin,Turdus,migratorius,483628,483628-3.wav,wavfiles/483628-3.wav,//www.xeno-canto.org/483628,//creativecommons.org/licenses/by-nc-sa/4.0/,Barry Edmonston,2019-06-16,song,877F819FC23C0BCCD6AF5DA70FE9D93388F4FEA881878D80435C6E59776D2CE4
train,American Robin,american_robin,Turdus,migratorius,483628,483628-4.wav,wavfiles/483628-4.wav,//www.xeno-canto.org/483628,//creativecommons.org/licenses/by-nc-sa/4.0/,Barry Edmonston,2019-06-16,song,4BE23BAEF4377E65A35388985B5942E8CB5D05DEA2B16D581A532288EDA03435
train,American Robin,american_robin,Turdus,migratorius,483628,483628-5.wav,wavfiles/483628-5.wav,//www.xeno-canto.org/483628,//creativecommons.org/licenses/by-nc-sa/4.0/,Barry Edmonston,2019-06-16,song,1FDE7738C0564E511875A91931E5860A36B55B9D7284B33D8F0069BF513D8EB8
train,American Robin,american_robin,Turdus,migratorius,483628,483628-6.wav,wavfiles/483628-6.wav,//www.xeno-canto.org/483628,//creativecommons.org/licenses/by-nc-sa/4.0/,Barry Edmonston,2019-06-16,song,2FE493AB0D5FD3A8C779DAA19A555945781121069F8675AE928CD792F8B4FAC5
train,American Robin,american_robin,Turdus,migratorius,483628,483628-7.wav,wavfiles/483628-7.wav,//www.xeno-canto.org/483628,//creativecommons.org/licenses/by-nc-sa/4.0/,Barry Edmonston,2019-06-16,song,40F856A08B0FF2284C0753D9A6C18667FB0BAC18BF5AFD7876676E21A4C2A06E
train,American Robin,american_robin,Turdus,migratorius,483628,483628-8.wav,wavfiles/483628-8.wav,//www.xeno-canto.org/483628,//creativecommons.org/licenses/by-nc-sa/4.0/,Barry Edmonston,2019-06-16,song,6601F51D1157065D1BC4D62C782AC9729E6316CAABD620D6AEA5BDA2E4FFBE65
train,American Robin,american_robin,Turdus,migratorius,537326,537326-0.wav,wavfiles/537326-0.wav,//www.xeno-canto.org/537326,//creativecommons.org/licenses/by-nc-sa/4.0/,Paul Marvin,2020-03-21,song,0DA628BB73C759A1E6DA98088165FEB4ADDA3F16764861F5138F64451E4C3A5B
train,American Robin,american_robin,Turdus,migratorius,537326,537326-1.wav,wavfiles/537326-1.wav,//www.xeno-canto.org/537326,//creativecommons.org/licenses/by-nc-sa/4.0/,Paul Marvin,2020-03-21,song,2F0F0DA5D4F5F98DE9E2A2B326A545833812A162737336DBB1921F0F8CC32F4F
train,American Robin,american_robin,Turdus,migratorius,537326,537326-10.wav,wavfiles/537326-10.wav,//www.xeno-canto.org/537326,//creativecommons.org/licenses/by-nc-sa/4.0/,Paul Marvin,2020-03-21,song,14814B12C47B071C527C99462AA189EE4911359216732A0C1242E7E0C08AE823
train,American Robin,american_robin,Turdus,migratorius,537326,537326-11.wav,wavfiles/537326-11.wav,//www.xeno-canto.org/537326,//creativecommons.org/licenses/by-nc-sa/4.0/,Paul Marvin,2020-03-21,song,FE6086DC6B506DF2FB62D542DC848136B5EAFD03A51596182EBDF94F66226E3A
train,American Robin,american_robin,Turdus,migratorius,537326,537326-2.wav,wavfiles/537326-2.wav,//www.xeno-canto.org/537326,//creativecommons.org/licenses/by-nc-sa/4.0/,Paul Marvin,2020-03-21,song,8FF1D16D1D7B85BA14C413E2C695FC0392C830C69CEBEC41700B2BC6DFAA3051
train,American Robin,american_robin,Turdus,migratorius,537326,537326-3.wav,wavfiles/537326-3.wav,//www.xeno-canto.org/537326,//creativecommons.org/licenses/by-nc-sa/4.0/,Paul Marvin,2020-03-21,song,06A15EDACB21D97418DF1316E50747E8FC03E44C10C1C345458DA69C9C421F3A
train,American Robin,american_robin,Turdus,migratorius,537326,537326-4.wav,wavfiles/537326-4.wav,//www.xeno-canto.org/537326,//creativecommons.org/licenses/by-nc-sa/4.0/,Paul Marvin,2020-03-21,song,8964492C40618CBAEAFA43450428B58D234539886438EFF25D2D0D40A7682AE7
train,American Robin,american_robin,Turdus,migratorius,537326,537326-5.wav,wavfiles/537326-5.wav,//www.xeno-canto.org/537326,//creativecommons.org/licenses/by-nc-sa/4.0/,Paul Marvin,2020-03-21,song,2BABC14324FD86E6F2F83EF958F95181633138E198F1F18D2AC1C3CFD21F8596
train,American Robin,american_robin,Turdus,migratorius,537326,537326-6.wav,wavfiles/537326-6.wav,//www.xeno-canto.org/537326,//creativecommons.org/licenses/by-nc-sa/4.0/,Paul Marvin,2020-03-21,song,5AF89D97F9D26515672550FAAC6FED2D8A10914C074CCFF010745B714B2314D9
train,American Robin,american_robin,Turdus,migratorius,537326,537326-7.wav,wavfiles/537326-7.wav,//www.xeno-canto.org/537326,//creativecommons.org/licenses/by-nc-sa/4.0/,Paul Marvin,2020-03-21,song,AAD0B998763D7800D936437E93690C25F8C20083A0E30F64B272730956A5E3FE
train,American Robin,american_robin,Turdus,migratorius,537326,537326-8.wav,wavfiles/537326-8.wav,//www.xeno-canto.org/537326,//creativecommons.org/licenses/by-nc-sa/4.0/,Paul Marvin,2020-03-21,song,58EA5F67624F208013429FE5758362255D538214C899D902EB6683969247BC3F
train,American Robin,american_robin,Turdus,migratorius,537326,537326-9.wav,wavfiles/537326-9.wav,//www.xeno-canto.org/537326,//creativecommons.org/licenses/by-nc-sa/4.0/,Paul Marvin,2020-03-21,song,C2327DEF0ADA8444EE24D88C72A3FD093CC3E00CDCD19F20CA6301B2CBE94C63
train,American Robin,american_robin,Turdus,migratorius,559314,559314-0.wav,wavfiles/559314-0.wav,//www.xeno-canto.org/559314,//creativecommons.org/licenses/by-nc-sa/4.0/,Eric Zawatski,2020-05-16,"adult, male, song",1E58737325B80CDCFB77E6DDA8D30929DDF059712B2358C31F6A297A2D40524C
train,American Robin,american_robin,Turdus,migratorius,559314,559314-1.wav,wavfiles/559314-1.wav,//www.xeno-canto.org/559314,//creativecommons.org/licenses/by-nc-sa/4.0/,Eric Zawatski,2020-05-16,"adult, male, song",1880DFAA62D640ACA14BF7FA80324CC41E94F7B3EF04659DDE9D658CBB0B0FD3
train,American Robin,american_robin,Turdus,migratorius,559314,559314-10.wav,wavfiles/559314-10.wav,//www.xeno-canto.org/559314,//creativecommons.org/licenses/by-nc-sa/4.0/,Eric Zawatski,2020-05-16,"adult, male, song",E7D789F705754ACFF40F381CD7FC148DD33C37A1F15B44E1B08E9C459DCF94AF
train,American Robin,american_robin,Turdus,migratorius,559314,559314-12.wav,wavfiles/559314-12.wav,//www.xeno-canto.org/559314,//creativecommons.org/licenses/by-nc-sa/4.0/,Eric Zawatski,2020-05-16,"adult, male, song",AFFC79E63031C49700C3BE6F89E7C8F28202A17B18C89E48DEB601B0259617A6
train,American Robin,american_robin,Turdus,migratorius,559314,559314-2.wav,wavfiles/559314-2.wav,//www.xeno-canto.org/559314,//creativecommons.org/licenses/by-nc-sa/4.0/,Eric Zawatski,2020-05-16,"adult, male, song",34CFA8E66F1FFBC58824810E7EB54B254755498598DE4EF8DDBFB8AFB442380E
train,American Robin,american_robin,Turdus,migratorius,559314,559314-3.wav,wavfiles/559314-3.wav,//www.xeno-canto.org/559314,//creativecommons.org/licenses/by-nc-sa/4.0/,Eric Zawatski,2020-05-16,"adult, male, song",EE633E7EC5B819665EEAE96B918E1992E3622D84A2DB859ED710EE4F4DAEA432
train,American Robin,american_robin,Turdus,migratorius,559314,559314-4.wav,wavfiles/559314-4.wav,//www.xeno-canto.org/559314,//creativecommons.org/licenses/by-nc-sa/4.0/,Eric Zawatski,2020-05-16,"adult, male, song",70656B6612AE403891E8D7F2B586DAE9A7483D853B9856F8930DEAFFD370273F
train,American Robin,american_robin,Turdus,migratorius,559314,559314-6.wav,wavfiles/559314-6.wav,//www.xeno-canto.org/559314,//creativecommons.org/licenses/by-nc-sa/4.0/,Eric Zawatski,2020-05-16,"adult, male, song",D9A91CF52E6EBEB8295A8FD1F1818865219B9888EB10248F50BD2370B50C1CBD
train,American Robin,american_robin,Turdus,migratorius,559314,559314-7.wav,wavfiles/559314-7.wav,//www.xeno-canto.org/559314,//creativecommons.org/licenses/by-nc-sa/4.0/,Eric Zawatski,2020-05-16,"adult, male, song",8EE9179C354C941CB7253B904F7E1D3E7D60402149357943873612D0902FB759
train,American Robin,american_robin,Turdus,migratorius,559314,559314-9.wav,wavfiles/559314-9.wav,//www.xeno-canto.org/559314,//creativecommons.org/licenses/by-nc-sa/4.0/,Eric Zawatski,2020-05-16,"adult, male, song",B3B4C422E6510F046ED58A2D07495E9C3B97B22AD3EE8DC18BA904E5A40EFFB8
train,American Robin,american_robin,Turdus,migratorius,563197,563197-0.wav,wavfiles/563197-0.wav,//www.xeno-canto.org/563197,//creativecommons.org/licenses/by-nc-sa/4.0/,Brian Hendrix,2020-05-29,song,1BB6D24F7961C1F499C979F2F076383C2AD4CE84FE72695014AEBC7AA0939C4E
train,American Robin,american_robin,Turdus,migratorius,563197,563197-1.wav,wavfiles/563197-1.wav,//www.xeno-canto.org/563197,//creativecommons.org/licenses/by-nc-sa/4.0/,Brian Hendrix,2020-05-29,song,A2C38FE728C9768999669337894C7BA403C98A9FE934D376819A86AE0F8EE4FB
train,American Robin,american_robin,Turdus,migratorius,563197,563197-10.wav,wavfiles/563197-10.wav,//www.xeno-canto.org/563197,//creativecommons.org/licenses/by-nc-sa/4.0/,Brian Hendrix,2020-05-29,song,689F71BF0C580BD4BDAC14F2FECF5AB1B4F9635A057530DF211D11CDAA948D0D
train,American Robin,american_robin,Turdus,migratorius,563197,563197-2.wav,wavfiles/563197-2.wav,//www.xeno-canto.org/563197,//creativecommons.org/licenses/by-nc-sa/4.0/,Brian Hendrix,2020-05-29,song,9BC65A85D4219ABCB3896CB6D2B38B03C10EAF818D5EF4526E14CF4029906C14
train,American Robin,american_robin,Turdus,migratorius,563197,563197-3.wav,wavfiles/563197-3.wav,//www.xeno-canto.org/563197,//creativecommons.org/licenses/by-nc-sa/4.0/,Brian Hendrix,2020-05-29,song,877D53EB3F3CBAC6AC48B8F444B8E8683C10A1EFC31C5637489730DF85A35128
train,American Robin,american_robin,Turdus,migratorius,563197,563197-4.wav,wavfiles/563197-4.wav,//www.xeno-canto.org/563197,//creativecommons.org/licenses/by-nc-sa/4.0/,Brian Hendrix,2020-05-29,song,85C6B811DAE4CBADBE7133164FC04E76C58B2E56B3288091DBD84A4FBB5EBFCC
train,American Robin,american_robin,Turdus,migratorius,563197,563197-5.wav,wavfiles/563197-5.wav,//www.xeno-canto.org/563197,//creativecommons.org/licenses/by-nc-sa/4.0/,Brian Hendrix,2020-05-29,song,A4C8D406D9135E49E30EFC97F59FA79FDB9F2AF3FE62C2A60C17501E8441DF93
train,American Robin,american_robin,Turdus,migratorius,563197,563197-6.wav,wavfiles/563197-6.wav,//www.xeno-canto.org/563197,//creativecommons.org/licenses/by-nc-sa/4.0/,Brian Hendrix,2020-05-29,song,555EE52A9601FF6B495EBA94B12972800583E971CC8F13166241306856F57C27
train,American Robin,american_robin,Turdus,migratorius,563197,563197-7.wav,wavfiles/563197-7.wav,//www.xeno-canto.org/563197,//creativecommons.org/licenses/by-nc-sa/4.0/,Brian Hendrix,2020-05-29,song,03F97D6D6CA2CFA4708BC2883B1BC075758EA9A67FCC97977F6D9F906E3C4DB8
train,American Robin,american_robin,Turdus,migratorius,563197,563197-8.wav,wavfiles/563197-8.wav,//www.xeno-canto.org/563197,//creativecommons.org/licenses/by-nc-sa/4.0/,Brian Hendrix,2020-05-29,song,FC745F8DA2E08F6D76D7372BE2E9E3065058DF2929F635A8A7BC2C47998CF14C
train,American Robin,american_robin,Turdus,migratorius,563197,563197-9.wav,wavfiles/563197-9.wav,//www.xeno-canto.org/563197,//creativecommons.org/licenses/by-nc-sa/4.0/,Brian Hendrix,2020-05-29,song,CC5CC338B75459F62AD5339091DEC81B2AC2FBDD8C47689F7377CF1D360F0213
train,American Robin,american_robin,Turdus,migratorius,563612,563612-0.wav,wavfiles/563612-0.wav,//www.xeno-canto.org/563612,//creativecommons.org/licenses/by-nc-sa/4.0/,Brian Hendrix,2020-05-30,song,25ECE03AB6619EB6D66E68E2525B18B5CBC1A4A059DB4A7F7BD7A02AC2F55237
train,American Robin,american_robin,Turdus,migratorius,563612,563612-1.wav,wavfiles/563612-1.wav,//www.xeno-canto.org/563612,//creativecommons.org/licenses/by-nc-sa/4.0/,Brian Hendrix,2020-05-30,song,56BDBC8AE427A72A4F6CB897A581B79B0B46026350048C024E91731B792770BA
train,American Robin,american_robin,Turdus,migratorius,563612,563612-10.wav,wavfiles/563612-10.wav,//www.xeno-canto.org/563612,//creativecommons.org/licenses/by-nc-sa/4.0/,Brian Hendrix,2020-05-30,song,55FA4D25EBE8D7500A273568FDE356FE4FFAC1E73195DF74DEDAFB0AAAB36EF7
train,American Robin,american_robin,Turdus,migratorius,563612,563612-11.wav,wavfiles/563612-11.wav,//www.xeno-canto.org/563612,//creativecommons.org/licenses/by-nc-sa/4.0/,Brian Hendrix,2020-05-30,song,D655C5F70598663E0D49ECF23A297DB6FE5F709A19EAE78D625367CBDBAC7DFF
train,American Robin,american_robin,Turdus,migratorius,563612,563612-12.wav,wavfiles/563612-12.wav,//www.xeno-canto.org/563612,//creativecommons.org/licenses/by-nc-sa/4.0/,Brian Hendrix,2020-05-30,song,A8C050A706E5518FE93A5287504BF7444903B3E42D2A3A5816526F9F6E760116
train,American Robin,american_robin,Turdus,migratorius,563612,563612-2.wav,wavfiles/563612-2.wav,//www.xeno-canto.org/563612,//creativecommons.org/licenses/by-nc-sa/4.0/,Brian Hendrix,2020-05-30,song,A2A2DA8FDE71DA3B2F690C3B6517A53C3399F54AA1234B639B53B2504390FF0A
train,American Robin,american_robin,Turdus,migratorius,563612,563612-3.wav,wavfiles/563612-3.wav,//www.xeno-canto.org/563612,//creativecommons.org/licenses/by-nc-sa/4.0/,Brian Hendrix,2020-05-30,song,D8711D4DD3A8C43031181DC83F1CFC30EBCD908CFB078615F878198C44D7D77D
train,American Robin,american_robin,Turdus,migratorius,563612,563612-4.wav,wavfiles/563612-4.wav,//www.xeno-canto.org/563612,//creativecommons.org/licenses/by-nc-sa/4.0/,Brian Hendrix,2020-05-30,song,99C2B1EBD502AE8C0A5792E808EE7B3DF4549D654A4D15928186E85A156129BA
train,American Robin,american_robin,Turdus,migratorius,563612,563612-5.wav,wavfiles/563612-5.wav,//www.xeno-canto.org/563612,//creativecommons.org/licenses/by-nc-sa/4.0/,Brian Hendrix,2020-05-30,song,9F5D6A07B1DCE3BDF6DA129934C4CB12EBC23573011D443EA75D44E2B7A148C7
train,American Robin,american_robin,Turdus,migratorius,563612,563612-6.wav,wavfiles/563612-6.wav,//www.xeno-canto.org/563612,//creativecommons.org/licenses/by-nc-sa/4.0/,Brian Hendrix,2020-05-30,song,6156021CF6F6064935910E12E26DD2A1310658A0F6209AD5425229CAF0DB773F
train,American Robin,american_robin,Turdus,migratorius,563612,563612-7.wav,wavfiles/563612-7.wav,//www.xeno-canto.org/563612,//creativecommons.org/licenses/by-nc-sa/4.0/,Brian Hendrix,2020-05-30,song,F8A42F637D590F0041F5543C3EFE415E97DAD1BD399960E9DFD9E0A721CAD66F
train,American Robin,american_robin,Turdus,migratorius,563612,563612-8.wav,wavfiles/563612-8.wav,//www.xeno-canto.org/563612,//creativecommons.org/licenses/by-nc-sa/4.0/,Brian Hendrix,2020-05-30,song,6E689718068C7AB3E8FD9FE4B4156A2B3ED6B19727654800AB1125BC8FB3F5E2
train,American Robin,american_robin,Turdus,migratorius,563612,563612-9.wav,wavfiles/563612-9.wav,//www.xeno-canto.org/563612,//creativecommons.org/licenses/by-nc-sa/4.0/,Brian Hendrix,2020-05-30,song,0B7F873A507FD7FD467EE31BE5106AC177221CF2D5C2B324BD2E061759248C37
train,American Robin,american_robin,Turdus,migratorius,564319,564319-0.wav,wavfiles/564319-0.wav,//www.xeno-canto.org/564319,//creativecommons.org/licenses/by-nc-sa/4.0/,Brian Hendrix,2020-06-01,song,0643E1D3ADD6767EC4078D53CE097B3D60C741514A2F643CEB3F7AD95C2131DF
train,American Robin,american_robin,Turdus,migratorius,564319,564319-1.wav,wavfiles/564319-1.wav,//www.xeno-canto.org/564319,//creativecommons.org/licenses/by-nc-sa/4.0/,Brian Hendrix,2020-06-01,song,44DDE4FF6B8C1271DBD25D7608A344DB53FC3F5577DFB30282B8343DCEE6A998
train,American Robin,american_robin,Turdus,migratorius,564319,564319-10.wav,wavfiles/564319-10.wav,//www.xeno-canto.org/564319,//creativecommons.org/licenses/by-nc-sa/4.0/,Brian Hendrix,2020-06-01,song,E358437A03E334CF3A16222C221B3EC82FA69903DFD548EF80E5A9755477F85E
train,American Robin,american_robin,Turdus,migratorius,564319,564319-11.wav,wavfiles/564319-11.wav,//www.xeno-canto.org/564319,//creativecommons.org/licenses/by-nc-sa/4.0/,Brian Hendrix,2020-06-01,song,76FD8D7F49818DCFCCFB172516E49BC7E544B8FF956AB187F2E6DCC415A7DD35
train,American Robin,american_robin,Turdus,migratorius,564319,564319-12.wav,wavfiles/564319-12.wav,//www.xeno-canto.org/564319,//creativecommons.org/licenses/by-nc-sa/4.0/,Brian Hendrix,2020-06-01,song,E9C92DD0C29B7A297607F5823C1FE6B78D881EFAFDD2E9D3AAC06E986CDCA4DB
train,American Robin,american_robin,Turdus,migratorius,564319,564319-13.wav,wavfiles/564319-13.wav,//www.xeno-canto.org/564319,//creativecommons.org/licenses/by-nc-sa/4.0/,Brian Hendrix,2020-06-01,song,2F7DC2E77BA08905CAAD20B5ECC243FCE4178DA04ABA5CA5F0FBC5376CAC21C0
train,American Robin,american_robin,Turdus,migratorius,564319,564319-14.wav,wavfiles/564319-14.wav,//www.xeno-canto.org/564319,//creativecommons.org/licenses/by-nc-sa/4.0/,Brian Hendrix,2020-06-01,song,0BE1D048E4CABEF5B6539FF3D1A0AF7DAE0AAC7BFFF07B7D99439E76045B32B9
train,American Robin,american_robin,Turdus,migratorius,564319,564319-15.wav,wavfiles/564319-15.wav,//www.xeno-canto.org/564319,//creativecommons.org/licenses/by-nc-sa/4.0/,Brian Hendrix,2020-06-01,song,67B5CD94FC96B7E9C2712F8EEBAE8B77C6322290F9922FCD87C91A09CBFA976C
train,American Robin,american_robin,Turdus,migratorius,564319,564319-16.wav,wavfiles/564319-16.wav,//www.xeno-canto.org/564319,//creativecommons.org/licenses/by-nc-sa/4.0/,Brian Hendrix,2020-06-01,song,BA9AC52204993939EEA592D783227EE95D1BF86E5390BC94A4B29EE5F737CFDE
train,American Robin,american_robin,Turdus,migratorius,564319,564319-2.wav,wavfiles/564319-2.wav,//www.xeno-canto.org/564319,//creativecommons.org/licenses/by-nc-sa/4.0/,Brian Hendrix,2020-06-01,song,91DBE32602F41BC58E65098CAFD04199BAE4CB0796C94BFCA11E4908AA191F2D
train,American Robin,american_robin,Turdus,migratorius,564319,564319-3.wav,wavfiles/564319-3.wav,//www.xeno-canto.org/564319,//creativecommons.org/licenses/by-nc-sa/4.0/,Brian Hendrix,2020-06-01,song,850B99171D9D17D89C32D42A9C5B1FC8752E80C00A624E7E080CB18DC7E56C8F
train,American Robin,american_robin,Turdus,migratorius,564319,564319-4.wav,wavfiles/564319-4.wav,//www.xeno-canto.org/564319,//creativecommons.org/licenses/by-nc-sa/4.0/,Brian Hendrix,2020-06-01,song,1D86A93069A3AB32BCE78E4CC2F5F744BB31EDAB19E5446EAF263510218C0AA5
train,American Robin,american_robin,Turdus,migratorius,564319,564319-8.wav,wavfiles/564319-8.wav,//www.xeno-canto.org/564319,//creativecommons.org/licenses/by-nc-sa/4.0/,Brian Hendrix,2020-06-01,song,6CF77723AED2D1D3F40B5BC6E152BA2352008A60ACECD88156B0889CABBC4C9C
train,American Robin,american_robin,Turdus,migratorius,564319,564319-9.wav,wavfiles/564319-9.wav,//www.xeno-canto.org/564319,//creativecommons.org/licenses/by-nc-sa/4.0/,Brian Hendrix,2020-06-01,song,86E1DDBEC50589F6BD0F9EB915570B24C6AF438D6F6F6A8F78ACD7CD0F3FB0DA
train,American Robin,american_robin,Turdus,migratorius,564324,564324-0.wav,wavfiles/564324-0.wav,//www.xeno-canto.org/564324,//creativecommons.org/licenses/by-nc-sa/4.0/,Brian Hendrix,2020-06-01,song,9CF5434659877EC27D1BE8398C090C7C2260DE3BE56F002E3AE196FED0926BF7
train,American Robin,american_robin,Turdus,migratorius,564324,564324-1.wav,wavfiles/564324-1.wav,//www.xeno-canto.org/564324,//creativecommons.org/licenses/by-nc-sa/4.0/,Brian Hendrix,2020-06-01,song,81E10D66FDE5E15FE4EE5BD072F2CB4B8E0F2E692CF0D080A315721F13D21577
train,American Robin,american_robin,Turdus,migratorius,564324,564324-11.wav,wavfiles/564324-11.wav,//www.xeno-canto.org/564324,//creativecommons.org/licenses/by-nc-sa/4.0/,Brian Hendrix,2020-06-01,song,300974BDA0C386352B8F53BA86A1BD0D7424998FAEA3A6457646EE5F736E02F2
train,American Robin,american_robin,Turdus,migratorius,564324,564324-3.wav,wavfiles/564324-3.wav,//www.xeno-canto.org/564324,//creativecommons.org/licenses/by-nc-sa/4.0/,Brian Hendrix,2020-06-01,song,F2574DD30EB3693F83EF4AD5C446B7F9DE0309EAA73AD07B4E89E7885CF745D9
train,American Robin,american_robin,Turdus,migratorius,564324,564324-4.wav,wavfiles/564324-4.wav,//www.xeno-canto.org/564324,//creativecommons.org/licenses/by-nc-sa/4.0/,Brian Hendrix,2020-06-01,song,002EDA1D2230F897E830657A153562CF7B1BB949ABE3FFE06A23DF5442F1C481
train,American Robin,american_robin,Turdus,migratorius,564324,564324-5.wav,wavfiles/564324-5.wav,//www.xeno-canto.org/564324,//creativecommons.org/licenses/by-nc-sa/4.0/,Brian Hendrix,2020-06-01,song,5EA4C8044DCCF06189A38E71DCB6757C9A0C631546F237FBB2494C4CC3AF2FD1
train,American Robin,american_robin,Turdus,migratorius,564324,564324-6.wav,wavfiles/564324-6.wav,//www.xeno-canto.org/564324,//creativecommons.org/licenses/by-nc-sa/4.0/,Brian Hendrix,2020-06-01,song,38684CACCBBC2B252AA0BCC030253AEA85A1EC799EF8F6359F6C545C20191DD3
train,American Robin,american_robin,Turdus,migratorius,564324,564324-7.wav,wavfiles/564324-7.wav,//www.xeno-canto.org/564324,//creativecommons.org/licenses/by-nc-sa/4.0/,Brian Hendrix,2020-06-01,song,713F3F2CBC804010A4542DCAF27B9CB859B9367E9CDC19232A028884C383D96C
train,American Robin,american_robin,Turdus,migratorius,564324,564324-8.wav,wavfiles/564324-8.wav,//www.xeno-canto.org/564324,//creativecommons.org/licenses/by-nc-sa/4.0/,Brian Hendrix,2020-06-01,song,679837CC56C4F1699DFA88B5EC9B63B4999F40E9CEC805C641F955E3C1F26D8A
train,American Robin,american_robin,Turdus,migratorius,564544,564544-0.wav,wavfiles/564544-0.wav,//www.xeno-canto.org/564544,//creativecommons.org/licenses/by-nc-sa/4.0/,Brian Hendrix,2020-06-02,song,263DCAE12F8B2710686DCE9C5B6102446F82BD545D4429595D4570258B510609
train,American Robin,american_robin,Turdus,migratorius,564544,564544-1.wav,wavfiles/564544-1.wav,//www.xeno-canto.org/564544,//creativecommons.org/licenses/by-nc-sa/4.0/,Brian Hendrix,2020-06-02,song,A612BBDE2A3BA3B3137AD4399DEDC60AD7EA18F0F316FA6EC5D0B21F9F1643E4
train,American Robin,american_robin,Turdus,migratorius,564544,564544-12.wav,wavfiles/564544-12.wav,//www.xeno-canto.org/564544,//creativecommons.org/licenses/by-nc-sa/4.0/,Brian Hendrix,2020-06-02,song,7B5C4161DC2F9C18AF63CD9BB3EC22F7047E8D81EA0946CF3023B8FE8EB4540C
train,American Robin,american_robin,Turdus,migratorius,564544,564544-13.wav,wavfiles/564544-13.wav,//www.xeno-canto.org/564544,//creativecommons.org/licenses/by-nc-sa/4.0/,Brian Hendrix,2020-06-02,song,1F27CC7939FFB82ABED6CDDEA438F0AEBB839C2FCA528C22410066193B33056A
train,American Robin,american_robin,Turdus,migratorius,564544,564544-14.wav,wavfiles/564544-14.wav,//www.xeno-canto.org/564544,//creativecommons.org/licenses/by-nc-sa/4.0/,Brian Hendrix,2020-06-02,song,BA51E8114B502890398BAE12FCEB156F8F7309C93EDDBA8B7F06D81E42272F7B
train,American Robin,american_robin,Turdus,migratorius,564544,564544-2.wav,wavfiles/564544-2.wav,//www.xeno-canto.org/564544,//creativecommons.org/licenses/by-nc-sa/4.0/,Brian Hendrix,2020-06-02,song,3D7A22BD106520A7622FC45BE0E160A326806212B0870E478DAA39FF0F9FA628
train,American Robin,american_robin,Turdus,migratorius,564544,564544-3.wav,wavfiles/564544-3.wav,//www.xeno-canto.org/564544,//creativecommons.org/licenses/by-nc-sa/4.0/,Brian Hendrix,2020-06-02,song,855FEC0DF257FCE01FDC5CDB040DB733134E42F79D6A8D0B2817C0F8D134E428
train,American Robin,american_robin,Turdus,migratorius,564544,564544-5.wav,wavfiles/564544-5.wav,//www.xeno-canto.org/564544,//creativecommons.org/licenses/by-nc-sa/4.0/,Brian Hendrix,2020-06-02,song,D364FE248C0D591D3CF1A3579D2801DA69E75BA7B9993FABDA19F7DFB02F2897
train,American Robin,american_robin,Turdus,migratorius,564544,564544-6.wav,wavfiles/564544-6.wav,//www.xeno-canto.org/564544,//creativecommons.org/licenses/by-nc-sa/4.0/,Brian Hendrix,2020-06-02,song,390F33203677E10EFCCB042D2D329AC83C7C6E1B2EF075D3331F3BB567DCA678
train,American Robin,american_robin,Turdus,migratorius,564544,564544-7.wav,wavfiles/564544-7.wav,//www.xeno-canto.org/564544,//creativecommons.org/licenses/by-nc-sa/4.0/,Brian Hendrix,2020-06-02,song,AA48EC62542EC412A1D7CFC5BD7FCE3D587E2E635D594F9FBA04D0FD8F42F18C
train,American Robin,american_robin,Turdus,migratorius,564544,564544-8.wav,wavfiles/564544-8.wav,//www.xeno-canto.org/564544,//creativecommons.org/licenses/by-nc-sa/4.0/,Brian Hendrix,2020-06-02,song,DCBC20C966F9501519A7C01BA388EDEF1209E7DD9B5998A5F3911A0F6A5EBC50
train,Northern Cardinal,northern_cardinal,Cardinalis,cardinalis,11713,11713-0.wav,wavfiles/11713-0.wav,//www.xeno-canto.org/11713,//creativecommons.org/licenses/by-nc-nd/2.5/,Chris Parrish,2007-03-31,song,5C60BA71818F09A56C32AF15A26894F279244089C51459A4AB13931E9C803357
train,Northern Cardinal,northern_cardinal,Cardinalis,cardinalis,11713,11713-1.wav,wavfiles/11713-1.wav,//www.xeno-canto.org/11713,//creativecommons.org/licenses/by-nc-nd/2.5/,Chris Parrish,2007-03-31,song,A4D287554492A1974047E9667516E982C68CC13044AFDF0AEFBCF70B6127ABCA
train,Northern Cardinal,northern_cardinal,Cardinalis,cardinalis,11713,11713-10.wav,wavfiles/11713-10.wav,//www.xeno-canto.org/11713,//creativecommons.org/licenses/by-nc-nd/2.5/,Chris Parrish,2007-03-31,song,128660A7652B10AAC42617EA7B1EE5322A0BCFAF10096D9CE23D3926762D0D9D
train,Northern Cardinal,northern_cardinal,Cardinalis,cardinalis,11713,11713-14.wav,wavfiles/11713-14.wav,//www.xeno-canto.org/11713,//creativecommons.org/licenses/by-nc-nd/2.5/,Chris Parrish,2007-03-31,song,7AC428DBF20125CC86D25B35B1D99AE8F84153046A0BB003DB1E38D66AC257B9
train,Northern Cardinal,northern_cardinal,Cardinalis,cardinalis,11713,11713-15.wav,wavfiles/11713-15.wav,//www.xeno-canto.org/11713,//creativecommons.org/licenses/by-nc-nd/2.5/,Chris Parrish,2007-03-31,song,FE25628E0AE457E3C19BE79F9530224343205C57BCE159292893B80BC9FB9CCA
train,Northern Cardinal,northern_cardinal,Cardinalis,cardinalis,11713,11713-16.wav,wavfiles/11713-16.wav,//www.xeno-canto.org/11713,//creativecommons.org/licenses/by-nc-nd/2.5/,Chris Parrish,2007-03-31,song,1C279185BC6AEB1D32B24A9A9FA1841D01D6830C1CA552740AB08718DB2180E5
train,Northern Cardinal,northern_cardinal,Cardinalis,cardinalis,11713,11713-2.wav,wavfiles/11713-2.wav,//www.xeno-canto.org/11713,//creativecommons.org/licenses/by-nc-nd/2.5/,Chris Parrish,2007-03-31,song,C9CEBB860D80533E87B385F055DBFF4E520F97EDB0E37F3B389686272E9CA9BB
train,Northern Cardinal,northern_cardinal,Cardinalis,cardinalis,11713,11713-3.wav,wavfiles/11713-3.wav,//www.xeno-canto.org/11713,//creativecommons.org/licenses/by-nc-nd/2.5/,Chris Parrish,2007-03-31,song,6FF7566D369E042BB51784303CC79175CC2FE8D9BBF1C324ACC42E700B5D880F
train,Northern Cardinal,northern_cardinal,Cardinalis,cardinalis,11713,11713-4.wav,wavfiles/11713-4.wav,//www.xeno-canto.org/11713,//creativecommons.org/licenses/by-nc-nd/2.5/,Chris Parrish,2007-03-31,song,5A9D3E142733EF9E5C12429B69F2F89573C6C8DB7BC05E8F9667157F13DE1500
train,Northern Cardinal,northern_cardinal,Cardinalis,cardinalis,11713,11713-5.wav,wavfiles/11713-5.wav,//www.xeno-canto.org/11713,//creativecommons.org/licenses/by-nc-nd/2.5/,Chris Parrish,2007-03-31,song,3D1AF85B4D683CE48A3A198AECDE61E6E2DCD0B1DE3B1DA445E7E2E6DFDDEE7A
train,Northern Cardinal,northern_cardinal,Cardinalis,cardinalis,11713,11713-6.wav,wavfiles/11713-6.wav,//www.xeno-canto.org/11713,//creativecommons.org/licenses/by-nc-nd/2.5/,Chris Parrish,2007-03-31,song,CA40B389BACD444361F1BB039AE2F8037A189636140B408CA9E99E010FC96B25
train,Northern Cardinal,northern_cardinal,Cardinalis,cardinalis,11713,11713-7.wav,wavfiles/11713-7.wav,//www.xeno-canto.org/11713,//creativecommons.org/licenses/by-nc-nd/2.5/,Chris Parrish,2007-03-31,song,8039383AAB2AFA0DDD916CFDBF5889B22C268D095A24AF228DCC4610F63CD549
train,Northern Cardinal,northern_cardinal,Cardinalis,cardinalis,11713,11713-8.wav,wavfiles/11713-8.wav,//www.xeno-canto.org/11713,//creativecommons.org/licenses/by-nc-nd/2.5/,Chris Parrish,2007-03-31,song,10C7BC897067C076DC9FD4E2F666A20DD4FDF46E16FB6B623C2AD9843C4B474E
train,Northern Cardinal,northern_cardinal,Cardinalis,cardinalis,11846,11846-0.wav,wavfiles/11846-0.wav,//www.xeno-canto.org/11846,//creativecommons.org/licenses/by-nc-sa/3.0/,Allen T. Chartier,2007-03-06,Song,32E4D1463DD406F10E3E57988A0EC1FAE45386A5B15BAE81000715EE708D2DDE
train,Northern Cardinal,northern_cardinal,Cardinalis,cardinalis,11846,11846-1.wav,wavfiles/11846-1.wav,//www.xeno-canto.org/11846,//creativecommons.org/licenses/by-nc-sa/3.0/,Allen T. Chartier,2007-03-06,Song,9AA143CACD077453074E986234749D00BDB33B53271811E1E0C62AD693042EAB
train,Northern Cardinal,northern_cardinal,Cardinalis,cardinalis,11846,11846-10.wav,wavfiles/11846-10.wav,//www.xeno-canto.org/11846,//creativecommons.org/licenses/by-nc-sa/3.0/,Allen T. Chartier,2007-03-06,Song,17F30CFE418EF7DC13F363D79AC6FFDF2752F61CF0E123712B4FB845A6CE4E97
train,Northern Cardinal,northern_cardinal,Cardinalis,cardinalis,11846,11846-11.wav,wavfiles/11846-11.wav,//www.xeno-canto.org/11846,//creativecommons.org/licenses/by-nc-sa/3.0/,Allen T. Chartier,2007-03-06,Song,7487B15ADA32145CC8C321A3E10DF4F0E42885FE8FF60949DB6C9F1D48873CCA
train,Northern Cardinal,northern_cardinal,Cardinalis,cardinalis,11846,11846-12.wav,wavfiles/11846-12.wav,//www.xeno-canto.org/11846,//creativecommons.org/licenses/by-nc-sa/3.0/,Allen T. Chartier,2007-03-06,Song,B853F387DDA389FFBB718E136EEAB721554A787693D98B500E4B41993A376A84
train,Northern Cardinal,northern_cardinal,Cardinalis,cardinalis,11846,11846-13.wav,wavfiles/11846-13.wav,//www.xeno-canto.org/11846,//creativecommons.org/licenses/by-nc-sa/3.0/,Allen T. Chartier,2007-03-06,Song,777E9B924DC6B96690A7B22BD9DF1E3BAEB22FCBD8964323034D85E818FD3DBD
train,Northern Cardinal,northern_cardinal,Cardinalis,cardinalis,11846,11846-2.wav,wavfiles/11846-2.wav,//www.xeno-canto.org/11846,//creativecommons.org/licenses/by-nc-sa/3.0/,Allen T. Chartier,2007-03-06,Song,378AD898EB61A157E729178A6D9D58DB1180F0E1B08BBF8697F02D741DFA7056
train,Northern Cardinal,northern_cardinal,Cardinalis,cardinalis,11846,11846-3.wav,wavfiles/11846-3.wav,//www.xeno-canto.org/11846,//creativecommons.org/licenses/by-nc-sa/3.0/,Allen T. Chartier,2007-03-06,Song,BC189E3E1F0009BC53C036EFDC9304A6FB32B15601934EC945A24F98337F8F80
train,Northern Cardinal,northern_cardinal,Cardinalis,cardinalis,11846,11846-4.wav,wavfiles/11846-4.wav,//www.xeno-canto.org/11846,//creativecommons.org/licenses/by-nc-sa/3.0/,Allen T. Chartier,2007-03-06,Song,D3D161D92EBED68471246D625693AF939810716B6CF565D91415C8A9C1C4D00C
train,Northern Cardinal,northern_cardinal,Cardinalis,cardinalis,11846,11846-5.wav,wavfiles/11846-5.wav,//www.xeno-canto.org/11846,//creativecommons.org/licenses/by-nc-sa/3.0/,Allen T. Chartier,2007-03-06,Song,6B686C829EC80D2C60E39643BE07D23A5FBBEF0C23B5085D0B24BECE305ABFC2
train,Northern Cardinal,northern_cardinal,Cardinalis,cardinalis,11846,11846-6.wav,wavfiles/11846-6.wav,//www.xeno-canto.org/11846,//creativecommons.org/licenses/by-nc-sa/3.0/,Allen T. Chartier,2007-03-06,Song,3C7E124D32DBB742E4CF33F7F99CD3386DB392F6DDF7345F69576AF36917F5CC
train,Northern Cardinal,northern_cardinal,Cardinalis,cardinalis,11846,11846-7.wav,wavfiles/11846-7.wav,//www.xeno-canto.org/11846,//creativecommons.org/licenses/by-nc-sa/3.0/,Allen T. Chartier,2007-03-06,Song,9D41F72E567481764BD70D5E78116941486456BEECBA9644E6033D913B9AA231
train,Northern Cardinal,northern_cardinal,Cardinalis,cardinalis,11846,11846-8.wav,wavfiles/11846-8.wav,//www.xeno-canto.org/11846,//creativecommons.org/licenses/by-nc-sa/3.0/,Allen T. Chartier,2007-03-06,Song,6E5EB92E50C8E12D517623F6992AD0F64587B4443238E8410BC06AB51D57BF97
train,Northern Cardinal,northern_cardinal,Cardinalis,cardinalis,11846,11846-9.wav,wavfiles/11846-9.wav,//www.xeno-canto.org/11846,//creativecommons.org/licenses/by-nc-sa/3.0/,Allen T. Chartier,2007-03-06,Song,108A910269169B0AFA2703ECEE31148424E8C075C4C373EC091491A5CDF885A3
train,Northern Cardinal,northern_cardinal,Cardinalis,cardinalis,18125,18125-0.wav,wavfiles/18125-0.wav,//www.xeno-canto.org/18125,//creativecommons.org/licenses/by-nc-nd/2.5/,Andrew Spencer,2008-02-23,song,347E8839972DEA9091B8AD0ACC4F24A80E47EA234A1A5082B46040772875DF4A
train,Northern Cardinal,northern_cardinal,Cardinalis,cardinalis,18125,18125-1.wav,wavfiles/18125-1.wav,//www.xeno-canto.org/18125,//creativecommons.org/licenses/by-nc-nd/2.5/,Andrew Spencer,2008-02-23,song,278D15F832446F202EFE9C5128C4F498F3AAC6F5A06830AB74341B9579FDA532
train,Northern Cardinal,northern_cardinal,Cardinalis,cardinalis,18125,18125-2.wav,wavfiles/18125-2.wav,//www.xeno-canto.org/18125,//creativecommons.org/licenses/by-nc-nd/2.5/,Andrew Spencer,2008-02-23,song,C6FAA8273C48AD32DECF899E29189840E0A58F87590C35463C2369C1C2D3DEAF
train,Northern Cardinal,northern_cardinal,Cardinalis,cardinalis,18125,18125-3.wav,wavfiles/18125-3.wav,//www.xeno-canto.org/18125,//creativecommons.org/licenses/by-nc-nd/2.5/,Andrew Spencer,2008-02-23,song,83509FAFF2A05BF8B8F6378CBCA85336644536D04540770731B3A8184EE20936
train,Northern Cardinal,northern_cardinal,Cardinalis,cardinalis,18125,18125-4.wav,wavfiles/18125-4.wav,//www.xeno-canto.org/18125,//creativecommons.org/licenses/by-nc-nd/2.5/,Andrew Spencer,2008-02-23,song,1E543B65F4E146593A70891EF540A5179ADD45742503CFDFBE42B6BFBDA56713
train,Northern Cardinal,northern_cardinal,Cardinalis,cardinalis,18125,18125-5.wav,wavfiles/18125-5.wav,//www.xeno-canto.org/18125,//creativecommons.org/licenses/by-nc-nd/2.5/,Andrew Spencer,2008-02-23,song,A6899D59D76D51FC9DDD878BB650853A624F72B40FCECA846AB5DF63731D9847
train,Northern Cardinal,northern_cardinal,Cardinalis,cardinalis,18125,18125-6.wav,wavfiles/18125-6.wav,//www.xeno-canto.org/18125,//creativecommons.org/licenses/by-nc-nd/2.5/,Andrew Spencer,2008-02-23,song,62F92EC210C0C86491FBAABA7DE46180FA31F9FBB4233C6F2C83B50255D18E9A
train,Northern Cardinal,northern_cardinal,Cardinalis,cardinalis,18125,18125-7.wav,wavfiles/18125-7.wav,//www.xeno-canto.org/18125,//creativecommons.org/licenses/by-nc-nd/2.5/,Andrew Spencer,2008-02-23,song,80E5762E2B80C308E5221512EA3B4018A5BFD0ED17A13C161387F8236DFA3118
train,Northern Cardinal,northern_cardinal,Cardinalis,cardinalis,18125,18125-8.wav,wavfiles/18125-8.wav,//www.xeno-canto.org/18125,//creativecommons.org/licenses/by-nc-nd/2.5/,Andrew Spencer,2008-02-23,song,D49B31220ECC965C14D71501351CCC3D906BF6F115007F09E2C6A3661AFDE058
train,Northern Cardinal,northern_cardinal,Cardinalis,cardinalis,18344,18344-0.wav,wavfiles/18344-0.wav,//www.xeno-canto.org/18344,//creativecommons.org/licenses/by-nc-nd/2.5/,Chris Parrish,2008-03-08,song,8CE4579A26048F903E1E1B863DFEF7ACC56B43B9AF5C7B7A66AF82012CB48011
train,Northern Cardinal,northern_cardinal,Cardinalis,cardinalis,18344,18344-1.wav,wavfiles/18344-1.wav,//www.xeno-canto.org/18344,//creativecommons.org/licenses/by-nc-nd/2.5/,Chris Parrish,2008-03-08,song,B6D6AC83A9A5D24C59AF5534F7422B3381DFD05EC9E068C58AA79C1CE96D16D4
train,Northern Cardinal,northern_cardinal,Cardinalis,cardinalis,18344,18344-10.wav,wavfiles/18344-10.wav,//www.xeno-canto.org/18344,//creativecommons.org/licenses/by-nc-nd/2.5/,Chris Parrish,2008-03-08,song,E1C7F8D10D6AFD88D32AAF99189C87ABE5763584F448DC88D11C036B936D89A2
train,Northern Cardinal,northern_cardinal,Cardinalis,cardinalis,18344,18344-11.wav,wavfiles/18344-11.wav,//www.xeno-canto.org/18344,//creativecommons.org/licenses/by-nc-nd/2.5/,Chris Parrish,2008-03-08,song,935CFD4234C2C9F96EC1A3B263A2AD883E8A5EF04F1BD6228674A6D2D18D38FD
train,Northern Cardinal,northern_cardinal,Cardinalis,cardinalis,18344,18344-12.wav,wavfiles/18344-12.wav,//www.xeno-canto.org/18344,//creativecommons.org/licenses/by-nc-nd/2.5/,Chris Parrish,2008-03-08,song,E01487EFE9AD208730BFA00F813B0E61F40582B451547B99A1E644822D2046F7
train,Northern Cardinal,northern_cardinal,Cardinalis,cardinalis,18344,18344-13.wav,wavfiles/18344-13.wav,//www.xeno-canto.org/18344,//creativecommons.org/licenses/by-nc-nd/2.5/,Chris Parrish,2008-03-08,song,98C28D614CDEE495BAB4916FA953C87E1DE4EABAB8FEF76603731B095A36E55D
train,Northern Cardinal,northern_cardinal,Cardinalis,cardinalis,18344,18344-14.wav,wavfiles/18344-14.wav,//www.xeno-canto.org/18344,//creativecommons.org/licenses/by-nc-nd/2.5/,Chris Parrish,2008-03-08,song,7C8B1042E1D5897B62C1971A8AFD9334D7B57C70CFA073362F206B448413927D
train,Northern Cardinal,northern_cardinal,Cardinalis,cardinalis,18344,18344-15.wav,wavfiles/18344-15.wav,//www.xeno-canto.org/18344,//creativecommons.org/licenses/by-nc-nd/2.5/,Chris Parrish,2008-03-08,song,E109B7C60A24EF37D0373954FE51CC00CA0B2B496E2A44B7348851FF42438ABD
train,Northern Cardinal,northern_cardinal,Cardinalis,cardinalis,18344,18344-2.wav,wavfiles/18344-2.wav,//www.xeno-canto.org/18344,//creativecommons.org/licenses/by-nc-nd/2.5/,Chris Parrish,2008-03-08,song,5531E22E2FA74E510AC0244B71D6342D724F217562DC072010BAFEFE5D5021B8
train,Northern Cardinal,northern_cardinal,Cardinalis,cardinalis,18344,18344-3.wav,wavfiles/18344-3.wav,//www.xeno-canto.org/18344,//creativecommons.org/licenses/by-nc-nd/2.5/,Chris Parrish,2008-03-08,song,42AF696DA3E365BFE04F456F3FF797F7D423CA2974F6C0CE12E77FA9C846B131
train,Northern Cardinal,northern_cardinal,Cardinalis,cardinalis,18344,18344-4.wav,wavfiles/18344-4.wav,//www.xeno-canto.org/18344,//creativecommons.org/licenses/by-nc-nd/2.5/,Chris Parrish,2008-03-08,song,3A2B9CC722828AF3CDB8852BCB267EF94DE24F405E21765C68E8F357031C41CA
train,Northern Cardinal,northern_cardinal,Cardinalis,cardinalis,18344,18344-5.wav,wavfiles/18344-5.wav,//www.xeno-canto.org/18344,//creativecommons.org/licenses/by-nc-nd/2.5/,Chris Parrish,2008-03-08,song,DEA36FCFEC5B2BF54EDA463BDEAC10883421AD70B845A83D321DFD0124FD9519
train,Northern Cardinal,northern_cardinal,Cardinalis,cardinalis,18344,18344-6.wav,wavfiles/18344-6.wav,//www.xeno-canto.org/18344,//creativecommons.org/licenses/by-nc-nd/2.5/,Chris Parrish,2008-03-08,song,4B761055E445BC34E69A14A6E8F72F7B84FF0EB52C204287379FB4B74986BBA4
train,Northern Cardinal,northern_cardinal,Cardinalis,cardinalis,18344,18344-7.wav,wavfiles/18344-7.wav,//www.xeno-canto.org/18344,//creativecommons.org/licenses/by-nc-nd/2.5/,Chris Parrish,2008-03-08,song,9AE45D5DAF6C8ED616152EAA85CA258A37EE215F423BCC8816EA0BEA49C719F2
train,Northern Cardinal,northern_cardinal,Cardinalis,cardinalis,18344,18344-8.wav,wavfiles/18344-8.wav,//www.xeno-canto.org/18344,//creativecommons.org/licenses/by-nc-nd/2.5/,Chris Parrish,2008-03-08,song,961D9A29FA14237AA3572B873A28D6BB4E3A5EB235DF706E5DC97FC3C8C74614
train,Northern Cardinal,northern_cardinal,Cardinalis,cardinalis,18344,18344-9.wav,wavfiles/18344-9.wav,//www.xeno-canto.org/18344,//creativecommons.org/licenses/by-nc-nd/2.5/,Chris Parrish,2008-03-08,song,EF6FD47734B6461DD3D2E202EEC597148735EE45E15B1B4FAA332C97FCF379C2
train,Northern Cardinal,northern_cardinal,Cardinalis,cardinalis,20420,20420-0.wav,wavfiles/20420-0.wav,//www.xeno-canto.org/20420,//creativecommons.org/licenses/by-nc-nd/2.5/,Chris Parrish,2008-05-04,song,A76A35F8430A55429C7FF509A9B1DE560901783824976E67A278BBD4B77C884F
train,Northern Cardinal,northern_cardinal,Cardinalis,cardinalis,20420,20420-1.wav,wavfiles/20420-1.wav,//www.xeno-canto.org/20420,//creativecommons.org/licenses/by-nc-nd/2.5/,Chris Parrish,2008-05-04,song,4A8932E5D470045C3951C70977D1B44F61A2D6CA15B461EA585CA6FCCADBCFFE
train,Northern Cardinal,northern_cardinal,Cardinalis,cardinalis,20420,20420-10.wav,wavfiles/20420-10.wav,//www.xeno-canto.org/20420,//creativecommons.org/licenses/by-nc-nd/2.5/,Chris Parrish,2008-05-04,song,E2DEA470B3D39D9235026A00DD6586338B1E32A85704C7523AD9AFEC246D24F3
train,Northern Cardinal,northern_cardinal,Cardinalis,cardinalis,20420,20420-11.wav,wavfiles/20420-11.wav,//www.xeno-canto.org/20420,//creativecommons.org/licenses/by-nc-nd/2.5/,Chris Parrish,2008-05-04,song,B5F41E3E55653DFF7E06CB2954C2A1609617C01D7948C4AF95E32C8E25020E3F
train,Northern Cardinal,northern_cardinal,Cardinalis,cardinalis,20420,20420-12.wav,wavfiles/20420-12.wav,//www.xeno-canto.org/20420,//creativecommons.org/licenses/by-nc-nd/2.5/,Chris Parrish,2008-05-04,song,4F19C6DC4A972081E8DCC2E1A56399E64FFDD2404AC417615C224202E949117B
train,Northern Cardinal,northern_cardinal,Cardinalis,cardinalis,20420,20420-13.wav,wavfiles/20420-13.wav,//www.xeno-canto.org/20420,//creativecommons.org/licenses/by-nc-nd/2.5/,Chris Parrish,2008-05-04,song,0552831860ED4BD283D8AE92999F19B7892CC7CB80B0340E50D387C7155C0056
train,Northern Cardinal,northern_cardinal,Cardinalis,cardinalis,20420,20420-2.wav,wavfiles/20420-2.wav,//www.xeno-canto.org/20420,//creativecommons.org/licenses/by-nc-nd/2.5/,Chris Parrish,2008-05-04,song,71B9968D7E2647C2A8F7ADB008E36DE29E8647B90F4995B4347A4E80265FFC54
train,Northern Cardinal,northern_cardinal,Cardinalis,cardinalis,20420,20420-3.wav,wavfiles/20420-3.wav,//www.xeno-canto.org/20420,//creativecommons.org/licenses/by-nc-nd/2.5/,Chris Parrish,2008-05-04,song,B2C77FEB03F4323BD9E68E2B7E822575F150E4498131AD444C80FE26F37F200A
train,Northern Cardinal,northern_cardinal,Cardinalis,cardinalis,20420,20420-4.wav,wavfiles/20420-4.wav,//www.xeno-canto.org/20420,//creativecommons.org/licenses/by-nc-nd/2.5/,Chris Parrish,2008-05-04,song,3630AEC4117966672B408C63E334636073DEFCC07650A9E8A02E5AC1D11486E2
train,Northern Cardinal,northern_cardinal,Cardinalis,cardinalis,20420,20420-5.wav,wavfiles/20420-5.wav,//www.xeno-canto.org/20420,//creativecommons.org/licenses/by-nc-nd/2.5/,Chris Parrish,2008-05-04,song,23CDE004CDE98D8554236504D42EC4236C1F58A777A4752D573C29234E15BBBE
train,Northern Cardinal,northern_cardinal,Cardinalis,cardinalis,20420,20420-6.wav,wavfiles/20420-6.wav,//www.xeno-canto.org/20420,//creativecommons.org/licenses/by-nc-nd/2.5/,Chris Parrish,2008-05-04,song,0C4F27B7B144A65F510DFA9038C5E0C6BB7F25D3AAA3833447F8203639EC0432
train,Northern Cardinal,northern_cardinal,Cardinalis,cardinalis,20420,20420-7.wav,wavfiles/20420-7.wav,//www.xeno-canto.org/20420,//creativecommons.org/licenses/by-nc-nd/2.5/,Chris Parrish,2008-05-04,song,FD3D80C6EEEF78B01EC5E5620C9FD7B6527D03256CCA0C5AA7C620221CC48A1B
train,Northern Cardinal,northern_cardinal,Cardinalis,cardinalis,20420,20420-8.wav,wavfiles/20420-8.wav,//www.xeno-canto.org/20420,//creativecommons.org/licenses/by-nc-nd/2.5/,Chris Parrish,2008-05-04,song,E5D2DD39EDEF4C9E14F064DAEE9711D3C7325E56FAFE6B84DD66867C4CBA0684
train,Northern Cardinal,northern_cardinal,Cardinalis,cardinalis,54652,54652-0.wav,wavfiles/54652-0.wav,//www.xeno-canto.org/54652,//creativecommons.org/licenses/by-nc-nd/2.5/,Stuart Fisher,2010-05-26,Song,EF05F263CBF742C743ED66661B8244595D87A703DE26CF6C3C4A9893E836DBFA
train,Northern Cardinal,northern_cardinal,Cardinalis,cardinalis,54652,54652-1.wav,wavfiles/54652-1.wav,//www.xeno-canto.org/54652,//creativecommons.org/licenses/by-nc-nd/2.5/,Stuart Fisher,2010-05-26,Song,7F563BC061B1642F5A289D7D6FEC128F0207EA191DC7B037113897A4B0F28596
train,Northern Cardinal,northern_cardinal,Cardinalis,cardinalis,54652,54652-10.wav,wavfiles/54652-10.wav,//www.xeno-canto.org/54652,//creativecommons.org/licenses/by-nc-nd/2.5/,Stuart Fisher,2010-05-26,Song,A100ED3A3D43F892F2971A2F1763FC3353A1FAAC235EFF9FD9F97BC4D2560752
train,Northern Cardinal,northern_cardinal,Cardinalis,cardinalis,54652,54652-11.wav,wavfiles/54652-11.wav,//www.xeno-canto.org/54652,//creativecommons.org/licenses/by-nc-nd/2.5/,Stuart Fisher,2010-05-26,Song,A871C83CEC6E765AC1E24D5E769365DE95097A6BC8BEB3F3C2A702B4689CD88D
train,Northern Cardinal,northern_cardinal,Cardinalis,cardinalis,54652,54652-2.wav,wavfiles/54652-2.wav,//www.xeno-canto.org/54652,//creativecommons.org/licenses/by-nc-nd/2.5/,Stuart Fisher,2010-05-26,Song,2CD4D3D8B0E593CEB74F938B345568B3AC4B6172D3C234CF8EF6483C02AAF4A0
train,Northern Cardinal,northern_cardinal,Cardinalis,cardinalis,54652,54652-3.wav,wavfiles/54652-3.wav,//www.xeno-canto.org/54652,//creativecommons.org/licenses/by-nc-nd/2.5/,Stuart Fisher,2010-05-26,Song,95645A2E9C3BDDCBA062A4F5F623174F90F46B8DCCC2BB0193DC9A6202C7667A
train,Northern Cardinal,northern_cardinal,Cardinalis,cardinalis,54652,54652-4.wav,wavfiles/54652-4.wav,//www.xeno-canto.org/54652,//creativecommons.org/licenses/by-nc-nd/2.5/,Stuart Fisher,2010-05-26,Song,9F99FE88713093B719F53F305C81369235379B43C78443975A6DD8C799A1F6DE
train,Northern Cardinal,northern_cardinal,Cardinalis,cardinalis,54652,54652-5.wav,wavfiles/54652-5.wav,//www.xeno-canto.org/54652,//creativecommons.org/licenses/by-nc-nd/2.5/,Stuart Fisher,2010-05-26,Song,EFA8D462B9EBC7971CC9B0583D03274C1C23571DC8539F75EBBAC99A57B19887
train,Northern Cardinal,northern_cardinal,Cardinalis,cardinalis,54652,54652-6.wav,wavfiles/54652-6.wav,//www.xeno-canto.org/54652,//creativecommons.org/licenses/by-nc-nd/2.5/,Stuart Fisher,2010-05-26,Song,A0291D1EFC1778E6FDA1A1D9DD775CE55DCE44B83D2DB8438537BF06E0B38C03
train,Northern Cardinal,northern_cardinal,Cardinalis,cardinalis,54652,54652-7.wav,wavfiles/54652-7.wav,//www.xeno-canto.org/54652,//creativecommons.org/licenses/by-nc-nd/2.5/,Stuart Fisher,2010-05-26,Song,1C1D64531477E489512EAD6D50786003BC3EF18F75FF384546B913354D6E467C
train,Northern Cardinal,northern_cardinal,Cardinalis,cardinalis,54652,54652-8.wav,wavfiles/54652-8.wav,//www.xeno-canto.org/54652,//creativecommons.org/licenses/by-nc-nd/2.5/,Stuart Fisher,2010-05-26,Song,F112BFF708316DFDCE1EB9A3CA5221B84C8597D4025BA3858A3CC201DC6EB501
train,Northern Cardinal,northern_cardinal,Cardinalis,cardinalis,54652,54652-9.wav,wavfiles/54652-9.wav,//www.xeno-canto.org/54652,//creativecommons.org/licenses/by-nc-nd/2.5/,Stuart Fisher,2010-05-26,Song,5E9DC06DFD438312FA27980D3B814E1CE6F3BE055A8FDC943B05B16FFB780652
train,Northern Cardinal,northern_cardinal,Cardinalis,cardinalis,71208,71208-0.wav,wavfiles/71208-0.wav,//www.xeno-canto.org/71208,//creativecommons.org/licenses/by-nc-nd/2.5/,Todd Wilson,2011-02-05,song,16BA34254D8D7B46938297359ED5CC4D9EFA8588EE7A161711B9F0BC90B2698F
train,Northern Cardinal,northern_cardinal,Cardinalis,cardinalis,71208,71208-1.wav,wavfiles/71208-1.wav,//www.xeno-canto.org/71208,//creativecommons.org/licenses/by-nc-nd/2.5/,Todd Wilson,2011-02-05,song,11778B12202613A01A6470531D580E34BB4B0ECDD29EC0DA8B52820C8DF4BD4D
train,Northern Cardinal,northern_cardinal,Cardinalis,cardinalis,71208,71208-10.wav,wavfiles/71208-10.wav,//www.xeno-canto.org/71208,//creativecommons.org/licenses/by-nc-nd/2.5/,Todd Wilson,2011-02-05,song,E8ED94D0000BE54EFFD2C7831D16AC3015C54DD8312167D1D4A2895144C0C0FE
train,Northern Cardinal,northern_cardinal,Cardinalis,cardinalis,71208,71208-11.wav,wavfiles/71208-11.wav,//www.xeno-canto.org/71208,//creativecommons.org/licenses/by-nc-nd/2.5/,Todd Wilson,2011-02-05,song,35F753D1F107BB7A72CC00FC8ECF52638FDCC900A0D38F7C27205B551B165B6A
train,Northern Cardinal,northern_cardinal,Cardinalis,cardinalis,71208,71208-12.wav,wavfiles/71208-12.wav,//www.xeno-canto.org/71208,//creativecommons.org/licenses/by-nc-nd/2.5/,Todd Wilson,2011-02-05,song,532CD634F108988469C4C5465FBF98D8E259A0412C7D0B10C3689B113AC2AF54
train,Northern Cardinal,northern_cardinal,Cardinalis,cardinalis,71208,71208-13.wav,wavfiles/71208-13.wav,//www.xeno-canto.org/71208,//creativecommons.org/licenses/by-nc-nd/2.5/,Todd Wilson,2011-02-05,song,65121C4FEBFE683F43149D72EB69C4AB6C711F41227DF5719A5EE2BF830799D5
train,Northern Cardinal,northern_cardinal,Cardinalis,cardinalis,71208,71208-14.wav,wavfiles/71208-14.wav,//www.xeno-canto.org/71208,//creativecommons.org/licenses/by-nc-nd/2.5/,Todd Wilson,2011-02-05,song,9F0E7B36B3643A09B54EBC32EDC01B986B0542B43AA7AEF060ED5EB89414557A
train,Northern Cardinal,northern_cardinal,Cardinalis,cardinalis,71208,71208-2.wav,wavfiles/71208-2.wav,//www.xeno-canto.org/71208,//creativecommons.org/licenses/by-nc-nd/2.5/,Todd Wilson,2011-02-05,song,4FF01596CC135FAB2DBAEAAC39F3C1CA6B9BB5ECF6A487B82F57934C20FCB994
train,Northern Cardinal,northern_cardinal,Cardinalis,cardinalis,71208,71208-3.wav,wavfiles/71208-3.wav,//www.xeno-canto.org/71208,//creativecommons.org/licenses/by-nc-nd/2.5/,Todd Wilson,2011-02-05,song,E3560108C20EC09932A78B4ACEE98E3A57A9F4EA3690682B3EA6F26C8E045F80
train,Northern Cardinal,northern_cardinal,Cardinalis,cardinalis,71208,71208-4.wav,wavfiles/71208-4.wav,//www.xeno-canto.org/71208,//creativecommons.org/licenses/by-nc-nd/2.5/,Todd Wilson,2011-02-05,song,BA90D1FFB36BA1FEB4E6B49AEC7F94D8723D579CAC62BF3C027DBB7037F20D2A
train,Northern Cardinal,northern_cardinal,Cardinalis,cardinalis,71208,71208-5.wav,wavfiles/71208-5.wav,//www.xeno-canto.org/71208,//creativecommons.org/licenses/by-nc-nd/2.5/,Todd Wilson,2011-02-05,song,E6CAFF63D48E5FC010AAE5A3242461C3F2F5208C7A80130565B99AA7FF3AAAF5
train,Northern Cardinal,northern_cardinal,Cardinalis,cardinalis,71208,71208-6.wav,wavfiles/71208-6.wav,//www.xeno-canto.org/71208,//creativecommons.org/licenses/by-nc-nd/2.5/,Todd Wilson,2011-02-05,song,21E69C0DFF1078A0F3448C533ADA0BC65549A0427B110111793EEFF30C0421E1
train,Northern Cardinal,northern_cardinal,Cardinalis,cardinalis,71208,71208-7.wav,wavfiles/71208-7.wav,//www.xeno-canto.org/71208,//creativecommons.org/licenses/by-nc-nd/2.5/,Todd Wilson,2011-02-05,song,B3DC3C7E4BAEC0D8D6BFDDC8A46E902E9F419DC88BD3E838A2021DAE8572F6EF
train,Northern Cardinal,northern_cardinal,Cardinalis,cardinalis,71208,71208-8.wav,wavfiles/71208-8.wav,//www.xeno-canto.org/71208,//creativecommons.org/licenses/by-nc-nd/2.5/,Todd Wilson,2011-02-05,song,3CCD8915DA0FB5E0053CFA0F5156A529A04B5D4E13C09D5C82B44A360E5CA03E
train,Northern Cardinal,northern_cardinal,Cardinalis,cardinalis,71208,71208-9.wav,wavfiles/71208-9.wav,//www.xeno-canto.org/71208,//creativecommons.org/licenses/by-nc-nd/2.5/,Todd Wilson,2011-02-05,song,02D1B40D499CE394C92D4B8758477EC25477E77A1496CFC6555D11DACBD54F17
train,Northern Cardinal,northern_cardinal,Cardinalis,cardinalis,72185,72185-0.wav,wavfiles/72185-0.wav,//www.xeno-canto.org/72185,//creativecommons.org/licenses/by-nc-nd/2.5/,Paul Driver,2011-02-24,female song,C184861F840D69DB847DF0A25ECF68E3BD91C43954CC96143ADCA11751C065DA
train,Northern Cardinal,northern_cardinal,Cardinalis,cardinalis,72185,72185-1.wav,wavfiles/72185-1.wav,//www.xeno-canto.org/72185,//creativecommons.org/licenses/by-nc-nd/2.5/,Paul Driver,2011-02-24,female song,F9E463098008F52469C3BDF94A9A7B379EAF8F194B0F4CA264D63CB49DBE31AD
train,Northern Cardinal,northern_cardinal,Cardinalis,cardinalis,72185,72185-10.wav,wavfiles/72185-10.wav,//www.xeno-canto.org/72185,//creativecommons.org/licenses/by-nc-nd/2.5/,Paul Driver,2011-02-24,female song,CD9CD105F4FE477D710E5647483CE340DCD5DFD3848A0DBF143EAD9D214D8F3F
train,Northern Cardinal,northern_cardinal,Cardinalis,cardinalis,72185,72185-11.wav,wavfiles/72185-11.wav,//www.xeno-canto.org/72185,//creativecommons.org/licenses/by-nc-nd/2.5/,Paul Driver,2011-02-24,female song,4695E70ADE7B3727065758259B53352F40ECDEBCE1CB51FCF3F797435B73F24E
train,Northern Cardinal,northern_cardinal,Cardinalis,cardinalis,72185,72185-2.wav,wavfiles/72185-2.wav,//www.xeno-canto.org/72185,//creativecommons.org/licenses/by-nc-nd/2.5/,Paul Driver,2011-02-24,female song,3BFB5CD093AC9EE236B2558DC4D8EE22B033CD4960E465F5D1CDD30ADD474E03
train,Northern Cardinal,northern_cardinal,Cardinalis,cardinalis,72185,72185-3.wav,wavfiles/72185-3.wav,//www.xeno-canto.org/72185,//creativecommons.org/licenses/by-nc-nd/2.5/,Paul Driver,2011-02-24,female song,6A063D5A0C4971C75BD40724113CD72F343300276FF9F5A3EDFB104518231B62
train,Northern Cardinal,northern_cardinal,Cardinalis,cardinalis,72185,72185-4.wav,wavfiles/72185-4.wav,//www.xeno-canto.org/72185,//creativecommons.org/licenses/by-nc-nd/2.5/,Paul Driver,2011-02-24,female song,12D6734084A3E01DB78DD6B9BD87BE3A6A6960A32656CA0C4C53A1384BB1B17C
train,Northern Cardinal,northern_cardinal,Cardinalis,cardinalis,72185,72185-5.wav,wavfiles/72185-5.wav,//www.xeno-canto.org/72185,//creativecommons.org/licenses/by-nc-nd/2.5/,Paul Driver,2011-02-24,female song,928A83797ED5F0EAD63296088ED7E701797A0592D58F2A573B290DBEA03E1CA9
train,Northern Cardinal,northern_cardinal,Cardinalis,cardinalis,72185,72185-6.wav,wavfiles/72185-6.wav,//www.xeno-canto.org/72185,//creativecommons.org/licenses/by-nc-nd/2.5/,Paul Driver,2011-02-24,female song,95542DEDA3628B5142B592AE4D9D13B8A5AC3439EDCEACDA0759E721FAD48A87
train,Northern Cardinal,northern_cardinal,Cardinalis,cardinalis,72185,72185-7.wav,wavfiles/72185-7.wav,//www.xeno-canto.org/72185,//creativecommons.org/licenses/by-nc-nd/2.5/,Paul Driver,2011-02-24,female song,887D28C4694872C6813A655CA73E446538FB5F147322E0930CA5029A51ECE8A7
train,Northern Cardinal,northern_cardinal,Cardinalis,cardinalis,72185,72185-8.wav,wavfiles/72185-8.wav,//www.xeno-canto.org/72185,//creativecommons.org/licenses/by-nc-nd/2.5/,Paul Driver,2011-02-24,female song,E8F20FC0BC8774B72003457746170E7A71CEE7D15A07DFA345D4CBA5C2CDD689
train,Northern Cardinal,northern_cardinal,Cardinalis,cardinalis,109034,109034-0.wav,wavfiles/109034-0.wav,//www.xeno-canto.org/109034,//creativecommons.org/licenses/by-nc-sa/3.0/,Andrew Spencer,2012-05-22,song,141CEAF1D1C73DEDE92A74156048D4498FF7240EB96E61C7DA720EB477A6A386
train,Northern Cardinal,northern_cardinal,Cardinalis,cardinalis,109034,109034-1.wav,wavfiles/109034-1.wav,//www.xeno-canto.org/109034,//creativecommons.org/licenses/by-nc-sa/3.0/,Andrew Spencer,2012-05-22,song,E60D13AB9449DD37EF373ED2313E3777CCF2252CD295EB04C4E5EAE25BE2DDC2
train,Northern Cardinal,northern_cardinal,Cardinalis,cardinalis,109034,109034-10.wav,wavfiles/109034-10.wav,//www.xeno-canto.org/109034,//creativecommons.org/licenses/by-nc-sa/3.0/,Andrew Spencer,2012-05-22,song,F70CE8D184BE37A80D6317B8BE63B2EB22476239F985E9E6C73811FF82E8AC75
train,Northern Cardinal,northern_cardinal,Cardinalis,cardinalis,109034,109034-11.wav,wavfiles/109034-11.wav,//www.xeno-canto.org/109034,//creativecommons.org/licenses/by-nc-sa/3.0/,Andrew Spencer,2012-05-22,song,FFF14648257825D05A8BBFE152C41DC2A5E38DE1F282E6741A6B09D62EB3978F
train,Northern Cardinal,northern_cardinal,Cardinalis,cardinalis,109034,109034-2.wav,wavfiles/109034-2.wav,//www.xeno-canto.org/109034,//creativecommons.org/licenses/by-nc-sa/3.0/,Andrew Spencer,2012-05-22,song,CB89AC1135B3F3E7A713ED98FD0B5B2D18029BFC185B08767A06FB3329571E2E
train,Northern Cardinal,northern_cardinal,Cardinalis,cardinalis,109034,109034-3.wav,wavfiles/109034-3.wav,//www.xeno-canto.org/109034,//creativecommons.org/licenses/by-nc-sa/3.0/,Andrew Spencer,2012-05-22,song,212ADE197269CEE0FA947050ED89B63D057E3D70FFC0AF0B7CCEB395DE0E3612
train,Northern Cardinal,northern_cardinal,Cardinalis,cardinalis,109034,109034-4.wav,wavfiles/109034-4.wav,//www.xeno-canto.org/109034,//creativecommons.org/licenses/by-nc-sa/3.0/,Andrew Spencer,2012-05-22,song,96F938AD7EA46C16FEB61A6313928A97BCC419C86B096AC22C52C269E38EC9DA
train,Northern Cardinal,northern_cardinal,Cardinalis,cardinalis,109034,109034-5.wav,wavfiles/109034-5.wav,//www.xeno-canto.org/109034,//creativecommons.org/licenses/by-nc-sa/3.0/,Andrew Spencer,2012-05-22,song,A1082D3B8C4A8F01B1692231D3BBE8B7EB2A09F97EF2651E7B4485E9FC999F95
train,Northern Cardinal,northern_cardinal,Cardinalis,cardinalis,109034,109034-6.wav,wavfiles/109034-6.wav,//www.xeno-canto.org/109034,//creativecommons.org/licenses/by-nc-sa/3.0/,Andrew Spencer,2012-05-22,song,5E827A7065742A0CA75A8E84F8ED5B9CC574FF97F69EA202D53C40C23A37F8CE
train,Northern Cardinal,northern_cardinal,Cardinalis,cardinalis,109034,109034-7.wav,wavfiles/109034-7.wav,//www.xeno-canto.org/109034,//creativecommons.org/licenses/by-nc-sa/3.0/,Andrew Spencer,2012-05-22,song,ADF44883AFDBF052EF8A75435544318D3AE3FD0880287364C96B258F9552C71E
train,Northern Cardinal,northern_cardinal,Cardinalis,cardinalis,109034,109034-8.wav,wavfiles/109034-8.wav,//www.xeno-canto.org/109034,//creativecommons.org/licenses/by-nc-sa/3.0/,Andrew Spencer,2012-05-22,song,4B713131E733354A357778BAF999D46CF8784D35628158A6D4186AA27263E3BA
train,Northern Cardinal,northern_cardinal,Cardinalis,cardinalis,109034,109034-9.wav,wavfiles/109034-9.wav,//www.xeno-canto.org/109034,//creativecommons.org/licenses/by-nc-sa/3.0/,Andrew Spencer,2012-05-22,song,6466F5C5E9FEFC4C88518E3FEAD3549404860F4098D809B1AE0DDF28E3660DE4
train,Northern Cardinal,northern_cardinal,Cardinalis,cardinalis,109035,109035-0.wav,wavfiles/109035-0.wav,//www.xeno-canto.org/109035,//creativecommons.org/licenses/by-nc-sa/3.0/,Andrew Spencer,2012-05-22,song,7C50D9B4E1C1E9C06B8C58E69D9408E3C0A47851B03CF98C6980A5796FC25013
train,Northern Cardinal,northern_cardinal,Cardinalis,cardinalis,109035,109035-1.wav,wavfiles/109035-1.wav,//www.xeno-canto.org/109035,//creativecommons.org/licenses/by-nc-sa/3.0/,Andrew Spencer,2012-05-22,song,103F3B2CA31C99895859E117516A92E2245EBE959F27236D9C397D17494DF3B1
train,Northern Cardinal,northern_cardinal,Cardinalis,cardinalis,109035,109035-10.wav,wavfiles/109035-10.wav,//www.xeno-canto.org/109035,//creativecommons.org/licenses/by-nc-sa/3.0/,Andrew Spencer,2012-05-22,song,87A324D72C15066FA2D8AD758D075BAB50F4B29392DA067E0C089CF55DBF1C1E
train,Northern Cardinal,northern_cardinal,Cardinalis,cardinalis,109035,109035-2.wav,wavfiles/109035-2.wav,//www.xeno-canto.org/109035,//creativecommons.org/licenses/by-nc-sa/3.0/,Andrew Spencer,2012-05-22,song,21EEE3F9EC3353A6C155B75B834FA638C04E1BACC3BD0854DAE400E88BD03A12
train,Northern Cardinal,northern_cardinal,Cardinalis,cardinalis,109035,109035-3.wav,wavfiles/109035-3.wav,//www.xeno-canto.org/109035,//creativecommons.org/licenses/by-nc-sa/3.0/,Andrew Spencer,2012-05-22,song,2CDABF538E82993CEA0920FA41CEF32BB412DC460ED89A1FCEE0246E1116213F
train,Northern Cardinal,northern_cardinal,Cardinalis,cardinalis,109035,109035-4.wav,wavfiles/109035-4.wav,//www.xeno-canto.org/109035,//creativecommons.org/licenses/by-nc-sa/3.0/,Andrew Spencer,2012-05-22,song,5EF2ABCEFEE154096E2A1CB3EA6A1810728FD3A81A401BD1C4858B429E17BB47
train,Northern Cardinal,northern_cardinal,Cardinalis,cardinalis,109035,109035-5.wav,wavfiles/109035-5.wav,//www.xeno-canto.org/109035,//creativecommons.org/licenses/by-nc-sa/3.0/,Andrew Spencer,2012-05-22,song,16F8F0D489FFAE1426195543AEBF8DAF388EBDA9589F19C6187B3E3D1BF7D9A2
train,Northern Cardinal,northern_cardinal,Cardinalis,cardinalis,109035,109035-6.wav,wavfiles/109035-6.wav,//www.xeno-canto.org/109035,//creativecommons.org/licenses/by-nc-sa/3.0/,Andrew Spencer,2012-05-22,song,0B91212FEA157CF708D056DB1D894A7BA075B7D7411E0593E4904CCAAD9281DF
train,Northern Cardinal,northern_cardinal,Cardinalis,cardinalis,109035,109035-7.wav,wavfiles/109035-7.wav,//www.xeno-canto.org/109035,//creativecommons.org/licenses/by-nc-sa/3.0/,Andrew Spencer,2012-05-22,song,5A83A8127EE0916FA83A2260C9D10D64811F1C500C0AE2D6899D30A4BEF90108
train,Northern Cardinal,northern_cardinal,Cardinalis,cardinalis,109035,109035-8.wav,wavfiles/109035-8.wav,//www.xeno-canto.org/109035,//creativecommons.org/licenses/by-nc-sa/3.0/,Andrew Spencer,2012-05-22,song,0867D79A76AF930E54BCDB45397E8D68574D15B8B31741CC397D89B9E755114C
train,Northern Cardinal,northern_cardinal,Cardinalis,cardinalis,109035,109035-9.wav,wavfiles/109035-9.wav,//www.xeno-canto.org/109035,//creativecommons.org/licenses/by-nc-sa/3.0/,Andrew Spencer,2012-05-22,song,03070B713AD7836DC8138FFAE6717B69623B2EBBA47A48F1482448B9EEDBAFB2
train,Northern Cardinal,northern_cardinal,Cardinalis,cardinalis,137583,137583-0.wav,wavfiles/137583-0.wav,//www.xeno-canto.org/137583,//creativecommons.org/licenses/by-nc-sa/3.0/,Russ Wigh,2013-06-04,song,DF20252BE6F4F27D503C7835937EC4570C1E9F3FF225CB558F36BDB3669FFF0E
train,Northern Cardinal,northern_cardinal,Cardinalis,cardinalis,137583,137583-1.wav,wavfiles/137583-1.wav,//www.xeno-canto.org/137583,//creativecommons.org/licenses/by-nc-sa/3.0/,Russ Wigh,2013-06-04,song,A6B1DD3EE32DC932C44AC1543B6DC6E1867B92F16B2CFF616B164BC8B88CD366
train,Northern Cardinal,northern_cardinal,Cardinalis,cardinalis,137583,137583-11.wav,wavfiles/137583-11.wav,//www.xeno-canto.org/137583,//creativecommons.org/licenses/by-nc-sa/3.0/,Russ Wigh,2013-06-04,song,3F5B61F4DAF78EF63103DE9BDDF40904436D63A10BD1E6621F3BE8A3DA564591
train,Northern Cardinal,northern_cardinal,Cardinalis,cardinalis,137583,137583-12.wav,wavfiles/137583-12.wav,//www.xeno-canto.org/137583,//creativecommons.org/licenses/by-nc-sa/3.0/,Russ Wigh,2013-06-04,song,77E852E304C0C9314EFD4AE317B172B490406A83F22BB1D51DF01A2EE677C28D
train,Northern Cardinal,northern_cardinal,Cardinalis,cardinalis,137583,137583-13.wav,wavfiles/137583-13.wav,//www.xeno-canto.org/137583,//creativecommons.org/licenses/by-nc-sa/3.0/,Russ Wigh,2013-06-04,song,3420345917FBD21AD143B79FCAA250E87C94FE4EC6102656FE3EA3B782E75750
train,Northern Cardinal,northern_cardinal,Cardinalis,cardinalis,137583,137583-2.wav,wavfiles/137583-2.wav,//www.xeno-canto.org/137583,//creativecommons.org/licenses/by-nc-sa/3.0/,Russ Wigh,2013-06-04,song,725CF3BEC847C9F8A5D8B2C7347A26E20DA16798879AE32423293CA05D395C7A
train,Northern Cardinal,northern_cardinal,Cardinalis,cardinalis,137583,137583-3.wav,wavfiles/137583-3.wav,//www.xeno-canto.org/137583,//creativecommons.org/licenses/by-nc-sa/3.0/,Russ Wigh,2013-06-04,song,49AF3368C26B04F9CD6141D6A76F7388B39163F0454A9E6159BB26456EA29D30
train,Northern Cardinal,northern_cardinal,Cardinalis,cardinalis,137583,137583-4.wav,wavfiles/137583-4.wav,//www.xeno-canto.org/137583,//creativecommons.org/licenses/by-nc-sa/3.0/,Russ Wigh,2013-06-04,song,A8F06B440A0772BB8238A7527C631158F2BD893C8C2CD4A0BAD377B78573A968
train,Northern Cardinal,northern_cardinal,Cardinalis,cardinalis,137583,137583-5.wav,wavfiles/137583-5.wav,//www.xeno-canto.org/137583,//creativecommons.org/licenses/by-nc-sa/3.0/,Russ Wigh,2013-06-04,song,0396589E59E9C956BB65D7D6C671EAF22B725B947D730F4096C4B2CFB61B0FF5
train,Northern Cardinal,northern_cardinal,Cardinalis,cardinalis,137583,137583-6.wav,wavfiles/137583-6.wav,//www.xeno-canto.org/137583,//creativecommons.org/licenses/by-nc-sa/3.0/,Russ Wigh,2013-06-04,song,BD79BA26CAAF4CFAE4252A40E7810148554459AE2B1D373332ABEE48DD886A28
train,Northern Cardinal,northern_cardinal,Cardinalis,cardinalis,137583,137583-8.wav,wavfiles/137583-8.wav,//www.xeno-canto.org/137583,//creativecommons.org/licenses/by-nc-sa/3.0/,Russ Wigh,2013-06-04,song,A755FFDD164F3C66E6B999C2A54EE8CD092A46280FB453E9154EDEC55252120A
train,Northern Cardinal,northern_cardinal,Cardinalis,cardinalis,137583,137583-9.wav,wavfiles/137583-9.wav,//www.xeno-canto.org/137583,//creativecommons.org/licenses/by-nc-sa/3.0/,Russ Wigh,2013-06-04,song,DCBA3ABD3BD7F6C6647E89C066EA2CC43B95A34D9FC6B6451D9BDF39133DD0CD
train,Northern Cardinal,northern_cardinal,Cardinalis,cardinalis,138075,138075-0.wav,wavfiles/138075-0.wav,//www.xeno-canto.org/138075,//creativecommons.org/licenses/by-nc-sa/3.0/,Paul Driver,2013-03-09,"male-female duet, song",7B809397E2FE531837529D4F7743EB0F29DA09AA133C72651B168BB14E82F357
train,Northern Cardinal,northern_cardinal,Cardinalis,cardinalis,138075,138075-1.wav,wavfiles/138075-1.wav,//www.xeno-canto.org/138075,//creativecommons.org/licenses/by-nc-sa/3.0/,Paul Driver,2013-03-09,"male-female duet, song",8D8EC60456E8D65E7F42F6521740A07CD8E7C1769397958974F3B4DF0B98D6B2
train,Northern Cardinal,northern_cardinal,Cardinalis,cardinalis,138075,138075-12.wav,wavfiles/138075-12.wav,//www.xeno-canto.org/138075,//creativecommons.org/licenses/by-nc-sa/3.0/,Paul Driver,2013-03-09,"male-female duet, song",C6A118C08306AE54E79ED8FE94D794D20FCA79E13F8C353940FEAA6F9A466112
train,Northern Cardinal,northern_cardinal,Cardinalis,cardinalis,138075,138075-13.wav,wavfiles/138075-13.wav,//www.xeno-canto.org/138075,//creativecommons.org/licenses/by-nc-sa/3.0/,Paul Driver,2013-03-09,"male-female duet, song",9C34E53689491CF25D079B419A477ED27111C3E372166B4FCF8D2D4E37F7CA2A
train,Northern Cardinal,northern_cardinal,Cardinalis,cardinalis,138075,138075-14.wav,wavfiles/138075-14.wav,//www.xeno-canto.org/138075,//creativecommons.org/licenses/by-nc-sa/3.0/,Paul Driver,2013-03-09,"male-female duet, song",72FD419D0852F8AC8D4BA4BB34F1AAD40F8383102D0E9807521134FE2BD685E2
train,Northern Cardinal,northern_cardinal,Cardinalis,cardinalis,138075,138075-15.wav,wavfiles/138075-15.wav,//www.xeno-canto.org/138075,//creativecommons.org/licenses/by-nc-sa/3.0/,Paul Driver,2013-03-09,"male-female duet, song",3C3932E8E73C6C75B8A26F08E2441CD3AD7D211B9666495B353A6EAD8ADC65B4
train,Northern Cardinal,northern_cardinal,Cardinalis,cardinalis,138075,138075-16.wav,wavfiles/138075-16.wav,//www.xeno-canto.org/138075,//creativecommons.org/licenses/by-nc-sa/3.0/,Paul Driver,2013-03-09,"male-female duet, song",8D519B6C47F145F9530F923377A1EBC39F37B4BAC76F6D0544A42C2D0B25F0B6
train,Northern Cardinal,northern_cardinal,Cardinalis,cardinalis,138075,138075-2.wav,wavfiles/138075-2.wav,//www.xeno-canto.org/138075,//creativecommons.org/licenses/by-nc-sa/3.0/,Paul Driver,2013-03-09,"male-female duet, song",3564B12D313B672E879701636982857DB1502B4CE074A8981A59996650008AAF
train,Northern Cardinal,northern_cardinal,Cardinalis,cardinalis,138075,138075-3.wav,wavfiles/138075-3.wav,//www.xeno-canto.org/138075,//creativecommons.org/licenses/by-nc-sa/3.0/,Paul Driver,2013-03-09,"male-female duet, song",4D1813D1CDE78C3D23145868D7AEB1BFD2CEDF2BFC3A4E1367AC5EC438E4A340
train,Northern Cardinal,northern_cardinal,Cardinalis,cardinalis,138075,138075-4.wav,wavfiles/138075-4.wav,//www.xeno-canto.org/138075,//creativecommons.org/licenses/by-nc-sa/3.0/,Paul Driver,2013-03-09,"male-female duet, song",E73236B6F6A24181243F58FAC46400F9E897AA700492CC8BCD9E7490A24CAEF2
train,Northern Cardinal,northern_cardinal,Cardinalis,cardinalis,138075,138075-5.wav,wavfiles/138075-5.wav,//www.xeno-canto.org/138075,//creativecommons.org/licenses/by-nc-sa/3.0/,Paul Driver,2013-03-09,"male-female duet, song",CCB0380B47CF79565AA8D62E13D80C1D1B892F5A55A693969E1A46A795A13E10
train,Northern Cardinal,northern_cardinal,Cardinalis,cardinalis,138075,138075-6.wav,wavfiles/138075-6.wav,//www.xeno-canto.org/138075,//creativecommons.org/licenses/by-nc-sa/3.0/,Paul Driver,2013-03-09,"male-female duet, song",3D5578415D234B88F7FD5FFB9611608F0EA89EDD88B7CBFCD9816EAB1592E1DA
train,Northern Cardinal,northern_cardinal,Cardinalis,cardinalis,138075,138075-7.wav,wavfiles/138075-7.wav,//www.xeno-canto.org/138075,//creativecommons.org/licenses/by-nc-sa/3.0/,Paul Driver,2013-03-09,"male-female duet, song",23D24883AB51D414EC27F9B1150DE9F470B22C4E09D63DB3579C5FB4864FF302
train,Northern Cardinal,northern_cardinal,Cardinalis,cardinalis,138075,138075-8.wav,wavfiles/138075-8.wav,//www.xeno-canto.org/138075,//creativecommons.org/licenses/by-nc-sa/3.0/,Paul Driver,2013-03-09,"male-female duet, song",DDD7875ABF72975279857CF003D672015957527680A838B9A85A11BDA6CE75DC
train,Northern Cardinal,northern_cardinal,Cardinalis,cardinalis,138075,138075-9.wav,wavfiles/138075-9.wav,//www.xeno-canto.org/138075,//creativecommons.org/licenses/by-nc-sa/3.0/,Paul Driver,2013-03-09,"male-female duet, song",6460E2C680D33E8168FAF4F8A746D7C049EDF64AB8B5633CA98A11B7F7D8D3B5
train,Northern Cardinal,northern_cardinal,Cardinalis,cardinalis,165345,165345-0.wav,wavfiles/165345-0.wav,//www.xeno-canto.org/165345,//creativecommons.org/licenses/by-nc-sa/3.0/,Paul Marvin,2014-01-17,song,1861E0792FC849E06A2CC2478F9CF42492BDC6BEBA0DEFC7950BACFB8A83A65A
train,Northern Cardinal,northern_cardinal,Cardinalis,cardinalis,165345,165345-1.wav,wavfiles/165345-1.wav,//www.xeno-canto.org/165345,//creativecommons.org/licenses/by-nc-sa/3.0/,Paul Marvin,2014-01-17,song,03F013F5E94BDFC636311E372D67F515B1A9BBEADF158EB1CAA9355DDDBA1A08
train,Northern Cardinal,northern_cardinal,Cardinalis,cardinalis,165345,165345-10.wav,wavfiles/165345-10.wav,//www.xeno-canto.org/165345,//creativecommons.org/licenses/by-nc-sa/3.0/,Paul Marvin,2014-01-17,song,3EB84510D15E0313CA7DF4F5F6600D7DEF1AD4C28D54E8249352B7F672B73DD8
train,Northern Cardinal,northern_cardinal,Cardinalis,cardinalis,165345,165345-11.wav,wavfiles/165345-11.wav,//www.xeno-canto.org/165345,//creativecommons.org/licenses/by-nc-sa/3.0/,Paul Marvin,2014-01-17,song,E51DA19046D4F1A7EC32A58D4D5EE6326F334D916DC5125DD086D88D1D9A8BF4
train,Northern Cardinal,northern_cardinal,Cardinalis,cardinalis,165345,165345-2.wav,wavfiles/165345-2.wav,//www.xeno-canto.org/165345,//creativecommons.org/licenses/by-nc-sa/3.0/,Paul Marvin,2014-01-17,song,5A9D2D543BF0440F0633C8C4B6B037EB994879FB14E936F39EBE2901676BEAB5
train,Northern Cardinal,northern_cardinal,Cardinalis,cardinalis,165345,165345-4.wav,wavfiles/165345-4.wav,//www.xeno-canto.org/165345,//creativecommons.org/licenses/by-nc-sa/3.0/,Paul Marvin,2014-01-17,song,1A32D56778D5C2D3B475840EACD4BCF31EE1B36D83707C121508EF6DBF26C2EE
train,Northern Cardinal,northern_cardinal,Cardinalis,cardinalis,165345,165345-5.wav,wavfiles/165345-5.wav,//www.xeno-canto.org/165345,//creativecommons.org/licenses/by-nc-sa/3.0/,Paul Marvin,2014-01-17,song,83BD044B0C3DC7E98E9734B0B18C85C79F9EED418DF6335716DE168EF777C1EB
train,Northern Cardinal,northern_cardinal,Cardinalis,cardinalis,165345,165345-6.wav,wavfiles/165345-6.wav,//www.xeno-canto.org/165345,//creativecommons.org/licenses/by-nc-sa/3.0/,Paul Marvin,2014-01-17,song,3265E5A7143DDCF1817B6E314798A6DB2819560D8E2949328B2053E56A4AC2EE
train,Northern Cardinal,northern_cardinal,Cardinalis,cardinalis,165345,165345-8.wav,wavfiles/165345-8.wav,//www.xeno-canto.org/165345,//creativecommons.org/licenses/by-nc-sa/3.0/,Paul Marvin,2014-01-17,song,3CCBD9B32CD1B2CCCB985225BC2265B5CB17F9E280E5D270E2E290BE22E51DED
train,Northern Cardinal,northern_cardinal,Cardinalis,cardinalis,165345,165345-9.wav,wavfiles/165345-9.wav,//www.xeno-canto.org/165345,//creativecommons.org/licenses/by-nc-sa/3.0/,Paul Marvin,2014-01-17,song,E25C359FAAAD12AEC9EA8C30E081C55C8BCD22E0C4B2FFB075E69D4EA951473C
train,Northern Cardinal,northern_cardinal,Cardinalis,cardinalis,166106,166106-0.wav,wavfiles/166106-0.wav,//www.xeno-canto.org/166106,//creativecommons.org/licenses/by-nc-sa/3.0/,Paul Marvin,2014-02-03,song,1FA9544CE952288D6114F015CF8CA60AD6377EAEA3B0A99E4ABB11BA0D6C6C85
train,Northern Cardinal,northern_cardinal,Cardinalis,cardinalis,166106,166106-1.wav,wavfiles/166106-1.wav,//www.xeno-canto.org/166106,//creativecommons.org/licenses/by-nc-sa/3.0/,Paul Marvin,2014-02-03,song,F0DD65715454AC0F48C85A978A1B0B297AE7DB7C011DAB0A180E799B2776EEC0
train,Northern Cardinal,northern_cardinal,Cardinalis,cardinalis,166106,166106-10.wav,wavfiles/166106-10.wav,//www.xeno-canto.org/166106,//creativecommons.org/licenses/by-nc-sa/3.0/,Paul Marvin,2014-02-03,song,F899D1DE27D5F7C7AA9A960400C041FF2859AB94DAD85899F6D3A377CFECB4CB
train,Northern Cardinal,northern_cardinal,Cardinalis,cardinalis,166106,166106-2.wav,wavfiles/166106-2.wav,//www.xeno-canto.org/166106,//creativecommons.org/licenses/by-nc-sa/3.0/,Paul Marvin,2014-02-03,song,6B048A71492FFB94C9A408D23F937BEC6C1C9B690981EC45F7086ABA693AFF7D
train,Northern Cardinal,northern_cardinal,Cardinalis,cardinalis,166106,166106-3.wav,wavfiles/166106-3.wav,//www.xeno-canto.org/166106,//creativecommons.org/licenses/by-nc-sa/3.0/,Paul Marvin,2014-02-03,song,C7E02AA4A39CD99C2461A4DCBCDCB388F863B6D9087B3E894BE041796A19177E
train,Northern Cardinal,northern_cardinal,Cardinalis,cardinalis,166106,166106-5.wav,wavfiles/166106-5.wav,//www.xeno-canto.org/166106,//creativecommons.org/licenses/by-nc-sa/3.0/,Paul Marvin,2014-02-03,song,51E219196A226F50C413DAA4F6E31770CF4C2BFFAE5FC98D19E9C62996F43179
train,Northern Cardinal,northern_cardinal,Cardinalis,cardinalis,166106,166106-6.wav,wavfiles/166106-6.wav,//www.xeno-canto.org/166106,//creativecommons.org/licenses/by-nc-sa/3.0/,Paul Marvin,2014-02-03,song,698728F5651D835490FEB3AB29D6C0A2B4F45D202D7B4AA29BF48ADA7243A69E
train,Northern Cardinal,northern_cardinal,Cardinalis,cardinalis,166106,166106-7.wav,wavfiles/166106-7.wav,//www.xeno-canto.org/166106,//creativecommons.org/licenses/by-nc-sa/3.0/,Paul Marvin,2014-02-03,song,78A465414351E459C166D4D373D9F28327C53A6440C551ACDBFB8A0EA69782B7
train,Northern Cardinal,northern_cardinal,Cardinalis,cardinalis,166106,166106-9.wav,wavfiles/166106-9.wav,//www.xeno-canto.org/166106,//creativecommons.org/licenses/by-nc-sa/3.0/,Paul Marvin,2014-02-03,song,19ACCB09569A3D8CB2B09BC89098B4F6B9E3C0C25F088E0087313894DF3624B9
train,Northern Cardinal,northern_cardinal,Cardinalis,cardinalis,169226,169226-0.wav,wavfiles/169226-0.wav,//www.xeno-canto.org/169226,//creativecommons.org/licenses/by-nc-sa/3.0/,Paul Marvin,2014-02-26,"call, female, song",A415C963605437F1553EAF1918C98811EEA1DB8658EAED8A65A97309E9255EEF
train,Northern Cardinal,northern_cardinal,Cardinalis,cardinalis,169226,169226-1.wav,wavfiles/169226-1.wav,//www.xeno-canto.org/169226,//creativecommons.org/licenses/by-nc-sa/3.0/,Paul Marvin,2014-02-26,"call, female, song",A30C3BA70027127F6099C5EED5119DBB09209016C82FE79FC504275B14F8D5EF
train,Northern Cardinal,northern_cardinal,Cardinalis,cardinalis,169226,169226-10.wav,wavfiles/169226-10.wav,//www.xeno-canto.org/169226,//creativecommons.org/licenses/by-nc-sa/3.0/,Paul Marvin,2014-02-26,"call, female, song",87A47AC505025C2A0C3CA60F58F73642D1503CE2E1F5D7EFCB54B6CB3577DBFA
train,Northern Cardinal,northern_cardinal,Cardinalis,cardinalis,169226,169226-11.wav,wavfiles/169226-11.wav,//www.xeno-canto.org/169226,//creativecommons.org/licenses/by-nc-sa/3.0/,Paul Marvin,2014-02-26,"call, female, song",C98861ADB6048653A90EBF9B5507A063DB3CD1A65FDCF28041A2FD4671424FE9
train,Northern Cardinal,northern_cardinal,Cardinalis,cardinalis,169226,169226-2.wav,wavfiles/169226-2.wav,//www.xeno-canto.org/169226,//creativecommons.org/licenses/by-nc-sa/3.0/,Paul Marvin,2014-02-26,"call, female, song",C9452D039B4941F6974283548EA1315DC3E44DC044FC05A798C4BCB0BEA54DD5
train,Northern Cardinal,northern_cardinal,Cardinalis,cardinalis,169226,169226-3.wav,wavfiles/169226-3.wav,//www.xeno-canto.org/169226,//creativecommons.org/licenses/by-nc-sa/3.0/,Paul Marvin,2014-02-26,"call, female, song",C3325BB9877A936D54A15204641D06C7B4FFE5BF9506789DB5501BE34773931F
train,Northern Cardinal,northern_cardinal,Cardinalis,cardinalis,169226,169226-5.wav,wavfiles/169226-5.wav,//www.xeno-canto.org/169226,//creativecommons.org/licenses/by-nc-sa/3.0/,Paul Marvin,2014-02-26,"call, female, song",F21713A1F6F9EC531287A65E13D54FC54EF55F6E54FB42A115727AA0AF81E111
train,Northern Cardinal,northern_cardinal,Cardinalis,cardinalis,169226,169226-6.wav,wavfiles/169226-6.wav,//www.xeno-canto.org/169226,//creativecommons.org/licenses/by-nc-sa/3.0/,Paul Marvin,2014-02-26,"call, female, song",1E1A9BFD8161313AA5719F722205FA3B830CE76E3F25E8A8E7D33BB77EAF85DB
train,Northern Cardinal,northern_cardinal,Cardinalis,cardinalis,169226,169226-7.wav,wavfiles/169226-7.wav,//www.xeno-canto.org/169226,//creativecommons.org/licenses/by-nc-sa/3.0/,Paul Marvin,2014-02-26,"call, female, song",59407B95B9A56529A7407A23D500272C8367B94F7A5A2711A85E4E8591404012
train,Northern Cardinal,northern_cardinal,Cardinalis,cardinalis,169226,169226-8.wav,wavfiles/169226-8.wav,//www.xeno-canto.org/169226,//creativecommons.org/licenses/by-nc-sa/3.0/,Paul Marvin,2014-02-26,"call, female, song",79F04EA3AC433A509C99691B2C3902C599E77AF9D052A9B8FEF56F2538336717
train,Northern Cardinal,northern_cardinal,Cardinalis,cardinalis,169226,169226-9.wav,wavfiles/169226-9.wav,//www.xeno-canto.org/169226,//creativecommons.org/licenses/by-nc-sa/3.0/,Paul Marvin,2014-02-26,"call, female, song",62551544DA5552B0D5D0F708EBC3CF7216994BFDFA6573C736D68687A30C7E16
train,Northern Cardinal,northern_cardinal,Cardinalis,cardinalis,172437,172437-0.wav,wavfiles/172437-0.wav,//www.xeno-canto.org/172437,//creativecommons.org/licenses/by-nc-sa/4.0/,Eric DeFonso,2013-04-03,"male, song",A71B3CDCCD9D7D2B0F00FC00BE366D2A6BF1730061F2A627F4B487DE24D4AA50
train,Northern Cardinal,northern_cardinal,Cardinalis,cardinalis,172437,172437-1.wav,wavfiles/172437-1.wav,//www.xeno-canto.org/172437,//creativecommons.org/licenses/by-nc-sa/4.0/,Eric DeFonso,2013-04-03,"male, song",A967D272D0CEC438EF6793F2FB197C29B6EE7C2DD2139BAD2CF115DBB2888E2A
train,Northern Cardinal,northern_cardinal,Cardinalis,cardinalis,172437,172437-10.wav,wavfiles/172437-10.wav,//www.xeno-canto.org/172437,//creativecommons.org/licenses/by-nc-sa/4.0/,Eric DeFonso,2013-04-03,"male, song",6115EC9309BAFF9A43003A17899CA22123694C4620CD23B3076F4F1A18F94920
train,Northern Cardinal,northern_cardinal,Cardinalis,cardinalis,172437,172437-2.wav,wavfiles/172437-2.wav,//www.xeno-canto.org/172437,//creativecommons.org/licenses/by-nc-sa/4.0/,Eric DeFonso,2013-04-03,"male, song",685725F9E414A73B3CB93B3DFEE3068F07D9C1ED1BB8715129603CFDCC5CEB85
train,Northern Cardinal,northern_cardinal,Cardinalis,cardinalis,172437,172437-4.wav,wavfiles/172437-4.wav,//www.xeno-canto.org/172437,//creativecommons.org/licenses/by-nc-sa/4.0/,Eric DeFonso,2013-04-03,"male, song",DC15923D01495A0ECE78C0C40860FDE13596D3945D6A4677A913D0F06508BC53
train,Northern Cardinal,northern_cardinal,Cardinalis,cardinalis,172437,172437-5.wav,wavfiles/172437-5.wav,//www.xeno-canto.org/172437,//creativecommons.org/licenses/by-nc-sa/4.0/,Eric DeFonso,2013-04-03,"male, song",0ABB5B874DE221510F69C2836E5D021DFFB4E359D99B557551952E930A4FF699
train,Northern Cardinal,northern_cardinal,Cardinalis,cardinalis,172437,172437-6.wav,wavfiles/172437-6.wav,//www.xeno-canto.org/172437,//creativecommons.org/licenses/by-nc-sa/4.0/,Eric DeFonso,2013-04-03,"male, song",4C3438A78798AC1D3EB55E50A2E2959F89344D047CA1B548026BAFE1C54021DD
train,Northern Cardinal,northern_cardinal,Cardinalis,cardinalis,172437,172437-8.wav,wavfiles/172437-8.wav,//www.xeno-canto.org/172437,//creativecommons.org/licenses/by-nc-sa/4.0/,Eric DeFonso,2013-04-03,"male, song",75C708472226E77E9E9035A9165CF0273D0735CCE8A661515547219620AE7B8A
train,Northern Cardinal,northern_cardinal,Cardinalis,cardinalis,172437,172437-9.wav,wavfiles/172437-9.wav,//www.xeno-canto.org/172437,//creativecommons.org/licenses/by-nc-sa/4.0/,Eric DeFonso,2013-04-03,"male, song",49FCCAC9ABB492F260A9BD0811D2D426B05E8B4A869CE503444FF629E1B44E61
train,Northern Cardinal,northern_cardinal,Cardinalis,cardinalis,183008,183008-0.wav,wavfiles/183008-0.wav,//www.xeno-canto.org/183008,//creativecommons.org/licenses/by-nc-sa/4.0/,Tim Marquardt,2014-06-21,song,CB9A74C3A1B28A16FEB6C5EF555D43FEE2EF3362F13D06B9D95F4804FD27D90F
train,Northern Cardinal,northern_cardinal,Cardinalis,cardinalis,183008,183008-1.wav,wavfiles/183008-1.wav,//www.xeno-canto.org/183008,//creativecommons.org/licenses/by-nc-sa/4.0/,Tim Marquardt,2014-06-21,song,2F09EB6CB2A9D61D5BC1E5557DD6A544FC99E8D86A4AB44FF4BB010B9133B6D6
train,Northern Cardinal,northern_cardinal,Cardinalis,cardinalis,183008,183008-10.wav,wavfiles/183008-10.wav,//www.xeno-canto.org/183008,//creativecommons.org/licenses/by-nc-sa/4.0/,Tim Marquardt,2014-06-21,song,4AC6FA5D8B4DF4BC38FC6984C3EFA1EBD2366B50AE69908BA17482FF61AE9B95
train,Northern Cardinal,northern_cardinal,Cardinalis,cardinalis,183008,183008-11.wav,wavfiles/183008-11.wav,//www.xeno-canto.org/183008,//creativecommons.org/licenses/by-nc-sa/4.0/,Tim Marquardt,2014-06-21,song,C1BC89C933978BAA3C8B1209952A29385DF9064645AB318CF58931B894DA51AF
train,Northern Cardinal,northern_cardinal,Cardinalis,cardinalis,183008,183008-12.wav,wavfiles/183008-12.wav,//www.xeno-canto.org/183008,//creativecommons.org/licenses/by-nc-sa/4.0/,Tim Marquardt,2014-06-21,song,FC00F15B7D5973081D1BDE76D5EEB2A5F443FB8FDF1E73A47F83737AA9094F3D
train,Northern Cardinal,northern_cardinal,Cardinalis,cardinalis,183008,183008-13.wav,wavfiles/183008-13.wav,//www.xeno-canto.org/183008,//creativecommons.org/licenses/by-nc-sa/4.0/,Tim Marquardt,2014-06-21,song,201A648517F3F8A4A16EC743FA0CD436BBDFDAA534C0BD58CA3473619AD9D67B
train,Northern Cardinal,northern_cardinal,Cardinalis,cardinalis,183008,183008-5.wav,wavfiles/183008-5.wav,//www.xeno-canto.org/183008,//creativecommons.org/licenses/by-nc-sa/4.0/,Tim Marquardt,2014-06-21,song,8FF1D2DEBDB8A7B3DAEE806FF7D6FD39FDEDDC0598FE2995C9BC6BDF8D77DE66
train,Northern Cardinal,northern_cardinal,Cardinalis,cardinalis,183008,183008-6.wav,wavfiles/183008-6.wav,//www.xeno-canto.org/183008,//creativecommons.org/licenses/by-nc-sa/4.0/,Tim Marquardt,2014-06-21,song,5779ADF9A07ABF65A67B5E427F26CF928B1383D0DF9BB4A928E278966E30BEF2
train,Northern Cardinal,northern_cardinal,Cardinalis,cardinalis,183008,183008-7.wav,wavfiles/183008-7.wav,//www.xeno-canto.org/183008,//creativecommons.org/licenses/by-nc-sa/4.0/,Tim Marquardt,2014-06-21,song,12905D8A053E560D436DCAD5979D41DA7BBA83B7E20D77250EAF98869D24E3C5
train,Northern Cardinal,northern_cardinal,Cardinalis,cardinalis,183008,183008-8.wav,wavfiles/183008-8.wav,//www.xeno-canto.org/183008,//creativecommons.org/licenses/by-nc-sa/4.0/,Tim Marquardt,2014-06-21,song,3C0E78A0A72E76D6A22CA9F197BDF45A6AA1E4D41B7CE691487557DB369BE285
train,Northern Cardinal,northern_cardinal,Cardinalis,cardinalis,183008,183008-9.wav,wavfiles/183008-9.wav,//www.xeno-canto.org/183008,//creativecommons.org/licenses/by-nc-sa/4.0/,Tim Marquardt,2014-06-21,song,8710B59203D84E8F3008DB8E2BC07AE3DFDACFF5E658E2CCEB15AF94D100BE04
train,Northern Cardinal,northern_cardinal,Cardinalis,cardinalis,185240,185240-0.wav,wavfiles/185240-0.wav,//www.xeno-canto.org/185240,//creativecommons.org/licenses/by-nc-sa/4.0/,Tim Marquardt,2014-07-04,song,7D0D692AC7432BBADBD47F3D3B46EDD6612C3B9A677F3343E37EBDAB528BB750
train,Northern Cardinal,northern_cardinal,Cardinalis,cardinalis,185240,185240-1.wav,wavfiles/185240-1.wav,//www.xeno-canto.org/185240,//creativecommons.org/licenses/by-nc-sa/4.0/,Tim Marquardt,2014-07-04,song,B3BD2629947B49800E3050FD3A21B263739B531C215E80F13F82199B110FF16C
train,Northern Cardinal,northern_cardinal,Cardinalis,cardinalis,185240,185240-10.wav,wavfiles/185240-10.wav,//www.xeno-canto.org/185240,//creativecommons.org/licenses/by-nc-sa/4.0/,Tim Marquardt,2014-07-04,song,3D3E215BC018F1BD53937673850B8BBCD6B7CE9D7F05A620B8B2B5ECAEA6B409
train,Northern Cardinal,northern_cardinal,Cardinalis,cardinalis,185240,185240-11.wav,wavfiles/185240-11.wav,//www.xeno-canto.org/185240,//creativecommons.org/licenses/by-nc-sa/4.0/,Tim Marquardt,2014-07-04,song,1D9782985BE60C41AC9299376377B2E55ADF185354934644E1338E1D2D34DC7E
train,Northern Cardinal,northern_cardinal,Cardinalis,cardinalis,185240,185240-2.wav,wavfiles/185240-2.wav,//www.xeno-canto.org/185240,//creativecommons.org/licenses/by-nc-sa/4.0/,Tim Marquardt,2014-07-04,song,9CA07FCC9529E6FCBEF90632090C29AE013DCB7160EBBF9FDE548D0CC5AE5D9B
train,Northern Cardinal,northern_cardinal,Cardinalis,cardinalis,185240,185240-3.wav,wavfiles/185240-3.wav,//www.xeno-canto.org/185240,//creativecommons.org/licenses/by-nc-sa/4.0/,Tim Marquardt,2014-07-04,song,6B9B9752B6B3E1E65952718AD9FC1F0F13C5A330C7FA8FAEEFBFA77B05A3B4CA
train,Northern Cardinal,northern_cardinal,Cardinalis,cardinalis,185240,185240-5.wav,wavfiles/185240-5.wav,//www.xeno-canto.org/185240,//creativecommons.org/licenses/by-nc-sa/4.0/,Tim Marquardt,2014-07-04,song,B5B1A63E5CF12E3940407F7C236C60E6A9D8F0924FCEF353E5DDB34769738350
train,Northern Cardinal,northern_cardinal,Cardinalis,cardinalis,185240,185240-6.wav,wavfiles/185240-6.wav,//www.xeno-canto.org/185240,//creativecommons.org/licenses/by-nc-sa/4.0/,Tim Marquardt,2014-07-04,song,A73D613C5FE4C80CCFB125B9A8C5EE70B3A62CE8F01403919F0DA479DD9103A2
train,Northern Cardinal,northern_cardinal,Cardinalis,cardinalis,185240,185240-7.wav,wavfiles/185240-7.wav,//www.xeno-canto.org/185240,//creativecommons.org/licenses/by-nc-sa/4.0/,Tim Marquardt,2014-07-04,song,A053D07B749029EDF9C2C745094E2F399656D2AECDAB1AA5AB9B5516C9129905
train,Northern Cardinal,northern_cardinal,Cardinalis,cardinalis,185240,185240-9.wav,wavfiles/185240-9.wav,//www.xeno-canto.org/185240,//creativecommons.org/licenses/by-nc-sa/4.0/,Tim Marquardt,2014-07-04,song,8C33F08257BC583D8D685AD41BBAA97C58F859CE5BB54D7C9247EB32F6A33A9D
train,Northern Cardinal,northern_cardinal,Cardinalis,cardinalis,190456,190456-0.wav,wavfiles/190456-0.wav,//www.xeno-canto.org/190456,//creativecommons.org/licenses/by-nc-nd/4.0/,Krzysztof Deoniziak,2014-08-03,"male, song",42AC81F93C911486D02A8EA6129E49528B6234C033937B84759802BDF4A9922C
train,Northern Cardinal,northern_cardinal,Cardinalis,cardinalis,190456,190456-1.wav,wavfiles/190456-1.wav,//www.xeno-canto.org/190456,//creativecommons.org/licenses/by-nc-nd/4.0/,Krzysztof Deoniziak,2014-08-03,"male, song",444790CBD1D2F1319FACBF308A120209EDA8D80A159C3B13522D75CDE0972ACA
train,Northern Cardinal,northern_cardinal,Cardinalis,cardinalis,190456,190456-10.wav,wavfiles/190456-10.wav,//www.xeno-canto.org/190456,//creativecommons.org/licenses/by-nc-nd/4.0/,Krzysztof Deoniziak,2014-08-03,"male, song",F1BBC10DB91AA631214482485CF7880614B2273E489C0647E7BD7BB7ABF50689
train,Northern Cardinal,northern_cardinal,Cardinalis,cardinalis,190456,190456-11.wav,wavfiles/190456-11.wav,//www.xeno-canto.org/190456,//creativecommons.org/licenses/by-nc-nd/4.0/,Krzysztof Deoniziak,2014-08-03,"male, song",F43F093D5F17EC1897A8B6CEE0549033E5A340AED38CFABE6F07290206FE5B65
train,Northern Cardinal,northern_cardinal,Cardinalis,cardinalis,190456,190456-2.wav,wavfiles/190456-2.wav,//www.xeno-canto.org/190456,//creativecommons.org/licenses/by-nc-nd/4.0/,Krzysztof Deoniziak,2014-08-03,"male, song",5C2CB34658B6F83042140C60348472CF43320293D1E85748B91FBD4402AD75D9
train,Northern Cardinal,northern_cardinal,Cardinalis,cardinalis,190456,190456-3.wav,wavfiles/190456-3.wav,//www.xeno-canto.org/190456,//creativecommons.org/licenses/by-nc-nd/4.0/,Krzysztof Deoniziak,2014-08-03,"male, song",040524F6693054F789C8872EA47A7845D783A06299A6E2D5644127160C5DCBED
train,Northern Cardinal,northern_cardinal,Cardinalis,cardinalis,190456,190456-4.wav,wavfiles/190456-4.wav,//www.xeno-canto.org/190456,//creativecommons.org/licenses/by-nc-nd/4.0/,Krzysztof Deoniziak,2014-08-03,"male, song",AA7AE1E1578D503B4CB7A2C1F647BD0ADDDA810DD1455D360F99FF0F9CE36B30
train,Northern Cardinal,northern_cardinal,Cardinalis,cardinalis,190456,190456-5.wav,wavfiles/190456-5.wav,//www.xeno-canto.org/190456,//creativecommons.org/licenses/by-nc-nd/4.0/,Krzysztof Deoniziak,2014-08-03,"male, song",832487D9E7BD8989625EAEB7837F90D6D08E7D93F19EBBDE4C1BCB24F9AE4D11
train,Northern Cardinal,northern_cardinal,Cardinalis,cardinalis,190456,190456-6.wav,wavfiles/190456-6.wav,//www.xeno-canto.org/190456,//creativecommons.org/licenses/by-nc-nd/4.0/,Krzysztof Deoniziak,2014-08-03,"male, song",C60C1D25A10976E46D3D20BEC3960E9D1A941F4E4A8CEDBD6B8192D6C7743E3E
train,Northern Cardinal,northern_cardinal,Cardinalis,cardinalis,190456,190456-7.wav,wavfiles/190456-7.wav,//www.xeno-canto.org/190456,//creativecommons.org/licenses/by-nc-nd/4.0/,Krzysztof Deoniziak,2014-08-03,"male, song",08F93EA7DBB28C9061667CD7685191699CC90A0C139924C9574CE6C151B75B27
train,Northern Cardinal,northern_cardinal,Cardinalis,cardinalis,190456,190456-8.wav,wavfiles/190456-8.wav,//www.xeno-canto.org/190456,//creativecommons.org/licenses/by-nc-nd/4.0/,Krzysztof Deoniziak,2014-08-03,"male, song",B8B7C4AD13EA0F3823E6B03F80F47A4CEFE15C502055E990489478DECF1023DE
train,Northern Cardinal,northern_cardinal,Cardinalis,cardinalis,190456,190456-9.wav,wavfiles/190456-9.wav,//www.xeno-canto.org/190456,//creativecommons.org/licenses/by-nc-nd/4.0/,Krzysztof Deoniziak,2014-08-03,"male, song",28294F9FB465D0CC1ADE22F072052CCFFA46D7522436F669414278552400E297
train,Northern Cardinal,northern_cardinal,Cardinalis,cardinalis,196163,196163-0.wav,wavfiles/196163-0.wav,//www.xeno-canto.org/196163,//creativecommons.org/licenses/by-nc-sa/4.0/,Paul Marvin,2014-07-05,song,C69229E0BB5040608B9D18D3AF847D2BD1AFF8CED43DBFA96646E53E2F6809D7
train,Northern Cardinal,northern_cardinal,Cardinalis,cardinalis,196163,196163-1.wav,wavfiles/196163-1.wav,//www.xeno-canto.org/196163,//creativecommons.org/licenses/by-nc-sa/4.0/,Paul Marvin,2014-07-05,song,7DE160ABC85500E5F049D5737FF88A5F00ABA48C241BACF35122E647AB3CB9A4
train,Northern Cardinal,northern_cardinal,Cardinalis,cardinalis,196163,196163-11.wav,wavfiles/196163-11.wav,//www.xeno-canto.org/196163,//creativecommons.org/licenses/by-nc-sa/4.0/,Paul Marvin,2014-07-05,song,95DA8B9ADE97666B2644555263BB26F6E83508842DEF0B34E93806E4D18E0DD8
train,Northern Cardinal,northern_cardinal,Cardinalis,cardinalis,196163,196163-12.wav,wavfiles/196163-12.wav,//www.xeno-canto.org/196163,//creativecommons.org/licenses/by-nc-sa/4.0/,Paul Marvin,2014-07-05,song,0BD7FDD403A242BF6C76595638977BD3EBABB5649F22F9A89D93697CE0257463
train,Northern Cardinal,northern_cardinal,Cardinalis,cardinalis,196163,196163-2.wav,wavfiles/196163-2.wav,//www.xeno-canto.org/196163,//creativecommons.org/licenses/by-nc-sa/4.0/,Paul Marvin,2014-07-05,song,3401ACB09BFD5B8499F320ED1F22E687F4182377B4A0B13335115E836FB2A568
train,Northern Cardinal,northern_cardinal,Cardinalis,cardinalis,196163,196163-4.wav,wavfiles/196163-4.wav,//www.xeno-canto.org/196163,//creativecommons.org/licenses/by-nc-sa/4.0/,Paul Marvin,2014-07-05,song,62940E8C9AD39C427DE8C4AE57E231FCB162BD9F04F8F57818B384CB186E0382
train,Northern Cardinal,northern_cardinal,Cardinalis,cardinalis,196163,196163-5.wav,wavfiles/196163-5.wav,//www.xeno-canto.org/196163,//creativecommons.org/licenses/by-nc-sa/4.0/,Paul Marvin,2014-07-05,song,BDBCD8FF80D2AD2E0C7350E442ADD5333AC2F87AF7AB9A6B501A306926EB8269
train,Northern Cardinal,northern_cardinal,Cardinalis,cardinalis,196163,196163-6.wav,wavfiles/196163-6.wav,//www.xeno-canto.org/196163,//creativecommons.org/licenses/by-nc-sa/4.0/,Paul Marvin,2014-07-05,song,4EFAB162CCF7A84929F563BDA181DB0C8016B839F577664714E5284942AE911F
train,Northern Cardinal,northern_cardinal,Cardinalis,cardinalis,196163,196163-8.wav,wavfiles/196163-8.wav,//www.xeno-canto.org/196163,//creativecommons.org/licenses/by-nc-sa/4.0/,Paul Marvin,2014-07-05,song,15E30D90B3A6C5BA293196374EA11DCA019A7D93E04BFFFA83D18A971E39E764
train,Northern Cardinal,northern_cardinal,Cardinalis,cardinalis,196163,196163-9.wav,wavfiles/196163-9.wav,//www.xeno-canto.org/196163,//creativecommons.org/licenses/by-nc-sa/4.0/,Paul Marvin,2014-07-05,song,A0C5F33676AEB0591774890CE2E159E07C4C855505EF040AD2264EBC95FD893B
train,Northern Cardinal,northern_cardinal,Cardinalis,cardinalis,211633,211633-0.wav,wavfiles/211633-0.wav,//www.xeno-canto.org/211633,//creativecommons.org/licenses/by-nc-sa/4.0/,Lauren Harter,2014-06-17,song,9BCAA33403843464A4F3851DD1E11C75BDD6741AF4468A2BD4EAA058B385D2C0
train,Northern Cardinal,northern_cardinal,Cardinalis,cardinalis,211633,211633-1.wav,wavfiles/211633-1.wav,//www.xeno-canto.org/211633,//creativecommons.org/licenses/by-nc-sa/4.0/,Lauren Harter,2014-06-17,song,03471B1074A5748A86FB9D0FBF811D2C5452F701D650BA93E501C1066B73C5DA
train,Northern Cardinal,northern_cardinal,Cardinalis,cardinalis,211633,211633-10.wav,wavfiles/211633-10.wav,//www.xeno-canto.org/211633,//creativecommons.org/licenses/by-nc-sa/4.0/,Lauren Harter,2014-06-17,song,CB3E7B754391C365F72470A073A39068D76EF7B96996F210E00D89D80ADB2DC5
train,Northern Cardinal,northern_cardinal,Cardinalis,cardinalis,211633,211633-11.wav,wavfiles/211633-11.wav,//www.xeno-canto.org/211633,//creativecommons.org/licenses/by-nc-sa/4.0/,Lauren Harter,2014-06-17,song,6EB09C28F8E491277618936209109CB5795B0B452E72D89F80A04079A64CDE9B
train,Northern Cardinal,northern_cardinal,Cardinalis,cardinalis,211633,211633-12.wav,wavfiles/211633-12.wav,//www.xeno-canto.org/211633,//creativecommons.org/licenses/by-nc-sa/4.0/,Lauren Harter,2014-06-17,song,9C30AA82E5749B26EACE9F895DDDCE295BCA7327860DB1C99080A263F492EE41
train,Northern Cardinal,northern_cardinal,Cardinalis,cardinalis,211633,211633-2.wav,wavfiles/211633-2.wav,//www.xeno-canto.org/211633,//creativecommons.org/licenses/by-nc-sa/4.0/,Lauren Harter,2014-06-17,song,FBF0B30534635D0210F47AD7EFFFA251C5E515631FE733B1E8D7E839F1F2F2F6
train,Northern Cardinal,northern_cardinal,Cardinalis,cardinalis,211633,211633-3.wav,wavfiles/211633-3.wav,//www.xeno-canto.org/211633,//creativecommons.org/licenses/by-nc-sa/4.0/,Lauren Harter,2014-06-17,song,432E7F4BA09CB16ACD9576B02F9889651A6E4A5CA200D3D89A663C772AA944D0
train,Northern Cardinal,northern_cardinal,Cardinalis,cardinalis,211633,211633-4.wav,wavfiles/211633-4.wav,//www.xeno-canto.org/211633,//creativecommons.org/licenses/by-nc-sa/4.0/,Lauren Harter,2014-06-17,song,F9F70C2DD439F2D45FE3D9FE51E7303959232336AA4B422BC15EA94E52E97D16
train,Northern Cardinal,northern_cardinal,Cardinalis,cardinalis,211633,211633-5.wav,wavfiles/211633-5.wav,//www.xeno-canto.org/211633,//creativecommons.org/licenses/by-nc-sa/4.0/,Lauren Harter,2014-06-17,song,B46CC07712C8A89A435290D296B6DCC40FF7C94A56E698DA83DACA2E7D09631E
train,Northern Cardinal,northern_cardinal,Cardinalis,cardinalis,211633,211633-6.wav,wavfiles/211633-6.wav,//www.xeno-canto.org/211633,//creativecommons.org/licenses/by-nc-sa/4.0/,Lauren Harter,2014-06-17,song,7C18D761FB3AB4C7A19CAA2949E7E9F4F207B17B82D3E374243466A429691BE3
train,Northern Cardinal,northern_cardinal,Cardinalis,cardinalis,211633,211633-7.wav,wavfiles/211633-7.wav,//www.xeno-canto.org/211633,//creativecommons.org/licenses/by-nc-sa/4.0/,Lauren Harter,2014-06-17,song,3922DBF4886F6CF503B6A87B5BF6F479CBE8FB7E2554F4AF525F95B4BEF3D9B6
train,Northern Cardinal,northern_cardinal,Cardinalis,cardinalis,211633,211633-8.wav,wavfiles/211633-8.wav,//www.xeno-canto.org/211633,//creativecommons.org/licenses/by-nc-sa/4.0/,Lauren Harter,2014-06-17,song,74A92995A4462C65B2F0C7A2FFE96E2AA395B9AFC08323FA90013BD0CC7AE4C8
train,Northern Cardinal,northern_cardinal,Cardinalis,cardinalis,211633,211633-9.wav,wavfiles/211633-9.wav,//www.xeno-canto.org/211633,//creativecommons.org/licenses/by-nc-sa/4.0/,Lauren Harter,2014-06-17,song,F4099DDC9213E26B7E992B604786B773C247D310E35C784FBF236B46001C467B
train,Northern Cardinal,northern_cardinal,Cardinalis,cardinalis,220400,220400-0.wav,wavfiles/220400-0.wav,//www.xeno-canto.org/220400,//creativecommons.org/licenses/by-nc-nd/4.0/,Peter Boesman,2007-02-17,song,F3A81965B7A62A9AEFEDB7F050587D4D82CF67A1C1FC5978EB3AF34597C61A34
train,Northern Cardinal,northern_cardinal,Cardinalis,cardinalis,220400,220400-1.wav,wavfiles/220400-1.wav,//www.xeno-canto.org/220400,//creativecommons.org/licenses/by-nc-nd/4.0/,Peter Boesman,2007-02-17,song,31EC75224D1D9BA564D90B4CF5EAFEECAD6AB7722ED21C95D4F885E223C86039
train,Northern Cardinal,northern_cardinal,Cardinalis,cardinalis,220400,220400-2.wav,wavfiles/220400-2.wav,//www.xeno-canto.org/220400,//creativecommons.org/licenses/by-nc-nd/4.0/,Peter Boesman,2007-02-17,song,6A4B0FD93CD99D9C4C999C72058AF7F6324C2C9DFDA9C499FD070473ED480621
train,Northern Cardinal,northern_cardinal,Cardinalis,cardinalis,220400,220400-5.wav,wavfiles/220400-5.wav,//www.xeno-canto.org/220400,//creativecommons.org/licenses/by-nc-nd/4.0/,Peter Boesman,2007-02-17,song,DF2CAB39B277E099A6BC3224392AED708450A7098F46F10A9E715EDA7EB428D6
train,Northern Cardinal,northern_cardinal,Cardinalis,cardinalis,220400,220400-6.wav,wavfiles/220400-6.wav,//www.xeno-canto.org/220400,//creativecommons.org/licenses/by-nc-nd/4.0/,Peter Boesman,2007-02-17,song,3DC1794D008D92009AE1B4C32C5870FA9D03CA459B82825A6B16774BDCEFD925
train,Northern Cardinal,northern_cardinal,Cardinalis,cardinalis,220400,220400-7.wav,wavfiles/220400-7.wav,//www.xeno-canto.org/220400,//creativecommons.org/licenses/by-nc-nd/4.0/,Peter Boesman,2007-02-17,song,EF6959D8E943EE99ABFD197003C293067EAF0DAC22178C10254C0940ADC8E2F4
train,Northern Cardinal,northern_cardinal,Cardinalis,cardinalis,220401,220401-0.wav,wavfiles/220401-0.wav,//www.xeno-canto.org/220401,//creativecommons.org/licenses/by-nc-nd/4.0/,Peter Boesman,1998-02-20,song,9AFF5A67BDD17D88F94B622C82ABE3755F9C267D377C6EFBD94A64C8C7F4AF11
train,Northern Cardinal,northern_cardinal,Cardinalis,cardinalis,220401,220401-1.wav,wavfiles/220401-1.wav,//www.xeno-canto.org/220401,//creativecommons.org/licenses/by-nc-nd/4.0/,Peter Boesman,1998-02-20,song,BE3EAF74B392D32D701E451A3486A9A526BCC0D25D392D5B69AA22F05435C859
train,Northern Cardinal,northern_cardinal,Cardinalis,cardinalis,220401,220401-10.wav,wavfiles/220401-10.wav,//www.xeno-canto.org/220401,//creativecommons.org/licenses/by-nc-nd/4.0/,Peter Boesman,1998-02-20,song,46FC76532E9CEE82572D1A807B6F7EE0879AEDD9D8A5A12D1EFE35505D93A96E
train,Northern Cardinal,northern_cardinal,Cardinalis,cardinalis,220401,220401-11.wav,wavfiles/220401-11.wav,//www.xeno-canto.org/220401,//creativecommons.org/licenses/by-nc-nd/4.0/,Peter Boesman,1998-02-20,song,424702C15474382C9DCAA38C565AAF0D5D2D4E304658BCE9CAACD162BD75777F
train,Northern Cardinal,northern_cardinal,Cardinalis,cardinalis,220401,220401-12.wav,wavfiles/220401-12.wav,//www.xeno-canto.org/220401,//creativecommons.org/licenses/by-nc-nd/4.0/,Peter Boesman,1998-02-20,song,66C5C2B20372E47A26BFE807D49088A05DB715731FD22070EC09DB38A3D687DE
train,Northern Cardinal,northern_cardinal,Cardinalis,cardinalis,220401,220401-14.wav,wavfiles/220401-14.wav,//www.xeno-canto.org/220401,//creativecommons.org/licenses/by-nc-nd/4.0/,Peter Boesman,1998-02-20,song,C6171438769DC8327C7501E4A826A75985397046B52F721BAD4F95DC9B53B3AA
train,Northern Cardinal,northern_cardinal,Cardinalis,cardinalis,220401,220401-2.wav,wavfiles/220401-2.wav,//www.xeno-canto.org/220401,//creativecommons.org/licenses/by-nc-nd/4.0/,Peter Boesman,1998-02-20,song,AD1B3BCC225DF09247DB0F9AF695C570003CC0A3450335FEAA9DCEBAEE6BEE4A
train,Northern Cardinal,northern_cardinal,Cardinalis,cardinalis,220401,220401-3.wav,wavfiles/220401-3.wav,//www.xeno-canto.org/220401,//creativecommons.org/licenses/by-nc-nd/4.0/,Peter Boesman,1998-02-20,song,7E6F32793D5681F0E407BDA62F35A1ED81EC6C03A2F7261BF0557D575ABA81BA
train,Northern Cardinal,northern_cardinal,Cardinalis,cardinalis,220401,220401-4.wav,wavfiles/220401-4.wav,//www.xeno-canto.org/220401,//creativecommons.org/licenses/by-nc-nd/4.0/,Peter Boesman,1998-02-20,song,0BC831A40EEAB3122695D1F88DEF34A93E8E5AD9CC4D279FAD107BD2A2DC58D9
train,Northern Cardinal,northern_cardinal,Cardinalis,cardinalis,220401,220401-5.wav,wavfiles/220401-5.wav,//www.xeno-canto.org/220401,//creativecommons.org/licenses/by-nc-nd/4.0/,Peter Boesman,1998-02-20,song,C6E892338E99EA1C77F9AFA17BA1EC037A3E4F82568C525B6D12439339237460
train,Northern Cardinal,northern_cardinal,Cardinalis,cardinalis,220401,220401-6.wav,wavfiles/220401-6.wav,//www.xeno-canto.org/220401,//creativecommons.org/licenses/by-nc-nd/4.0/,Peter Boesman,1998-02-20,song,A6D5450D031A347BB616D8BA6740002A3254308898D54C1C1E2C10CE56B37D82
train,Northern Cardinal,northern_cardinal,Cardinalis,cardinalis,220401,220401-7.wav,wavfiles/220401-7.wav,//www.xeno-canto.org/220401,//creativecommons.org/licenses/by-nc-nd/4.0/,Peter Boesman,1998-02-20,song,8EEDA2995B0D9F10A5A719491627C30C7864D1A29AD3485794160DE6A65669BB
train,Northern Cardinal,northern_cardinal,Cardinalis,cardinalis,220401,220401-8.wav,wavfiles/220401-8.wav,//www.xeno-canto.org/220401,//creativecommons.org/licenses/by-nc-nd/4.0/,Peter Boesman,1998-02-20,song,C82FE7656F02BC7ABDD444EE160BF10E0E35C9C558EEDA5BE67AFC924807B28E
train,Northern Cardinal,northern_cardinal,Cardinalis,cardinalis,220401,220401-9.wav,wavfiles/220401-9.wav,//www.xeno-canto.org/220401,//creativecommons.org/licenses/by-nc-nd/4.0/,Peter Boesman,1998-02-20,song,9950F5413B4AF136382182B4069CE8A34D7DC100D5993F0C0B1ABAD0444E9CEF
train,Northern Cardinal,northern_cardinal,Cardinalis,cardinalis,220402,220402-0.wav,wavfiles/220402-0.wav,//www.xeno-canto.org/220402,//creativecommons.org/licenses/by-nc-nd/4.0/,Peter Boesman,1998-02-20,song,87AD97E8A294F12B0B06F0EEF033538ED8FED59C9F1355C4375C6DB74A683B65
train,Northern Cardinal,northern_cardinal,Cardinalis,cardinalis,220402,220402-1.wav,wavfiles/220402-1.wav,//www.xeno-canto.org/220402,//creativecommons.org/licenses/by-nc-nd/4.0/,Peter Boesman,1998-02-20,song,D736E1981C17C5EAA795560EA9CF25878BBDF12D760E2A1B31C77CA62B0754A8
train,Northern Cardinal,northern_cardinal,Cardinalis,cardinalis,220402,220402-10.wav,wavfiles/220402-10.wav,//www.xeno-canto.org/220402,//creativecommons.org/licenses/by-nc-nd/4.0/,Peter Boesman,1998-02-20,song,ADABA61A0DF82A0A1A4B552B964417C2443144006C2561F413A5B7A1EE5B3B5C
train,Northern Cardinal,northern_cardinal,Cardinalis,cardinalis,220402,220402-11.wav,wavfiles/220402-11.wav,//www.xeno-canto.org/220402,//creativecommons.org/licenses/by-nc-nd/4.0/,Peter Boesman,1998-02-20,song,134D4237DB4EDE2F4BEC0BB092102AECB154AB8989046F3B5A511D816711C84D
train,Northern Cardinal,northern_cardinal,Cardinalis,cardinalis,220402,220402-12.wav,wavfiles/220402-12.wav,//www.xeno-canto.org/220402,//creativecommons.org/licenses/by-nc-nd/4.0/,Peter Boesman,1998-02-20,song,D529048AC0CD3CDA471D0D8001907AAA3338D0274775024C9AA8FE9212E5F23B
train,Northern Cardinal,northern_cardinal,Cardinalis,cardinalis,220402,220402-2.wav,wavfiles/220402-2.wav,//www.xeno-canto.org/220402,//creativecommons.org/licenses/by-nc-nd/4.0/,Peter Boesman,1998-02-20,song,179DAD9A5ACC633CBA5D7E91C135961305F5478D77BF97E543D25904E7759359
train,Northern Cardinal,northern_cardinal,Cardinalis,cardinalis,220402,220402-3.wav,wavfiles/220402-3.wav,//www.xeno-canto.org/220402,//creativecommons.org/licenses/by-nc-nd/4.0/,Peter Boesman,1998-02-20,song,DDE2455AD7AE246B0D28DDFBA132F061EA39DD4431FDF61F6F7A9E35938BC6D4
train,Northern Cardinal,northern_cardinal,Cardinalis,cardinalis,220402,220402-4.wav,wavfiles/220402-4.wav,//www.xeno-canto.org/220402,//creativecommons.org/licenses/by-nc-nd/4.0/,Peter Boesman,1998-02-20,song,851E99A1A1300C8A1FF418FB4E0B5712E2256513F5EB035FBCADE938C9640F94
train,Northern Cardinal,northern_cardinal,Cardinalis,cardinalis,220402,220402-5.wav,wavfiles/220402-5.wav,//www.xeno-canto.org/220402,//creativecommons.org/licenses/by-nc-nd/4.0/,Peter Boesman,1998-02-20,song,DB3227EAB33EA6110631F5320B6263C87366A6F2471A0DA4BB68EC61E12CF6DA
train,Northern Cardinal,northern_cardinal,Cardinalis,cardinalis,220402,220402-6.wav,wavfiles/220402-6.wav,//www.xeno-canto.org/220402,//creativecommons.org/licenses/by-nc-nd/4.0/,Peter Boesman,1998-02-20,song,3003B32557E7E4DAB8302DDB5821B26B8E122B735C7051C8F98545F4B6A76BA2
train,Northern Cardinal,northern_cardinal,Cardinalis,cardinalis,220402,220402-7.wav,wavfiles/220402-7.wav,//www.xeno-canto.org/220402,//creativecommons.org/licenses/by-nc-nd/4.0/,Peter Boesman,1998-02-20,song,DEF2639B3698C35574CA538A7AD0C43874AD500A3594EBD542F793DA3BE92851
train,Northern Cardinal,northern_cardinal,Cardinalis,cardinalis,220402,220402-8.wav,wavfiles/220402-8.wav,//www.xeno-canto.org/220402,//creativecommons.org/licenses/by-nc-nd/4.0/,Peter Boesman,1998-02-20,song,12572F9312442CF11B7FDA49CE8A42CBE16D94B0758732C2D84F335CA5BCDD36
train,Northern Cardinal,northern_cardinal,Cardinalis,cardinalis,220402,220402-9.wav,wavfiles/220402-9.wav,//www.xeno-canto.org/220402,//creativecommons.org/licenses/by-nc-nd/4.0/,Peter Boesman,1998-02-20,song,A07177FD9563E7E701C7BF78DA09D662209B6CF27AB9342F29CA6F383A021EBF
train,Northern Cardinal,northern_cardinal,Cardinalis,cardinalis,235432,235432-0.wav,wavfiles/235432-0.wav,//www.xeno-canto.org/235432,//creativecommons.org/licenses/by-nc-sa/4.0/,Danny Zapata-Henao,2015-04-12,"male, song",392C0CDAF14AC52CE449B056647B5CA155F7C9C5B23334C0DF279565EBAD17E7
train,Northern Cardinal,northern_cardinal,Cardinalis,cardinalis,235432,235432-1.wav,wavfiles/235432-1.wav,//www.xeno-canto.org/235432,//creativecommons.org/licenses/by-nc-sa/4.0/,Danny Zapata-Henao,2015-04-12,"male, song",D39E1D78A699479D6CF1D52F5F81DF8FB9D91900771AAC833E779D54B9E6A9BF
train,Northern Cardinal,northern_cardinal,Cardinalis,cardinalis,235432,235432-10.wav,wavfiles/235432-10.wav,//www.xeno-canto.org/235432,//creativecommons.org/licenses/by-nc-sa/4.0/,Danny Zapata-Henao,2015-04-12,"male, song",60A36CFB90F5FC1E4FD3B0502D8AD235F39666F9873DE12FB0F7E748B6392391
train,Northern Cardinal,northern_cardinal,Cardinalis,cardinalis,235432,235432-11.wav,wavfiles/235432-11.wav,//www.xeno-canto.org/235432,//creativecommons.org/licenses/by-nc-sa/4.0/,Danny Zapata-Henao,2015-04-12,"male, song",0A8150F21A2C4C2329C2008702BE5779A315CD9CE6B9E7CDF39F6B10149E03D6
train,Northern Cardinal,northern_cardinal,Cardinalis,cardinalis,235432,235432-12.wav,wavfiles/235432-12.wav,//www.xeno-canto.org/235432,//creativecommons.org/licenses/by-nc-sa/4.0/,Danny Zapata-Henao,2015-04-12,"male, song",3782B9FEDCADD776538F9088C5FFE66A08D0DFC2BBE9ECD5A21494CD3DB9D22B
train,Northern Cardinal,northern_cardinal,Cardinalis,cardinalis,235432,235432-2.wav,wavfiles/235432-2.wav,//www.xeno-canto.org/235432,//creativecommons.org/licenses/by-nc-sa/4.0/,Danny Zapata-Henao,2015-04-12,"male, song",5AAFE1DF2DCE70A108072A3C990504386EADCFBA4B629C410C64A9D7F72132A3
train,Northern Cardinal,northern_cardinal,Cardinalis,cardinalis,235432,235432-3.wav,wavfiles/235432-3.wav,//www.xeno-canto.org/235432,//creativecommons.org/licenses/by-nc-sa/4.0/,Danny Zapata-Henao,2015-04-12,"male, song",6EC5707C2A98896AA1724225FC332F6C7ED804225530DA50CA11301657EEDAB4
train,Northern Cardinal,northern_cardinal,Cardinalis,cardinalis,235432,235432-4.wav,wavfiles/235432-4.wav,//www.xeno-canto.org/235432,//creativecommons.org/licenses/by-nc-sa/4.0/,Danny Zapata-Henao,2015-04-12,"male, song",4E540DF7F0C9EC9FE4CE3A2F92BC6E184AA1E16B676A72A59747C0DA229C111B
train,Northern Cardinal,northern_cardinal,Cardinalis,cardinalis,235432,235432-5.wav,wavfiles/235432-5.wav,//www.xeno-canto.org/235432,//creativecommons.org/licenses/by-nc-sa/4.0/,Danny Zapata-Henao,2015-04-12,"male, song",A114B2ACA1D5FB66BCDDCEB28DE3483E8DAE11CD59260A56A2FEC66C74B164CC
train,Northern Cardinal,northern_cardinal,Cardinalis,cardinalis,235432,235432-6.wav,wavfiles/235432-6.wav,//www.xeno-canto.org/235432,//creativecommons.org/licenses/by-nc-sa/4.0/,Danny Zapata-Henao,2015-04-12,"male, song",2288056592A1562D9CE45D5E039D2DBDC2EB31DC65D10A32EB05DA15E07FDA9C
train,Northern Cardinal,northern_cardinal,Cardinalis,cardinalis,235432,235432-7.wav,wavfiles/235432-7.wav,//www.xeno-canto.org/235432,//creativecommons.org/licenses/by-nc-sa/4.0/,Danny Zapata-Henao,2015-04-12,"male, song",BE0F0630D07D8C5DFBA9227EB92DE3C163B784ACB8777BDA3D71C1973DF3F544
train,Northern Cardinal,northern_cardinal,Cardinalis,cardinalis,235432,235432-8.wav,wavfiles/235432-8.wav,//www.xeno-canto.org/235432,//creativecommons.org/licenses/by-nc-sa/4.0/,Danny Zapata-Henao,2015-04-12,"male, song",0FBBF7D63D0EC360ACBF3951F24C54BD117AB6261DD7AB7A1700AAFA8329D417
train,Northern Cardinal,northern_cardinal,Cardinalis,cardinalis,235432,235432-9.wav,wavfiles/235432-9.wav,//www.xeno-canto.org/235432,//creativecommons.org/licenses/by-nc-sa/4.0/,Danny Zapata-Henao,2015-04-12,"male, song",F0A10465BC1FA84BCA8D1E6BB2C2D1AE1C0B27D9C568FE2150F7F0CB87713F06
train,Northern Cardinal,northern_cardinal,Cardinalis,cardinalis,266643,266643-0.wav,wavfiles/266643-0.wav,//www.xeno-canto.org/266643,//creativecommons.org/licenses/by-nc-sa/4.0/,Richard E. Webster,2015-05-14,song,BE7BFC47C75AAE92C10DCC303A00649248E8D93E0A24A5ECC2EB1CDB9A1089AD
train,Northern Cardinal,northern_cardinal,Cardinalis,cardinalis,266643,266643-1.wav,wavfiles/266643-1.wav,//www.xeno-canto.org/266643,//creativecommons.org/licenses/by-nc-sa/4.0/,Richard E. Webster,2015-05-14,song,A3A729793F86A9081DA2E7C7CB213D2F1FE6BECD1C2761B124450A9A70888E1A
train,Northern Cardinal,northern_cardinal,Cardinalis,cardinalis,266643,266643-2.wav,wavfiles/266643-2.wav,//www.xeno-canto.org/266643,//creativecommons.org/licenses/by-nc-sa/4.0/,Richard E. Webster,2015-05-14,song,8EDCB5BAA5EFC287AD9104A7BAE8E65984E014E2C7660DAD2E3DF9694B5BA722
train,Northern Cardinal,northern_cardinal,Cardinalis,cardinalis,266643,266643-3.wav,wavfiles/266643-3.wav,//www.xeno-canto.org/266643,//creativecommons.org/licenses/by-nc-sa/4.0/,Richard E. Webster,2015-05-14,song,2A51E1D322796E92175E0BEA6EB0597DCD7DE865ACD325E56E1146E7ACC290C5
train,Northern Cardinal,northern_cardinal,Cardinalis,cardinalis,266643,266643-4.wav,wavfiles/266643-4.wav,//www.xeno-canto.org/266643,//creativecommons.org/licenses/by-nc-sa/4.0/,Richard E. Webster,2015-05-14,song,170C6CFAF21355F02A969BC28E6A403A93546729A14A44EE1030EA09E92F7E27
train,Northern Cardinal,northern_cardinal,Cardinalis,cardinalis,266643,266643-5.wav,wavfiles/266643-5.wav,//www.xeno-canto.org/266643,//creativecommons.org/licenses/by-nc-sa/4.0/,Richard E. Webster,2015-05-14,song,74AA8D3ED3002FD383BED9122DB5E4F492A0731780F72488BC3083634ABDFD73
train,Northern Cardinal,northern_cardinal,Cardinalis,cardinalis,266643,266643-6.wav,wavfiles/266643-6.wav,//www.xeno-canto.org/266643,//creativecommons.org/licenses/by-nc-sa/4.0/,Richard E. Webster,2015-05-14,song,FC60F1DEEF7CAFE6C27CEE6E449988A76E88874559E117ECE527F9DB910F21BF
train,Northern Cardinal,northern_cardinal,Cardinalis,cardinalis,266643,266643-7.wav,wavfiles/266643-7.wav,//www.xeno-canto.org/266643,//creativecommons.org/licenses/by-nc-sa/4.0/,Richard E. Webster,2015-05-14,song,26F8EEB514B985421323D1C562897022F457031AB9A9341C0B12D9EBE660EDE9
train,Northern Cardinal,northern_cardinal,Cardinalis,cardinalis,266643,266643-8.wav,wavfiles/266643-8.wav,//www.xeno-canto.org/266643,//creativecommons.org/licenses/by-nc-sa/4.0/,Richard E. Webster,2015-05-14,song,F3E9A1D1FF36E0ACD77FB51EA22C81D117C8C9FA09789AC6F9BCF42F064D28FA
train,Northern Cardinal,northern_cardinal,Cardinalis,cardinalis,302932,302932-0.wav,wavfiles/302932-0.wav,//www.xeno-canto.org/302932,//creativecommons.org/licenses/by-nc-sa/4.0/,Steve Pelikan,2007-03-18,"Several different song types appear in this recording of part of a single bout.,",882D2D722FE2DB5592207EA914AEB64A7754B29CAFDD91838E91E1D7AA08262D
train,Northern Cardinal,northern_cardinal,Cardinalis,cardinalis,302932,302932-1.wav,wavfiles/302932-1.wav,//www.xeno-canto.org/302932,//creativecommons.org/licenses/by-nc-sa/4.0/,Steve Pelikan,2007-03-18,"Several different song types appear in this recording of part of a single bout.,",24DB4FD3545CD10FC7BA5697E29C52E59B578DF17BFC80C1A8C0D187AF9B308D
train,Northern Cardinal,northern_cardinal,Cardinalis,cardinalis,302932,302932-10.wav,wavfiles/302932-10.wav,//www.xeno-canto.org/302932,//creativecommons.org/licenses/by-nc-sa/4.0/,Steve Pelikan,2007-03-18,"Several different song types appear in this recording of part of a single bout.,",5B7ECF6F5DCCE5D72DEF0C06550004D27A079F92248E0F6CAF1AE111EAAE7059
train,Northern Cardinal,northern_cardinal,Cardinalis,cardinalis,302932,302932-11.wav,wavfiles/302932-11.wav,//www.xeno-canto.org/302932,//creativecommons.org/licenses/by-nc-sa/4.0/,Steve Pelikan,2007-03-18,"Several different song types appear in this recording of part of a single bout.,",C895FA1F7B9E5DCD11DCCE65E4087273BA3C7B2B37A49F18CB9329034586B00F
train,Northern Cardinal,northern_cardinal,Cardinalis,cardinalis,302932,302932-13.wav,wavfiles/302932-13.wav,//www.xeno-canto.org/302932,//creativecommons.org/licenses/by-nc-sa/4.0/,Steve Pelikan,2007-03-18,"Several different song types appear in this recording of part of a single bout.,",6BCA1244B5C83B0AC1098CE1340B694B7B50CA9CFFED89D620D0DD611C732651
train,Northern Cardinal,northern_cardinal,Cardinalis,cardinalis,302932,302932-14.wav,wavfiles/302932-14.wav,//www.xeno-canto.org/302932,//creativecommons.org/licenses/by-nc-sa/4.0/,Steve Pelikan,2007-03-18,"Several different song types appear in this recording of part of a single bout.,",2B2CE5469FE353F715B0172B086D8D788DCA1F10EC650B5BF48788D95A06AEFF
train,Northern Cardinal,northern_cardinal,Cardinalis,cardinalis,302932,302932-2.wav,wavfiles/302932-2.wav,//www.xeno-canto.org/302932,//creativecommons.org/licenses/by-nc-sa/4.0/,Steve Pelikan,2007-03-18,"Several different song types appear in this recording of part of a single bout.,",2BE457BB5380029CD20EFFC31C0114AB78F788B554AFD626611AD24150FA5F39
train,Northern Cardinal,northern_cardinal,Cardinalis,cardinalis,302932,302932-3.wav,wavfiles/302932-3.wav,//www.xeno-canto.org/302932,//creativecommons.org/licenses/by-nc-sa/4.0/,Steve Pelikan,2007-03-18,"Several different song types appear in this recording of part of a single bout.,",44BE7F347FC036C6F26D78B3AF9EC37524052ACA00599B46A9FE4C217907F8DC
train,Northern Cardinal,northern_cardinal,Cardinalis,cardinalis,302932,302932-4.wav,wavfiles/302932-4.wav,//www.xeno-canto.org/302932,//creativecommons.org/licenses/by-nc-sa/4.0/,Steve Pelikan,2007-03-18,"Several different song types appear in this recording of part of a single bout.,",8B1209C53A6190ED8BF18C1C718965CF91B82C78FE4A59C48DA44770F16BBAA6
train,Northern Cardinal,northern_cardinal,Cardinalis,cardinalis,302932,302932-5.wav,wavfiles/302932-5.wav,//www.xeno-canto.org/302932,//creativecommons.org/licenses/by-nc-sa/4.0/,Steve Pelikan,2007-03-18,"Several different song types appear in this recording of part of a single bout.,",E727ABB5931569839A1638558CAEB0F721E6826D42E9A6BCC0FA780139E319AA
train,Northern Cardinal,northern_cardinal,Cardinalis,cardinalis,302932,302932-6.wav,wavfiles/302932-6.wav,//www.xeno-canto.org/302932,//creativecommons.org/licenses/by-nc-sa/4.0/,Steve Pelikan,2007-03-18,"Several different song types appear in this recording of part of a single bout.,",63B802AACB0C896C98706A5A30FD0FAB2CBCE85C5854342880044D7C5F30699F
train,Northern Cardinal,northern_cardinal,Cardinalis,cardinalis,302932,302932-7.wav,wavfiles/302932-7.wav,//www.xeno-canto.org/302932,//creativecommons.org/licenses/by-nc-sa/4.0/,Steve Pelikan,2007-03-18,"Several different song types appear in this recording of part of a single bout.,",DD383A867FD039B444339A568B1D0E95A11A690DD4FBE75081771A13CB1FC262
train,Northern Cardinal,northern_cardinal,Cardinalis,cardinalis,302932,302932-8.wav,wavfiles/302932-8.wav,//www.xeno-canto.org/302932,//creativecommons.org/licenses/by-nc-sa/4.0/,Steve Pelikan,2007-03-18,"Several different song types appear in this recording of part of a single bout.,",4CE3F6CD66B6E9442E1653BCAE28A68944DB1AA442684495FFA31198C50B7521
train,Northern Cardinal,northern_cardinal,Cardinalis,cardinalis,302932,302932-9.wav,wavfiles/302932-9.wav,//www.xeno-canto.org/302932,//creativecommons.org/licenses/by-nc-sa/4.0/,Steve Pelikan,2007-03-18,"Several different song types appear in this recording of part of a single bout.,",0F596B65DA1A7CA5BA0AAEBB9F33DCBA539E2F5F915C9FE8D17BECEC5E894251
train,Northern Cardinal,northern_cardinal,Cardinalis,cardinalis,313423,313423-0.wav,wavfiles/313423-0.wav,//www.xeno-canto.org/313423,//creativecommons.org/licenses/by-nc-sa/4.0/,Jim Berry,2016-04-23,song,7D11E3224E2EA0620D8BA5D7595A18AA8F3CF55E17223546788605CC29C74781
train,Northern Cardinal,northern_cardinal,Cardinalis,cardinalis,313423,313423-1.wav,wavfiles/313423-1.wav,//www.xeno-canto.org/313423,//creativecommons.org/licenses/by-nc-sa/4.0/,Jim Berry,2016-04-23,song,366ED25CC8AB8E444809055F88810467BDB6ED120889424ABAB48A3595193B15
train,Northern Cardinal,northern_cardinal,Cardinalis,cardinalis,313423,313423-10.wav,wavfiles/313423-10.wav,//www.xeno-canto.org/313423,//creativecommons.org/licenses/by-nc-sa/4.0/,Jim Berry,2016-04-23,song,954E1C538D94DC3934E792CFB4EA09F33E9529C5B4AEBACE5E42131909AB6522
train,Northern Cardinal,northern_cardinal,Cardinalis,cardinalis,313423,313423-11.wav,wavfiles/313423-11.wav,//www.xeno-canto.org/313423,//creativecommons.org/licenses/by-nc-sa/4.0/,Jim Berry,2016-04-23,song,EF0DA9E05A644793D189ABD1573A2C0C589506B5E80C5BFCD6381CF74CCDA79C
train,Northern Cardinal,northern_cardinal,Cardinalis,cardinalis,313423,313423-12.wav,wavfiles/313423-12.wav,//www.xeno-canto.org/313423,//creativecommons.org/licenses/by-nc-sa/4.0/,Jim Berry,2016-04-23,song,1C31982A525592402DDD56E8F7340AABC3784A5450848C9F640FE6B8295A52CC
train,Northern Cardinal,northern_cardinal,Cardinalis,cardinalis,313423,313423-13.wav,wavfiles/313423-13.wav,//www.xeno-canto.org/313423,//creativecommons.org/licenses/by-nc-sa/4.0/,Jim Berry,2016-04-23,song,AAF8619A5EEF54DD0E49E00997AAE36A3A600DBFDC285CB0FAE0B2E533D95B6A
train,Northern Cardinal,northern_cardinal,Cardinalis,cardinalis,313423,313423-2.wav,wavfiles/313423-2.wav,//www.xeno-canto.org/313423,//creativecommons.org/licenses/by-nc-sa/4.0/,Jim Berry,2016-04-23,song,4CE2A6EDA355CB59CE4C2DBB8CBA1A8C1A86CDAF057F74E711249285B63DA2B3
train,Northern Cardinal,northern_cardinal,Cardinalis,cardinalis,313423,313423-3.wav,wavfiles/313423-3.wav,//www.xeno-canto.org/313423,//creativecommons.org/licenses/by-nc-sa/4.0/,Jim Berry,2016-04-23,song,67F8E62ACC46121ADD1E82746343376868B20D117956ECC2B19F03AC7A2EB61A
train,Northern Cardinal,northern_cardinal,Cardinalis,cardinalis,313423,313423-5.wav,wavfiles/313423-5.wav,//www.xeno-canto.org/313423,//creativecommons.org/licenses/by-nc-sa/4.0/,Jim Berry,2016-04-23,song,B7E49A05B6C23A3A0FFE94015F6A863DE9E5CB85FA33398ED744BFC77735BAB3
train,Northern Cardinal,northern_cardinal,Cardinalis,cardinalis,313423,313423-6.wav,wavfiles/313423-6.wav,//www.xeno-canto.org/313423,//creativecommons.org/licenses/by-nc-sa/4.0/,Jim Berry,2016-04-23,song,572506F8A5AA4FF7E03C12B617AA7DB907BB513855252FFC871CC64DA21A1E8D
train,Northern Cardinal,northern_cardinal,Cardinalis,cardinalis,313423,313423-7.wav,wavfiles/313423-7.wav,//www.xeno-canto.org/313423,//creativecommons.org/licenses/by-nc-sa/4.0/,Jim Berry,2016-04-23,song,43567118A20E345B1ADF97A634EE8564E61C82197A00D3B087606B64B63AA245
train,Northern Cardinal,northern_cardinal,Cardinalis,cardinalis,313423,313423-8.wav,wavfiles/313423-8.wav,//www.xeno-canto.org/313423,//creativecommons.org/licenses/by-nc-sa/4.0/,Jim Berry,2016-04-23,song,A46BD3F4D0BB21B25C20D6249BD7E0242E109AD307EE46C52D4393292DBE8F0E
train,Northern Cardinal,northern_cardinal,Cardinalis,cardinalis,317266,317266-0.wav,wavfiles/317266-0.wav,//www.xeno-canto.org/317266,//creativecommons.org/licenses/by-nc-sa/4.0/,Nick Komar,2016-05-15,"male, song",41D1CC91E4D17180469B9E6D956470DF6E785994538BBB12716B43F7EBDCA58B
train,Northern Cardinal,northern_cardinal,Cardinalis,cardinalis,317266,317266-1.wav,wavfiles/317266-1.wav,//www.xeno-canto.org/317266,//creativecommons.org/licenses/by-nc-sa/4.0/,Nick Komar,2016-05-15,"male, song",A3331B8FA88EBF2783C986A1EF67055E84FBBA95274C1E38D7B8EB973C8D7FCD
train,Northern Cardinal,northern_cardinal,Cardinalis,cardinalis,317266,317266-12.wav,wavfiles/317266-12.wav,//www.xeno-canto.org/317266,//creativecommons.org/licenses/by-nc-sa/4.0/,Nick Komar,2016-05-15,"male, song",114E069112886A80E39B571EF77FC9898BED5D377297E7A129A894FA0EB2E85C
train,Northern Cardinal,northern_cardinal,Cardinalis,cardinalis,317266,317266-13.wav,wavfiles/317266-13.wav,//www.xeno-canto.org/317266,//creativecommons.org/licenses/by-nc-sa/4.0/,Nick Komar,2016-05-15,"male, song",C562B7437DCA9EF403F1403B8CE07B07A78F2680901536097A9DD4146CB47725
train,Northern Cardinal,northern_cardinal,Cardinalis,cardinalis,317266,317266-14.wav,wavfiles/317266-14.wav,//www.xeno-canto.org/317266,//creativecommons.org/licenses/by-nc-sa/4.0/,Nick Komar,2016-05-15,"male, song",DF55D8D364936533FD3709B0B949A594D446F14AF41B1EA2EA81B06E04834154
train,Northern Cardinal,northern_cardinal,Cardinalis,cardinalis,317266,317266-2.wav,wavfiles/317266-2.wav,//www.xeno-canto.org/317266,//creativecommons.org/licenses/by-nc-sa/4.0/,Nick Komar,2016-05-15,"male, song",A3C7CA36845A7FDB68221353A8674D6F3CB2927529D55A79ED8E6E3054448BC3
train,Northern Cardinal,northern_cardinal,Cardinalis,cardinalis,317266,317266-3.wav,wavfiles/317266-3.wav,//www.xeno-canto.org/317266,//creativecommons.org/licenses/by-nc-sa/4.0/,Nick Komar,2016-05-15,"male, song",EE55D576C35011E7A852F271F20A8DFE09B5C03C862E2D0013066632F8550949
train,Northern Cardinal,northern_cardinal,Cardinalis,cardinalis,317266,317266-4.wav,wavfiles/317266-4.wav,//www.xeno-canto.org/317266,//creativecommons.org/licenses/by-nc-sa/4.0/,Nick Komar,2016-05-15,"male, song",22EDB2A55848B0B3A53C0B5709766DCB3BFE4EE50DA7CEB30E7DCC7730EF3F47
train,Northern Cardinal,northern_cardinal,Cardinalis,cardinalis,317266,317266-5.wav,wavfiles/317266-5.wav,//www.xeno-canto.org/317266,//creativecommons.org/licenses/by-nc-sa/4.0/,Nick Komar,2016-05-15,"male, song",A4327B4A2AD0B4A1B775FBDAB0B5C8397A8B6FE873FB81CADAC65F32E2B3BFFD
train,Northern Cardinal,northern_cardinal,Cardinalis,cardinalis,317266,317266-6.wav,wavfiles/317266-6.wav,//www.xeno-canto.org/317266,//creativecommons.org/licenses/by-nc-sa/4.0/,Nick Komar,2016-05-15,"male, song",F08580D4B2AF9105F6FCCDF6142EC9EB3B898545B51BE88C41614167D8496654
train,Northern Cardinal,northern_cardinal,Cardinalis,cardinalis,317266,317266-7.wav,wavfiles/317266-7.wav,//www.xeno-canto.org/317266,//creativecommons.org/licenses/by-nc-sa/4.0/,Nick Komar,2016-05-15,"male, song",C3528BDA9A4BCB9C95E688C39278C619472B4E4F5E97C2528D359700552C2DB5
train,Northern Cardinal,northern_cardinal,Cardinalis,cardinalis,317266,317266-8.wav,wavfiles/317266-8.wav,//www.xeno-canto.org/317266,//creativecommons.org/licenses/by-nc-sa/4.0/,Nick Komar,2016-05-15,"male, song",3E87918AF62F97603E0719B1842FC0CF27C8454F53B35661C6C2A8C1E0244291
train,Northern Cardinal,northern_cardinal,Cardinalis,cardinalis,317502,317502-0.wav,wavfiles/317502-0.wav,//www.xeno-canto.org/317502,//creativecommons.org/licenses/by-nc-sa/4.0/,Russ Wigh,2016-05-13,song,AA72010849F48CD6FDBC88D1058F9E79652E13F116CF2DAF3820D3E0944FA8EF
train,Northern Cardinal,northern_cardinal,Cardinalis,cardinalis,317502,317502-1.wav,wavfiles/317502-1.wav,//www.xeno-canto.org/317502,//creativecommons.org/licenses/by-nc-sa/4.0/,Russ Wigh,2016-05-13,song,10E0E5ED881E0930F40E99D24730872FBB4BD4436400258D42F7A14E2843F37C
train,Northern Cardinal,northern_cardinal,Cardinalis,cardinalis,317502,317502-10.wav,wavfiles/317502-10.wav,//www.xeno-canto.org/317502,//creativecommons.org/licenses/by-nc-sa/4.0/,Russ Wigh,2016-05-13,song,F9169CABA5ABE0CF069FED871C2A88666A1F50310539BF61C0432374E2E976EE
train,Northern Cardinal,northern_cardinal,Cardinalis,cardinalis,317502,317502-12.wav,wavfiles/317502-12.wav,//www.xeno-canto.org/317502,//creativecommons.org/licenses/by-nc-sa/4.0/,Russ Wigh,2016-05-13,song,F59E97403B885F80D205DB4DF6543EF73D783D13828EE1894D249B3251C48382
train,Northern Cardinal,northern_cardinal,Cardinalis,cardinalis,317502,317502-13.wav,wavfiles/317502-13.wav,//www.xeno-canto.org/317502,//creativecommons.org/licenses/by-nc-sa/4.0/,Russ Wigh,2016-05-13,song,D98429674F514E60D26564AB6FA32966EE21177BC6EC746B1B84786D66B506BA
train,Northern Cardinal,northern_cardinal,Cardinalis,cardinalis,317502,317502-2.wav,wavfiles/317502-2.wav,//www.xeno-canto.org/317502,//creativecommons.org/licenses/by-nc-sa/4.0/,Russ Wigh,2016-05-13,song,9B4DE672DCA31A05CBF648A50D4EB4E88527DAB516388B5374B602DBA2A3A217
train,Northern Cardinal,northern_cardinal,Cardinalis,cardinalis,317502,317502-3.wav,wavfiles/317502-3.wav,//www.xeno-canto.org/317502,//creativecommons.org/licenses/by-nc-sa/4.0/,Russ Wigh,2016-05-13,song,B5E31AA5DA2F39F3B3EB1F3157DC55DB4E5B5DF48D865EAC3C566080937D2AC2
train,Northern Cardinal,northern_cardinal,Cardinalis,cardinalis,317502,317502-4.wav,wavfiles/317502-4.wav,//www.xeno-canto.org/317502,//creativecommons.org/licenses/by-nc-sa/4.0/,Russ Wigh,2016-05-13,song,83736CD5603544748B56A0708C4278FBF3ED19777C98A0B78325B0E0F64B87DE
train,Northern Cardinal,northern_cardinal,Cardinalis,cardinalis,317502,317502-8.wav,wavfiles/317502-8.wav,//www.xeno-canto.org/317502,//creativecommons.org/licenses/by-nc-sa/4.0/,Russ Wigh,2016-05-13,song,5017ED914D6183978B656D0FCBDF3E882CBD0F37196FF23F01ED4850B0CBCD4B
train,Northern Cardinal,northern_cardinal,Cardinalis,cardinalis,317502,317502-9.wav,wavfiles/317502-9.wav,//www.xeno-canto.org/317502,//creativecommons.org/licenses/by-nc-sa/4.0/,Russ Wigh,2016-05-13,song,F3DE5E79722C3EDAB93A0194FDD615717F272FA79A83572D3529269424F1856C
train,Northern Cardinal,northern_cardinal,Cardinalis,cardinalis,324411,324411-0.wav,wavfiles/324411-0.wav,//www.xeno-canto.org/324411,//creativecommons.org/licenses/by-nc-sa/4.0/,Jim Berry,2016-05-30,song,E371561719DAB4E60D67E090D9E24BDB3E621B01288FEF7E8254CB8958DEEC18
train,Northern Cardinal,northern_cardinal,Cardinalis,cardinalis,324411,324411-1.wav,wavfiles/324411-1.wav,//www.xeno-canto.org/324411,//creativecommons.org/licenses/by-nc-sa/4.0/,Jim Berry,2016-05-30,song,63EB5FDA727CBBEC49910C6227778559E3AA6940ACFBD6B4F27E8954ABF83387
train,Northern Cardinal,northern_cardinal,Cardinalis,cardinalis,324411,324411-10.wav,wavfiles/324411-10.wav,//www.xeno-canto.org/324411,//creativecommons.org/licenses/by-nc-sa/4.0/,Jim Berry,2016-05-30,song,6E77D9D4331D5F3974411E8290C9D2EE759DEF2C7CB5C2C1337326F92C719DB9
train,Northern Cardinal,northern_cardinal,Cardinalis,cardinalis,324411,324411-11.wav,wavfiles/324411-11.wav,//www.xeno-canto.org/324411,//creativecommons.org/licenses/by-nc-sa/4.0/,Jim Berry,2016-05-30,song,684BBB228509E4ACA3A4189B0479C88CFADC129A5A9623BD3FEF6CB8316740FC
train,Northern Cardinal,northern_cardinal,Cardinalis,cardinalis,324411,324411-12.wav,wavfiles/324411-12.wav,//www.xeno-canto.org/324411,//creativecommons.org/licenses/by-nc-sa/4.0/,Jim Berry,2016-05-30,song,0B17076EC571136FFB062473FE622880062FCE4E555CD5C0B662FF73C294366C
train,Northern Cardinal,northern_cardinal,Cardinalis,cardinalis,324411,324411-13.wav,wavfiles/324411-13.wav,//www.xeno-canto.org/324411,//creativecommons.org/licenses/by-nc-sa/4.0/,Jim Berry,2016-05-30,song,602F4A135C33FBD28DBFC981499749DB1E4283A482BE861D82F49FA7F123B7E0
train,Northern Cardinal,northern_cardinal,Cardinalis,cardinalis,324411,324411-14.wav,wavfiles/324411-14.wav,//www.xeno-canto.org/324411,//creativecommons.org/licenses/by-nc-sa/4.0/,Jim Berry,2016-05-30,song,145388B9EB22CB2F9908053292F7AB1753DF4807059B1039114759CA26AFC313
train,Northern Cardinal,northern_cardinal,Cardinalis,cardinalis,324411,324411-15.wav,wavfiles/324411-15.wav,//www.xeno-canto.org/324411,//creativecommons.org/licenses/by-nc-sa/4.0/,Jim Berry,2016-05-30,song,EFDDE479688B4BE7D228F0846F8904DF9BC50C4EAF9E607A2A52AB00B59B4EA3
train,Northern Cardinal,northern_cardinal,Cardinalis,cardinalis,324411,324411-2.wav,wavfiles/324411-2.wav,//www.xeno-canto.org/324411,//creativecommons.org/licenses/by-nc-sa/4.0/,Jim Berry,2016-05-30,song,1A7E3E81E487581F74CCA0D36CA162E70C9AB84838403790649C6C15309F0333
train,Northern Cardinal,northern_cardinal,Cardinalis,cardinalis,324411,324411-3.wav,wavfiles/324411-3.wav,//www.xeno-canto.org/324411,//creativecommons.org/licenses/by-nc-sa/4.0/,Jim Berry,2016-05-30,song,7E2E31295240E974765D1F9C5189403D76B85C53F561FCB6A1FA7FB69345D2CE
train,Northern Cardinal,northern_cardinal,Cardinalis,cardinalis,324411,324411-4.wav,wavfiles/324411-4.wav,//www.xeno-canto.org/324411,//creativecommons.org/licenses/by-nc-sa/4.0/,Jim Berry,2016-05-30,song,D06B661F2D1D11A51DD89203E159742FF46675DF4B82DE8B25F6ECAA69D6C5FF
train,Northern Cardinal,northern_cardinal,Cardinalis,cardinalis,324411,324411-5.wav,wavfiles/324411-5.wav,//www.xeno-canto.org/324411,//creativecommons.org/licenses/by-nc-sa/4.0/,Jim Berry,2016-05-30,song,EEC5398C1309ED0D972BA5CBC063D911B9BB13C4BF2263540F75512937584A36
train,Northern Cardinal,northern_cardinal,Cardinalis,cardinalis,324411,324411-6.wav,wavfiles/324411-6.wav,//www.xeno-canto.org/324411,//creativecommons.org/licenses/by-nc-sa/4.0/,Jim Berry,2016-05-30,song,5858B0685F4CFD910D67D571979F90F201882E3EAE3EF128862E5E403CBA5011
train,Northern Cardinal,northern_cardinal,Cardinalis,cardinalis,324411,324411-7.wav,wavfiles/324411-7.wav,//www.xeno-canto.org/324411,//creativecommons.org/licenses/by-nc-sa/4.0/,Jim Berry,2016-05-30,song,2793026B6202A9061636610853B8DB9E6A04F9D767A88E80FEF480EB0A4C8A6C
train,Northern Cardinal,northern_cardinal,Cardinalis,cardinalis,324411,324411-8.wav,wavfiles/324411-8.wav,//www.xeno-canto.org/324411,//creativecommons.org/licenses/by-nc-sa/4.0/,Jim Berry,2016-05-30,song,EB5AD19DDC543EC87A258254CD8E08248D60B5849327D287054A5B088921913E
train,Northern Cardinal,northern_cardinal,Cardinalis,cardinalis,324411,324411-9.wav,wavfiles/324411-9.wav,//www.xeno-canto.org/324411,//creativecommons.org/licenses/by-nc-sa/4.0/,Jim Berry,2016-05-30,song,81813650F7F00CF653BFB08CA98B776E8E1EA453C9201D4DB465DDE0BC98598A
train,Northern Cardinal,northern_cardinal,Cardinalis,cardinalis,343926,343926-0.wav,wavfiles/343926-0.wav,//www.xeno-canto.org/343926,//creativecommons.org/licenses/by-nc-sa/4.0/,Sue Riffe,2016-04-25,song,A84E8B99FD5596AF63B1882345198826F1C1CE6FFB352A6C2EBB9EF427000CB7
train,Northern Cardinal,northern_cardinal,Cardinalis,cardinalis,343926,343926-1.wav,wavfiles/343926-1.wav,//www.xeno-canto.org/343926,//creativecommons.org/licenses/by-nc-sa/4.0/,Sue Riffe,2016-04-25,song,8640642D56325E3ABA6E693C299C33211BF3A4F84B0E9D5F11F99E3473183CEB
train,Northern Cardinal,northern_cardinal,Cardinalis,cardinalis,343926,343926-2.wav,wavfiles/343926-2.wav,//www.xeno-canto.org/343926,//creativecommons.org/licenses/by-nc-sa/4.0/,Sue Riffe,2016-04-25,song,819C1251053612E062A3C1D10506A069345F2058082C0ACC7ECF0D353FAECA8F
train,Northern Cardinal,northern_cardinal,Cardinalis,cardinalis,343926,343926-3.wav,wavfiles/343926-3.wav,//www.xeno-canto.org/343926,//creativecommons.org/licenses/by-nc-sa/4.0/,Sue Riffe,2016-04-25,song,AA1E6731191D24A9E606CAC18A0CBBAF097B154192B175A5397F442695FB9B44
train,Northern Cardinal,northern_cardinal,Cardinalis,cardinalis,343926,343926-4.wav,wavfiles/343926-4.wav,//www.xeno-canto.org/343926,//creativecommons.org/licenses/by-nc-sa/4.0/,Sue Riffe,2016-04-25,song,75A94C285020B332F27764FC15B546E01A296312B37177993099D7180EF5DC72
train,Northern Cardinal,northern_cardinal,Cardinalis,cardinalis,343926,343926-5.wav,wavfiles/343926-5.wav,//www.xeno-canto.org/343926,//creativecommons.org/licenses/by-nc-sa/4.0/,Sue Riffe,2016-04-25,song,845F0D19138DD7CCA6B62D1FEE027CA249D2B5CBC4758470C60AC75D10E8AFC7
train,Northern Cardinal,northern_cardinal,Cardinalis,cardinalis,343926,343926-6.wav,wavfiles/343926-6.wav,//www.xeno-canto.org/343926,//creativecommons.org/licenses/by-nc-sa/4.0/,Sue Riffe,2016-04-25,song,0BD0D590C996DEC4719E07498A43AF60FD95D8B701E21D1B106D914FF76AE33E
train,Northern Cardinal,northern_cardinal,Cardinalis,cardinalis,343926,343926-8.wav,wavfiles/343926-8.wav,//www.xeno-canto.org/343926,//creativecommons.org/licenses/by-nc-sa/4.0/,Sue Riffe,2016-04-25,song,193378266BB62D026E308971CE210187570D3A9F1EB3DEDCE3A9CECE9A95E9E8
train,Northern Cardinal,northern_cardinal,Cardinalis,cardinalis,343926,343926-9.wav,wavfiles/343926-9.wav,//www.xeno-canto.org/343926,//creativecommons.org/licenses/by-nc-sa/4.0/,Sue Riffe,2016-04-25,song,F22FE52E14E5426C0E7C9FE56AA1D3A316CD1F902D79F77BA1EC6677F15F0B8B
train,Northern Cardinal,northern_cardinal,Cardinalis,cardinalis,356804,356804-0.wav,wavfiles/356804-0.wav,//www.xeno-canto.org/356804,//creativecommons.org/licenses/by-nc-sa/4.0/,Russ Wigh,2017-02-25,song,1A602420812D4BC67753B2B9680E53682A175221DAAC070E5C5BFB87C7C0E049
train,Northern Cardinal,northern_cardinal,Cardinalis,cardinalis,356804,356804-1.wav,wavfiles/356804-1.wav,//www.xeno-canto.org/356804,//creativecommons.org/licenses/by-nc-sa/4.0/,Russ Wigh,2017-02-25,song,B674D65408A457819A67F921311798A5E2211F81A27C95D290A04586A9806CCD
train,Northern Cardinal,northern_cardinal,Cardinalis,cardinalis,356804,356804-10.wav,wavfiles/356804-10.wav,//www.xeno-canto.org/356804,//creativecommons.org/licenses/by-nc-sa/4.0/,Russ Wigh,2017-02-25,song,1A96C0C23BDB222292677A8E2FDD38797E3388198DA18497BEC1AEAA4284AE3A
train,Northern Cardinal,northern_cardinal,Cardinalis,cardinalis,356804,356804-2.wav,wavfiles/356804-2.wav,//www.xeno-canto.org/356804,//creativecommons.org/licenses/by-nc-sa/4.0/,Russ Wigh,2017-02-25,song,58F45CEFB8BB3CC4059A155430B87134E8EBDF13C08CB1DFC9BFBDF388383101
train,Northern Cardinal,northern_cardinal,Cardinalis,cardinalis,356804,356804-3.wav,wavfiles/356804-3.wav,//www.xeno-canto.org/356804,//creativecommons.org/licenses/by-nc-sa/4.0/,Russ Wigh,2017-02-25,song,8176349F4EC56443A2FD7AD910C579487E5C4A71D73FA4180B5C8648F82D7A52
train,Northern Cardinal,northern_cardinal,Cardinalis,cardinalis,356804,356804-4.wav,wavfiles/356804-4.wav,//www.xeno-canto.org/356804,//creativecommons.org/licenses/by-nc-sa/4.0/,Russ Wigh,2017-02-25,song,F5766E47ACB326992FE1C2C9F8124B2471EB4E4DB3D3547A404C8A1371092796
train,Northern Cardinal,northern_cardinal,Cardinalis,cardinalis,356804,356804-5.wav,wavfiles/356804-5.wav,//www.xeno-canto.org/356804,//creativecommons.org/licenses/by-nc-sa/4.0/,Russ Wigh,2017-02-25,song,436312DCBA6E13B303F1620942CEAE2F060A9F6C09754AF7C793A77DFDB768A7
train,Northern Cardinal,northern_cardinal,Cardinalis,cardinalis,356804,356804-6.wav,wavfiles/356804-6.wav,//www.xeno-canto.org/356804,//creativecommons.org/licenses/by-nc-sa/4.0/,Russ Wigh,2017-02-25,song,CF893B8E765F3E024D35EE21313A989EBCE9C6EAA53946DC2504612D567F6FC7
train,Northern Cardinal,northern_cardinal,Cardinalis,cardinalis,356804,356804-7.wav,wavfiles/356804-7.wav,//www.xeno-canto.org/356804,//creativecommons.org/licenses/by-nc-sa/4.0/,Russ Wigh,2017-02-25,song,48873824CFB46470191426EEC749F3293D2E4A622BCAEE632726738D3C3CE723
train,Northern Cardinal,northern_cardinal,Cardinalis,cardinalis,356804,356804-8.wav,wavfiles/356804-8.wav,//www.xeno-canto.org/356804,//creativecommons.org/licenses/by-nc-sa/4.0/,Russ Wigh,2017-02-25,song,563712885B54E0FF92A98057BFC3D5367F039C930C6C8DC595FBCC6566C685DA
train,Northern Cardinal,northern_cardinal,Cardinalis,cardinalis,356804,356804-9.wav,wavfiles/356804-9.wav,//www.xeno-canto.org/356804,//creativecommons.org/licenses/by-nc-sa/4.0/,Russ Wigh,2017-02-25,song,FC91DC06AF5872C79D70112FBF32AFC13CEF68BE3FD368C11E8EFCB5DAB31AEB
train,Northern Cardinal,northern_cardinal,Cardinalis,cardinalis,362613,362613-0.wav,wavfiles/362613-0.wav,//www.xeno-canto.org/362613,//creativecommons.org/licenses/by-nc-sa/4.0/,Scott Gravette,2017-04-02,"male, song",C06D442E3F2E6D1F61AB11D0CE2A58EE8BE6CA54A06A4E98857514CDB4167F08
train,Northern Cardinal,northern_cardinal,Cardinalis,cardinalis,362613,362613-1.wav,wavfiles/362613-1.wav,//www.xeno-canto.org/362613,//creativecommons.org/licenses/by-nc-sa/4.0/,Scott Gravette,2017-04-02,"male, song",C85BF5DA6D43F2F8FCC07846DA74A2B89CBE3DD9BCE65D42E57DC332A4543DB3
train,Northern Cardinal,northern_cardinal,Cardinalis,cardinalis,362613,362613-10.wav,wavfiles/362613-10.wav,//www.xeno-canto.org/362613,//creativecommons.org/licenses/by-nc-sa/4.0/,Scott Gravette,2017-04-02,"male, song",E52DA76BE60BAECB97483560C10E8246D5AA2FDC38CE395C3F1C77C4BA7703D6
train,Northern Cardinal,northern_cardinal,Cardinalis,cardinalis,362613,362613-11.wav,wavfiles/362613-11.wav,//www.xeno-canto.org/362613,//creativecommons.org/licenses/by-nc-sa/4.0/,Scott Gravette,2017-04-02,"male, song",2F10EFFFFE730E10E39CFFA8B2148E3A7D1A2B286FB2D0A15356089BB2580415
train,Northern Cardinal,northern_cardinal,Cardinalis,cardinalis,362613,362613-12.wav,wavfiles/362613-12.wav,//www.xeno-canto.org/362613,//creativecommons.org/licenses/by-nc-sa/4.0/,Scott Gravette,2017-04-02,"male, song",269A2394060CC5FE7E8FF383347F7FBA2D7B4C4605C68C79738F6D9F17F1E786
train,Northern Cardinal,northern_cardinal,Cardinalis,cardinalis,362613,362613-13.wav,wavfiles/362613-13.wav,//www.xeno-canto.org/362613,//creativecommons.org/licenses/by-nc-sa/4.0/,Scott Gravette,2017-04-02,"male, song",925447BE60481573E5E32D17B48D149AB256BDBC0DC463C42C9F0AC90DCA4E54
train,Northern Cardinal,northern_cardinal,Cardinalis,cardinalis,362613,362613-14.wav,wavfiles/362613-14.wav,//www.xeno-canto.org/362613,//creativecommons.org/licenses/by-nc-sa/4.0/,Scott Gravette,2017-04-02,"male, song",1DD937AEAB45921991CA6B51885E9EBB36208BB715262556CF476EBCA03893F7
train,Northern Cardinal,northern_cardinal,Cardinalis,cardinalis,362613,362613-2.wav,wavfiles/362613-2.wav,//www.xeno-canto.org/362613,//creativecommons.org/licenses/by-nc-sa/4.0/,Scott Gravette,2017-04-02,"male, song",3E3C4B7F8822EEFCDA46895860795545F10D899C53BE816B6FF0AA42C1B5EC47
train,Northern Cardinal,northern_cardinal,Cardinalis,cardinalis,362613,362613-3.wav,wavfiles/362613-3.wav,//www.xeno-canto.org/362613,//creativecommons.org/licenses/by-nc-sa/4.0/,Scott Gravette,2017-04-02,"male, song",9C88764B3AC00EDB533640793DA5F932A9993F09422A3E3E0F798A938FE9DC91
train,Northern Cardinal,northern_cardinal,Cardinalis,cardinalis,362613,362613-5.wav,wavfiles/362613-5.wav,//www.xeno-canto.org/362613,//creativecommons.org/licenses/by-nc-sa/4.0/,Scott Gravette,2017-04-02,"male, song",F4A61878616E7E0796AD8FBA53AA06049C0DAADEE6A85CB7075961F85D39BEA7
train,Northern Cardinal,northern_cardinal,Cardinalis,cardinalis,362613,362613-6.wav,wavfiles/362613-6.wav,//www.xeno-canto.org/362613,//creativecommons.org/licenses/by-nc-sa/4.0/,Scott Gravette,2017-04-02,"male, song",8F4EBDEB84153A88D68BB647CF9DA078B4FCD8AFA1F28C7D6C509909B67344F2
train,Northern Cardinal,northern_cardinal,Cardinalis,cardinalis,362613,362613-7.wav,wavfiles/362613-7.wav,//www.xeno-canto.org/362613,//creativecommons.org/licenses/by-nc-sa/4.0/,Scott Gravette,2017-04-02,"male, song",A2894AF0A66F7D3BC6B88A3D1235CDA801BECA82F2EFCE1EAC99E1D5A19F1757
train,Northern Cardinal,northern_cardinal,Cardinalis,cardinalis,362613,362613-8.wav,wavfiles/362613-8.wav,//www.xeno-canto.org/362613,//creativecommons.org/licenses/by-nc-sa/4.0/,Scott Gravette,2017-04-02,"male, song",C321434FC956AE9AD6535131DEAA0E2EA4902D3AC38C7AF29BF06616F4797437
train,Northern Cardinal,northern_cardinal,Cardinalis,cardinalis,362753,362753-0.wav,wavfiles/362753-0.wav,//www.xeno-canto.org/362753,//creativecommons.org/licenses/by-nc-sa/4.0/,Scott Gravette,2017-04-02,song,977BCF34553192D9C9D22DA138C1CB7EAAD152491C9C4F025BB321020D1FB5D4
train,Northern Cardinal,northern_cardinal,Cardinalis,cardinalis,362753,362753-1.wav,wavfiles/362753-1.wav,//www.xeno-canto.org/362753,//creativecommons.org/licenses/by-nc-sa/4.0/,Scott Gravette,2017-04-02,song,2B43A636AB949B32DA1B3CD8A667D009546BE6FEA9E6E84F2131DC0305ADB2ED
train,Northern Cardinal,northern_cardinal,Cardinalis,cardinalis,362753,362753-10.wav,wavfiles/362753-10.wav,//www.xeno-canto.org/362753,//creativecommons.org/licenses/by-nc-sa/4.0/,Scott Gravette,2017-04-02,song,E972CDBE515D6EAE4202BB43FBAB65326AE5B5ED72A48865A4BD96A5596F0E5A
train,Northern Cardinal,northern_cardinal,Cardinalis,cardinalis,362753,362753-11.wav,wavfiles/362753-11.wav,//www.xeno-canto.org/362753,//creativecommons.org/licenses/by-nc-sa/4.0/,Scott Gravette,2017-04-02,song,0AAA71B5203FC91832C3E87C5CF0B07BE4552C9A8E4C787C1F2666A3F85FD476
train,Northern Cardinal,northern_cardinal,Cardinalis,cardinalis,362753,362753-12.wav,wavfiles/362753-12.wav,//www.xeno-canto.org/362753,//creativecommons.org/licenses/by-nc-sa/4.0/,Scott Gravette,2017-04-02,song,1C39BC6114A0CFA5C8002E565FB7ED67663857D7594825A559E8B939C2E3397E
train,Northern Cardinal,northern_cardinal,Cardinalis,cardinalis,362753,362753-13.wav,wavfiles/362753-13.wav,//www.xeno-canto.org/362753,//creativecommons.org/licenses/by-nc-sa/4.0/,Scott Gravette,2017-04-02,song,E56D9DBAF26C8339B9EAE36F9B1C142ECBBC7B37A42E27D00B0DD81D4A993E55
train,Northern Cardinal,northern_cardinal,Cardinalis,cardinalis,362753,362753-2.wav,wavfiles/362753-2.wav,//www.xeno-canto.org/362753,//creativecommons.org/licenses/by-nc-sa/4.0/,Scott Gravette,2017-04-02,song,A64F4C2118F3CE42E829AC56D524C34A5EB26F3430975AE19ECD0CFF94DB3332
train,Northern Cardinal,northern_cardinal,Cardinalis,cardinalis,362753,362753-3.wav,wavfiles/362753-3.wav,//www.xeno-canto.org/362753,//creativecommons.org/licenses/by-nc-sa/4.0/,Scott Gravette,2017-04-02,song,D2CF3C0ABB40E102CF68ADBA5BE4260ABE89308253842A38B6621385FF65E417
train,Northern Cardinal,northern_cardinal,Cardinalis,cardinalis,362753,362753-4.wav,wavfiles/362753-4.wav,//www.xeno-canto.org/362753,//creativecommons.org/licenses/by-nc-sa/4.0/,Scott Gravette,2017-04-02,song,E7B7D2EAADA0E4672159E9924135A00ED63368E8DF4D2020E3BA5297E4EDBE9E
train,Northern Cardinal,northern_cardinal,Cardinalis,cardinalis,362753,362753-6.wav,wavfiles/362753-6.wav,//www.xeno-canto.org/362753,//creativecommons.org/licenses/by-nc-sa/4.0/,Scott Gravette,2017-04-02,song,CA0BE52BCBB3E2CE490C6D0CBB9B601EB1413C559DE09AEF5EBC5FDBB5B4DB54
train,Northern Cardinal,northern_cardinal,Cardinalis,cardinalis,362753,362753-7.wav,wavfiles/362753-7.wav,//www.xeno-canto.org/362753,//creativecommons.org/licenses/by-nc-sa/4.0/,Scott Gravette,2017-04-02,song,84A88DFC6C11F0F18BE42F8132CE5BA90B08A1E3A3E26842A766879F9A446B4F
train,Northern Cardinal,northern_cardinal,Cardinalis,cardinalis,362753,362753-8.wav,wavfiles/362753-8.wav,//www.xeno-canto.org/362753,//creativecommons.org/licenses/by-nc-sa/4.0/,Scott Gravette,2017-04-02,song,1020543DA9036C3749024AFE28F6CE79BE2AE1AC5030DAD6034033720D1A1CDF
train,Northern Cardinal,northern_cardinal,Cardinalis,cardinalis,362753,362753-9.wav,wavfiles/362753-9.wav,//www.xeno-canto.org/362753,//creativecommons.org/licenses/by-nc-sa/4.0/,Scott Gravette,2017-04-02,song,D4F4CDCA6B6A301A78ABAB672713D06185CADE8837EC76539F33E60DDB7A76DE
train,Northern Cardinal,northern_cardinal,Cardinalis,cardinalis,363861,363861-0.wav,wavfiles/363861-0.wav,//www.xeno-canto.org/363861,//creativecommons.org/licenses/by-nc-sa/4.0/,Brian Murphy,2017-04-10,song,CF9C95854C5D68DE7F1AB379B2ED32DD69C8E8B70FBAF3904B57A88B9FC127C8
train,Northern Cardinal,northern_cardinal,Cardinalis,cardinalis,363861,363861-1.wav,wavfiles/363861-1.wav,//www.xeno-canto.org/363861,//creativecommons.org/licenses/by-nc-sa/4.0/,Brian Murphy,2017-04-10,song,E13431D15BF7E9BBF0BEC98478C064F38A49A27024D2BCC041BB2C138719C2B2
train,Northern Cardinal,northern_cardinal,Cardinalis,cardinalis,363861,363861-10.wav,wavfiles/363861-10.wav,//www.xeno-canto.org/363861,//creativecommons.org/licenses/by-nc-sa/4.0/,Brian Murphy,2017-04-10,song,6BB1632454F5C502EF12BCBC542D64B3B78BC734B4CEEE432A99F2527F37BA0F
train,Northern Cardinal,northern_cardinal,Cardinalis,cardinalis,363861,363861-11.wav,wavfiles/363861-11.wav,//www.xeno-canto.org/363861,//creativecommons.org/licenses/by-nc-sa/4.0/,Brian Murphy,2017-04-10,song,7DF8BD6C1DB875AE917B66C4D9FA70F4F012D5E340ADE9210CEF73E48FF6BAFD
train,Northern Cardinal,northern_cardinal,Cardinalis,cardinalis,363861,363861-12.wav,wavfiles/363861-12.wav,//www.xeno-canto.org/363861,//creativecommons.org/licenses/by-nc-sa/4.0/,Brian Murphy,2017-04-10,song,40A6BC7F57280E31D06007E8AB620022A0CA670F2D2E1B7A084A0B2F7112964C
train,Northern Cardinal,northern_cardinal,Cardinalis,cardinalis,363861,363861-13.wav,wavfiles/363861-13.wav,//www.xeno-canto.org/363861,//creativecommons.org/licenses/by-nc-sa/4.0/,Brian Murphy,2017-04-10,song,03446994BACF18777836E7F127607C89F70A83D82E7A7BAED71E335153A86D4A
train,Northern Cardinal,northern_cardinal,Cardinalis,cardinalis,363861,363861-14.wav,wavfiles/363861-14.wav,//www.xeno-canto.org/363861,//creativecommons.org/licenses/by-nc-sa/4.0/,Brian Murphy,2017-04-10,song,3C03A1EFB2F0949E819BED6C73DA57E7DB8FD15CC55A29CFDBDC3FB22E4F1504
train,Northern Cardinal,northern_cardinal,Cardinalis,cardinalis,363861,363861-15.wav,wavfiles/363861-15.wav,//www.xeno-canto.org/363861,//creativecommons.org/licenses/by-nc-sa/4.0/,Brian Murphy,2017-04-10,song,824990E311FD653001D6B5639A557072CF55344D9F6513DD063654AB48B688DF
train,Northern Cardinal,northern_cardinal,Cardinalis,cardinalis,363861,363861-16.wav,wavfiles/363861-16.wav,//www.xeno-canto.org/363861,//creativecommons.org/licenses/by-nc-sa/4.0/,Brian Murphy,2017-04-10,song,5C47F28DD859627AE6915C6DB69DCF03C33BA526CEA924D740A86EEAF202490C
train,Northern Cardinal,northern_cardinal,Cardinalis,cardinalis,363861,363861-17.wav,wavfiles/363861-17.wav,//www.xeno-canto.org/363861,//creativecommons.org/licenses/by-nc-sa/4.0/,Brian Murphy,2017-04-10,song,03E582FE6B92FA6CC923F56E9CBBC1A2E5A841C1CF694E8081E91BB19771EE5F
train,Northern Cardinal,northern_cardinal,Cardinalis,cardinalis,363861,363861-2.wav,wavfiles/363861-2.wav,//www.xeno-canto.org/363861,//creativecommons.org/licenses/by-nc-sa/4.0/,Brian Murphy,2017-04-10,song,859737FB26FF2C93CEAFCCE29F0105C6B5D7E11E70948C29557ECC91F52B1666
train,Northern Cardinal,northern_cardinal,Cardinalis,cardinalis,363861,363861-3.wav,wavfiles/363861-3.wav,//www.xeno-canto.org/363861,//creativecommons.org/licenses/by-nc-sa/4.0/,Brian Murphy,2017-04-10,song,87BB7DC6BFD34E304667C742EBFBC63E653D59C30552326AB6CC0CCC74A9A1EB
train,Northern Cardinal,northern_cardinal,Cardinalis,cardinalis,363861,363861-4.wav,wavfiles/363861-4.wav,//www.xeno-canto.org/363861,//creativecommons.org/licenses/by-nc-sa/4.0/,Brian Murphy,2017-04-10,song,07D14AEBB908DB155A1588B459E2C0AB10E2340213828F80C57D04C0B247E401
train,Northern Cardinal,northern_cardinal,Cardinalis,cardinalis,363861,363861-5.wav,wavfiles/363861-5.wav,//www.xeno-canto.org/363861,//creativecommons.org/licenses/by-nc-sa/4.0/,Brian Murphy,2017-04-10,song,451855BABC671C98FD2E41FB89B43FFBB6FCA0C69C55A28685C0ADABF5F16FC3
train,Northern Cardinal,northern_cardinal,Cardinalis,cardinalis,363861,363861-6.wav,wavfiles/363861-6.wav,//www.xeno-canto.org/363861,//creativecommons.org/licenses/by-nc-sa/4.0/,Brian Murphy,2017-04-10,song,23D3F05B3E0C914F7E27F370BB960C13938AAC02529510BA5CE9CD2CCB4834E1
train,Northern Cardinal,northern_cardinal,Cardinalis,cardinalis,363861,363861-7.wav,wavfiles/363861-7.wav,//www.xeno-canto.org/363861,//creativecommons.org/licenses/by-nc-sa/4.0/,Brian Murphy,2017-04-10,song,18B20C56581F05DDA043414FCE9F32031755CCCA84F10E6F33B58C91B198901D
train,Northern Cardinal,northern_cardinal,Cardinalis,cardinalis,363861,363861-8.wav,wavfiles/363861-8.wav,//www.xeno-canto.org/363861,//creativecommons.org/licenses/by-nc-sa/4.0/,Brian Murphy,2017-04-10,song,5D36751136D48CD6FE169A6B04A56A8A06CCEF7A384182F021F4766BED25778D
train,Northern Cardinal,northern_cardinal,Cardinalis,cardinalis,363861,363861-9.wav,wavfiles/363861-9.wav,//www.xeno-canto.org/363861,//creativecommons.org/licenses/by-nc-sa/4.0/,Brian Murphy,2017-04-10,song,704F3C885671644024C85D43FFAF2EDC8C3A5DC61C619548C0D575BDAC5F9D2E
train,Northern Cardinal,northern_cardinal,Cardinalis,cardinalis,367706,367706-0.wav,wavfiles/367706-0.wav,//www.xeno-canto.org/367706,//creativecommons.org/licenses/by-nc-sa/4.0/,Eric DeFonso,2016-06-01,song,9CE8C56AD750FEB692F599171D7C62D59467A6AFC31E74F2EFC2176BDC4D9339
train,Northern Cardinal,northern_cardinal,Cardinalis,cardinalis,367706,367706-1.wav,wavfiles/367706-1.wav,//www.xeno-canto.org/367706,//creativecommons.org/licenses/by-nc-sa/4.0/,Eric DeFonso,2016-06-01,song,17F6E6935D0B09E7898B6EF7DAC902CBB7B56792668442FE57DC34FE772F5D3B
train,Northern Cardinal,northern_cardinal,Cardinalis,cardinalis,367706,367706-13.wav,wavfiles/367706-13.wav,//www.xeno-canto.org/367706,//creativecommons.org/licenses/by-nc-sa/4.0/,Eric DeFonso,2016-06-01,song,A0A656B8F286EC6C7459FDC6A4B0BAA918EEB1BA73EB53D2256936C0BBCF86C3
train,Northern Cardinal,northern_cardinal,Cardinalis,cardinalis,367706,367706-14.wav,wavfiles/367706-14.wav,//www.xeno-canto.org/367706,//creativecommons.org/licenses/by-nc-sa/4.0/,Eric DeFonso,2016-06-01,song,D7B7987D2C7385916DE2D8DBB60430E031F1323D48863B3225E095EB37BD09AC
train,Northern Cardinal,northern_cardinal,Cardinalis,cardinalis,367706,367706-2.wav,wavfiles/367706-2.wav,//www.xeno-canto.org/367706,//creativecommons.org/licenses/by-nc-sa/4.0/,Eric DeFonso,2016-06-01,song,F94084F1945A00A50D6490C33468DA14E83549867E56D825168BAE4C85D52DD8
train,Northern Cardinal,northern_cardinal,Cardinalis,cardinalis,367706,367706-3.wav,wavfiles/367706-3.wav,//www.xeno-canto.org/367706,//creativecommons.org/licenses/by-nc-sa/4.0/,Eric DeFonso,2016-06-01,song,AF6F6F1312BACC10FCF5112F8334C67F208FC18FB6093D6CF93BF37728B2437C
train,Northern Cardinal,northern_cardinal,Cardinalis,cardinalis,367706,367706-4.wav,wavfiles/367706-4.wav,//www.xeno-canto.org/367706,//creativecommons.org/licenses/by-nc-sa/4.0/,Eric DeFonso,2016-06-01,song,DEFB8A9C5CF4EAF043BC426C6372E5B35EBE02474154064E5C6996A4B480E645
train,Northern Cardinal,northern_cardinal,Cardinalis,cardinalis,367706,367706-5.wav,wavfiles/367706-5.wav,//www.xeno-canto.org/367706,//creativecommons.org/licenses/by-nc-sa/4.0/,Eric DeFonso,2016-06-01,song,E7D60F51AF1653C9E66AFB2B2283C1879E359E1416BDEC48DB39A3E4EB708028
train,Northern Cardinal,northern_cardinal,Cardinalis,cardinalis,367706,367706-6.wav,wavfiles/367706-6.wav,//www.xeno-canto.org/367706,//creativecommons.org/licenses/by-nc-sa/4.0/,Eric DeFonso,2016-06-01,song,1EBCF3D6CE2D91BCE73573057E137431F4C9A773EA4F3F038B77705D56A8FEE7
train,Northern Cardinal,northern_cardinal,Cardinalis,cardinalis,367706,367706-7.wav,wavfiles/367706-7.wav,//www.xeno-canto.org/367706,//creativecommons.org/licenses/by-nc-sa/4.0/,Eric DeFonso,2016-06-01,song,F5492E6EEF9F0A39BAE69A4EE56B8B43F7211F279448FF72E5BC17CA555FB2CD
train,Northern Cardinal,northern_cardinal,Cardinalis,cardinalis,367706,367706-8.wav,wavfiles/367706-8.wav,//www.xeno-canto.org/367706,//creativecommons.org/licenses/by-nc-sa/4.0/,Eric DeFonso,2016-06-01,song,B1A7B9603CBDC6F303ADF28FD284C03EE6EA3974EF1978D2C04D52A556F499B4
train,Northern Cardinal,northern_cardinal,Cardinalis,cardinalis,367706,367706-9.wav,wavfiles/367706-9.wav,//www.xeno-canto.org/367706,//creativecommons.org/licenses/by-nc-sa/4.0/,Eric DeFonso,2016-06-01,song,36414CD2B07528A25B267AACA3B1F2F47B91B703F1D6554C730BBB848AB48E4D
train,Northern Cardinal,northern_cardinal,Cardinalis,cardinalis,367804,367804-0.wav,wavfiles/367804-0.wav,//www.xeno-canto.org/367804,//creativecommons.org/licenses/by-nc-sa/4.0/,Eric DeFonso,2016-06-01,song,F1E195B0CF4BB9725C48D6161516823BFB7819840AA922632D72ECA68CEB11D9
train,Northern Cardinal,northern_cardinal,Cardinalis,cardinalis,367804,367804-1.wav,wavfiles/367804-1.wav,//www.xeno-canto.org/367804,//creativecommons.org/licenses/by-nc-sa/4.0/,Eric DeFonso,2016-06-01,song,D14E40F972709FECF5F4D2E48FAA1A084E4451A7119E8F7B4A83106740A12084
train,Northern Cardinal,northern_cardinal,Cardinalis,cardinalis,367804,367804-10.wav,wavfiles/367804-10.wav,//www.xeno-canto.org/367804,//creativecommons.org/licenses/by-nc-sa/4.0/,Eric DeFonso,2016-06-01,song,EA867E4E4165980C2AF525E3FCF4E4A667F8838AEB5EE583CB53D36DA403902D
train,Northern Cardinal,northern_cardinal,Cardinalis,cardinalis,367804,367804-11.wav,wavfiles/367804-11.wav,//www.xeno-canto.org/367804,//creativecommons.org/licenses/by-nc-sa/4.0/,Eric DeFonso,2016-06-01,song,10D94DABF4286FF5A3B013CE1905699BFE6146C8B5ED987AD82EBEE072CE75BB
train,Northern Cardinal,northern_cardinal,Cardinalis,cardinalis,367804,367804-12.wav,wavfiles/367804-12.wav,//www.xeno-canto.org/367804,//creativecommons.org/licenses/by-nc-sa/4.0/,Eric DeFonso,2016-06-01,song,DF9CDD5194EA208E5748577D1D4F6CA3D99E496928A72F102379D3CDA2AFAB83
train,Northern Cardinal,northern_cardinal,Cardinalis,cardinalis,367804,367804-13.wav,wavfiles/367804-13.wav,//www.xeno-canto.org/367804,//creativecommons.org/licenses/by-nc-sa/4.0/,Eric DeFonso,2016-06-01,song,E532F5D1763903332E45778933C89B4DC44836389AF91362490EB1B74658D13B
train,Northern Cardinal,northern_cardinal,Cardinalis,cardinalis,367804,367804-14.wav,wavfiles/367804-14.wav,//www.xeno-canto.org/367804,//creativecommons.org/licenses/by-nc-sa/4.0/,Eric DeFonso,2016-06-01,song,B6A03B4DEE9B14EB37405CBEFAF6765806553775D5E3209825005B9799D4C20C
train,Northern Cardinal,northern_cardinal,Cardinalis,cardinalis,367804,367804-15.wav,wavfiles/367804-15.wav,//www.xeno-canto.org/367804,//creativecommons.org/licenses/by-nc-sa/4.0/,Eric DeFonso,2016-06-01,song,BD209D5024D87DB838C91D279C9D364AE3B2A9C5C20741123801E0DDA03A1BA6
train,Northern Cardinal,northern_cardinal,Cardinalis,cardinalis,367804,367804-16.wav,wavfiles/367804-16.wav,//www.xeno-canto.org/367804,//creativecommons.org/licenses/by-nc-sa/4.0/,Eric DeFonso,2016-06-01,song,539A09B5FBD1159CCA4CE7D8CBB4E0B57CD23FC238EEB668961E8CDFC115A6EF
train,Northern Cardinal,northern_cardinal,Cardinalis,cardinalis,367804,367804-2.wav,wavfiles/367804-2.wav,//www.xeno-canto.org/367804,//creativecommons.org/licenses/by-nc-sa/4.0/,Eric DeFonso,2016-06-01,song,B8048E767CABBE14A0CC102413FC10BCC7413D5A74532EC39B118FCB5108A057
train,Northern Cardinal,northern_cardinal,Cardinalis,cardinalis,367804,367804-3.wav,wavfiles/367804-3.wav,//www.xeno-canto.org/367804,//creativecommons.org/licenses/by-nc-sa/4.0/,Eric DeFonso,2016-06-01,song,E6EB7E23A3F82830A11201AF5452BFDC797A886C4AF3EFD21BA51A87B456345A
train,Northern Cardinal,northern_cardinal,Cardinalis,cardinalis,367804,367804-4.wav,wavfiles/367804-4.wav,//www.xeno-canto.org/367804,//creativecommons.org/licenses/by-nc-sa/4.0/,Eric DeFonso,2016-06-01,song,35FE37F4EA04AC302F7A1C6B91A8053739C294D2C7BE048821BE644C248AD41A
train,Northern Cardinal,northern_cardinal,Cardinalis,cardinalis,367804,367804-5.wav,wavfiles/367804-5.wav,//www.xeno-canto.org/367804,//creativecommons.org/licenses/by-nc-sa/4.0/,Eric DeFonso,2016-06-01,song,022B2A07E9CE6FDD437066B0EAE0AF0B8EB636CC214D21F6272EDE82F887150B
train,Northern Cardinal,northern_cardinal,Cardinalis,cardinalis,367804,367804-6.wav,wavfiles/367804-6.wav,//www.xeno-canto.org/367804,//creativecommons.org/licenses/by-nc-sa/4.0/,Eric DeFonso,2016-06-01,song,1BD564A14FF223FC9344F28E4D9745081E54E1B079FE71B2F3CE829CFE19EA86
train,Northern Cardinal,northern_cardinal,Cardinalis,cardinalis,367804,367804-7.wav,wavfiles/367804-7.wav,//www.xeno-canto.org/367804,//creativecommons.org/licenses/by-nc-sa/4.0/,Eric DeFonso,2016-06-01,song,37888C5BB1C1D1F2D9EE61949F5C8613233DC8CE1038F0E092AE5625E4EC50AC
train,Northern Cardinal,northern_cardinal,Cardinalis,cardinalis,367804,367804-8.wav,wavfiles/367804-8.wav,//www.xeno-canto.org/367804,//creativecommons.org/licenses/by-nc-sa/4.0/,Eric DeFonso,2016-06-01,song,F1F12574795D1B952275BD3DA89D57C48D7030F4D53EA5313C7EFCD92A0B175A
train,Northern Cardinal,northern_cardinal,Cardinalis,cardinalis,370494,370494-0.wav,wavfiles/370494-0.wav,//www.xeno-canto.org/370494,//creativecommons.org/licenses/by-nc-sa/4.0/,Eric DeFonso,2017-05-12,"male, song",2165BD6A24BA8C17061D978833CFB07B9605E4A6BB028AE78959AD5F9A5F9B5E
train,Northern Cardinal,northern_cardinal,Cardinalis,cardinalis,370494,370494-1.wav,wavfiles/370494-1.wav,//www.xeno-canto.org/370494,//creativecommons.org/licenses/by-nc-sa/4.0/,Eric DeFonso,2017-05-12,"male, song",0FC80CB57254B15FB8D02B52E4452B5D1F00838334FDBAF6915D95F2DEDD63F4
train,Northern Cardinal,northern_cardinal,Cardinalis,cardinalis,370494,370494-2.wav,wavfiles/370494-2.wav,//www.xeno-canto.org/370494,//creativecommons.org/licenses/by-nc-sa/4.0/,Eric DeFonso,2017-05-12,"male, song",D8B381070F77F8C11F1BC1A42AE082497B1D1960155ACCE9E84BC2274A4EA2F5
train,Northern Cardinal,northern_cardinal,Cardinalis,cardinalis,370494,370494-3.wav,wavfiles/370494-3.wav,//www.xeno-canto.org/370494,//creativecommons.org/licenses/by-nc-sa/4.0/,Eric DeFonso,2017-05-12,"male, song",952CD7D6DFEE21146FCBB8825106B2BC5BDC3EA02221F54EF6B1B21014173130
train,Northern Cardinal,northern_cardinal,Cardinalis,cardinalis,370494,370494-4.wav,wavfiles/370494-4.wav,//www.xeno-canto.org/370494,//creativecommons.org/licenses/by-nc-sa/4.0/,Eric DeFonso,2017-05-12,"male, song",D4B0FC54CB64E60EB18B3FD71FBC075C0650252D7BD50F08FB5121B7C5C90669
train,Northern Cardinal,northern_cardinal,Cardinalis,cardinalis,370494,370494-5.wav,wavfiles/370494-5.wav,//www.xeno-canto.org/370494,//creativecommons.org/licenses/by-nc-sa/4.0/,Eric DeFonso,2017-05-12,"male, song",11DFBDC8476C72752E4EA96060BE82062D366551A3B3EF8B7EBC0AEDCEE5DB8E
train,Northern Cardinal,northern_cardinal,Cardinalis,cardinalis,370494,370494-6.wav,wavfiles/370494-6.wav,//www.xeno-canto.org/370494,//creativecommons.org/licenses/by-nc-sa/4.0/,Eric DeFonso,2017-05-12,"male, song",AC5556CB366AE0E3D2A7A4FA2912C407349D4365D84196FDF6A65DB7D2AB7867
train,Northern Cardinal,northern_cardinal,Cardinalis,cardinalis,370494,370494-7.wav,wavfiles/370494-7.wav,//www.xeno-canto.org/370494,//creativecommons.org/licenses/by-nc-sa/4.0/,Eric DeFonso,2017-05-12,"male, song",CF9058F54C7A32078538A46E9FA6887A940AC0C079607E6D56DC38E4D7735BDB
train,Northern Cardinal,northern_cardinal,Cardinalis,cardinalis,370494,370494-8.wav,wavfiles/370494-8.wav,//www.xeno-canto.org/370494,//creativecommons.org/licenses/by-nc-sa/4.0/,Eric DeFonso,2017-05-12,"male, song",EE715FD2532035E7037DF71C5AD1FABE0F287096A5F538004993795778C495D2
train,Northern Cardinal,northern_cardinal,Cardinalis,cardinalis,370494,370494-9.wav,wavfiles/370494-9.wav,//www.xeno-canto.org/370494,//creativecommons.org/licenses/by-nc-sa/4.0/,Eric DeFonso,2017-05-12,"male, song",BBD5B7DE19D974877392596ED4AFA4902394A924BCB2646A67BAC57E2C94E113
train,Northern Cardinal,northern_cardinal,Cardinalis,cardinalis,372866,372866-0.wav,wavfiles/372866-0.wav,//www.xeno-canto.org/372866,//creativecommons.org/licenses/by-nc-sa/4.0/,Vicki Dern,2017-05-14,song,974787056111AA7F1C127E17638C507AA6FF585842F173B734787702B72ADF9E
train,Northern Cardinal,northern_cardinal,Cardinalis,cardinalis,372866,372866-1.wav,wavfiles/372866-1.wav,//www.xeno-canto.org/372866,//creativecommons.org/licenses/by-nc-sa/4.0/,Vicki Dern,2017-05-14,song,F531AA3FC163F4B32D41F5F175F18A4556E756243FD7B2B29125BEB14AB346F1
train,Northern Cardinal,northern_cardinal,Cardinalis,cardinalis,372866,372866-10.wav,wavfiles/372866-10.wav,//www.xeno-canto.org/372866,//creativecommons.org/licenses/by-nc-sa/4.0/,Vicki Dern,2017-05-14,song,135DEAE5003807AB35CE824EE2EC57C3DA292223D25AA26748084ABFAD8D7ED1
train,Northern Cardinal,northern_cardinal,Cardinalis,cardinalis,372866,372866-11.wav,wavfiles/372866-11.wav,//www.xeno-canto.org/372866,//creativecommons.org/licenses/by-nc-sa/4.0/,Vicki Dern,2017-05-14,song,F19A82AF9B85B14E24C0258F9D4C12D07336E9DE0EBC4F97A16B399F5E57DD1C
train,Northern Cardinal,northern_cardinal,Cardinalis,cardinalis,372866,372866-12.wav,wavfiles/372866-12.wav,//www.xeno-canto.org/372866,//creativecommons.org/licenses/by-nc-sa/4.0/,Vicki Dern,2017-05-14,song,CD1E105776E48C54F202A395649BF7207FA88C1C51E804271AC3819F07C6E8F5
train,Northern Cardinal,northern_cardinal,Cardinalis,cardinalis,372866,372866-13.wav,wavfiles/372866-13.wav,//www.xeno-canto.org/372866,//creativecommons.org/licenses/by-nc-sa/4.0/,Vicki Dern,2017-05-14,song,2139C5FEEDFD209D5177AA261CDB471311398005A25EC3604BE975216BD11D46
train,Northern Cardinal,northern_cardinal,Cardinalis,cardinalis,372866,372866-2.wav,wavfiles/372866-2.wav,//www.xeno-canto.org/372866,//creativecommons.org/licenses/by-nc-sa/4.0/,Vicki Dern,2017-05-14,song,92294D589F752C5FD8ACE6BF3F5CD01986446E95E7990E861439D5DFC0163F54
train,Northern Cardinal,northern_cardinal,Cardinalis,cardinalis,372866,372866-3.wav,wavfiles/372866-3.wav,//www.xeno-canto.org/372866,//creativecommons.org/licenses/by-nc-sa/4.0/,Vicki Dern,2017-05-14,song,BFE83293FB8B9FBFA4F0F470A9B2A85098AA9A2F28D451D8BB9EE53B6CD73487
train,Northern Cardinal,northern_cardinal,Cardinalis,cardinalis,372866,372866-4.wav,wavfiles/372866-4.wav,//www.xeno-canto.org/372866,//creativecommons.org/licenses/by-nc-sa/4.0/,Vicki Dern,2017-05-14,song,32FABF04D4909B36DE314CF408F2CB75B54AD57539BA8CDDD4B85211507E575B
train,Northern Cardinal,northern_cardinal,Cardinalis,cardinalis,372866,372866-5.wav,wavfiles/372866-5.wav,//www.xeno-canto.org/372866,//creativecommons.org/licenses/by-nc-sa/4.0/,Vicki Dern,2017-05-14,song,34F6D01D623236F07D9D0AB0D903F992ED09D61D1684B8BC00B2C727B7C17C87
train,Northern Cardinal,northern_cardinal,Cardinalis,cardinalis,372866,372866-6.wav,wavfiles/372866-6.wav,//www.xeno-canto.org/372866,//creativecommons.org/licenses/by-nc-sa/4.0/,Vicki Dern,2017-05-14,song,16A58D7FFBDFE1346F0B170411EA4451A53EC2829883A648D63954265268850D
train,Northern Cardinal,northern_cardinal,Cardinalis,cardinalis,372866,372866-7.wav,wavfiles/372866-7.wav,//www.xeno-canto.org/372866,//creativecommons.org/licenses/by-nc-sa/4.0/,Vicki Dern,2017-05-14,song,B1F040AAB4292EE122308D8B70602944E093522AE7DB1D88591E1C4BDFAF1D20
train,Northern Cardinal,northern_cardinal,Cardinalis,cardinalis,372866,372866-8.wav,wavfiles/372866-8.wav,//www.xeno-canto.org/372866,//creativecommons.org/licenses/by-nc-sa/4.0/,Vicki Dern,2017-05-14,song,F9BAACC6DF84A476F4F8C78F26C8D010405F64141AE190A241067FE066A0E5A4
train,Northern Cardinal,northern_cardinal,Cardinalis,cardinalis,372866,372866-9.wav,wavfiles/372866-9.wav,//www.xeno-canto.org/372866,//creativecommons.org/licenses/by-nc-sa/4.0/,Vicki Dern,2017-05-14,song,43D243C1C04C0DB969EA401A8D9852B5C684D7978471E646C83D7FB7D69465E2
train,Northern Cardinal,northern_cardinal,Cardinalis,cardinalis,373569,373569-0.wav,wavfiles/373569-0.wav,//www.xeno-canto.org/373569,//creativecommons.org/licenses/by-nc-sa/4.0/,Nicholas Comparato,2017-06-01,"call, song",5D12E965D9D6C0E84A3AACA583EC6B529B97DBA0D334749F3FC436B741650386
train,Northern Cardinal,northern_cardinal,Cardinalis,cardinalis,373569,373569-1.wav,wavfiles/373569-1.wav,//www.xeno-canto.org/373569,//creativecommons.org/licenses/by-nc-sa/4.0/,Nicholas Comparato,2017-06-01,"call, song",53E5A36EABF1528503E3F2821C90AB3DA80C3A86C87BD6DE7D61DA6CCE16C7ED
train,Northern Cardinal,northern_cardinal,Cardinalis,cardinalis,373569,373569-2.wav,wavfiles/373569-2.wav,//www.xeno-canto.org/373569,//creativecommons.org/licenses/by-nc-sa/4.0/,Nicholas Comparato,2017-06-01,"call, song",F55EFB8A211A12B9658E791826AAC0F4962D892B06C318E8565BD0D5F8BBDE05
train,Northern Cardinal,northern_cardinal,Cardinalis,cardinalis,373569,373569-6.wav,wavfiles/373569-6.wav,//www.xeno-canto.org/373569,//creativecommons.org/licenses/by-nc-sa/4.0/,Nicholas Comparato,2017-06-01,"call, song",AF0EAD5FEAB5D98367463247ED44FEEF4E1D4B00A8DDDFAAA4242031F346D2A6
train,Northern Cardinal,northern_cardinal,Cardinalis,cardinalis,373569,373569-7.wav,wavfiles/373569-7.wav,//www.xeno-canto.org/373569,//creativecommons.org/licenses/by-nc-sa/4.0/,Nicholas Comparato,2017-06-01,"call, song",352824E68E1C9D819CA377A6B7B7C1FF89E861B317A30BC62299E92A59999FA2
train,Northern Cardinal,northern_cardinal,Cardinalis,cardinalis,373569,373569-8.wav,wavfiles/373569-8.wav,//www.xeno-canto.org/373569,//creativecommons.org/licenses/by-nc-sa/4.0/,Nicholas Comparato,2017-06-01,"call, song",FBB394FC2A1A5595A7BF91115D57DF6D04CD789ED8F317F50F6E69AB0B9FC7F6
train,Northern Cardinal,northern_cardinal,Cardinalis,cardinalis,375382,375382-0.wav,wavfiles/375382-0.wav,//www.xeno-canto.org/375382,//creativecommons.org/licenses/by-nc-sa/4.0/,Matt Baumann,2017-06-09,song,60640B0687C7B49F1BBC0CDE0D7832E8335B4A5B78DF2203F36EF4BB93D32910
train,Northern Cardinal,northern_cardinal,Cardinalis,cardinalis,375382,375382-1.wav,wavfiles/375382-1.wav,//www.xeno-canto.org/375382,//creativecommons.org/licenses/by-nc-sa/4.0/,Matt Baumann,2017-06-09,song,8854CEE2B36E4B66BF10451A71B619DBB1FE90811FF70EBB65B838F10708E30E
train,Northern Cardinal,northern_cardinal,Cardinalis,cardinalis,375382,375382-12.wav,wavfiles/375382-12.wav,//www.xeno-canto.org/375382,//creativecommons.org/licenses/by-nc-sa/4.0/,Matt Baumann,2017-06-09,song,64250E7328EE4D5B6BBD60911C392B997E53265340025EDCFF1C7D60159580E7
train,Northern Cardinal,northern_cardinal,Cardinalis,cardinalis,375382,375382-13.wav,wavfiles/375382-13.wav,//www.xeno-canto.org/375382,//creativecommons.org/licenses/by-nc-sa/4.0/,Matt Baumann,2017-06-09,song,669CCF819C5F9A82B580A3944D030BA0F70D114B8CAA9ABDD1590FA51F247B40
train,Northern Cardinal,northern_cardinal,Cardinalis,cardinalis,375382,375382-2.wav,wavfiles/375382-2.wav,//www.xeno-canto.org/375382,//creativecommons.org/licenses/by-nc-sa/4.0/,Matt Baumann,2017-06-09,song,40BF97F42C03458EBB7A3982886A4D8AD774608A2EDAB7D4F5A49A4317B0DBFB
train,Northern Cardinal,northern_cardinal,Cardinalis,cardinalis,375382,375382-3.wav,wavfiles/375382-3.wav,//www.xeno-canto.org/375382,//creativecommons.org/licenses/by-nc-sa/4.0/,Matt Baumann,2017-06-09,song,1FDD49ADE51AF6A8DCA0D7D4D3DB3EB2796B1FCC950BCE52A7025D2980FF03D3
train,Northern Cardinal,northern_cardinal,Cardinalis,cardinalis,375382,375382-4.wav,wavfiles/375382-4.wav,//www.xeno-canto.org/375382,//creativecommons.org/licenses/by-nc-sa/4.0/,Matt Baumann,2017-06-09,song,DE9BEE4FE5F297BA7DC79CE1E40EB5FBE2D9EACE5B9FEEA89CD0B784135EF5BD
train,Northern Cardinal,northern_cardinal,Cardinalis,cardinalis,375382,375382-5.wav,wavfiles/375382-5.wav,//www.xeno-canto.org/375382,//creativecommons.org/licenses/by-nc-sa/4.0/,Matt Baumann,2017-06-09,song,34DAB36A9FA6297F6D8FE9F51594C2C6432BAF6418A8265BF997C2618DE035E4
train,Northern Cardinal,northern_cardinal,Cardinalis,cardinalis,375382,375382-6.wav,wavfiles/375382-6.wav,//www.xeno-canto.org/375382,//creativecommons.org/licenses/by-nc-sa/4.0/,Matt Baumann,2017-06-09,song,6F433EC3EE3050773CF3638DFA5FFCE60973D15E8E6EF7B37ADD25FA0A55929E
train,Northern Cardinal,northern_cardinal,Cardinalis,cardinalis,375382,375382-7.wav,wavfiles/375382-7.wav,//www.xeno-canto.org/375382,//creativecommons.org/licenses/by-nc-sa/4.0/,Matt Baumann,2017-06-09,song,52841D252FF596388980417E728DA2A5F865956345A9D2E7801E3CD05013116F
train,Northern Cardinal,northern_cardinal,Cardinalis,cardinalis,375382,375382-8.wav,wavfiles/375382-8.wav,//www.xeno-canto.org/375382,//creativecommons.org/licenses/by-nc-sa/4.0/,Matt Baumann,2017-06-09,song,507251D708AC8BAC344F57122EE69A5BE25D7BC07E73868C156A1A95A63EEBAD
train,Northern Cardinal,northern_cardinal,Cardinalis,cardinalis,375382,375382-9.wav,wavfiles/375382-9.wav,//www.xeno-canto.org/375382,//creativecommons.org/licenses/by-nc-sa/4.0/,Matt Baumann,2017-06-09,song,448FDD2C3C9CB935816A165EA76F69D5E965773440C5EA768A3A04EB2C53DF57
train,Northern Cardinal,northern_cardinal,Cardinalis,cardinalis,408321,408321-0.wav,wavfiles/408321-0.wav,//www.xeno-canto.org/408321,//creativecommons.org/licenses/by-nc-sa/4.0/,Scott Gravette,2018-03-31,"call, song",21F1C945FC903E4E5FE057177549BE371BD946490FFD289A12FF4D57B81AB026
train,Northern Cardinal,northern_cardinal,Cardinalis,cardinalis,408321,408321-1.wav,wavfiles/408321-1.wav,//www.xeno-canto.org/408321,//creativecommons.org/licenses/by-nc-sa/4.0/,Scott Gravette,2018-03-31,"call, song",1AE2B34D0D95FD7F9091B33CA29FF8BA63A411704EE7E3B07E03E18C8B827429
train,Northern Cardinal,northern_cardinal,Cardinalis,cardinalis,408321,408321-10.wav,wavfiles/408321-10.wav,//www.xeno-canto.org/408321,//creativecommons.org/licenses/by-nc-sa/4.0/,Scott Gravette,2018-03-31,"call, song",82D373629442520EC9F91BB0FBA82BF3E2A46B0A382D7753F3080C6DE568F9D1
train,Northern Cardinal,northern_cardinal,Cardinalis,cardinalis,408321,408321-12.wav,wavfiles/408321-12.wav,//www.xeno-canto.org/408321,//creativecommons.org/licenses/by-nc-sa/4.0/,Scott Gravette,2018-03-31,"call, song",F55B3FD55BBDFFAB6496AC366CFBB646B3993271CAFF1672348956BD1A8ED9A9
train,Northern Cardinal,northern_cardinal,Cardinalis,cardinalis,408321,408321-13.wav,wavfiles/408321-13.wav,//www.xeno-canto.org/408321,//creativecommons.org/licenses/by-nc-sa/4.0/,Scott Gravette,2018-03-31,"call, song",DD4A0E1D288C517EE49C4848B088747A93D4D5776805D130DD222383B14FD354
train,Northern Cardinal,northern_cardinal,Cardinalis,cardinalis,408321,408321-2.wav,wavfiles/408321-2.wav,//www.xeno-canto.org/408321,//creativecommons.org/licenses/by-nc-sa/4.0/,Scott Gravette,2018-03-31,"call, song",085F0E9BB9F5A1415E1590101858C007092B1B445FC348E5DCBBE3FEDF99172A
train,Northern Cardinal,northern_cardinal,Cardinalis,cardinalis,408321,408321-3.wav,wavfiles/408321-3.wav,//www.xeno-canto.org/408321,//creativecommons.org/licenses/by-nc-sa/4.0/,Scott Gravette,2018-03-31,"call, song",BC37DAEC01C0860E2B2C3AF2AFDDC25A7D2C5DA541EC8EE0B1E8FD3C0435C963
train,Northern Cardinal,northern_cardinal,Cardinalis,cardinalis,408321,408321-4.wav,wavfiles/408321-4.wav,//www.xeno-canto.org/408321,//creativecommons.org/licenses/by-nc-sa/4.0/,Scott Gravette,2018-03-31,"call, song",F825CDECD4D606459C294EC700DECBC2C587EB21EF9F5045E1EE06A25E7BB51D
train,Northern Cardinal,northern_cardinal,Cardinalis,cardinalis,408321,408321-5.wav,wavfiles/408321-5.wav,//www.xeno-canto.org/408321,//creativecommons.org/licenses/by-nc-sa/4.0/,Scott Gravette,2018-03-31,"call, song",4A7A79795C58CABD6226095A1526B25A75883A6767D41E35068EBA08D59BA56F
train,Northern Cardinal,northern_cardinal,Cardinalis,cardinalis,408321,408321-6.wav,wavfiles/408321-6.wav,//www.xeno-canto.org/408321,//creativecommons.org/licenses/by-nc-sa/4.0/,Scott Gravette,2018-03-31,"call, song",F872CC35EB8245D2F951FA71356ED561856542E26D46671843C047C2A5730AC6
train,Northern Cardinal,northern_cardinal,Cardinalis,cardinalis,408321,408321-7.wav,wavfiles/408321-7.wav,//www.xeno-canto.org/408321,//creativecommons.org/licenses/by-nc-sa/4.0/,Scott Gravette,2018-03-31,"call, song",689942356C03A1F2D8A136AB785250E06828CFA06DC92FAC2D920BD9043B59C3
train,Northern Cardinal,northern_cardinal,Cardinalis,cardinalis,408321,408321-8.wav,wavfiles/408321-8.wav,//www.xeno-canto.org/408321,//creativecommons.org/licenses/by-nc-sa/4.0/,Scott Gravette,2018-03-31,"call, song",EE8E4F209B099A5CF93242F3DD2E8BD5CEDEA5635F93D07A93FFCE8B830C80E3
train,Northern Cardinal,northern_cardinal,Cardinalis,cardinalis,408321,408321-9.wav,wavfiles/408321-9.wav,//www.xeno-canto.org/408321,//creativecommons.org/licenses/by-nc-sa/4.0/,Scott Gravette,2018-03-31,"call, song",A94C383254C0A4365A08073A25E243A9352618E3638B954B1C9944A7F173EB23
train,Northern Cardinal,northern_cardinal,Cardinalis,cardinalis,412330,412330-0.wav,wavfiles/412330-0.wav,//www.xeno-canto.org/412330,//creativecommons.org/licenses/by-nc-sa/4.0/,Brian Henderson,2017-04-15,song,28163776541B55794E453F8186A776AE83BC1DB363C008D40D79F1A53C5F0284
train,Northern Cardinal,northern_cardinal,Cardinalis,cardinalis,412330,412330-1.wav,wavfiles/412330-1.wav,//www.xeno-canto.org/412330,//creativecommons.org/licenses/by-nc-sa/4.0/,Brian Henderson,2017-04-15,song,A53728F23C050EA9F02D99DBA32F40C7663FEA5381135F5182591BCB815FE3A8
train,Northern Cardinal,northern_cardinal,Cardinalis,cardinalis,412330,412330-11.wav,wavfiles/412330-11.wav,//www.xeno-canto.org/412330,//creativecommons.org/licenses/by-nc-sa/4.0/,Brian Henderson,2017-04-15,song,822ADDDC8618BFA4C5C94A52C2F6907347A1017691C4A7A650A2C463F2588E40
train,Northern Cardinal,northern_cardinal,Cardinalis,cardinalis,412330,412330-3.wav,wavfiles/412330-3.wav,//www.xeno-canto.org/412330,//creativecommons.org/licenses/by-nc-sa/4.0/,Brian Henderson,2017-04-15,song,9F891EF91F28A7E7027500DB78379ABDF039460EBF0FE73BAB7FB0BD25E40926
train,Northern Cardinal,northern_cardinal,Cardinalis,cardinalis,412330,412330-4.wav,wavfiles/412330-4.wav,//www.xeno-canto.org/412330,//creativecommons.org/licenses/by-nc-sa/4.0/,Brian Henderson,2017-04-15,song,D76CF2B0404B02773BA91C909F0FFF3F99486434C322FC6B43C0E15DDFCFF3C3
train,Northern Cardinal,northern_cardinal,Cardinalis,cardinalis,412330,412330-6.wav,wavfiles/412330-6.wav,//www.xeno-canto.org/412330,//creativecommons.org/licenses/by-nc-sa/4.0/,Brian Henderson,2017-04-15,song,A38F6FD676EAD06C6B697869977441E1641DC38449A8F1B3AA39BF8F776C73BD
train,Northern Cardinal,northern_cardinal,Cardinalis,cardinalis,412330,412330-7.wav,wavfiles/412330-7.wav,//www.xeno-canto.org/412330,//creativecommons.org/licenses/by-nc-sa/4.0/,Brian Henderson,2017-04-15,song,C903B092499113E8918FCBE59205A501A1F2FCBF6535183F0337EE6FEE341B8D
train,Northern Cardinal,northern_cardinal,Cardinalis,cardinalis,412668,412668-0.wav,wavfiles/412668-0.wav,//www.xeno-canto.org/412668,//creativecommons.org/licenses/by-nc-sa/4.0/,Nicholas Comparato,2018-04-24,song,9817A8FBE4B5CB7E4FF1D7F4D7A6691B1AAE8EF6B9CB3219249DF41BCC080288
train,Northern Cardinal,northern_cardinal,Cardinalis,cardinalis,412668,412668-1.wav,wavfiles/412668-1.wav,//www.xeno-canto.org/412668,//creativecommons.org/licenses/by-nc-sa/4.0/,Nicholas Comparato,2018-04-24,song,4448193C326746D455F43B576672FD91208D787ECA1B775CE8CCF38B685B4FDB
train,Northern Cardinal,northern_cardinal,Cardinalis,cardinalis,412668,412668-10.wav,wavfiles/412668-10.wav,//www.xeno-canto.org/412668,//creativecommons.org/licenses/by-nc-sa/4.0/,Nicholas Comparato,2018-04-24,song,BE4220B6F481AE1C91C81EF4F706F20DA89713405A302D8CC49FD566712C5DFD
train,Northern Cardinal,northern_cardinal,Cardinalis,cardinalis,412668,412668-11.wav,wavfiles/412668-11.wav,//www.xeno-canto.org/412668,//creativecommons.org/licenses/by-nc-sa/4.0/,Nicholas Comparato,2018-04-24,song,2FAF0CE2A0F4991894974B54985C7BCE2EF0550AEE8DD20C02C45079246DA41A
train,Northern Cardinal,northern_cardinal,Cardinalis,cardinalis,412668,412668-2.wav,wavfiles/412668-2.wav,//www.xeno-canto.org/412668,//creativecommons.org/licenses/by-nc-sa/4.0/,Nicholas Comparato,2018-04-24,song,CDF5D3E0CDC57DBC385AED9C456DC157091A79B0642678EBF5338506C6A7FF47
train,Northern Cardinal,northern_cardinal,Cardinalis,cardinalis,412668,412668-3.wav,wavfiles/412668-3.wav,//www.xeno-canto.org/412668,//creativecommons.org/licenses/by-nc-sa/4.0/,Nicholas Comparato,2018-04-24,song,0BA30B198255B192F9C6EB8A2DD295C297538927CADFDE2301061B04205736E5
train,Northern Cardinal,northern_cardinal,Cardinalis,cardinalis,412668,412668-4.wav,wavfiles/412668-4.wav,//www.xeno-canto.org/412668,//creativecommons.org/licenses/by-nc-sa/4.0/,Nicholas Comparato,2018-04-24,song,EDB91C33AF30116C404770CBDB3870FC9FAB3301FA8886EE55E29156F86F60FF
train,Northern Cardinal,northern_cardinal,Cardinalis,cardinalis,412668,412668-6.wav,wavfiles/412668-6.wav,//www.xeno-canto.org/412668,//creativecommons.org/licenses/by-nc-sa/4.0/,Nicholas Comparato,2018-04-24,song,CE0C8B8DBE9781732E3958D755B71C03721A0D08527A818233A5E913F19B0CB7
train,Northern Cardinal,northern_cardinal,Cardinalis,cardinalis,412668,412668-7.wav,wavfiles/412668-7.wav,//www.xeno-canto.org/412668,//creativecommons.org/licenses/by-nc-sa/4.0/,Nicholas Comparato,2018-04-24,song,025B26DF946B11EEC36F3DD1EA4C240FC8F77539E679EF9A20C054A20CA64A29
train,Northern Cardinal,northern_cardinal,Cardinalis,cardinalis,412668,412668-8.wav,wavfiles/412668-8.wav,//www.xeno-canto.org/412668,//creativecommons.org/licenses/by-nc-sa/4.0/,Nicholas Comparato,2018-04-24,song,010ACBC0B89545638B197C620D25BF8E21B4605F8198B37E6A8FCE8F1AB5842D
train,Northern Cardinal,northern_cardinal,Cardinalis,cardinalis,412668,412668-9.wav,wavfiles/412668-9.wav,//www.xeno-canto.org/412668,//creativecommons.org/licenses/by-nc-sa/4.0/,Nicholas Comparato,2018-04-24,song,A74EF1D56B4811E458103DB014EA29138EB7B92C0B882278F6A20EAE9A8D29BD
train,Northern Cardinal,northern_cardinal,Cardinalis,cardinalis,412669,412669-0.wav,wavfiles/412669-0.wav,//www.xeno-canto.org/412669,//creativecommons.org/licenses/by-nc-sa/4.0/,Nicholas Comparato,2018-04-24,song,A4C7C1BC98E422A3538D07C5F04366254E73410A288B6691E5CA973D9A5FF978
train,Northern Cardinal,northern_cardinal,Cardinalis,cardinalis,412669,412669-1.wav,wavfiles/412669-1.wav,//www.xeno-canto.org/412669,//creativecommons.org/licenses/by-nc-sa/4.0/,Nicholas Comparato,2018-04-24,song,B91D869FAB2F4B1A046EED4BD93CABB00EA1A9508BFE87EDA125B20CDEA10A6B
train,Northern Cardinal,northern_cardinal,Cardinalis,cardinalis,412669,412669-10.wav,wavfiles/412669-10.wav,//www.xeno-canto.org/412669,//creativecommons.org/licenses/by-nc-sa/4.0/,Nicholas Comparato,2018-04-24,song,41C8526D5ED8F70208B4B3A0974559B54A7D9B01EF0BBD8363BB0783C9D2B096
train,Northern Cardinal,northern_cardinal,Cardinalis,cardinalis,412669,412669-15.wav,wavfiles/412669-15.wav,//www.xeno-canto.org/412669,//creativecommons.org/licenses/by-nc-sa/4.0/,Nicholas Comparato,2018-04-24,song,585307155C77959EB05375CFBC36E3AFAC0A977D3E4FCB4D10A1D4D31745A51C
train,Northern Cardinal,northern_cardinal,Cardinalis,cardinalis,412669,412669-16.wav,wavfiles/412669-16.wav,//www.xeno-canto.org/412669,//creativecommons.org/licenses/by-nc-sa/4.0/,Nicholas Comparato,2018-04-24,song,CB4B6217B04351E8D7F62A605A83D86BDB79E4900952DDC03213B603D4B17D75
train,Northern Cardinal,northern_cardinal,Cardinalis,cardinalis,412669,412669-2.wav,wavfiles/412669-2.wav,//www.xeno-canto.org/412669,//creativecommons.org/licenses/by-nc-sa/4.0/,Nicholas Comparato,2018-04-24,song,BA3ED58D7CCC25442F3AAD0EF075309F44409A5B8738EF61115FDCA7B3824284
train,Northern Cardinal,northern_cardinal,Cardinalis,cardinalis,412669,412669-3.wav,wavfiles/412669-3.wav,//www.xeno-canto.org/412669,//creativecommons.org/licenses/by-nc-sa/4.0/,Nicholas Comparato,2018-04-24,song,1968A772B873CFC68CCED4720AD93583427E6CCF5CEC69FCEDAD72511AC32870
train,Northern Cardinal,northern_cardinal,Cardinalis,cardinalis,412669,412669-6.wav,wavfiles/412669-6.wav,//www.xeno-canto.org/412669,//creativecommons.org/licenses/by-nc-sa/4.0/,Nicholas Comparato,2018-04-24,song,7CCAD2865EB4E1CBA8302DB29355193991409582436796758A95A963190274E5
train,Northern Cardinal,northern_cardinal,Cardinalis,cardinalis,412669,412669-7.wav,wavfiles/412669-7.wav,//www.xeno-canto.org/412669,//creativecommons.org/licenses/by-nc-sa/4.0/,Nicholas Comparato,2018-04-24,song,9393E105E37F8BC6394BE21A51A9A5E5E8B9B87721C1C00EEDF6B9B1DF5BF2DB
train,Northern Cardinal,northern_cardinal,Cardinalis,cardinalis,412669,412669-8.wav,wavfiles/412669-8.wav,//www.xeno-canto.org/412669,//creativecommons.org/licenses/by-nc-sa/4.0/,Nicholas Comparato,2018-04-24,song,1376F94572B8B490B690CCA0E43E4A23DF2FE0D9A4212E72D88FD00AFB98B66F
train,Northern Cardinal,northern_cardinal,Cardinalis,cardinalis,412669,412669-9.wav,wavfiles/412669-9.wav,//www.xeno-canto.org/412669,//creativecommons.org/licenses/by-nc-sa/4.0/,Nicholas Comparato,2018-04-24,song,842C922A5F7B9CC2E08B95A71F9DE3FA6B1C993CA9FD2A7030D965134B2C2CAA
train,Northern Cardinal,northern_cardinal,Cardinalis,cardinalis,418321,418321-0.wav,wavfiles/418321-0.wav,//www.xeno-canto.org/418321,//creativecommons.org/licenses/by-nc-sa/4.0/,David Sarkozi,2018-05-31,song,51DF1042887996E92C94630ADEF6CF9EE870FD31B5AA83389C17FDEDD5D18594
train,Northern Cardinal,northern_cardinal,Cardinalis,cardinalis,418321,418321-1.wav,wavfiles/418321-1.wav,//www.xeno-canto.org/418321,//creativecommons.org/licenses/by-nc-sa/4.0/,David Sarkozi,2018-05-31,song,F948AFBEB43DD2EA4F54FE5DBCD5F87BF5EA7F1FFBD8312BECFEE142A219FB84
train,Northern Cardinal,northern_cardinal,Cardinalis,cardinalis,418321,418321-10.wav,wavfiles/418321-10.wav,//www.xeno-canto.org/418321,//creativecommons.org/licenses/by-nc-sa/4.0/,David Sarkozi,2018-05-31,song,115E7329FFF8DF5F4E953D3A126F829CE99A161894F8294B9CBDCCD434DACE56
train,Northern Cardinal,northern_cardinal,Cardinalis,cardinalis,418321,418321-3.wav,wavfiles/418321-3.wav,//www.xeno-canto.org/418321,//creativecommons.org/licenses/by-nc-sa/4.0/,David Sarkozi,2018-05-31,song,85D69518A57826978717FBF06AD658D50FA76726F425232E0A13A495382900C4
train,Northern Cardinal,northern_cardinal,Cardinalis,cardinalis,418321,418321-4.wav,wavfiles/418321-4.wav,//www.xeno-canto.org/418321,//creativecommons.org/licenses/by-nc-sa/4.0/,David Sarkozi,2018-05-31,song,783B6B93523932002485DED149761E163725D8028803257CB7E1D772FA58F801
train,Northern Cardinal,northern_cardinal,Cardinalis,cardinalis,418321,418321-6.wav,wavfiles/418321-6.wav,//www.xeno-canto.org/418321,//creativecommons.org/licenses/by-nc-sa/4.0/,David Sarkozi,2018-05-31,song,EC48313BA3ABE422365D3FA413A8356B9E4C57105D03748B0336F16534DF19CA
train,Northern Cardinal,northern_cardinal,Cardinalis,cardinalis,418321,418321-7.wav,wavfiles/418321-7.wav,//www.xeno-canto.org/418321,//creativecommons.org/licenses/by-nc-sa/4.0/,David Sarkozi,2018-05-31,song,09A4C7483DBD1DAE1CEC66C206F3DEF315E3E01B97E8DB28A75E171AEC3BC14E
train,Northern Cardinal,northern_cardinal,Cardinalis,cardinalis,418321,418321-9.wav,wavfiles/418321-9.wav,//www.xeno-canto.org/418321,//creativecommons.org/licenses/by-nc-sa/4.0/,David Sarkozi,2018-05-31,song,4E06AD2B5E0E31E7AF218AD35D53E0E8E4A7232E64C3B595A183C214B35EC5AC
train,Northern Cardinal,northern_cardinal,Cardinalis,cardinalis,445757,445757-0.wav,wavfiles/445757-0.wav,//www.xeno-canto.org/445757,//creativecommons.org/licenses/by-nc-sa/4.0/,Bruce Lagerquist,2017-03-15,song,6107F81BE8586F69410001EEF495E6F01371C6E489FAD97F7B3B6CFA7F588034
train,Northern Cardinal,northern_cardinal,Cardinalis,cardinalis,445757,445757-1.wav,wavfiles/445757-1.wav,//www.xeno-canto.org/445757,//creativecommons.org/licenses/by-nc-sa/4.0/,Bruce Lagerquist,2017-03-15,song,5EC66B27B847A8DC8B68E60DB28FFF75E60B0D7A2BEA54725FE4A26107A81A51
train,Northern Cardinal,northern_cardinal,Cardinalis,cardinalis,445757,445757-10.wav,wavfiles/445757-10.wav,//www.xeno-canto.org/445757,//creativecommons.org/licenses/by-nc-sa/4.0/,Bruce Lagerquist,2017-03-15,song,A2541994841B5781E94A3AB70C237ACA3777D3C5E4A10866377756109EFB48B7
train,Northern Cardinal,northern_cardinal,Cardinalis,cardinalis,445757,445757-11.wav,wavfiles/445757-11.wav,//www.xeno-canto.org/445757,//creativecommons.org/licenses/by-nc-sa/4.0/,Bruce Lagerquist,2017-03-15,song,31B7B372E18A12DB31C6A3DB43ADA1C13BB45B2CBA8017C00157510F7938728C
train,Northern Cardinal,northern_cardinal,Cardinalis,cardinalis,445757,445757-2.wav,wavfiles/445757-2.wav,//www.xeno-canto.org/445757,//creativecommons.org/licenses/by-nc-sa/4.0/,Bruce Lagerquist,2017-03-15,song,3F44556CFC5D80BCF9F53C74CE51618C6E75E606E9864FEBFBCA58C75FB3F389
train,Northern Cardinal,northern_cardinal,Cardinalis,cardinalis,445757,445757-3.wav,wavfiles/445757-3.wav,//www.xeno-canto.org/445757,//creativecommons.org/licenses/by-nc-sa/4.0/,Bruce Lagerquist,2017-03-15,song,66CCD2E56207E2479E6A65D0AADF29EA82DF6A8CF051B19037F04494BB785AC5
train,Northern Cardinal,northern_cardinal,Cardinalis,cardinalis,445757,445757-4.wav,wavfiles/445757-4.wav,//www.xeno-canto.org/445757,//creativecommons.org/licenses/by-nc-sa/4.0/,Bruce Lagerquist,2017-03-15,song,15398A8D795A15F5F413ED5AC7520995535C41AF257388221964B4510725B610
train,Northern Cardinal,northern_cardinal,Cardinalis,cardinalis,445757,445757-5.wav,wavfiles/445757-5.wav,//www.xeno-canto.org/445757,//creativecommons.org/licenses/by-nc-sa/4.0/,Bruce Lagerquist,2017-03-15,song,E86EDAF05D2AEEB866A528CEA60C0A86188DE36C200140B871A2D66BACFCEE65
train,Northern Cardinal,northern_cardinal,Cardinalis,cardinalis,445757,445757-6.wav,wavfiles/445757-6.wav,//www.xeno-canto.org/445757,//creativecommons.org/licenses/by-nc-sa/4.0/,Bruce Lagerquist,2017-03-15,song,55E37ADC8771D21F5F448248A5F9138BAC2BC702C77EDCC48742664B47A27705
train,Northern Cardinal,northern_cardinal,Cardinalis,cardinalis,445757,445757-9.wav,wavfiles/445757-9.wav,//www.xeno-canto.org/445757,//creativecommons.org/licenses/by-nc-sa/4.0/,Bruce Lagerquist,2017-03-15,song,0B025AE9723326B5FAD3255C832A493A618CEC309E36910AB2BE0AA2E65F25EB
train,Northern Cardinal,northern_cardinal,Cardinalis,cardinalis,451804,451804-0.wav,wavfiles/451804-0.wav,//www.xeno-canto.org/451804,//creativecommons.org/licenses/by-nc-sa/4.0/,Paul Marvin,2018-02-28,"male, song",968DA235C6BCEE8BB669CC0A513BCD5365120946E1308569E9DEAD7254989A25
train,Northern Cardinal,northern_cardinal,Cardinalis,cardinalis,451804,451804-1.wav,wavfiles/451804-1.wav,//www.xeno-canto.org/451804,//creativecommons.org/licenses/by-nc-sa/4.0/,Paul Marvin,2018-02-28,"male, song",4B802635E878CE76AE44A715EC59CA0A75E7D6384D5E1959091F985D1F9B5EDE
train,Northern Cardinal,northern_cardinal,Cardinalis,cardinalis,451804,451804-10.wav,wavfiles/451804-10.wav,//www.xeno-canto.org/451804,//creativecommons.org/licenses/by-nc-sa/4.0/,Paul Marvin,2018-02-28,"male, song",B2CFD608054E3958D4D494201871552F8A8EE1268170C8D6DD88ADCAFC604844
train,Northern Cardinal,northern_cardinal,Cardinalis,cardinalis,451804,451804-2.wav,wavfiles/451804-2.wav,//www.xeno-canto.org/451804,//creativecommons.org/licenses/by-nc-sa/4.0/,Paul Marvin,2018-02-28,"male, song",C17625C6A53269B3380B9CC6BBE5BF7B3823102B50EBA1705EEEF9F59FF812A5
train,Northern Cardinal,northern_cardinal,Cardinalis,cardinalis,451804,451804-3.wav,wavfiles/451804-3.wav,//www.xeno-canto.org/451804,//creativecommons.org/licenses/by-nc-sa/4.0/,Paul Marvin,2018-02-28,"male, song",8CA66A829C41569511032977B846F92010E786820B3A3FA5BB7B9010100179C3
train,Northern Cardinal,northern_cardinal,Cardinalis,cardinalis,451804,451804-4.wav,wavfiles/451804-4.wav,//www.xeno-canto.org/451804,//creativecommons.org/licenses/by-nc-sa/4.0/,Paul Marvin,2018-02-28,"male, song",434B250FD345D8A7509B055B2EA3D8FAF869B4E1F0AE95BEB0E53F8E6A31F98F
train,Northern Cardinal,northern_cardinal,Cardinalis,cardinalis,451804,451804-5.wav,wavfiles/451804-5.wav,//www.xeno-canto.org/451804,//creativecommons.org/licenses/by-nc-sa/4.0/,Paul Marvin,2018-02-28,"male, song",9B23CB02F967BE5AD45E9843EA529D35393B19B9E79853A92D21EF80482F7344
train,Northern Cardinal,northern_cardinal,Cardinalis,cardinalis,451804,451804-6.wav,wavfiles/451804-6.wav,//www.xeno-canto.org/451804,//creativecommons.org/licenses/by-nc-sa/4.0/,Paul Marvin,2018-02-28,"male, song",737B20735DADFFAC810BB8CF77B2173CF7A9B69135958114D585BC7C9824165F
train,Northern Cardinal,northern_cardinal,Cardinalis,cardinalis,451804,451804-7.wav,wavfiles/451804-7.wav,//www.xeno-canto.org/451804,//creativecommons.org/licenses/by-nc-sa/4.0/,Paul Marvin,2018-02-28,"male, song",A5A93098EC9838B3D064BFCB1B03494CF9AC062B02AA2A92D7DD2CA36B74FB6E
train,Northern Cardinal,northern_cardinal,Cardinalis,cardinalis,451804,451804-8.wav,wavfiles/451804-8.wav,//www.xeno-canto.org/451804,//creativecommons.org/licenses/by-nc-sa/4.0/,Paul Marvin,2018-02-28,"male, song",90868D10563C5C933E05C5D4F023880847758F9072A2FD063AD7FA70010ED3B7
train,Northern Cardinal,northern_cardinal,Cardinalis,cardinalis,460742,460742-0.wav,wavfiles/460742-0.wav,//www.xeno-canto.org/460742,//creativecommons.org/licenses/by-nc-sa/4.0/,Paul Marvin,2018-05-12,"male, song",4CD2DD0F2ED48EECB729A12DE69DB9E7F36ED3A322BBE36FA9324C5910DB9895
train,Northern Cardinal,northern_cardinal,Cardinalis,cardinalis,460742,460742-1.wav,wavfiles/460742-1.wav,//www.xeno-canto.org/460742,//creativecommons.org/licenses/by-nc-sa/4.0/,Paul Marvin,2018-05-12,"male, song",16BCC4D9658A83AF3EFDDD529E6F6484B913642EC003F2C013140CBCDC6EE725
train,Northern Cardinal,northern_cardinal,Cardinalis,cardinalis,460742,460742-10.wav,wavfiles/460742-10.wav,//www.xeno-canto.org/460742,//creativecommons.org/licenses/by-nc-sa/4.0/,Paul Marvin,2018-05-12,"male, song",66034FB8F403E5442C2A0E47F6A8A7FB0041BBC217843B5E2C29D77DEF34C12B
train,Northern Cardinal,northern_cardinal,Cardinalis,cardinalis,460742,460742-2.wav,wavfiles/460742-2.wav,//www.xeno-canto.org/460742,//creativecommons.org/licenses/by-nc-sa/4.0/,Paul Marvin,2018-05-12,"male, song",CB837F840380F0719134548A99B614C8501D541F1366F2C48B12820D7A41776A
train,Northern Cardinal,northern_cardinal,Cardinalis,cardinalis,460742,460742-3.wav,wavfiles/460742-3.wav,//www.xeno-canto.org/460742,//creativecommons.org/licenses/by-nc-sa/4.0/,Paul Marvin,2018-05-12,"male, song",5229851DEBA5CBBAF9CC70ABD356D775561CAF94DD6C7C68E530F81A837F3402
train,Northern Cardinal,northern_cardinal,Cardinalis,cardinalis,460742,460742-4.wav,wavfiles/460742-4.wav,//www.xeno-canto.org/460742,//creativecommons.org/licenses/by-nc-sa/4.0/,Paul Marvin,2018-05-12,"male, song",1DDA82A8FD7765A05B90973DB7E7A6E0B01FA93C6EC22852E3EA5277F8295A46
train,Northern Cardinal,northern_cardinal,Cardinalis,cardinalis,460742,460742-5.wav,wavfiles/460742-5.wav,//www.xeno-canto.org/460742,//creativecommons.org/licenses/by-nc-sa/4.0/,Paul Marvin,2018-05-12,"male, song",E3B76D638A73289BE7EED1489A2C843F578B53089DD8688F00F7F1E8BEED0BCE
train,Northern Cardinal,northern_cardinal,Cardinalis,cardinalis,460742,460742-6.wav,wavfiles/460742-6.wav,//www.xeno-canto.org/460742,//creativecommons.org/licenses/by-nc-sa/4.0/,Paul Marvin,2018-05-12,"male, song",D551EB873213ED4EE7BE88A268412D806D335521E35A656A541CB1590AA2B321
train,Northern Cardinal,northern_cardinal,Cardinalis,cardinalis,460742,460742-8.wav,wavfiles/460742-8.wav,//www.xeno-canto.org/460742,//creativecommons.org/licenses/by-nc-sa/4.0/,Paul Marvin,2018-05-12,"male, song",D85FD15431A1239848AB5ACD2E23650FC475D447CF8B30FD3F0B5C9B07A24DCE
train,Northern Cardinal,northern_cardinal,Cardinalis,cardinalis,460742,460742-9.wav,wavfiles/460742-9.wav,//www.xeno-canto.org/460742,//creativecommons.org/licenses/by-nc-sa/4.0/,Paul Marvin,2018-05-12,"male, song",7534B2412091E33DCBC57F0C4F5E7C938BDFA978FF24F406EE7E6B0D60E9EA16
train,Northern Cardinal,northern_cardinal,Cardinalis,cardinalis,463767,463767-0.wav,wavfiles/463767-0.wav,//www.xeno-canto.org/463767,//creativecommons.org/licenses/by-nc-sa/4.0/,Frank-Udo Tielmann,2018-03-31,"call, male, song",840A0A911B542882CB01C494FF9A12D38BBBB55604224F870B36080F648AD7C7
train,Northern Cardinal,northern_cardinal,Cardinalis,cardinalis,463767,463767-1.wav,wavfiles/463767-1.wav,//www.xeno-canto.org/463767,//creativecommons.org/licenses/by-nc-sa/4.0/,Frank-Udo Tielmann,2018-03-31,"call, male, song",A86F5EA30512DE7C86EE1BF5998DA23F3B10E0F2731D5581DD8F6AA96F3CAED2
train,Northern Cardinal,northern_cardinal,Cardinalis,cardinalis,463767,463767-10.wav,wavfiles/463767-10.wav,//www.xeno-canto.org/463767,//creativecommons.org/licenses/by-nc-sa/4.0/,Frank-Udo Tielmann,2018-03-31,"call, male, song",F2A070FBEADCEF8AD81700104BCCCA6974F02262FB50884740F2E1931E7C6C44
train,Northern Cardinal,northern_cardinal,Cardinalis,cardinalis,463767,463767-11.wav,wavfiles/463767-11.wav,//www.xeno-canto.org/463767,//creativecommons.org/licenses/by-nc-sa/4.0/,Frank-Udo Tielmann,2018-03-31,"call, male, song",B3CC3D604DE68580B39455E216E08B8D47E92D643024DBAD3362CD12C744B68F
train,Northern Cardinal,northern_cardinal,Cardinalis,cardinalis,463767,463767-12.wav,wavfiles/463767-12.wav,//www.xeno-canto.org/463767,//creativecommons.org/licenses/by-nc-sa/4.0/,Frank-Udo Tielmann,2018-03-31,"call, male, song",1FEE510213F99DECE6DB7810D455FE9D6C38E80B845D56841ED786F4D52C7E6C
train,Northern Cardinal,northern_cardinal,Cardinalis,cardinalis,463767,463767-13.wav,wavfiles/463767-13.wav,//www.xeno-canto.org/463767,//creativecommons.org/licenses/by-nc-sa/4.0/,Frank-Udo Tielmann,2018-03-31,"call, male, song",2D67F8E1419AB16CE7E773D63CE0297CFD8BB3A596A6DC879CE77CEA9B3D4BC2
train,Northern Cardinal,northern_cardinal,Cardinalis,cardinalis,463767,463767-2.wav,wavfiles/463767-2.wav,//www.xeno-canto.org/463767,//creativecommons.org/licenses/by-nc-sa/4.0/,Frank-Udo Tielmann,2018-03-31,"call, male, song",C84C4E9DB779086A9661E518D599AD7259E85DD9D948307D082B3FC05F255E0B
train,Northern Cardinal,northern_cardinal,Cardinalis,cardinalis,463767,463767-3.wav,wavfiles/463767-3.wav,//www.xeno-canto.org/463767,//creativecommons.org/licenses/by-nc-sa/4.0/,Frank-Udo Tielmann,2018-03-31,"call, male, song",F8F416443ABC23C6B31EA7D280CA7E54AB2522AC80709A0935EB4A34453C8927
train,Northern Cardinal,northern_cardinal,Cardinalis,cardinalis,463767,463767-4.wav,wavfiles/463767-4.wav,//www.xeno-canto.org/463767,//creativecommons.org/licenses/by-nc-sa/4.0/,Frank-Udo Tielmann,2018-03-31,"call, male, song",DD975895F551157101ACB5CF6EEF95BA6E41EB9743BC2219DE019024B4BF4D0C
train,Northern Cardinal,northern_cardinal,Cardinalis,cardinalis,463767,463767-5.wav,wavfiles/463767-5.wav,//www.xeno-canto.org/463767,//creativecommons.org/licenses/by-nc-sa/4.0/,Frank-Udo Tielmann,2018-03-31,"call, male, song",50BC6B8B14F95FDF4E57D060C7264C9EB47657D026FC723C406CE3734B174592
train,Northern Cardinal,northern_cardinal,Cardinalis,cardinalis,463767,463767-6.wav,wavfiles/463767-6.wav,//www.xeno-canto.org/463767,//creativecommons.org/licenses/by-nc-sa/4.0/,Frank-Udo Tielmann,2018-03-31,"call, male, song",D8CF068B1E1042AFA1B9182D3D45149F429E3B8CDC7ECE8F0F8014A2F4D06620
train,Northern Cardinal,northern_cardinal,Cardinalis,cardinalis,463767,463767-7.wav,wavfiles/463767-7.wav,//www.xeno-canto.org/463767,//creativecommons.org/licenses/by-nc-sa/4.0/,Frank-Udo Tielmann,2018-03-31,"call, male, song",F5D0ED6E4EE15689868FE26F988794B026026FE7B437D7E102DF820E90FE2A25
train,Northern Cardinal,northern_cardinal,Cardinalis,cardinalis,463767,463767-8.wav,wavfiles/463767-8.wav,//www.xeno-canto.org/463767,//creativecommons.org/licenses/by-nc-sa/4.0/,Frank-Udo Tielmann,2018-03-31,"call, male, song",D93E670494818C7323B7A624FC12FAFA4C0380599FC01B81679DBFB31EECA4DC
train,Northern Cardinal,northern_cardinal,Cardinalis,cardinalis,463767,463767-9.wav,wavfiles/463767-9.wav,//www.xeno-canto.org/463767,//creativecommons.org/licenses/by-nc-sa/4.0/,Frank-Udo Tielmann,2018-03-31,"call, male, song",0A9DBE8810876E816ECF5F15C9D87930ED5C19534726B7337836741AD864B248
train,Northern Cardinal,northern_cardinal,Cardinalis,cardinalis,464152,464152-0.wav,wavfiles/464152-0.wav,//www.xeno-canto.org/464152,//creativecommons.org/licenses/by-nc-sa/4.0/,Matt Wistrand,2019-03-30,"male, song",FBC61BE01BC300B4CD3C31B9417995CF34DD1DFD78C883420A06E3675EA94DA2
train,Northern Cardinal,northern_cardinal,Cardinalis,cardinalis,464152,464152-1.wav,wavfiles/464152-1.wav,//www.xeno-canto.org/464152,//creativecommons.org/licenses/by-nc-sa/4.0/,Matt Wistrand,2019-03-30,"male, song",BFBDC9BD8F4C6B5D778F92FA5B9FA2D1B02F3C6AD97047B90848E732CDC32879
train,Northern Cardinal,northern_cardinal,Cardinalis,cardinalis,464152,464152-10.wav,wavfiles/464152-10.wav,//www.xeno-canto.org/464152,//creativecommons.org/licenses/by-nc-sa/4.0/,Matt Wistrand,2019-03-30,"male, song",2E6D45B5C717F36B5153226BDA555238877C4291B7A51300950D908C6D87F963
train,Northern Cardinal,northern_cardinal,Cardinalis,cardinalis,464152,464152-11.wav,wavfiles/464152-11.wav,//www.xeno-canto.org/464152,//creativecommons.org/licenses/by-nc-sa/4.0/,Matt Wistrand,2019-03-30,"male, song",320C0822CE2E5C1E61A40A5FFAFC965E437FDAF68098EA08F9F3E25F3AB554F9
train,Northern Cardinal,northern_cardinal,Cardinalis,cardinalis,464152,464152-12.wav,wavfiles/464152-12.wav,//www.xeno-canto.org/464152,//creativecommons.org/licenses/by-nc-sa/4.0/,Matt Wistrand,2019-03-30,"male, song",576D4DEEFEDE948227403D86551202CDAE1CA356FFEC21CEB2AD335EAA0D515B
train,Northern Cardinal,northern_cardinal,Cardinalis,cardinalis,464152,464152-13.wav,wavfiles/464152-13.wav,//www.xeno-canto.org/464152,//creativecommons.org/licenses/by-nc-sa/4.0/,Matt Wistrand,2019-03-30,"male, song",0886A3C91AB67D73E2656C74B3C5CE7197DEF357CC3F1E4A2CBDC39ED644F27A
train,Northern Cardinal,northern_cardinal,Cardinalis,cardinalis,464152,464152-2.wav,wavfiles/464152-2.wav,//www.xeno-canto.org/464152,//creativecommons.org/licenses/by-nc-sa/4.0/,Matt Wistrand,2019-03-30,"male, song",E884DF5F3AB09E57DC402919DE43DB2C7F875412E49357A69FAF16B817A16AEA
train,Northern Cardinal,northern_cardinal,Cardinalis,cardinalis,464152,464152-3.wav,wavfiles/464152-3.wav,//www.xeno-canto.org/464152,//creativecommons.org/licenses/by-nc-sa/4.0/,Matt Wistrand,2019-03-30,"male, song",44372AD4BA5EB2B6744658E5B3C510D24EC2D3081FCAEC75DFA8FEA624223723
train,Northern Cardinal,northern_cardinal,Cardinalis,cardinalis,464152,464152-5.wav,wavfiles/464152-5.wav,//www.xeno-canto.org/464152,//creativecommons.org/licenses/by-nc-sa/4.0/,Matt Wistrand,2019-03-30,"male, song",F6C80BEF438C781392521CD763C42CD426C909F01FF6E6392E22DFD8A495A3F4
train,Northern Cardinal,northern_cardinal,Cardinalis,cardinalis,464152,464152-6.wav,wavfiles/464152-6.wav,//www.xeno-canto.org/464152,//creativecommons.org/licenses/by-nc-sa/4.0/,Matt Wistrand,2019-03-30,"male, song",DEFED9CF255B22A5CD932AEDE2E529AA9F27DFB8F617A0A5E0B2FB68A67D957F
train,Northern Cardinal,northern_cardinal,Cardinalis,cardinalis,464152,464152-7.wav,wavfiles/464152-7.wav,//www.xeno-canto.org/464152,//creativecommons.org/licenses/by-nc-sa/4.0/,Matt Wistrand,2019-03-30,"male, song",3ED4C4063A30740BF37006E8F23BDBCA7D2D44F9EB3FC75FE0CBDB3CD192E6E9
train,Northern Cardinal,northern_cardinal,Cardinalis,cardinalis,464152,464152-8.wav,wavfiles/464152-8.wav,//www.xeno-canto.org/464152,//creativecommons.org/licenses/by-nc-sa/4.0/,Matt Wistrand,2019-03-30,"male, song",D232C61E8240094D32E83EDF2E556482C124F1430614AF4B3F87E1552EC679D2
train,Northern Cardinal,northern_cardinal,Cardinalis,cardinalis,464152,464152-9.wav,wavfiles/464152-9.wav,//www.xeno-canto.org/464152,//creativecommons.org/licenses/by-nc-sa/4.0/,Matt Wistrand,2019-03-30,"male, song",ABFC4930512369774CABEAE4ABABA0D06CE975986C3849BCC1D5619F2D1E6137
train,Northern Cardinal,northern_cardinal,Cardinalis,cardinalis,466178,466178-0.wav,wavfiles/466178-0.wav,//www.xeno-canto.org/466178,//creativecommons.org/licenses/by-nc-sa/4.0/,Bobby Wilcox,2019-03-24,"male, song",CE4610E09EFC44634B392F9C3CF2005EBBFB2757EB60ACE0AF6BBA35861DAFD3
train,Northern Cardinal,northern_cardinal,Cardinalis,cardinalis,466178,466178-1.wav,wavfiles/466178-1.wav,//www.xeno-canto.org/466178,//creativecommons.org/licenses/by-nc-sa/4.0/,Bobby Wilcox,2019-03-24,"male, song",040D89A7A2E744830956E299E713F4D77C027DA501A43C9701E63C511B8F7C6A
train,Northern Cardinal,northern_cardinal,Cardinalis,cardinalis,466178,466178-10.wav,wavfiles/466178-10.wav,//www.xeno-canto.org/466178,//creativecommons.org/licenses/by-nc-sa/4.0/,Bobby Wilcox,2019-03-24,"male, song",C02993FDE5EBA0F2EC3F87C13186590FDEFE1E5F307108023B5D5701D27CC804
train,Northern Cardinal,northern_cardinal,Cardinalis,cardinalis,466178,466178-2.wav,wavfiles/466178-2.wav,//www.xeno-canto.org/466178,//creativecommons.org/licenses/by-nc-sa/4.0/,Bobby Wilcox,2019-03-24,"male, song",5CD04F08072A983D089C1B4A0B12C8D80D6D9898ED906720D1BC5AA881658FFC
train,Northern Cardinal,northern_cardinal,Cardinalis,cardinalis,466178,466178-3.wav,wavfiles/466178-3.wav,//www.xeno-canto.org/466178,//creativecommons.org/licenses/by-nc-sa/4.0/,Bobby Wilcox,2019-03-24,"male, song",95CE311900668A5C851965E7E07E0B61CC571C3B3299BD7A764E2C5BDCB109B7
train,Northern Cardinal,northern_cardinal,Cardinalis,cardinalis,466178,466178-4.wav,wavfiles/466178-4.wav,//www.xeno-canto.org/466178,//creativecommons.org/licenses/by-nc-sa/4.0/,Bobby Wilcox,2019-03-24,"male, song",C620D8ECBDFC5BFB21C8023F1AEF557D5EAA6C4FF8FB8FC9BADE07CE2BB680E9
train,Northern Cardinal,northern_cardinal,Cardinalis,cardinalis,466178,466178-5.wav,wavfiles/466178-5.wav,//www.xeno-canto.org/466178,//creativecommons.org/licenses/by-nc-sa/4.0/,Bobby Wilcox,2019-03-24,"male, song",A09BDFB05C9056E8A252FD3AAF775D7A499717885465BBD03B99AE0C4827E83B
train,Northern Cardinal,northern_cardinal,Cardinalis,cardinalis,466178,466178-6.wav,wavfiles/466178-6.wav,//www.xeno-canto.org/466178,//creativecommons.org/licenses/by-nc-sa/4.0/,Bobby Wilcox,2019-03-24,"male, song",0ACBD3395EC50E44BFDE056E10C684E24092235B01B6A24D36AA39852FCF4C97
train,Northern Cardinal,northern_cardinal,Cardinalis,cardinalis,466178,466178-7.wav,wavfiles/466178-7.wav,//www.xeno-canto.org/466178,//creativecommons.org/licenses/by-nc-sa/4.0/,Bobby Wilcox,2019-03-24,"male, song",379D43205BBDB48B2BA3B1B1E0E3F74E0AC3AC5FBE60DE08967417F58F4DD567
train,Northern Cardinal,northern_cardinal,Cardinalis,cardinalis,466178,466178-8.wav,wavfiles/466178-8.wav,//www.xeno-canto.org/466178,//creativecommons.org/licenses/by-nc-sa/4.0/,Bobby Wilcox,2019-03-24,"male, song",C3FBFA307A6278C56DAC41FC9FE059D7274F43A4FA87BFE1F3F70C9D1AF10275
train,Northern Cardinal,northern_cardinal,Cardinalis,cardinalis,466178,466178-9.wav,wavfiles/466178-9.wav,//www.xeno-canto.org/466178,//creativecommons.org/licenses/by-nc-sa/4.0/,Bobby Wilcox,2019-03-24,"male, song",1F1C4461A2AF2E871EC03CDA6E1BD49466B0A36AC3792B98FF1E3B1184DFB02A
train,Northern Cardinal,northern_cardinal,Cardinalis,cardinalis,466697,466697-0.wav,wavfiles/466697-0.wav,//www.xeno-canto.org/466697,//creativecommons.org/licenses/by-nc-sa/4.0/,Brian Hendrix,2019-04-14,song,865E7FC845AFBBD711AB28556D03DC63BF24F601BB7E3C2C32A48E750DAFA920
train,Northern Cardinal,northern_cardinal,Cardinalis,cardinalis,466697,466697-1.wav,wavfiles/466697-1.wav,//www.xeno-canto.org/466697,//creativecommons.org/licenses/by-nc-sa/4.0/,Brian Hendrix,2019-04-14,song,BFD10F0A9B2FE869ED11F0D393BA550A054BF6187086542C7FEDF0FD01A04F81
train,Northern Cardinal,northern_cardinal,Cardinalis,cardinalis,466697,466697-10.wav,wavfiles/466697-10.wav,//www.xeno-canto.org/466697,//creativecommons.org/licenses/by-nc-sa/4.0/,Brian Hendrix,2019-04-14,song,96098FA346E1992349D723E04FED24457A457B9279E58B6D545865FC6936C00E
train,Northern Cardinal,northern_cardinal,Cardinalis,cardinalis,466697,466697-12.wav,wavfiles/466697-12.wav,//www.xeno-canto.org/466697,//creativecommons.org/licenses/by-nc-sa/4.0/,Brian Hendrix,2019-04-14,song,861B6E17F8C5E536B860FD91D09672B92AAACBBD4EDFEB7C12A05CBD4355E504
train,Northern Cardinal,northern_cardinal,Cardinalis,cardinalis,466697,466697-2.wav,wavfiles/466697-2.wav,//www.xeno-canto.org/466697,//creativecommons.org/licenses/by-nc-sa/4.0/,Brian Hendrix,2019-04-14,song,5B43173A126F2C93E10D8C3C162951CE4F7EE6C68AF733B35DEAB44194D288C1
train,Northern Cardinal,northern_cardinal,Cardinalis,cardinalis,466697,466697-3.wav,wavfiles/466697-3.wav,//www.xeno-canto.org/466697,//creativecommons.org/licenses/by-nc-sa/4.0/,Brian Hendrix,2019-04-14,song,EA533FE88D796077BF8BD0DAD455A44D12DA1A0118633878E4BC674192ACE837
train,Northern Cardinal,northern_cardinal,Cardinalis,cardinalis,466697,466697-4.wav,wavfiles/466697-4.wav,//www.xeno-canto.org/466697,//creativecommons.org/licenses/by-nc-sa/4.0/,Brian Hendrix,2019-04-14,song,7720A1ABEDB0A8D78BBF094A8247BF2B2478D1D6649A5A8622C92C0BB583AD05
train,Northern Cardinal,northern_cardinal,Cardinalis,cardinalis,466697,466697-5.wav,wavfiles/466697-5.wav,//www.xeno-canto.org/466697,//creativecommons.org/licenses/by-nc-sa/4.0/,Brian Hendrix,2019-04-14,song,455521B220761103C07E1DA225911C97944943BC5EABE2A2E0286EDFF6072EC0
train,Northern Cardinal,northern_cardinal,Cardinalis,cardinalis,466697,466697-6.wav,wavfiles/466697-6.wav,//www.xeno-canto.org/466697,//creativecommons.org/licenses/by-nc-sa/4.0/,Brian Hendrix,2019-04-14,song,DF3043BA8BE5E93E81A7B0AC46B28C32110E8BF87EC163E98BB8BE6F96706A4A
train,Northern Cardinal,northern_cardinal,Cardinalis,cardinalis,466697,466697-7.wav,wavfiles/466697-7.wav,//www.xeno-canto.org/466697,//creativecommons.org/licenses/by-nc-sa/4.0/,Brian Hendrix,2019-04-14,song,BF3582E7A5BD7D5D2BB83CF3D84F43A871EE605D73C2195344FBF4E13D7FA023
train,Northern Cardinal,northern_cardinal,Cardinalis,cardinalis,466697,466697-8.wav,wavfiles/466697-8.wav,//www.xeno-canto.org/466697,//creativecommons.org/licenses/by-nc-sa/4.0/,Brian Hendrix,2019-04-14,song,049853BED16EF91BFE0478B6CDC4C5676A75A4CA9F07887953031A0DCEC4B99E
train,Northern Cardinal,northern_cardinal,Cardinalis,cardinalis,466697,466697-9.wav,wavfiles/466697-9.wav,//www.xeno-canto.org/466697,//creativecommons.org/licenses/by-nc-sa/4.0/,Brian Hendrix,2019-04-14,song,13A60E9BF38DDACCD574D256750C2A7EF0660DB46D72EB18077A01D286E2A403
train,Northern Cardinal,northern_cardinal,Cardinalis,cardinalis,469588,469588-0.wav,wavfiles/469588-0.wav,//www.xeno-canto.org/469588,//creativecommons.org/licenses/by-nc-sa/4.0/,Rolf A. de By,2000-05-16,song,74AE27B80143C4CE740B2C522849F6BFF96ECF4FD4D01F11F22660577C04DDAB
train,Northern Cardinal,northern_cardinal,Cardinalis,cardinalis,469588,469588-1.wav,wavfiles/469588-1.wav,//www.xeno-canto.org/469588,//creativecommons.org/licenses/by-nc-sa/4.0/,Rolf A. de By,2000-05-16,song,81E829C672E27964A9205CC51A9229BA1B609C767E86A9A9E1BF00843D0085F1
train,Northern Cardinal,northern_cardinal,Cardinalis,cardinalis,469588,469588-10.wav,wavfiles/469588-10.wav,//www.xeno-canto.org/469588,//creativecommons.org/licenses/by-nc-sa/4.0/,Rolf A. de By,2000-05-16,song,B850C82909FEAF44036B66C41E02C6E198632DE3D1A207C47A93BDCB879C7D65
train,Northern Cardinal,northern_cardinal,Cardinalis,cardinalis,469588,469588-11.wav,wavfiles/469588-11.wav,//www.xeno-canto.org/469588,//creativecommons.org/licenses/by-nc-sa/4.0/,Rolf A. de By,2000-05-16,song,487B85102B48B2622B6C54F6317937C30A00AE911377C0ABA00783951F184EFE
train,Northern Cardinal,northern_cardinal,Cardinalis,cardinalis,469588,469588-2.wav,wavfiles/469588-2.wav,//www.xeno-canto.org/469588,//creativecommons.org/licenses/by-nc-sa/4.0/,Rolf A. de By,2000-05-16,song,79610EC2A0A366BE99E4520163673597E58FD76FE40F410E88D66055A350ED9E
train,Northern Cardinal,northern_cardinal,Cardinalis,cardinalis,469588,469588-3.wav,wavfiles/469588-3.wav,//www.xeno-canto.org/469588,//creativecommons.org/licenses/by-nc-sa/4.0/,Rolf A. de By,2000-05-16,song,406FA7E33A825E96BC9F98035C608536DB2C779AA440DA75E6E60BB3CE81168A
train,Northern Cardinal,northern_cardinal,Cardinalis,cardinalis,469588,469588-4.wav,wavfiles/469588-4.wav,//www.xeno-canto.org/469588,//creativecommons.org/licenses/by-nc-sa/4.0/,Rolf A. de By,2000-05-16,song,EF498627306BF3194AA5442D12293300DACEBFC8222DB0D708DCCB51104C7E7E
train,Northern Cardinal,northern_cardinal,Cardinalis,cardinalis,469588,469588-5.wav,wavfiles/469588-5.wav,//www.xeno-canto.org/469588,//creativecommons.org/licenses/by-nc-sa/4.0/,Rolf A. de By,2000-05-16,song,DA195A183A6C991C6A76C7D1BE05324D48F40740D7C5001AFDBF36DDAD46C7A2
train,Northern Cardinal,northern_cardinal,Cardinalis,cardinalis,469588,469588-6.wav,wavfiles/469588-6.wav,//www.xeno-canto.org/469588,//creativecommons.org/licenses/by-nc-sa/4.0/,Rolf A. de By,2000-05-16,song,2A18A6E4AE41595DFB2A1430EC111C9BD420B8F2F15917AA89C0390D8C9E891F
train,Northern Cardinal,northern_cardinal,Cardinalis,cardinalis,469588,469588-7.wav,wavfiles/469588-7.wav,//www.xeno-canto.org/469588,//creativecommons.org/licenses/by-nc-sa/4.0/,Rolf A. de By,2000-05-16,song,B82D019C376341F45E3A1196A48B2ED56F5A3B56610DEF29B97B57B6620D6092
train,Northern Cardinal,northern_cardinal,Cardinalis,cardinalis,469588,469588-8.wav,wavfiles/469588-8.wav,//www.xeno-canto.org/469588,//creativecommons.org/licenses/by-nc-sa/4.0/,Rolf A. de By,2000-05-16,song,1A4CC63BA8006B66D339A074C6BE9F4B6C82B06F01C7BC82F7BDF1739A8C34CC
train,Northern Cardinal,northern_cardinal,Cardinalis,cardinalis,469588,469588-9.wav,wavfiles/469588-9.wav,//www.xeno-canto.org/469588,//creativecommons.org/licenses/by-nc-sa/4.0/,Rolf A. de By,2000-05-16,song,BAF30DF20A4AFE1200550ABF26F7CC10DC637366202782E96E008CF0A90DECC9
train,Northern Cardinal,northern_cardinal,Cardinalis,cardinalis,470299,470299-0.wav,wavfiles/470299-0.wav,//www.xeno-canto.org/470299,//creativecommons.org/licenses/by-nc-sa/4.0/,Pat Goltz,2019-05-02,"male, song",D013657E2C72FB414DD685BF7C4F3593B2F2F244F9D651485DEF5F704082370C
train,Northern Cardinal,northern_cardinal,Cardinalis,cardinalis,470299,470299-1.wav,wavfiles/470299-1.wav,//www.xeno-canto.org/470299,//creativecommons.org/licenses/by-nc-sa/4.0/,Pat Goltz,2019-05-02,"male, song",4842EF0D45056961FA226441CDADF6A7712025FDA8232EFC50758976A65E185F
train,Northern Cardinal,northern_cardinal,Cardinalis,cardinalis,470299,470299-11.wav,wavfiles/470299-11.wav,//www.xeno-canto.org/470299,//creativecommons.org/licenses/by-nc-sa/4.0/,Pat Goltz,2019-05-02,"male, song",9DF1F0C67F49CF2CFADA10FC2A089F1E0B688D898AC7F2896C1D820B2887D2B6
train,Northern Cardinal,northern_cardinal,Cardinalis,cardinalis,470299,470299-12.wav,wavfiles/470299-12.wav,//www.xeno-canto.org/470299,//creativecommons.org/licenses/by-nc-sa/4.0/,Pat Goltz,2019-05-02,"male, song",4D24CB42CD40CF0E24FCFB91786A4948FECF0678C3C4547E2A0A9BDC44198783
train,Northern Cardinal,northern_cardinal,Cardinalis,cardinalis,470299,470299-2.wav,wavfiles/470299-2.wav,//www.xeno-canto.org/470299,//creativecommons.org/licenses/by-nc-sa/4.0/,Pat Goltz,2019-05-02,"male, song",FA97B97B3445CBFA51B760840C133990A1E8319622DB44279B1EDEC617B3C140
train,Northern Cardinal,northern_cardinal,Cardinalis,cardinalis,470299,470299-3.wav,wavfiles/470299-3.wav,//www.xeno-canto.org/470299,//creativecommons.org/licenses/by-nc-sa/4.0/,Pat Goltz,2019-05-02,"male, song",CAD5321D92B2B46517BF4CC184471021E705735EC101D1737D39FA870C6D593A
train,Northern Cardinal,northern_cardinal,Cardinalis,cardinalis,470299,470299-4.wav,wavfiles/470299-4.wav,//www.xeno-canto.org/470299,//creativecommons.org/licenses/by-nc-sa/4.0/,Pat Goltz,2019-05-02,"male, song",6B463F4A0C3249A8B3CF6B20BF5AB14812776A9FE077834AF9B9973849B658EC
train,Northern Cardinal,northern_cardinal,Cardinalis,cardinalis,470299,470299-5.wav,wavfiles/470299-5.wav,//www.xeno-canto.org/470299,//creativecommons.org/licenses/by-nc-sa/4.0/,Pat Goltz,2019-05-02,"male, song",073829476163367FAB9CB8388480C1CEB2A7DF55AB3B032A5EB5D6BBA15638C5
train,Northern Cardinal,northern_cardinal,Cardinalis,cardinalis,470299,470299-6.wav,wavfiles/470299-6.wav,//www.xeno-canto.org/470299,//creativecommons.org/licenses/by-nc-sa/4.0/,Pat Goltz,2019-05-02,"male, song",369988035385779257A161BC8665290AE15DCD18062DFC7FF0B9C8D8396B3268
train,Northern Cardinal,northern_cardinal,Cardinalis,cardinalis,470299,470299-7.wav,wavfiles/470299-7.wav,//www.xeno-canto.org/470299,//creativecommons.org/licenses/by-nc-sa/4.0/,Pat Goltz,2019-05-02,"male, song",5076CD5EBAA81C27891CB0B41DF303A44A2F24C2DF7E6703330A0A820056A9E8
train,Northern Cardinal,northern_cardinal,Cardinalis,cardinalis,470299,470299-8.wav,wavfiles/470299-8.wav,//www.xeno-canto.org/470299,//creativecommons.org/licenses/by-nc-sa/4.0/,Pat Goltz,2019-05-02,"male, song",E6C683E5B6C527246AC7355012474D7B7DEB695E05A7FB49481FADF0B1A242FB
train,Northern Cardinal,northern_cardinal,Cardinalis,cardinalis,483878,483878-0.wav,wavfiles/483878-0.wav,//www.xeno-canto.org/483878,//creativecommons.org/licenses/by-nc-sa/4.0/,Barry Edmonston,2019-06-16,song,5A67A69CBD4CE9C390F24D7AD1D12256404B95F5CC2ED2B8CA62DBC611507D5E
train,Northern Cardinal,northern_cardinal,Cardinalis,cardinalis,483878,483878-1.wav,wavfiles/483878-1.wav,//www.xeno-canto.org/483878,//creativecommons.org/licenses/by-nc-sa/4.0/,Barry Edmonston,2019-06-16,song,1942EFF8DC861CE5DFA043FD9C1709EFAFEBA680E7D553CD0141875957C211D5
train,Northern Cardinal,northern_cardinal,Cardinalis,cardinalis,483878,483878-10.wav,wavfiles/483878-10.wav,//www.xeno-canto.org/483878,//creativecommons.org/licenses/by-nc-sa/4.0/,Barry Edmonston,2019-06-16,song,BBB0BB0A344343C5C001813368EA638D1D4EA5599B4D4850C02D5BB4FCA891DB
train,Northern Cardinal,northern_cardinal,Cardinalis,cardinalis,483878,483878-2.wav,wavfiles/483878-2.wav,//www.xeno-canto.org/483878,//creativecommons.org/licenses/by-nc-sa/4.0/,Barry Edmonston,2019-06-16,song,1E210D0F39B56EB9874B7DC635C08C33DFF18E55974C327A4F7DB5C7607B49B0
train,Northern Cardinal,northern_cardinal,Cardinalis,cardinalis,483878,483878-3.wav,wavfiles/483878-3.wav,//www.xeno-canto.org/483878,//creativecommons.org/licenses/by-nc-sa/4.0/,Barry Edmonston,2019-06-16,song,7E634B4C849AE1C4538101226630DDC965EAFD1B6FE0D205FE45B8DFB754DC7C
train,Northern Cardinal,northern_cardinal,Cardinalis,cardinalis,483878,483878-4.wav,wavfiles/483878-4.wav,//www.xeno-canto.org/483878,//creativecommons.org/licenses/by-nc-sa/4.0/,Barry Edmonston,2019-06-16,song,46B82FEF90910E4403B816B77D23CEDDCD4257538E51B35BE37233628A7898A4
train,Northern Cardinal,northern_cardinal,Cardinalis,cardinalis,483878,483878-5.wav,wavfiles/483878-5.wav,//www.xeno-canto.org/483878,//creativecommons.org/licenses/by-nc-sa/4.0/,Barry Edmonston,2019-06-16,song,01AEEB26AEF1977A505C8CEB4707C294390E1736E83E7A18EE5CB25F76DEABB9
train,Northern Cardinal,northern_cardinal,Cardinalis,cardinalis,483878,483878-6.wav,wavfiles/483878-6.wav,//www.xeno-canto.org/483878,//creativecommons.org/licenses/by-nc-sa/4.0/,Barry Edmonston,2019-06-16,song,396DA9F2D457482582963881B4F95D866A75E1BDB2F012137DCBC7C7B171D2D7
train,Northern Cardinal,northern_cardinal,Cardinalis,cardinalis,483878,483878-7.wav,wavfiles/483878-7.wav,//www.xeno-canto.org/483878,//creativecommons.org/licenses/by-nc-sa/4.0/,Barry Edmonston,2019-06-16,song,1980EADF92B3CA7FD7C6B75407062793777234D1A928F3E25F29C2D2DE3B23DE
train,Northern Cardinal,northern_cardinal,Cardinalis,cardinalis,483878,483878-8.wav,wavfiles/483878-8.wav,//www.xeno-canto.org/483878,//creativecommons.org/licenses/by-nc-sa/4.0/,Barry Edmonston,2019-06-16,song,DDC05EC41B319D6498EBBA553E848568900E9E62A122862B69652AC5D21E94D1
train,Northern Cardinal,northern_cardinal,Cardinalis,cardinalis,483878,483878-9.wav,wavfiles/483878-9.wav,//www.xeno-canto.org/483878,//creativecommons.org/licenses/by-nc-sa/4.0/,Barry Edmonston,2019-06-16,song,A7EDBCE817786D833679F9D3F71456EBB2E0E2378841692D3C36319136A10276
train,Northern Cardinal,northern_cardinal,Cardinalis,cardinalis,544966,544966-0.wav,wavfiles/544966-0.wav,//www.xeno-canto.org/544966,//creativecommons.org/licenses/by-nc-sa/4.0/,Jim Berry,2020-04-12,"adult, sex uncertain, song",92C07A6ACC2BF26A16A3FB9863FC95D66CA1EF3AB42923A63A428DE1164E558B
train,Northern Cardinal,northern_cardinal,Cardinalis,cardinalis,544966,544966-1.wav,wavfiles/544966-1.wav,//www.xeno-canto.org/544966,//creativecommons.org/licenses/by-nc-sa/4.0/,Jim Berry,2020-04-12,"adult, sex uncertain, song",0E51FBCEAC0CB33007E666F5C06383C8FDC7C119E6052AD07C4E9D12BBE6C424
train,Northern Cardinal,northern_cardinal,Cardinalis,cardinalis,544966,544966-10.wav,wavfiles/544966-10.wav,//www.xeno-canto.org/544966,//creativecommons.org/licenses/by-nc-sa/4.0/,Jim Berry,2020-04-12,"adult, sex uncertain, song",324FB10F61FC60D1EF3A0E30B636EF3FD440737A41EA352173C215BFD9B81896
train,Northern Cardinal,northern_cardinal,Cardinalis,cardinalis,544966,544966-11.wav,wavfiles/544966-11.wav,//www.xeno-canto.org/544966,//creativecommons.org/licenses/by-nc-sa/4.0/,Jim Berry,2020-04-12,"adult, sex uncertain, song",BC0BDFC58C64EFCBB38847BA9E8ACA0A2016705F822EA1E2DDF4B4902CE1618C
train,Northern Cardinal,northern_cardinal,Cardinalis,cardinalis,544966,544966-12.wav,wavfiles/544966-12.wav,//www.xeno-canto.org/544966,//creativecommons.org/licenses/by-nc-sa/4.0/,Jim Berry,2020-04-12,"adult, sex uncertain, song",5A2A9E84E6E959DF7126C3AE12C8D906D4B8E40FB42F1C9524422674400ED2C4
train,Northern Cardinal,northern_cardinal,Cardinalis,cardinalis,544966,544966-2.wav,wavfiles/544966-2.wav,//www.xeno-canto.org/544966,//creativecommons.org/licenses/by-nc-sa/4.0/,Jim Berry,2020-04-12,"adult, sex uncertain, song",7A18DA86BDDFB1313BDD6493454809C8A5E5DA07F4A98AC62E369339F9976E4A
train,Northern Cardinal,northern_cardinal,Cardinalis,cardinalis,544966,544966-3.wav,wavfiles/544966-3.wav,//www.xeno-canto.org/544966,//creativecommons.org/licenses/by-nc-sa/4.0/,Jim Berry,2020-04-12,"adult, sex uncertain, song",9CA39C84CFFBAF42D97B7C9FA7CE721B5FC14927A7D98AF898D0DB2D8E206BFE
train,Northern Cardinal,northern_cardinal,Cardinalis,cardinalis,544966,544966-4.wav,wavfiles/544966-4.wav,//www.xeno-canto.org/544966,//creativecommons.org/licenses/by-nc-sa/4.0/,Jim Berry,2020-04-12,"adult, sex uncertain, song",F94B178582351DBFC30C3CBD503F6CF82B5EE5E064AB1238023F9F443826D658
train,Northern Cardinal,northern_cardinal,Cardinalis,cardinalis,544966,544966-5.wav,wavfiles/544966-5.wav,//www.xeno-canto.org/544966,//creativecommons.org/licenses/by-nc-sa/4.0/,Jim Berry,2020-04-12,"adult, sex uncertain, song",F8A507A8294B154B0A60228211B1B9937481A3092B6DD821FDB22ECFBEE4901A
train,Northern Cardinal,northern_cardinal,Cardinalis,cardinalis,544966,544966-7.wav,wavfiles/544966-7.wav,//www.xeno-canto.org/544966,//creativecommons.org/licenses/by-nc-sa/4.0/,Jim Berry,2020-04-12,"adult, sex uncertain, song",2F80C98A17573EC12DE467D0BADEEEB5A570D4F3056BB6679F692421D91909C7
train,Northern Cardinal,northern_cardinal,Cardinalis,cardinalis,544966,544966-8.wav,wavfiles/544966-8.wav,//www.xeno-canto.org/544966,//creativecommons.org/licenses/by-nc-sa/4.0/,Jim Berry,2020-04-12,"adult, sex uncertain, song",549F7037FD97C7000BA31BABFA188C5543F34495D7E442D858017D6BD54A7A9E
train,Northern Cardinal,northern_cardinal,Cardinalis,cardinalis,544966,544966-9.wav,wavfiles/544966-9.wav,//www.xeno-canto.org/544966,//creativecommons.org/licenses/by-nc-sa/4.0/,Jim Berry,2020-04-12,"adult, sex uncertain, song",9863B490B6D71A8946EDB24A5E7F94DD97BB285CC0DFDFE8326847127112A74E
train,Northern Cardinal,northern_cardinal,Cardinalis,cardinalis,559279,559279-0.wav,wavfiles/559279-0.wav,//www.xeno-canto.org/559279,//creativecommons.org/licenses/by-nc-sa/4.0/,Jim Berry,2020-05-16,"adult, male, song",BF9C4DDC06008A5FC753C98D999CB5F072FA4E3D8095EE749AA51B04948C24A1
train,Northern Cardinal,northern_cardinal,Cardinalis,cardinalis,559279,559279-1.wav,wavfiles/559279-1.wav,//www.xeno-canto.org/559279,//creativecommons.org/licenses/by-nc-sa/4.0/,Jim Berry,2020-05-16,"adult, male, song",6CCB4AD3D4FC0E1CB182DA197AD4B3DDCBDB6679E7DA347172808F4EEBB197CA
train,Northern Cardinal,northern_cardinal,Cardinalis,cardinalis,559279,559279-10.wav,wavfiles/559279-10.wav,//www.xeno-canto.org/559279,//creativecommons.org/licenses/by-nc-sa/4.0/,Jim Berry,2020-05-16,"adult, male, song",DCEE27FD1A8154F4279E0B892766F6239041702968D8B4A5E03D987402C55D4C
train,Northern Cardinal,northern_cardinal,Cardinalis,cardinalis,559279,559279-2.wav,wavfiles/559279-2.wav,//www.xeno-canto.org/559279,//creativecommons.org/licenses/by-nc-sa/4.0/,Jim Berry,2020-05-16,"adult, male, song",B9A96BC6BEF24490DBC19409CEDBDF4A5FDE09D09DB5F3426926A6A70A99B2E3
train,Northern Cardinal,northern_cardinal,Cardinalis,cardinalis,559279,559279-3.wav,wavfiles/559279-3.wav,//www.xeno-canto.org/559279,//creativecommons.org/licenses/by-nc-sa/4.0/,Jim Berry,2020-05-16,"adult, male, song",ED645EF04990252AF97BF1571CDFA23FDFE14E28655B0965D11A073BD619888A
train,Northern Cardinal,northern_cardinal,Cardinalis,cardinalis,559279,559279-4.wav,wavfiles/559279-4.wav,//www.xeno-canto.org/559279,//creativecommons.org/licenses/by-nc-sa/4.0/,Jim Berry,2020-05-16,"adult, male, song",8338F023B53B1A27BABD0730291487A60666F6F6F5139745A3B603352C8EC9D0
train,Northern Cardinal,northern_cardinal,Cardinalis,cardinalis,559279,559279-5.wav,wavfiles/559279-5.wav,//www.xeno-canto.org/559279,//creativecommons.org/licenses/by-nc-sa/4.0/,Jim Berry,2020-05-16,"adult, male, song",55640C47297FB6B2D72C61AE8FFB9F8C2715C0016C5DD7B3107C3E5D9E092279
train,Northern Cardinal,northern_cardinal,Cardinalis,cardinalis,559279,559279-6.wav,wavfiles/559279-6.wav,//www.xeno-canto.org/559279,//creativecommons.org/licenses/by-nc-sa/4.0/,Jim Berry,2020-05-16,"adult, male, song",CEFA519ED05399AC45C7B7975EAAFD73E2F62821367A3AF1CE4E21CEC1120FDA
train,Northern Cardinal,northern_cardinal,Cardinalis,cardinalis,559279,559279-7.wav,wavfiles/559279-7.wav,//www.xeno-canto.org/559279,//creativecommons.org/licenses/by-nc-sa/4.0/,Jim Berry,2020-05-16,"adult, male, song",6E4BC768B7A9415CEFC75975F86C7E4643AEF4C7D9EFE15AC40B13BEF73B8E7B
train,Northern Cardinal,northern_cardinal,Cardinalis,cardinalis,559279,559279-8.wav,wavfiles/559279-8.wav,//www.xeno-canto.org/559279,//creativecommons.org/licenses/by-nc-sa/4.0/,Jim Berry,2020-05-16,"adult, male, song",009C4E7B3A5D8A8F4D7F295C944EB59E4EC4833C894E6CC4A558F3E1C8068D17
train,Northern Cardinal,northern_cardinal,Cardinalis,cardinalis,559279,559279-9.wav,wavfiles/559279-9.wav,//www.xeno-canto.org/559279,//creativecommons.org/licenses/by-nc-sa/4.0/,Jim Berry,2020-05-16,"adult, male, song",5F100AF78CD888AF5DB1C9A6B11A3297789E0807122F6E0B75783D8ADE4ED8D0
train,Northern Cardinal,northern_cardinal,Cardinalis,cardinalis,559516,559516-0.wav,wavfiles/559516-0.wav,//www.xeno-canto.org/559516,//creativecommons.org/licenses/by-nc-sa/4.0/,Jim Berry,2020-05-18,"adult, call, sex uncertain, song",CC4BD69FAB8375D295B3477CCEA6D5346BDE503ABBE34A48CDC1823F896B6FFE
train,Northern Cardinal,northern_cardinal,Cardinalis,cardinalis,559516,559516-1.wav,wavfiles/559516-1.wav,//www.xeno-canto.org/559516,//creativecommons.org/licenses/by-nc-sa/4.0/,Jim Berry,2020-05-18,"adult, call, sex uncertain, song",B45F7F8209FA3533F9C4B84D49C745AB01C314C8033453512CD00B80B38BEA62
train,Northern Cardinal,northern_cardinal,Cardinalis,cardinalis,559516,559516-10.wav,wavfiles/559516-10.wav,//www.xeno-canto.org/559516,//creativecommons.org/licenses/by-nc-sa/4.0/,Jim Berry,2020-05-18,"adult, call, sex uncertain, song",DB7AF0A267F17791B381F0BA29DA380BAC294ADA33BF7B46E314AF15BA0DACA1
train,Northern Cardinal,northern_cardinal,Cardinalis,cardinalis,559516,559516-11.wav,wavfiles/559516-11.wav,//www.xeno-canto.org/559516,//creativecommons.org/licenses/by-nc-sa/4.0/,Jim Berry,2020-05-18,"adult, call, sex uncertain, song",D319EB70D7B8B5277F1FF7039C965A22CC98B19991AF036BC2F3B4D2EB38EA90
train,Northern Cardinal,northern_cardinal,Cardinalis,cardinalis,559516,559516-12.wav,wavfiles/559516-12.wav,//www.xeno-canto.org/559516,//creativecommons.org/licenses/by-nc-sa/4.0/,Jim Berry,2020-05-18,"adult, call, sex uncertain, song",209E2216C93EA5D87B41CD30926ED1E09B296401A22459861FA9C9AC8253582F
train,Northern Cardinal,northern_cardinal,Cardinalis,cardinalis,559516,559516-2.wav,wavfiles/559516-2.wav,//www.xeno-canto.org/559516,//creativecommons.org/licenses/by-nc-sa/4.0/,Jim Berry,2020-05-18,"adult, call, sex uncertain, song",1FBBAD877A3D125346FF543308C560050DB24737C2D54D3466D3CBFDE342D7F1
train,Northern Cardinal,northern_cardinal,Cardinalis,cardinalis,559516,559516-3.wav,wavfiles/559516-3.wav,//www.xeno-canto.org/559516,//creativecommons.org/licenses/by-nc-sa/4.0/,Jim Berry,2020-05-18,"adult, call, sex uncertain, song",A2D61A6D19D3E93B8BD8146E828C0916FD943CA86628E37D560CEE343E8E82D4
train,Northern Cardinal,northern_cardinal,Cardinalis,cardinalis,559516,559516-4.wav,wavfiles/559516-4.wav,//www.xeno-canto.org/559516,//creativecommons.org/licenses/by-nc-sa/4.0/,Jim Berry,2020-05-18,"adult, call, sex uncertain, song",8BDB7CD24E97A20CD275DA244E93EE1F61F87B830A25001ECC6F51A2582AB9CF
train,Northern Cardinal,northern_cardinal,Cardinalis,cardinalis,559516,559516-6.wav,wavfiles/559516-6.wav,//www.xeno-canto.org/559516,//creativecommons.org/licenses/by-nc-sa/4.0/,Jim Berry,2020-05-18,"adult, call, sex uncertain, song",87E465989C05B4DADA1257D4C9E659EFA213FA35F8B3915C0AD328377CB61E73
train,Northern Cardinal,northern_cardinal,Cardinalis,cardinalis,559516,559516-7.wav,wavfiles/559516-7.wav,//www.xeno-canto.org/559516,//creativecommons.org/licenses/by-nc-sa/4.0/,Jim Berry,2020-05-18,"adult, call, sex uncertain, song",E13F8CF33F570C847EAF1711F5625860869271ABC38A81D5095A64B56A12E4B8
train,Northern Cardinal,northern_cardinal,Cardinalis,cardinalis,559516,559516-8.wav,wavfiles/559516-8.wav,//www.xeno-canto.org/559516,//creativecommons.org/licenses/by-nc-sa/4.0/,Jim Berry,2020-05-18,"adult, call, sex uncertain, song",F352848FBFAEDE7ED4D7054E2C4791E6046621F7B1E81D2E825202017F10B45A
train,Northern Cardinal,northern_cardinal,Cardinalis,cardinalis,559516,559516-9.wav,wavfiles/559516-9.wav,//www.xeno-canto.org/559516,//creativecommons.org/licenses/by-nc-sa/4.0/,Jim Berry,2020-05-18,"adult, call, sex uncertain, song",0972D78D416171626C9D1152248CC462F85BBCFB708045974E430CBEC7B67B2B
train,Northern Cardinal,northern_cardinal,Cardinalis,cardinalis,560427,560427-0.wav,wavfiles/560427-0.wav,//www.xeno-canto.org/560427,//creativecommons.org/licenses/by-nc-sa/4.0/,Joss Price,2020-05-20,"life stage uncertain, male, song",89378AD76CCDCF5020A4B42A6832E0D98270F803241C84AABC5BE0AC930CE24F
train,Northern Cardinal,northern_cardinal,Cardinalis,cardinalis,560427,560427-1.wav,wavfiles/560427-1.wav,//www.xeno-canto.org/560427,//creativecommons.org/licenses/by-nc-sa/4.0/,Joss Price,2020-05-20,"life stage uncertain, male, song",29205F3FAD6F08BC1B032413D2CEC4A774F6E586FBCF65365E5CAB794D0D82E2
train,Northern Cardinal,northern_cardinal,Cardinalis,cardinalis,560427,560427-10.wav,wavfiles/560427-10.wav,//www.xeno-canto.org/560427,//creativecommons.org/licenses/by-nc-sa/4.0/,Joss Price,2020-05-20,"life stage uncertain, male, song",E2F3ED8D1F300594D28D1E50A10504FE10619E06B4A167BD445AF5624D69EB83
train,Northern Cardinal,northern_cardinal,Cardinalis,cardinalis,560427,560427-2.wav,wavfiles/560427-2.wav,//www.xeno-canto.org/560427,//creativecommons.org/licenses/by-nc-sa/4.0/,Joss Price,2020-05-20,"life stage uncertain, male, song",C841D6540A9A4F62C4B2D424AA9167C6ACA2BE4CEFED964B66DFC430D27F1D86
train,Northern Cardinal,northern_cardinal,Cardinalis,cardinalis,560427,560427-3.wav,wavfiles/560427-3.wav,//www.xeno-canto.org/560427,//creativecommons.org/licenses/by-nc-sa/4.0/,Joss Price,2020-05-20,"life stage uncertain, male, song",EB1BFC7756788230B9EE19190CE83EF8BFAA00D27090C98481FC55F3E270FEAD
train,Northern Cardinal,northern_cardinal,Cardinalis,cardinalis,560427,560427-4.wav,wavfiles/560427-4.wav,//www.xeno-canto.org/560427,//creativecommons.org/licenses/by-nc-sa/4.0/,Joss Price,2020-05-20,"life stage uncertain, male, song",969F434F07CDDDB42597AD2F49F3EDCBB3096FA8F649FE1131C377D4B824C8AE
train,Northern Cardinal,northern_cardinal,Cardinalis,cardinalis,560427,560427-5.wav,wavfiles/560427-5.wav,//www.xeno-canto.org/560427,//creativecommons.org/licenses/by-nc-sa/4.0/,Joss Price,2020-05-20,"life stage uncertain, male, song",3D4E3C1CA57487ABD2163116247198517AEBC9D55DAE520DDB74D967559A3BB3
train,Northern Cardinal,northern_cardinal,Cardinalis,cardinalis,560427,560427-6.wav,wavfiles/560427-6.wav,//www.xeno-canto.org/560427,//creativecommons.org/licenses/by-nc-sa/4.0/,Joss Price,2020-05-20,"life stage uncertain, male, song",11DD91118B4A029439AB3181175BBA9D00AF53C638B1D0BEA844BA2F6E2D9541
train,Northern Cardinal,northern_cardinal,Cardinalis,cardinalis,560427,560427-7.wav,wavfiles/560427-7.wav,//www.xeno-canto.org/560427,//creativecommons.org/licenses/by-nc-sa/4.0/,Joss Price,2020-05-20,"life stage uncertain, male, song",566C7A657CC0688BFE6EDE64381DD9DC40B3BD0C25A52A215B46BAE3C66839AD
train,Northern Cardinal,northern_cardinal,Cardinalis,cardinalis,560427,560427-8.wav,wavfiles/560427-8.wav,//www.xeno-canto.org/560427,//creativecommons.org/licenses/by-nc-sa/4.0/,Joss Price,2020-05-20,"life stage uncertain, male, song",F3DE58515FA10996D516B548C10AF34E3DD95A248647AB4B2FB8B1C3B5CAD653
train,Northern Cardinal,northern_cardinal,Cardinalis,cardinalis,560427,560427-9.wav,wavfiles/560427-9.wav,//www.xeno-canto.org/560427,//creativecommons.org/licenses/by-nc-sa/4.0/,Joss Price,2020-05-20,"life stage uncertain, male, song",115B83029C70B06FC149E48F928DA47B1720D97AC0FA5B6B2B30ECA91EA95D60
train,Northern Cardinal,northern_cardinal,Cardinalis,cardinalis,563619,563619-0.wav,wavfiles/563619-0.wav,//www.xeno-canto.org/563619,//creativecommons.org/licenses/by-nc-sa/4.0/,Brian Hendrix,2020-05-30,song,D466429E7FA8B7DC229FFF3EA0F02296518F61B1C6195CCF41D288494A899855
train,Northern Cardinal,northern_cardinal,Cardinalis,cardinalis,563619,563619-1.wav,wavfiles/563619-1.wav,//www.xeno-canto.org/563619,//creativecommons.org/licenses/by-nc-sa/4.0/,Brian Hendrix,2020-05-30,song,C8763EB8B8DC82B8741F73AA87875466534175B4B34A1181B59C40C8780256AB
train,Northern Cardinal,northern_cardinal,Cardinalis,cardinalis,563619,563619-10.wav,wavfiles/563619-10.wav,//www.xeno-canto.org/563619,//creativecommons.org/licenses/by-nc-sa/4.0/,Brian Hendrix,2020-05-30,song,BAE86047017F2F38CCEA4A12EEFABB11296CAE4A82FA233E4A7C0AFF9A976C30
train,Northern Cardinal,northern_cardinal,Cardinalis,cardinalis,563619,563619-11.wav,wavfiles/563619-11.wav,//www.xeno-canto.org/563619,//creativecommons.org/licenses/by-nc-sa/4.0/,Brian Hendrix,2020-05-30,song,13FC8FC0C474380BEF15E93AE90485669C4AEE13C1AA48454F2FA8FD6979FEA3
train,Northern Cardinal,northern_cardinal,Cardinalis,cardinalis,563619,563619-12.wav,wavfiles/563619-12.wav,//www.xeno-canto.org/563619,//creativecommons.org/licenses/by-nc-sa/4.0/,Brian Hendrix,2020-05-30,song,0A8CC0FCD037C3F21C6CECCA94A56091A6FAEBC7C467EE369978943D42C93507
train,Northern Cardinal,northern_cardinal,Cardinalis,cardinalis,563619,563619-2.wav,wavfiles/563619-2.wav,//www.xeno-canto.org/563619,//creativecommons.org/licenses/by-nc-sa/4.0/,Brian Hendrix,2020-05-30,song,680E5C9D43AB3D1EE7911D56B9E26AFDA50CE715ED9B4C654FBFB64DAAA34FF6
train,Northern Cardinal,northern_cardinal,Cardinalis,cardinalis,563619,563619-3.wav,wavfiles/563619-3.wav,//www.xeno-canto.org/563619,//creativecommons.org/licenses/by-nc-sa/4.0/,Brian Hendrix,2020-05-30,song,F0D5039446323546C49A46FF7BEC2FB3088E53A08F5B4F40A8E19C3BC372A821
train,Northern Cardinal,northern_cardinal,Cardinalis,cardinalis,563619,563619-4.wav,wavfiles/563619-4.wav,//www.xeno-canto.org/563619,//creativecommons.org/licenses/by-nc-sa/4.0/,Brian Hendrix,2020-05-30,song,ECD5FCE03C2EE79E6E89FACB8147F29D6F0B4A85D68B00256688CDBD49591583
train,Northern Cardinal,northern_cardinal,Cardinalis,cardinalis,563619,563619-5.wav,wavfiles/563619-5.wav,//www.xeno-canto.org/563619,//creativecommons.org/licenses/by-nc-sa/4.0/,Brian Hendrix,2020-05-30,song,2F1FA2AEB783489369B8F9CE94B22E44E22CBEDFF61166AEA3118EBDC0F70C08
train,Northern Cardinal,northern_cardinal,Cardinalis,cardinalis,563619,563619-6.wav,wavfiles/563619-6.wav,//www.xeno-canto.org/563619,//creativecommons.org/licenses/by-nc-sa/4.0/,Brian Hendrix,2020-05-30,song,5B8D7060133E01DA167822494468C2F4EBC4F240E48080B5FBAF350B2068CD2F
train,Northern Cardinal,northern_cardinal,Cardinalis,cardinalis,563619,563619-7.wav,wavfiles/563619-7.wav,//www.xeno-canto.org/563619,//creativecommons.org/licenses/by-nc-sa/4.0/,Brian Hendrix,2020-05-30,song,9BDC62FC9C464ACDA95AB58B4C15B4A8A2B19F494F874E7D551992D4FDC73B63
train,Northern Cardinal,northern_cardinal,Cardinalis,cardinalis,563619,563619-8.wav,wavfiles/563619-8.wav,//www.xeno-canto.org/563619,//creativecommons.org/licenses/by-nc-sa/4.0/,Brian Hendrix,2020-05-30,song,2C3B2B15C57C2FC4411A3F6F48F25EFC01279139CA42821A115E902381B5F1E6
train,Northern Cardinal,northern_cardinal,Cardinalis,cardinalis,563619,563619-9.wav,wavfiles/563619-9.wav,//www.xeno-canto.org/563619,//creativecommons.org/licenses/by-nc-sa/4.0/,Brian Hendrix,2020-05-30,song,A1283AD5FC29D0ACEE5E96ACFEBB291AABE8E360826683724D7721268DDC9440
train,Northern Cardinal,northern_cardinal,Cardinalis,cardinalis,564312,564312-0.wav,wavfiles/564312-0.wav,//www.xeno-canto.org/564312,//creativecommons.org/licenses/by-nc-sa/4.0/,Brian Hendrix,2020-06-01,song,CC1ED75D50CE1FB62243B34659B8960BBA0075F8BDB87DDD6268631C9DFDB1D3
train,Northern Cardinal,northern_cardinal,Cardinalis,cardinalis,564312,564312-1.wav,wavfiles/564312-1.wav,//www.xeno-canto.org/564312,//creativecommons.org/licenses/by-nc-sa/4.0/,Brian Hendrix,2020-06-01,song,0280F1252BC3311AE48540A617DAA37FFBD1A95504DE8EFDA14ACC768A5C2E53
train,Northern Cardinal,northern_cardinal,Cardinalis,cardinalis,564312,564312-10.wav,wavfiles/564312-10.wav,//www.xeno-canto.org/564312,//creativecommons.org/licenses/by-nc-sa/4.0/,Brian Hendrix,2020-06-01,song,19CDB51BC95F563CB06A6D49AA5DA7184475EB54B6A7F39127DD4D3DBE5F05A0
train,Northern Cardinal,northern_cardinal,Cardinalis,cardinalis,564312,564312-11.wav,wavfiles/564312-11.wav,//www.xeno-canto.org/564312,//creativecommons.org/licenses/by-nc-sa/4.0/,Brian Hendrix,2020-06-01,song,F7F5C9E6BDF2F0CC237D24DDA586FD5AC79DC21CB64AB7B7945645E535AD725D
train,Northern Cardinal,northern_cardinal,Cardinalis,cardinalis,564312,564312-12.wav,wavfiles/564312-12.wav,//www.xeno-canto.org/564312,//creativecommons.org/licenses/by-nc-sa/4.0/,Brian Hendrix,2020-06-01,song,C9955AB9097A7327C91A4FE86F9CFA05B703BB923F08B571455684D0B9FFB539
train,Northern Cardinal,northern_cardinal,Cardinalis,cardinalis,564312,564312-13.wav,wavfiles/564312-13.wav,//www.xeno-canto.org/564312,//creativecommons.org/licenses/by-nc-sa/4.0/,Brian Hendrix,2020-06-01,song,BBA0E1EB70E7CCF6A6C854F6D104775916C436BE96855E34712D8217640FC708
train,Northern Cardinal,northern_cardinal,Cardinalis,cardinalis,564312,564312-14.wav,wavfiles/564312-14.wav,//www.xeno-canto.org/564312,//creativecommons.org/licenses/by-nc-sa/4.0/,Brian Hendrix,2020-06-01,song,B3538A527ED157A5C9F3A67C290FFFBFA28F8E9E99DC2D297927D5C8927AE8BA
train,Northern Cardinal,northern_cardinal,Cardinalis,cardinalis,564312,564312-15.wav,wavfiles/564312-15.wav,//www.xeno-canto.org/564312,//creativecommons.org/licenses/by-nc-sa/4.0/,Brian Hendrix,2020-06-01,song,D5217E1087E9A90EDAF25507089434280B74D323119A8B4A7BA269312B83955E
train,Northern Cardinal,northern_cardinal,Cardinalis,cardinalis,564312,564312-2.wav,wavfiles/564312-2.wav,//www.xeno-canto.org/564312,//creativecommons.org/licenses/by-nc-sa/4.0/,Brian Hendrix,2020-06-01,song,E5C9D47828DDEFD4815E3D2C308E440DDD22546D77D91BC27920E5E04336661C
train,Northern Cardinal,northern_cardinal,Cardinalis,cardinalis,564312,564312-3.wav,wavfiles/564312-3.wav,//www.xeno-canto.org/564312,//creativecommons.org/licenses/by-nc-sa/4.0/,Brian Hendrix,2020-06-01,song,4674DC12B654CF90039FC8A81A8C23FA5557D266EC80716ADD430CF70E00F3F2
train,Northern Cardinal,northern_cardinal,Cardinalis,cardinalis,564312,564312-4.wav,wavfiles/564312-4.wav,//www.xeno-canto.org/564312,//creativecommons.org/licenses/by-nc-sa/4.0/,Brian Hendrix,2020-06-01,song,96A167A42550971A69E5AABE8072451669479088F9D3F5F07EBCEFC0AB8ED22B
train,Northern Cardinal,northern_cardinal,Cardinalis,cardinalis,564312,564312-5.wav,wavfiles/564312-5.wav,//www.xeno-canto.org/564312,//creativecommons.org/licenses/by-nc-sa/4.0/,Brian Hendrix,2020-06-01,song,AA345231C04C617065E6AD9628B13E8B7929D1DB32FEBF5E6AA413CBC3523981
train,Northern Cardinal,northern_cardinal,Cardinalis,cardinalis,564312,564312-6.wav,wavfiles/564312-6.wav,//www.xeno-canto.org/564312,//creativecommons.org/licenses/by-nc-sa/4.0/,Brian Hendrix,2020-06-01,song,1468B2A99EEF7737A8A452AC903DBD525CBECE3662CEA72F3D4FFB7566B66E68
train,Northern Cardinal,northern_cardinal,Cardinalis,cardinalis,564312,564312-7.wav,wavfiles/564312-7.wav,//www.xeno-canto.org/564312,//creativecommons.org/licenses/by-nc-sa/4.0/,Brian Hendrix,2020-06-01,song,0B189B21B844BCC6997B8F3DAFB2DDAD5DD0F6ACD9D7FC9210059B6F2750A4E9
train,Northern Cardinal,northern_cardinal,Cardinalis,cardinalis,564312,564312-8.wav,wavfiles/564312-8.wav,//www.xeno-canto.org/564312,//creativecommons.org/licenses/by-nc-sa/4.0/,Brian Hendrix,2020-06-01,song,42429765CE8262C3271B1E8C0A5B23A05FDBCDD5AD3B135C8852AE15A196F5F4
train,Northern Cardinal,northern_cardinal,Cardinalis,cardinalis,564312,564312-9.wav,wavfiles/564312-9.wav,//www.xeno-canto.org/564312,//creativecommons.org/licenses/by-nc-sa/4.0/,Brian Hendrix,2020-06-01,song,AF9C6E69182933CC8AAA0549D65A39AC709CDCF0CDF6660569996F2028098E1C
train,Song Sparrow,song_sparrow,Melospiza,melodia,18387,18387-0.wav,wavfiles/18387-0.wav,//www.xeno-canto.org/18387,//creativecommons.org/licenses/by-nc-nd/2.5/,Chris Parrish,2008-03-09,song,81885DF6C1A273F260ECCCAA6A479A98670D35EC538F56E4F729B3068EC0C5F8
train,Song Sparrow,song_sparrow,Melospiza,melodia,18387,18387-1.wav,wavfiles/18387-1.wav,//www.xeno-canto.org/18387,//creativecommons.org/licenses/by-nc-nd/2.5/,Chris Parrish,2008-03-09,song,A893F39F1C5027090DC501ED7E4679CD66B9E9F7878D0C67E5B551B423A42DFD
train,Song Sparrow,song_sparrow,Melospiza,melodia,18387,18387-10.wav,wavfiles/18387-10.wav,//www.xeno-canto.org/18387,//creativecommons.org/licenses/by-nc-nd/2.5/,Chris Parrish,2008-03-09,song,BE9EE8B7A5167E82337A93AA57CE6B2548E45C662BFB5AB0A38A65B76ECCAB03
train,Song Sparrow,song_sparrow,Melospiza,melodia,18387,18387-2.wav,wavfiles/18387-2.wav,//www.xeno-canto.org/18387,//creativecommons.org/licenses/by-nc-nd/2.5/,Chris Parrish,2008-03-09,song,D01CCC548AC0AF80408EC12BD5C999C8A6A691273DFF820501E6F2C6195EE248
train,Song Sparrow,song_sparrow,Melospiza,melodia,18387,18387-3.wav,wavfiles/18387-3.wav,//www.xeno-canto.org/18387,//creativecommons.org/licenses/by-nc-nd/2.5/,Chris Parrish,2008-03-09,song,9AB75420CEC82781C244D546A2FA22BE24F24D52B2BAC4FAFDBA194ADC7304A6
train,Song Sparrow,song_sparrow,Melospiza,melodia,18387,18387-4.wav,wavfiles/18387-4.wav,//www.xeno-canto.org/18387,//creativecommons.org/licenses/by-nc-nd/2.5/,Chris Parrish,2008-03-09,song,BF0FF807E167377F5990AE9530E379099F66AB9FE9560275798FDDB62C8F22F5
train,Song Sparrow,song_sparrow,Melospiza,melodia,18387,18387-5.wav,wavfiles/18387-5.wav,//www.xeno-canto.org/18387,//creativecommons.org/licenses/by-nc-nd/2.5/,Chris Parrish,2008-03-09,song,D5A5873AB7B230C06513E9CF762C6BE9E4C54B58573A16AFDA3681429EF2B139
train,Song Sparrow,song_sparrow,Melospiza,melodia,18387,18387-6.wav,wavfiles/18387-6.wav,//www.xeno-canto.org/18387,//creativecommons.org/licenses/by-nc-nd/2.5/,Chris Parrish,2008-03-09,song,E8CBD3892A5B3793E0428F79553010E9150A053DA731F34661242D5E30C6331A
train,Song Sparrow,song_sparrow,Melospiza,melodia,18387,18387-7.wav,wavfiles/18387-7.wav,//www.xeno-canto.org/18387,//creativecommons.org/licenses/by-nc-nd/2.5/,Chris Parrish,2008-03-09,song,F8ABB4A66F06C108979268000A436E748799A66FE4B5FAC01C869E8B1C07B519
train,Song Sparrow,song_sparrow,Melospiza,melodia,18387,18387-8.wav,wavfiles/18387-8.wav,//www.xeno-canto.org/18387,//creativecommons.org/licenses/by-nc-nd/2.5/,Chris Parrish,2008-03-09,song,8932DAFA91E57CDA816FC6C678491C45F69FEA79FA9BFEEDFD9D04723ED1A792
train,Song Sparrow,song_sparrow,Melospiza,melodia,18387,18387-9.wav,wavfiles/18387-9.wav,//www.xeno-canto.org/18387,//creativecommons.org/licenses/by-nc-nd/2.5/,Chris Parrish,2008-03-09,song,52DE410853586E9CDF081876A27E3148CE63A14516E4B09E2189CBEEDA1DED15
train,Song Sparrow,song_sparrow,Melospiza,melodia,18388,18388-0.wav,wavfiles/18388-0.wav,//www.xeno-canto.org/18388,//creativecommons.org/licenses/by-nc-nd/2.5/,Chris Parrish,2008-03-09,song,DE90F1CDD5A783700021855EFE8364C358E7B1AC2B50935C10B3ECF6A83CCC4E
train,Song Sparrow,song_sparrow,Melospiza,melodia,18388,18388-1.wav,wavfiles/18388-1.wav,//www.xeno-canto.org/18388,//creativecommons.org/licenses/by-nc-nd/2.5/,Chris Parrish,2008-03-09,song,FAF85F2FBD496F135A00B38BD60C64F306125E3694A86466FC35111F5146F4F3
train,Song Sparrow,song_sparrow,Melospiza,melodia,18388,18388-2.wav,wavfiles/18388-2.wav,//www.xeno-canto.org/18388,//creativecommons.org/licenses/by-nc-nd/2.5/,Chris Parrish,2008-03-09,song,03B3B6E6992E9A91167F48041570B05EC7C9670A41E006AE0C443BA68533C58D
train,Song Sparrow,song_sparrow,Melospiza,melodia,18388,18388-3.wav,wavfiles/18388-3.wav,//www.xeno-canto.org/18388,//creativecommons.org/licenses/by-nc-nd/2.5/,Chris Parrish,2008-03-09,song,25B271A1734B1F7F013AAE51AAEDEAB038758109996C26FE857E7D6D22039EC9
train,Song Sparrow,song_sparrow,Melospiza,melodia,18388,18388-4.wav,wavfiles/18388-4.wav,//www.xeno-canto.org/18388,//creativecommons.org/licenses/by-nc-nd/2.5/,Chris Parrish,2008-03-09,song,E7B742F4C4449BA3DCDE7A1DAEEDA4E46CB7C042919521D012F45B91F24FBA41
train,Song Sparrow,song_sparrow,Melospiza,melodia,18388,18388-5.wav,wavfiles/18388-5.wav,//www.xeno-canto.org/18388,//creativecommons.org/licenses/by-nc-nd/2.5/,Chris Parrish,2008-03-09,song,B98EF701BF179E1DD8F3AE56BD4E91CC35616943EC3D5E94BCB58B43989494E6
train,Song Sparrow,song_sparrow,Melospiza,melodia,18388,18388-6.wav,wavfiles/18388-6.wav,//www.xeno-canto.org/18388,//creativecommons.org/licenses/by-nc-nd/2.5/,Chris Parrish,2008-03-09,song,3B512E0C02812AB3A979C1CF3B5E95D73DBE63F19FEC6779B4FF2B880D8D7643
train,Song Sparrow,song_sparrow,Melospiza,melodia,36619,36619-0.wav,wavfiles/36619-0.wav,//www.xeno-canto.org/36619,//creativecommons.org/licenses/by-nc-nd/2.5/,Grant Fisher,0000-00-00,Song,41B5486A7F691B5DAE4A00AEF12C1F3F49B653F7EA99BBDE8170D2516EF74038
train,Song Sparrow,song_sparrow,Melospiza,melodia,36619,36619-1.wav,wavfiles/36619-1.wav,//www.xeno-canto.org/36619,//creativecommons.org/licenses/by-nc-nd/2.5/,Grant Fisher,0000-00-00,Song,736A2638D7CF09F584E0C0341F4A9888E6474D785DD7F94F0221D8BC288EB621
train,Song Sparrow,song_sparrow,Melospiza,melodia,36619,36619-2.wav,wavfiles/36619-2.wav,//www.xeno-canto.org/36619,//creativecommons.org/licenses/by-nc-nd/2.5/,Grant Fisher,0000-00-00,Song,B8911B1B90F5A6B1F22BF76859011D0EC84DDEC8CD2F5F76DCC9C8CB970F350B
train,Song Sparrow,song_sparrow,Melospiza,melodia,36619,36619-3.wav,wavfiles/36619-3.wav,//www.xeno-canto.org/36619,//creativecommons.org/licenses/by-nc-nd/2.5/,Grant Fisher,0000-00-00,Song,D943363261F8F3D2FBDA497A8B7B0D8CF8DE1B129FDC1B4150870032E8DCEBA7
train,Song Sparrow,song_sparrow,Melospiza,melodia,36619,36619-4.wav,wavfiles/36619-4.wav,//www.xeno-canto.org/36619,//creativecommons.org/licenses/by-nc-nd/2.5/,Grant Fisher,0000-00-00,Song,12C6362463B6541FD55DC79B51A52305C319589E3DD942C19B7114B94C6A38D2
train,Song Sparrow,song_sparrow,Melospiza,melodia,36619,36619-5.wav,wavfiles/36619-5.wav,//www.xeno-canto.org/36619,//creativecommons.org/licenses/by-nc-nd/2.5/,Grant Fisher,0000-00-00,Song,3E64CCEF4C9FF668406B0F34D3A14BF47470DBE399129D290E8A35AF01A8AE13
train,Song Sparrow,song_sparrow,Melospiza,melodia,36619,36619-6.wav,wavfiles/36619-6.wav,//www.xeno-canto.org/36619,//creativecommons.org/licenses/by-nc-nd/2.5/,Grant Fisher,0000-00-00,Song,17ACAF4F06A4CBB3F72EBF09BC2F1953E457E01E0B63EEE42F0BE7F179D23F84
train,Song Sparrow,song_sparrow,Melospiza,melodia,36619,36619-7.wav,wavfiles/36619-7.wav,//www.xeno-canto.org/36619,//creativecommons.org/licenses/by-nc-nd/2.5/,Grant Fisher,0000-00-00,Song,4E48FB3A85D0D8EED041F953E9A174BC554BB3C0CF6E638797FE7EDFA840957A
train,Song Sparrow,song_sparrow,Melospiza,melodia,36619,36619-8.wav,wavfiles/36619-8.wav,//www.xeno-canto.org/36619,//creativecommons.org/licenses/by-nc-nd/2.5/,Grant Fisher,0000-00-00,Song,68BEC0D318C991A33A5328C7DF809ABA2FF1FDB4FA566682522B9FACC8A89113
train,Song Sparrow,song_sparrow,Melospiza,melodia,76471,76471-0.wav,wavfiles/76471-0.wav,//www.xeno-canto.org/76471,//creativecommons.org/licenses/by-nc-nd/2.5/,Andrew Spencer,2011-04-22,song,9ACD34A3204F4A6FA311BA22B607CA0170ED4E29675A94806B0A983B882495F7
train,Song Sparrow,song_sparrow,Melospiza,melodia,76471,76471-1.wav,wavfiles/76471-1.wav,//www.xeno-canto.org/76471,//creativecommons.org/licenses/by-nc-nd/2.5/,Andrew Spencer,2011-04-22,song,FF1B69F12FC7BB4AEDEAD03ABF53DC0481F34277B31BB6A58D55FDD01363265F
train,Song Sparrow,song_sparrow,Melospiza,melodia,76471,76471-10.wav,wavfiles/76471-10.wav,//www.xeno-canto.org/76471,//creativecommons.org/licenses/by-nc-nd/2.5/,Andrew Spencer,2011-04-22,song,DDCE7A049BFC8998F94828EB06A27DDE886458F5B91E2BC47F21C53FCF4EC81D
train,Song Sparrow,song_sparrow,Melospiza,melodia,76471,76471-2.wav,wavfiles/76471-2.wav,//www.xeno-canto.org/76471,//creativecommons.org/licenses/by-nc-nd/2.5/,Andrew Spencer,2011-04-22,song,D5D54EA9BC8D151D483C989B0AE48A702E2EE544F3598FF99619C50968898E50
train,Song Sparrow,song_sparrow,Melospiza,melodia,76471,76471-4.wav,wavfiles/76471-4.wav,//www.xeno-canto.org/76471,//creativecommons.org/licenses/by-nc-nd/2.5/,Andrew Spencer,2011-04-22,song,BAEE66ADE7829615BCBCBBD5A8F19A1B4B830AE0AD8C5BB4B68B26A2AFD462BE
train,Song Sparrow,song_sparrow,Melospiza,melodia,76471,76471-5.wav,wavfiles/76471-5.wav,//www.xeno-canto.org/76471,//creativecommons.org/licenses/by-nc-nd/2.5/,Andrew Spencer,2011-04-22,song,34306B41E563AC103959A28F200AA2AD7D336C6CEED8327635DDF6BA4842C106
train,Song Sparrow,song_sparrow,Melospiza,melodia,76471,76471-6.wav,wavfiles/76471-6.wav,//www.xeno-canto.org/76471,//creativecommons.org/licenses/by-nc-nd/2.5/,Andrew Spencer,2011-04-22,song,281F0E143C78DC6AEF129AF3F2220973FC9EABE0C68794155E906286037B25AF
train,Song Sparrow,song_sparrow,Melospiza,melodia,76471,76471-8.wav,wavfiles/76471-8.wav,//www.xeno-canto.org/76471,//creativecommons.org/licenses/by-nc-nd/2.5/,Andrew Spencer,2011-04-22,song,D6CF95F1B1CF3AFD0998C4DB3510FE86B5941D16FC2EAB0EB07417426B995037
train,Song Sparrow,song_sparrow,Melospiza,melodia,76471,76471-9.wav,wavfiles/76471-9.wav,//www.xeno-canto.org/76471,//creativecommons.org/licenses/by-nc-nd/2.5/,Andrew Spencer,2011-04-22,song,9AF4D0D4CB384279DCCC304D73A051BE6970623FA83CA85BA2850AE4EE344446
train,Song Sparrow,song_sparrow,Melospiza,melodia,78059,78059-0.wav,wavfiles/78059-0.wav,//www.xeno-canto.org/78059,//creativecommons.org/licenses/by-sa/3.0/,Jonathon Jongsma,2011-05-15,song,597CA139314BB475A0C3A2EECD8667B9A67F38823A960ED430523E4888CA4FD4
train,Song Sparrow,song_sparrow,Melospiza,melodia,78059,78059-1.wav,wavfiles/78059-1.wav,//www.xeno-canto.org/78059,//creativecommons.org/licenses/by-sa/3.0/,Jonathon Jongsma,2011-05-15,song,FCEFE830B5D447DDCE82F76E670EBF3A8A1900217956E340FEC1376B22ADE1DD
train,Song Sparrow,song_sparrow,Melospiza,melodia,78059,78059-2.wav,wavfiles/78059-2.wav,//www.xeno-canto.org/78059,//creativecommons.org/licenses/by-sa/3.0/,Jonathon Jongsma,2011-05-15,song,3A932CAD9D559909229355F2A79D9E1E18BBAFBEE781B3EAC727047766AA0BC3
train,Song Sparrow,song_sparrow,Melospiza,melodia,78059,78059-3.wav,wavfiles/78059-3.wav,//www.xeno-canto.org/78059,//creativecommons.org/licenses/by-sa/3.0/,Jonathon Jongsma,2011-05-15,song,FD41C0B6AEA235394501610A938D0FCD3575DA10F05B2DA8AC9A46067C94B7E4
train,Song Sparrow,song_sparrow,Melospiza,melodia,78059,78059-4.wav,wavfiles/78059-4.wav,//www.xeno-canto.org/78059,//creativecommons.org/licenses/by-sa/3.0/,Jonathon Jongsma,2011-05-15,song,78A90E7409C7F68F3CD64B37114EB6E7660BCD49B759B213B5302E5A750C7C71
train,Song Sparrow,song_sparrow,Melospiza,melodia,78059,78059-5.wav,wavfiles/78059-5.wav,//www.xeno-canto.org/78059,//creativecommons.org/licenses/by-sa/3.0/,Jonathon Jongsma,2011-05-15,song,22B12A39BC5613EB604BF6E0B2A3B1B55CA826094CE2D57ECC51A6CF2740A072
train,Song Sparrow,song_sparrow,Melospiza,melodia,78059,78059-6.wav,wavfiles/78059-6.wav,//www.xeno-canto.org/78059,//creativecommons.org/licenses/by-sa/3.0/,Jonathon Jongsma,2011-05-15,song,E3EEC563DF2D7B70D0D123F388AF3D623B3F4C7B7F1B234EED4CDB3DB9B481D3
train,Song Sparrow,song_sparrow,Melospiza,melodia,78059,78059-7.wav,wavfiles/78059-7.wav,//www.xeno-canto.org/78059,//creativecommons.org/licenses/by-sa/3.0/,Jonathon Jongsma,2011-05-15,song,44CA9D523116DA516B15ECC7B1A6A652BCA92C5CF2A8A7B63E8317481657FD2D
train,Song Sparrow,song_sparrow,Melospiza,melodia,102948,102948-0.wav,wavfiles/102948-0.wav,//www.xeno-canto.org/102948,//creativecommons.org/licenses/by-nc-nd/2.5/,Eric DeFonso,2010-06-14,song,76261D70273C4BFA4BAA87B979666F3C6D3D78A446F15105E1C7541FD6A59180
train,Song Sparrow,song_sparrow,Melospiza,melodia,102948,102948-1.wav,wavfiles/102948-1.wav,//www.xeno-canto.org/102948,//creativecommons.org/licenses/by-nc-nd/2.5/,Eric DeFonso,2010-06-14,song,668AEFFF038417DFA1E369FD10AFC30D1649D0CD59F16581E75F95D295DA5813
train,Song Sparrow,song_sparrow,Melospiza,melodia,102948,102948-2.wav,wavfiles/102948-2.wav,//www.xeno-canto.org/102948,//creativecommons.org/licenses/by-nc-nd/2.5/,Eric DeFonso,2010-06-14,song,9B5AA650A41A029D23CDFFA4F8B6B10C80DE278A6934EE7F3AD41A4ECE6ECD59
train,Song Sparrow,song_sparrow,Melospiza,melodia,102948,102948-4.wav,wavfiles/102948-4.wav,//www.xeno-canto.org/102948,//creativecommons.org/licenses/by-nc-nd/2.5/,Eric DeFonso,2010-06-14,song,8F59E5CFD1DFAAF27DF5B5F1AA4FF47F603543FAE3F0B80B9807B10F97B1C10B
train,Song Sparrow,song_sparrow,Melospiza,melodia,102948,102948-5.wav,wavfiles/102948-5.wav,//www.xeno-canto.org/102948,//creativecommons.org/licenses/by-nc-nd/2.5/,Eric DeFonso,2010-06-14,song,05B130D14B53D3B1018F254ACB5350FC212692AC8E2A6D0DA7570B4D10DF22E9
train,Song Sparrow,song_sparrow,Melospiza,melodia,102948,102948-6.wav,wavfiles/102948-6.wav,//www.xeno-canto.org/102948,//creativecommons.org/licenses/by-nc-nd/2.5/,Eric DeFonso,2010-06-14,song,900ABCE5630E8846CE30BA4FC88C5A197415FF576C381D4CB6AF62EBE5E108A6
train,Song Sparrow,song_sparrow,Melospiza,melodia,102948,102948-7.wav,wavfiles/102948-7.wav,//www.xeno-canto.org/102948,//creativecommons.org/licenses/by-nc-nd/2.5/,Eric DeFonso,2010-06-14,song,E10C321CD41D0B293B5B25604C370E82A90E5EAB894F0066A0074918E2280F4D
train,Song Sparrow,song_sparrow,Melospiza,melodia,102948,102948-8.wav,wavfiles/102948-8.wav,//www.xeno-canto.org/102948,//creativecommons.org/licenses/by-nc-nd/2.5/,Eric DeFonso,2010-06-14,song,C748A5B38E227F1A3954C26A556C4D22E57C2DB1A4EAF61E58674F37A63A3804
train,Song Sparrow,song_sparrow,Melospiza,melodia,102948,102948-9.wav,wavfiles/102948-9.wav,//www.xeno-canto.org/102948,//creativecommons.org/licenses/by-nc-nd/2.5/,Eric DeFonso,2010-06-14,song,836B5C4F6124EC304A92BAEE470253997581E7201119D7C16A746C8EE8D002A7
train,Song Sparrow,song_sparrow,Melospiza,melodia,103339,103339-0.wav,wavfiles/103339-0.wav,//www.xeno-canto.org/103339,//creativecommons.org/licenses/by-nc-nd/2.5/,Eric DeFonso,2012-04-25,song,8643C6FF563CDF89ACFBC8E25D6925B5E50717FED8B0058EA31358BFF1BB9D81
train,Song Sparrow,song_sparrow,Melospiza,melodia,103339,103339-1.wav,wavfiles/103339-1.wav,//www.xeno-canto.org/103339,//creativecommons.org/licenses/by-nc-nd/2.5/,Eric DeFonso,2012-04-25,song,114EC697764ECBEF2E6922EF2B4C527B795CF21EB9D5B004092247EE67BA9D47
train,Song Sparrow,song_sparrow,Melospiza,melodia,103339,103339-2.wav,wavfiles/103339-2.wav,//www.xeno-canto.org/103339,//creativecommons.org/licenses/by-nc-nd/2.5/,Eric DeFonso,2012-04-25,song,1D4A3D9380F6281E1785A609E4F5DCA5D794E821762116AD609CE89ACE05B1A1
train,Song Sparrow,song_sparrow,Melospiza,melodia,103339,103339-5.wav,wavfiles/103339-5.wav,//www.xeno-canto.org/103339,//creativecommons.org/licenses/by-nc-nd/2.5/,Eric DeFonso,2012-04-25,song,5DC40B5D722817F98A2DF0D69F25E4D26739184AB770984785E06291049BA671
train,Song Sparrow,song_sparrow,Melospiza,melodia,103339,103339-6.wav,wavfiles/103339-6.wav,//www.xeno-canto.org/103339,//creativecommons.org/licenses/by-nc-nd/2.5/,Eric DeFonso,2012-04-25,song,7BD52A04DB50C5601E4209A8D1B55415AA3A83710537B3792AB2B4B1FB22B081
train,Song Sparrow,song_sparrow,Melospiza,melodia,103339,103339-7.wav,wavfiles/103339-7.wav,//www.xeno-canto.org/103339,//creativecommons.org/licenses/by-nc-nd/2.5/,Eric DeFonso,2012-04-25,song,3009DF5ABA554472C8F44394D9157166E217561D48E4B8E7FB7CF1EBAA02D5B8
train,Song Sparrow,song_sparrow,Melospiza,melodia,103449,103449-0.wav,wavfiles/103449-0.wav,//www.xeno-canto.org/103449,//creativecommons.org/licenses/by-nc-nd/2.5/,Eric DeFonso,2012-05-06,song,CCE2CC68BC4533331FEF79BBD8022E9764B2ADCE87D6CE0DB5E42CF7CE7508E5
train,Song Sparrow,song_sparrow,Melospiza,melodia,103449,103449-1.wav,wavfiles/103449-1.wav,//www.xeno-canto.org/103449,//creativecommons.org/licenses/by-nc-nd/2.5/,Eric DeFonso,2012-05-06,song,F959F32D1589E72B5FC0CA9B46745689FC29C48781FFA4C307B91688D8F61B58
train,Song Sparrow,song_sparrow,Melospiza,melodia,103449,103449-2.wav,wavfiles/103449-2.wav,//www.xeno-canto.org/103449,//creativecommons.org/licenses/by-nc-nd/2.5/,Eric DeFonso,2012-05-06,song,A847F1B031A30B279D396DD61BD603D104C2BA176C81A954B0B4D918A9B9A2F0
train,Song Sparrow,song_sparrow,Melospiza,melodia,103449,103449-4.wav,wavfiles/103449-4.wav,//www.xeno-canto.org/103449,//creativecommons.org/licenses/by-nc-nd/2.5/,Eric DeFonso,2012-05-06,song,04959FCC2D2019458CEBA8DFED29668B20B7A5197A9E72430D54463891DF7050
train,Song Sparrow,song_sparrow,Melospiza,melodia,103449,103449-5.wav,wavfiles/103449-5.wav,//www.xeno-canto.org/103449,//creativecommons.org/licenses/by-nc-nd/2.5/,Eric DeFonso,2012-05-06,song,721900446E29B7D62A7BEDDC909E206A3B436924FFA853EC0B972DF4AACD4A0D
train,Song Sparrow,song_sparrow,Melospiza,melodia,103449,103449-6.wav,wavfiles/103449-6.wav,//www.xeno-canto.org/103449,//creativecommons.org/licenses/by-nc-nd/2.5/,Eric DeFonso,2012-05-06,song,628AFC4BB168EA9BA6CD481476F8DAFA96EF3E53B6624A45D1D765B4176B8582
train,Song Sparrow,song_sparrow,Melospiza,melodia,103449,103449-8.wav,wavfiles/103449-8.wav,//www.xeno-canto.org/103449,//creativecommons.org/licenses/by-nc-nd/2.5/,Eric DeFonso,2012-05-06,song,0274506527D636B4B653481AE62D0BE20E3917B77D0C6FB379930A9FCA504A88
train,Song Sparrow,song_sparrow,Melospiza,melodia,103449,103449-9.wav,wavfiles/103449-9.wav,//www.xeno-canto.org/103449,//creativecommons.org/licenses/by-nc-nd/2.5/,Eric DeFonso,2012-05-06,song,29EE7570D1FA19F5994FF05D4801F08400CF74856F9E03F597E75FD827D95CD3
train,Song Sparrow,song_sparrow,Melospiza,melodia,105818,105818-0.wav,wavfiles/105818-0.wav,//www.xeno-canto.org/105818,//creativecommons.org/licenses/by-nc-nd/2.5/,Paul J hurtado,2012-06-09,Song,D3922633DA88520D49FE7ED32CADBEA9EAFD7B1CA017AA8661928E3A0BA2E22C
train,Song Sparrow,song_sparrow,Melospiza,melodia,105818,105818-1.wav,wavfiles/105818-1.wav,//www.xeno-canto.org/105818,//creativecommons.org/licenses/by-nc-nd/2.5/,Paul J hurtado,2012-06-09,Song,02F32A3BC27BAC49F4431336D9ACE34365148EA8F8FBDFFA83FD2A378909AB76
train,Song Sparrow,song_sparrow,Melospiza,melodia,105818,105818-10.wav,wavfiles/105818-10.wav,//www.xeno-canto.org/105818,//creativecommons.org/licenses/by-nc-nd/2.5/,Paul J hurtado,2012-06-09,Song,F81B088EDC970B50BACE2E1E0B48471CDF2AC84C62F64967B973A7E4D5EE5E21
train,Song Sparrow,song_sparrow,Melospiza,melodia,105818,105818-11.wav,wavfiles/105818-11.wav,//www.xeno-canto.org/105818,//creativecommons.org/licenses/by-nc-nd/2.5/,Paul J hurtado,2012-06-09,Song,54CEC4D9B0501077EAF95E0F4D3C41E3E29680B6A7A4B8D52227111E1436277F
train,Song Sparrow,song_sparrow,Melospiza,melodia,105818,105818-2.wav,wavfiles/105818-2.wav,//www.xeno-canto.org/105818,//creativecommons.org/licenses/by-nc-nd/2.5/,Paul J hurtado,2012-06-09,Song,6C277258D0D5957B918E1200C3B888C4B9197B810533CF9C1929449D0E33A55C
train,Song Sparrow,song_sparrow,Melospiza,melodia,105818,105818-3.wav,wavfiles/105818-3.wav,//www.xeno-canto.org/105818,//creativecommons.org/licenses/by-nc-nd/2.5/,Paul J hurtado,2012-06-09,Song,0960C2D355224B15398BFFBB34367EC18B2B54AB9EE1C25605D335E8E5C57CE7
train,Song Sparrow,song_sparrow,Melospiza,melodia,105818,105818-4.wav,wavfiles/105818-4.wav,//www.xeno-canto.org/105818,//creativecommons.org/licenses/by-nc-nd/2.5/,Paul J hurtado,2012-06-09,Song,0B948E4A966E8AA3104F8F933F28A8CD13346712E33A4BEFC2F93C89685EADFD
train,Song Sparrow,song_sparrow,Melospiza,melodia,105818,105818-5.wav,wavfiles/105818-5.wav,//www.xeno-canto.org/105818,//creativecommons.org/licenses/by-nc-nd/2.5/,Paul J hurtado,2012-06-09,Song,1CFAF701D31DC8EBCFE1F58ABBB2F7B2188A89103F6759731FA2661AD378C758
train,Song Sparrow,song_sparrow,Melospiza,melodia,105818,105818-6.wav,wavfiles/105818-6.wav,//www.xeno-canto.org/105818,//creativecommons.org/licenses/by-nc-nd/2.5/,Paul J hurtado,2012-06-09,Song,6458E0D6795FB4CD09C9E4ADE52669E745A961BB1C037A53857D552AB246C606
train,Song Sparrow,song_sparrow,Melospiza,melodia,105818,105818-7.wav,wavfiles/105818-7.wav,//www.xeno-canto.org/105818,//creativecommons.org/licenses/by-nc-nd/2.5/,Paul J hurtado,2012-06-09,Song,10CE616033799969174815A7B65C5FC7BEB55F7A22C65D38CD50354C5EAF1F8D
train,Song Sparrow,song_sparrow,Melospiza,melodia,105818,105818-8.wav,wavfiles/105818-8.wav,//www.xeno-canto.org/105818,//creativecommons.org/licenses/by-nc-nd/2.5/,Paul J hurtado,2012-06-09,Song,0D402D11CBEFFCC978F5A91BE1DF467C085DD554E60C511A4AE6098ABEA066CE
train,Song Sparrow,song_sparrow,Melospiza,melodia,105818,105818-9.wav,wavfiles/105818-9.wav,//www.xeno-canto.org/105818,//creativecommons.org/licenses/by-nc-nd/2.5/,Paul J hurtado,2012-06-09,Song,A68EDE9E7366F0481086791EF8B20C02844B1F81CA94769432130AD8F745B69E
train,Song Sparrow,song_sparrow,Melospiza,melodia,111287,111287-0.wav,wavfiles/111287-0.wav,//www.xeno-canto.org/111287,//creativecommons.org/licenses/by-nc-nd/2.5/,Richard E Webster,2008-09-11,song,B91972D67875D9CB5FD325E317D0F57A46E46E7FADC86E47DE2DAA916C5B753A
train,Song Sparrow,song_sparrow,Melospiza,melodia,111287,111287-1.wav,wavfiles/111287-1.wav,//www.xeno-canto.org/111287,//creativecommons.org/licenses/by-nc-nd/2.5/,Richard E Webster,2008-09-11,song,BCD0E1E96FFB049A0BE5EA482F42D732D734246A073B9A38BE322DB8BCA834EB
train,Song Sparrow,song_sparrow,Melospiza,melodia,111287,111287-2.wav,wavfiles/111287-2.wav,//www.xeno-canto.org/111287,//creativecommons.org/licenses/by-nc-nd/2.5/,Richard E Webster,2008-09-11,song,C53B7FFCF188800412A8C8C5C597897BA2273DCAE427D523693F4ADAEC49E16B
train,Song Sparrow,song_sparrow,Melospiza,melodia,111287,111287-3.wav,wavfiles/111287-3.wav,//www.xeno-canto.org/111287,//creativecommons.org/licenses/by-nc-nd/2.5/,Richard E Webster,2008-09-11,song,96169570CC2D5F33CD284B4C888BB670BD43DAE1D54B19A4EC85F3FC0EDC12CE
train,Song Sparrow,song_sparrow,Melospiza,melodia,111287,111287-4.wav,wavfiles/111287-4.wav,//www.xeno-canto.org/111287,//creativecommons.org/licenses/by-nc-nd/2.5/,Richard E Webster,2008-09-11,song,0B785141E07E454DFBA58A61766B9A84E98BE4AE7373BAE8B81BC9C577593D77
train,Song Sparrow,song_sparrow,Melospiza,melodia,111287,111287-5.wav,wavfiles/111287-5.wav,//www.xeno-canto.org/111287,//creativecommons.org/licenses/by-nc-nd/2.5/,Richard E Webster,2008-09-11,song,EBEA9A6DFDE41C89FE06A680457C8DE3C24D3AAA66A39361811A13C04823B55F
train,Song Sparrow,song_sparrow,Melospiza,melodia,111287,111287-6.wav,wavfiles/111287-6.wav,//www.xeno-canto.org/111287,//creativecommons.org/licenses/by-nc-nd/2.5/,Richard E Webster,2008-09-11,song,47F388443C11C207E110B85BA54348DCA5A369969B4B3DFF554868DD56D45429
train,Song Sparrow,song_sparrow,Melospiza,melodia,111287,111287-7.wav,wavfiles/111287-7.wav,//www.xeno-canto.org/111287,//creativecommons.org/licenses/by-nc-nd/2.5/,Richard E Webster,2008-09-11,song,68172799BA9647115C9A09D34C4E319A60D0A531834F8085E817669042182880
train,Song Sparrow,song_sparrow,Melospiza,melodia,111644,111644-0.wav,wavfiles/111644-0.wav,//www.xeno-canto.org/111644,//creativecommons.org/licenses/by-nc-nd/2.5/,Richard E Webster,2011-05-04,song,CB3106D1C50561ED7EA25C5F4EC69A67FFB67D3575E36040229E17BE6BCD33D5
train,Song Sparrow,song_sparrow,Melospiza,melodia,111644,111644-1.wav,wavfiles/111644-1.wav,//www.xeno-canto.org/111644,//creativecommons.org/licenses/by-nc-nd/2.5/,Richard E Webster,2011-05-04,song,5F6859F1588DF6CDF0CC416480878E4392B420B8AB62DDF9B28C78CFFBD1D1D7
train,Song Sparrow,song_sparrow,Melospiza,melodia,111644,111644-10.wav,wavfiles/111644-10.wav,//www.xeno-canto.org/111644,//creativecommons.org/licenses/by-nc-nd/2.5/,Richard E Webster,2011-05-04,song,7DED6EACD154FAE251CD020BC930E45FFF66DB373B4A3A729BEFA58EB8621032
train,Song Sparrow,song_sparrow,Melospiza,melodia,111644,111644-11.wav,wavfiles/111644-11.wav,//www.xeno-canto.org/111644,//creativecommons.org/licenses/by-nc-nd/2.5/,Richard E Webster,2011-05-04,song,64B4C813B0FA09D7E452FA8C8306BDE439426079F625D4175CF755F612A4F256
train,Song Sparrow,song_sparrow,Melospiza,melodia,111644,111644-12.wav,wavfiles/111644-12.wav,//www.xeno-canto.org/111644,//creativecommons.org/licenses/by-nc-nd/2.5/,Richard E Webster,2011-05-04,song,617352EC8EA2588169F7DCC132D782727B3B950E338549CB680235AE5CEDBE61
train,Song Sparrow,song_sparrow,Melospiza,melodia,111644,111644-2.wav,wavfiles/111644-2.wav,//www.xeno-canto.org/111644,//creativecommons.org/licenses/by-nc-nd/2.5/,Richard E Webster,2011-05-04,song,9341988086BC61D79C9AA75BC6779671E897D1CFD9CC7C4C85CFE18140C7E816
train,Song Sparrow,song_sparrow,Melospiza,melodia,111644,111644-3.wav,wavfiles/111644-3.wav,//www.xeno-canto.org/111644,//creativecommons.org/licenses/by-nc-nd/2.5/,Richard E Webster,2011-05-04,song,2783466D091828587867D8AB005C3BFB39F605C2EDB1F81F0C4F1FC951B0A4ED
train,Song Sparrow,song_sparrow,Melospiza,melodia,111644,111644-4.wav,wavfiles/111644-4.wav,//www.xeno-canto.org/111644,//creativecommons.org/licenses/by-nc-nd/2.5/,Richard E Webster,2011-05-04,song,92FF79778166CDF700F42FBB469459D3329F6A82D8C2C16199724A724D1D6BD1
train,Song Sparrow,song_sparrow,Melospiza,melodia,111644,111644-5.wav,wavfiles/111644-5.wav,//www.xeno-canto.org/111644,//creativecommons.org/licenses/by-nc-nd/2.5/,Richard E Webster,2011-05-04,song,D7598B1D3063B085BCD2FAD65F05ABD43392B554916D85E52BEA2A0C158BCB5E
train,Song Sparrow,song_sparrow,Melospiza,melodia,111644,111644-6.wav,wavfiles/111644-6.wav,//www.xeno-canto.org/111644,//creativecommons.org/licenses/by-nc-nd/2.5/,Richard E Webster,2011-05-04,song,6A828942599DCD92F0106D77FF336DE262F4C7D6817E663AC139BA2C2B94BB83
train,Song Sparrow,song_sparrow,Melospiza,melodia,111644,111644-7.wav,wavfiles/111644-7.wav,//www.xeno-canto.org/111644,//creativecommons.org/licenses/by-nc-nd/2.5/,Richard E Webster,2011-05-04,song,1157D976CAEFFB7312E0BCFF6D86448AEC4C6269B4F64B0006A0C423DADDF937
train,Song Sparrow,song_sparrow,Melospiza,melodia,111644,111644-8.wav,wavfiles/111644-8.wav,//www.xeno-canto.org/111644,//creativecommons.org/licenses/by-nc-nd/2.5/,Richard E Webster,2011-05-04,song,67DA526A00E3D6A74C41A8B0F9EFAAFA3441ECA8E10D4D0B6369783579D44F8A
train,Song Sparrow,song_sparrow,Melospiza,melodia,111644,111644-9.wav,wavfiles/111644-9.wav,//www.xeno-canto.org/111644,//creativecommons.org/licenses/by-nc-nd/2.5/,Richard E Webster,2011-05-04,song,2A19B3352EEBB3CC28C0FDB352DFC8A0EAC5E23BCC55941FFE4F90C94769F482
train,Song Sparrow,song_sparrow,Melospiza,melodia,111645,111645-0.wav,wavfiles/111645-0.wav,//www.xeno-canto.org/111645,//creativecommons.org/licenses/by-nc-nd/2.5/,Richard E Webster,2011-05-11,song,6B23E84D41F0295F017BD3E8918A065A9FA743EE721560BE009656210399E28F
train,Song Sparrow,song_sparrow,Melospiza,melodia,111645,111645-1.wav,wavfiles/111645-1.wav,//www.xeno-canto.org/111645,//creativecommons.org/licenses/by-nc-nd/2.5/,Richard E Webster,2011-05-11,song,CE8972CD4368B8733056BF980396FE4A22B296A1D37A02D8CA6C5424D262B0AF
train,Song Sparrow,song_sparrow,Melospiza,melodia,111645,111645-2.wav,wavfiles/111645-2.wav,//www.xeno-canto.org/111645,//creativecommons.org/licenses/by-nc-nd/2.5/,Richard E Webster,2011-05-11,song,7510C26ED076C037178CCEF478EE9FC14009801EBE53922CF981D097C6CF6A3A
train,Song Sparrow,song_sparrow,Melospiza,melodia,111645,111645-3.wav,wavfiles/111645-3.wav,//www.xeno-canto.org/111645,//creativecommons.org/licenses/by-nc-nd/2.5/,Richard E Webster,2011-05-11,song,A3AEC95149317B392876E8B81F898FC6EA677350FBED68C10A557CD3E9AB505F
train,Song Sparrow,song_sparrow,Melospiza,melodia,111645,111645-4.wav,wavfiles/111645-4.wav,//www.xeno-canto.org/111645,//creativecommons.org/licenses/by-nc-nd/2.5/,Richard E Webster,2011-05-11,song,641B87D5A9A19C7C174F520BDF1FC151BE2553663E4D50415383C8189B94E7DF
train,Song Sparrow,song_sparrow,Melospiza,melodia,111645,111645-5.wav,wavfiles/111645-5.wav,//www.xeno-canto.org/111645,//creativecommons.org/licenses/by-nc-nd/2.5/,Richard E Webster,2011-05-11,song,238287460114189C246D79961672CEAC9FBF22A5A8DE72D1D422744F75B520F5
train,Song Sparrow,song_sparrow,Melospiza,melodia,111645,111645-6.wav,wavfiles/111645-6.wav,//www.xeno-canto.org/111645,//creativecommons.org/licenses/by-nc-nd/2.5/,Richard E Webster,2011-05-11,song,070726A5E471C742A451FFBCE897FB55BB27920D42DF10D274589E4CD800ACB9
train,Song Sparrow,song_sparrow,Melospiza,melodia,111646,111646-0.wav,wavfiles/111646-0.wav,//www.xeno-canto.org/111646,//creativecommons.org/licenses/by-nc-nd/2.5/,Richard E Webster,2011-05-28,song,8BAB80FF5E61B3D1C8AE0F5ED4AC538E8346778C4F5ECC3CDE22F7A66D7F0EA4
train,Song Sparrow,song_sparrow,Melospiza,melodia,111646,111646-1.wav,wavfiles/111646-1.wav,//www.xeno-canto.org/111646,//creativecommons.org/licenses/by-nc-nd/2.5/,Richard E Webster,2011-05-28,song,EB0BDCDD74589B714D3B89FD03A0A3FCD7F5607A5C523BC14490D5CFD51C9A8F
train,Song Sparrow,song_sparrow,Melospiza,melodia,111646,111646-10.wav,wavfiles/111646-10.wav,//www.xeno-canto.org/111646,//creativecommons.org/licenses/by-nc-nd/2.5/,Richard E Webster,2011-05-28,song,539D5D53F7886F3C57EEF32AEF4443885E11CFBBEB672BB4B93AAE20D702E5B7
train,Song Sparrow,song_sparrow,Melospiza,melodia,111646,111646-2.wav,wavfiles/111646-2.wav,//www.xeno-canto.org/111646,//creativecommons.org/licenses/by-nc-nd/2.5/,Richard E Webster,2011-05-28,song,F09E428EC4DF7C5124BAFB47E4D2EB4AA5C185BEC7C7ACEE9291527165C992BB
train,Song Sparrow,song_sparrow,Melospiza,melodia,111646,111646-4.wav,wavfiles/111646-4.wav,//www.xeno-canto.org/111646,//creativecommons.org/licenses/by-nc-nd/2.5/,Richard E Webster,2011-05-28,song,27DCD28613B0ABD2C06D0D14A55BDD0831F463470D3E2841162A97374FB536B6
train,Song Sparrow,song_sparrow,Melospiza,melodia,111646,111646-5.wav,wavfiles/111646-5.wav,//www.xeno-canto.org/111646,//creativecommons.org/licenses/by-nc-nd/2.5/,Richard E Webster,2011-05-28,song,FB84D8892C6377D7FBED16B446591F925E94DBCCB7B73D3E5F34A0FB6BA7AC7C
train,Song Sparrow,song_sparrow,Melospiza,melodia,111646,111646-6.wav,wavfiles/111646-6.wav,//www.xeno-canto.org/111646,//creativecommons.org/licenses/by-nc-nd/2.5/,Richard E Webster,2011-05-28,song,91AEDABD044B63CF530C73C2D568A1EE6AAF40AFECED3F8E3055AA8338C93E24
train,Song Sparrow,song_sparrow,Melospiza,melodia,111646,111646-8.wav,wavfiles/111646-8.wav,//www.xeno-canto.org/111646,//creativecommons.org/licenses/by-nc-nd/2.5/,Richard E Webster,2011-05-28,song,D12B604B95AF4E6CB1795D1E1DDA764CE0500BBBDEA3C3A67D0D648087C12508
train,Song Sparrow,song_sparrow,Melospiza,melodia,111646,111646-9.wav,wavfiles/111646-9.wav,//www.xeno-canto.org/111646,//creativecommons.org/licenses/by-nc-nd/2.5/,Richard E Webster,2011-05-28,song,E63BCBE0CD2911A043BC01CD75F39623576557C3EAB6B9B2048651D328C6D1DC
train,Song Sparrow,song_sparrow,Melospiza,melodia,111649,111649-0.wav,wavfiles/111649-0.wav,//www.xeno-canto.org/111649,//creativecommons.org/licenses/by-nc-nd/2.5/,Richard E Webster,2011-05-11,song,6FB7EDE8EC57125FAA419F7D9E45B92FC4EA23BD6CB60BDE32C066914AC81EFE
train,Song Sparrow,song_sparrow,Melospiza,melodia,111649,111649-1.wav,wavfiles/111649-1.wav,//www.xeno-canto.org/111649,//creativecommons.org/licenses/by-nc-nd/2.5/,Richard E Webster,2011-05-11,song,C7C57413D73D29567797DD3DD1364C589B10950CAFA0A9F5EE70894B0BD4300F
train,Song Sparrow,song_sparrow,Melospiza,melodia,111649,111649-11.wav,wavfiles/111649-11.wav,//www.xeno-canto.org/111649,//creativecommons.org/licenses/by-nc-nd/2.5/,Richard E Webster,2011-05-11,song,0288A40A7CCD5BD80D168F9BD319E2997F5421D3E444D2AF50E6F7E865DADA44
train,Song Sparrow,song_sparrow,Melospiza,melodia,111649,111649-12.wav,wavfiles/111649-12.wav,//www.xeno-canto.org/111649,//creativecommons.org/licenses/by-nc-nd/2.5/,Richard E Webster,2011-05-11,song,FA093332A02272694310603E572EA2562896456AE62EE5F5193FA084A81E398C
train,Song Sparrow,song_sparrow,Melospiza,melodia,111649,111649-13.wav,wavfiles/111649-13.wav,//www.xeno-canto.org/111649,//creativecommons.org/licenses/by-nc-nd/2.5/,Richard E Webster,2011-05-11,song,FD885AB6968A99DED7159CC6E47000FE5D583E21CED62DD765842BB5FC4D2ED6
train,Song Sparrow,song_sparrow,Melospiza,melodia,111649,111649-2.wav,wavfiles/111649-2.wav,//www.xeno-canto.org/111649,//creativecommons.org/licenses/by-nc-nd/2.5/,Richard E Webster,2011-05-11,song,B924900EEB1F3976A73EE68F498C177D9F2B491514A81A25F90537BA2971CBFA
train,Song Sparrow,song_sparrow,Melospiza,melodia,111649,111649-3.wav,wavfiles/111649-3.wav,//www.xeno-canto.org/111649,//creativecommons.org/licenses/by-nc-nd/2.5/,Richard E Webster,2011-05-11,song,274B3987FDD452E13BC546179FC7AC7313B91F6E7F33898219EA10CF576EBED0
train,Song Sparrow,song_sparrow,Melospiza,melodia,111649,111649-4.wav,wavfiles/111649-4.wav,//www.xeno-canto.org/111649,//creativecommons.org/licenses/by-nc-nd/2.5/,Richard E Webster,2011-05-11,song,52A249F34F706A53ECB89C547A2EFEB0452C14FE7B932A7D95032A97EA783D15
train,Song Sparrow,song_sparrow,Melospiza,melodia,111649,111649-5.wav,wavfiles/111649-5.wav,//www.xeno-canto.org/111649,//creativecommons.org/licenses/by-nc-nd/2.5/,Richard E Webster,2011-05-11,song,8B736BCA46A99EFC6C8F1A3A367D24D5DAC898242DD18C98E30A873DF648EE99
train,Song Sparrow,song_sparrow,Melospiza,melodia,111649,111649-6.wav,wavfiles/111649-6.wav,//www.xeno-canto.org/111649,//creativecommons.org/licenses/by-nc-nd/2.5/,Richard E Webster,2011-05-11,song,49373F9BB95268F163CDEF8F7D303CC341CCD95C8012462721741A7C8226E0BB
train,Song Sparrow,song_sparrow,Melospiza,melodia,111649,111649-8.wav,wavfiles/111649-8.wav,//www.xeno-canto.org/111649,//creativecommons.org/licenses/by-nc-nd/2.5/,Richard E Webster,2011-05-11,song,1E682F4F6F275C490BE5624171C9CE2C976F986A4E89661F5225461C4C8FC815
train,Song Sparrow,song_sparrow,Melospiza,melodia,111649,111649-9.wav,wavfiles/111649-9.wav,//www.xeno-canto.org/111649,//creativecommons.org/licenses/by-nc-nd/2.5/,Richard E Webster,2011-05-11,song,D5E1982589BC8E73D575B705584D5A13D37677C9B74E6ABD6D776649F0366B87
train,Song Sparrow,song_sparrow,Melospiza,melodia,111650,111650-0.wav,wavfiles/111650-0.wav,//www.xeno-canto.org/111650,//creativecommons.org/licenses/by-nc-nd/2.5/,Richard E Webster,2012-07-02,song,BA99E632F822B6103C9D508BB5BB183AC7BA3879A899459533E324AE95B08BCF
train,Song Sparrow,song_sparrow,Melospiza,melodia,111650,111650-1.wav,wavfiles/111650-1.wav,//www.xeno-canto.org/111650,//creativecommons.org/licenses/by-nc-nd/2.5/,Richard E Webster,2012-07-02,song,AFE8DA17735FDF9580BE72E29EE43BE6EAE6BFA8E317CE6EEE255255A133E03A
train,Song Sparrow,song_sparrow,Melospiza,melodia,111650,111650-10.wav,wavfiles/111650-10.wav,//www.xeno-canto.org/111650,//creativecommons.org/licenses/by-nc-nd/2.5/,Richard E Webster,2012-07-02,song,B83D995F2D88C25BF862E70E3F49A34BB8CA0FB477E137DEFE584FAA6DF536F6
train,Song Sparrow,song_sparrow,Melospiza,melodia,111650,111650-2.wav,wavfiles/111650-2.wav,//www.xeno-canto.org/111650,//creativecommons.org/licenses/by-nc-nd/2.5/,Richard E Webster,2012-07-02,song,78974859A1D4D0383AC33AE6B06079207ECF97DD7AE5E57AA52DD0167942BE30
train,Song Sparrow,song_sparrow,Melospiza,melodia,111650,111650-3.wav,wavfiles/111650-3.wav,//www.xeno-canto.org/111650,//creativecommons.org/licenses/by-nc-nd/2.5/,Richard E Webster,2012-07-02,song,B5BE78FFE2E5EBF306E84225BE40384783BF0BD553ED04DBED085F3F88F798CB
train,Song Sparrow,song_sparrow,Melospiza,melodia,111650,111650-4.wav,wavfiles/111650-4.wav,//www.xeno-canto.org/111650,//creativecommons.org/licenses/by-nc-nd/2.5/,Richard E Webster,2012-07-02,song,9CEF9E619448D50681B2C31F16D5B7B0CCC8C4418DF211E21B9E497E0B595B6B
train,Song Sparrow,song_sparrow,Melospiza,melodia,111650,111650-5.wav,wavfiles/111650-5.wav,//www.xeno-canto.org/111650,//creativecommons.org/licenses/by-nc-nd/2.5/,Richard E Webster,2012-07-02,song,90CDF300983E97137A41E97BC24D8F7B8E40F897AE2E06BA1903048F17094F06
train,Song Sparrow,song_sparrow,Melospiza,melodia,111650,111650-6.wav,wavfiles/111650-6.wav,//www.xeno-canto.org/111650,//creativecommons.org/licenses/by-nc-nd/2.5/,Richard E Webster,2012-07-02,song,2362E211CFBC5687CE378452F9000D38AB42534BE2B68A0A889095DA6DE02223
train,Song Sparrow,song_sparrow,Melospiza,melodia,111650,111650-7.wav,wavfiles/111650-7.wav,//www.xeno-canto.org/111650,//creativecommons.org/licenses/by-nc-nd/2.5/,Richard E Webster,2012-07-02,song,B807E6C9951B920A349E4CA58787C3B768861371A48968309FE64B548A3ECFA3
train,Song Sparrow,song_sparrow,Melospiza,melodia,111650,111650-8.wav,wavfiles/111650-8.wav,//www.xeno-canto.org/111650,//creativecommons.org/licenses/by-nc-nd/2.5/,Richard E Webster,2012-07-02,song,322EC5D18C17CA26F16D4283854F00A9D4DDA2DA3DE033AE4D23F2976C5DA26F
train,Song Sparrow,song_sparrow,Melospiza,melodia,111650,111650-9.wav,wavfiles/111650-9.wav,//www.xeno-canto.org/111650,//creativecommons.org/licenses/by-nc-nd/2.5/,Richard E Webster,2012-07-02,song,85D73740C9C08E5272F27E874D00C6BD4CA28586BAD3947D9EE300AAC8DB44DC
train,Song Sparrow,song_sparrow,Melospiza,melodia,111651,111651-0.wav,wavfiles/111651-0.wav,//www.xeno-canto.org/111651,//creativecommons.org/licenses/by-nc-nd/2.5/,Richard E Webster,2011-05-11,song,A1BECBBD5E0B83BCDD9A55E21C9495B59475FBC2994871DBAC396349BEA11F89
train,Song Sparrow,song_sparrow,Melospiza,melodia,111651,111651-1.wav,wavfiles/111651-1.wav,//www.xeno-canto.org/111651,//creativecommons.org/licenses/by-nc-nd/2.5/,Richard E Webster,2011-05-11,song,9ADCD0A8201935C6639C35A2A9CF7EDEBB2AEF5D500F8BCA1C578DF377C8618F
train,Song Sparrow,song_sparrow,Melospiza,melodia,111651,111651-10.wav,wavfiles/111651-10.wav,//www.xeno-canto.org/111651,//creativecommons.org/licenses/by-nc-nd/2.5/,Richard E Webster,2011-05-11,song,B185C800560274EE5BF26BBB3EBCD39120FEA533E82EDC056E203DF2089569FA
train,Song Sparrow,song_sparrow,Melospiza,melodia,111651,111651-2.wav,wavfiles/111651-2.wav,//www.xeno-canto.org/111651,//creativecommons.org/licenses/by-nc-nd/2.5/,Richard E Webster,2011-05-11,song,62F00147AB6964302687EB7BEABD1BB14E428C7D272022773640A74E9469FF6B
train,Song Sparrow,song_sparrow,Melospiza,melodia,111651,111651-4.wav,wavfiles/111651-4.wav,//www.xeno-canto.org/111651,//creativecommons.org/licenses/by-nc-nd/2.5/,Richard E Webster,2011-05-11,song,E0F59D1F88748387BB41C64822B0A4F4C4FB2CF80760D9B45056ADE1E53B7627
train,Song Sparrow,song_sparrow,Melospiza,melodia,111651,111651-5.wav,wavfiles/111651-5.wav,//www.xeno-canto.org/111651,//creativecommons.org/licenses/by-nc-nd/2.5/,Richard E Webster,2011-05-11,song,8A505C80DF0AD9B61B17DF99A74B67887D5804619BAA707C47F38DF4A4C26411
train,Song Sparrow,song_sparrow,Melospiza,melodia,111651,111651-6.wav,wavfiles/111651-6.wav,//www.xeno-canto.org/111651,//creativecommons.org/licenses/by-nc-nd/2.5/,Richard E Webster,2011-05-11,song,2132B91B5B06EC5CE69D75D89F84E1CB97116EDAEACE7AA9362350FAB835C6AD
train,Song Sparrow,song_sparrow,Melospiza,melodia,111651,111651-8.wav,wavfiles/111651-8.wav,//www.xeno-canto.org/111651,//creativecommons.org/licenses/by-nc-nd/2.5/,Richard E Webster,2011-05-11,song,928FD851DE36EAAFA65863E8D79F0A96AEE30EF0D26299B70F7C043A8E84CB0F
train,Song Sparrow,song_sparrow,Melospiza,melodia,111651,111651-9.wav,wavfiles/111651-9.wav,//www.xeno-canto.org/111651,//creativecommons.org/licenses/by-nc-nd/2.5/,Richard E Webster,2011-05-11,song,6B7B045A8A53880922E0D98F2142D9027F654807A8B69EBAB5740353C217F626
train,Song Sparrow,song_sparrow,Melospiza,melodia,111653,111653-0.wav,wavfiles/111653-0.wav,//www.xeno-canto.org/111653,//creativecommons.org/licenses/by-nc-nd/2.5/,Richard E Webster,2011-06-12,song,3EB049255C09CEF34964CA90387062FA5F111C84FBE0786CC4B40F2BE3EE1E2B
train,Song Sparrow,song_sparrow,Melospiza,melodia,111653,111653-1.wav,wavfiles/111653-1.wav,//www.xeno-canto.org/111653,//creativecommons.org/licenses/by-nc-nd/2.5/,Richard E Webster,2011-06-12,song,77745F5E40D7838F1319351E85415834B67CC3D103529F3D65B1BB390AD79CA3
train,Song Sparrow,song_sparrow,Melospiza,melodia,111653,111653-10.wav,wavfiles/111653-10.wav,//www.xeno-canto.org/111653,//creativecommons.org/licenses/by-nc-nd/2.5/,Richard E Webster,2011-06-12,song,3A11E7977745FFE97C86351C859BD9F90D08B00E2C1B6E86049B01D0A27F9D6D
train,Song Sparrow,song_sparrow,Melospiza,melodia,111653,111653-2.wav,wavfiles/111653-2.wav,//www.xeno-canto.org/111653,//creativecommons.org/licenses/by-nc-nd/2.5/,Richard E Webster,2011-06-12,song,533BD8C21AF866CBC81CA202C92E17FFC0173BC2C02241FF3B6AB4DE450A6B60
train,Song Sparrow,song_sparrow,Melospiza,melodia,111653,111653-4.wav,wavfiles/111653-4.wav,//www.xeno-canto.org/111653,//creativecommons.org/licenses/by-nc-nd/2.5/,Richard E Webster,2011-06-12,song,3E1A7761C85C50A6A7C9E46938A3ED940CD52A1804EDE5489D563AB52A582977
train,Song Sparrow,song_sparrow,Melospiza,melodia,111653,111653-5.wav,wavfiles/111653-5.wav,//www.xeno-canto.org/111653,//creativecommons.org/licenses/by-nc-nd/2.5/,Richard E Webster,2011-06-12,song,0B64914521EA95ACAD256713D572F3E9C22C6887BBE8F8DCE883355ABC6BCBD1
train,Song Sparrow,song_sparrow,Melospiza,melodia,111653,111653-6.wav,wavfiles/111653-6.wav,//www.xeno-canto.org/111653,//creativecommons.org/licenses/by-nc-nd/2.5/,Richard E Webster,2011-06-12,song,6D455558C052BD519D5C9C7AADDF850AB6FDD1F488C362857934B235F5ABCD27
train,Song Sparrow,song_sparrow,Melospiza,melodia,111653,111653-8.wav,wavfiles/111653-8.wav,//www.xeno-canto.org/111653,//creativecommons.org/licenses/by-nc-nd/2.5/,Richard E Webster,2011-06-12,song,3079B3F4D015441671934F599DC9F191C0453EF16CCA832FD78923D611EF8FE6
train,Song Sparrow,song_sparrow,Melospiza,melodia,111653,111653-9.wav,wavfiles/111653-9.wav,//www.xeno-canto.org/111653,//creativecommons.org/licenses/by-nc-nd/2.5/,Richard E Webster,2011-06-12,song,A897F3DDDA4C8339E4EFC76DB9C344911C51C79D6D2127A79B5F0743454F728A
train,Song Sparrow,song_sparrow,Melospiza,melodia,111654,111654-0.wav,wavfiles/111654-0.wav,//www.xeno-canto.org/111654,//creativecommons.org/licenses/by-nc-nd/2.5/,Richard E Webster,2011-03-05,song,9430C41E92AD02AA663486845099E8F56DC24A66C1FDDED2808AF24945D6A407
train,Song Sparrow,song_sparrow,Melospiza,melodia,111654,111654-1.wav,wavfiles/111654-1.wav,//www.xeno-canto.org/111654,//creativecommons.org/licenses/by-nc-nd/2.5/,Richard E Webster,2011-03-05,song,B955AC57EADF5BC9DB2C766419645CA460CF16A31377D860D73BFE60C341E8B3
train,Song Sparrow,song_sparrow,Melospiza,melodia,111654,111654-11.wav,wavfiles/111654-11.wav,//www.xeno-canto.org/111654,//creativecommons.org/licenses/by-nc-nd/2.5/,Richard E Webster,2011-03-05,song,FC604576329CD7180D2E2EE0871EE4B999FF72FBBB2CB24D22D62C9BD02CE28F
train,Song Sparrow,song_sparrow,Melospiza,melodia,111654,111654-2.wav,wavfiles/111654-2.wav,//www.xeno-canto.org/111654,//creativecommons.org/licenses/by-nc-nd/2.5/,Richard E Webster,2011-03-05,song,3C2882EFFA80CF700CE1C2C44DF067070F53971FB26F037CAD6A35CD4B876B99
train,Song Sparrow,song_sparrow,Melospiza,melodia,111654,111654-4.wav,wavfiles/111654-4.wav,//www.xeno-canto.org/111654,//creativecommons.org/licenses/by-nc-nd/2.5/,Richard E Webster,2011-03-05,song,BF94EE7D753E30E2EA6777B5D62E9D54C5BB6B9C6D878995F09344938CE95297
train,Song Sparrow,song_sparrow,Melospiza,melodia,111654,111654-5.wav,wavfiles/111654-5.wav,//www.xeno-canto.org/111654,//creativecommons.org/licenses/by-nc-nd/2.5/,Richard E Webster,2011-03-05,song,33CC601D415BC51F7A711CA0564F517546282F19545280C629B6CD0C0248112D
train,Song Sparrow,song_sparrow,Melospiza,melodia,111654,111654-6.wav,wavfiles/111654-6.wav,//www.xeno-canto.org/111654,//creativecommons.org/licenses/by-nc-nd/2.5/,Richard E Webster,2011-03-05,song,96C8F1AB864F05C2A136646A877066F730407F8DB6AD9CCBDFE79E157B430581
train,Song Sparrow,song_sparrow,Melospiza,melodia,111654,111654-8.wav,wavfiles/111654-8.wav,//www.xeno-canto.org/111654,//creativecommons.org/licenses/by-nc-nd/2.5/,Richard E Webster,2011-03-05,song,0B2F15509BB49EF923A8CDD99BD3F069F52CFB2E2AA85D3916B5EE436D3F1BD9
train,Song Sparrow,song_sparrow,Melospiza,melodia,111654,111654-9.wav,wavfiles/111654-9.wav,//www.xeno-canto.org/111654,//creativecommons.org/licenses/by-nc-nd/2.5/,Richard E Webster,2011-03-05,song,B31869A3FF12FDF40A86B0DB5331EE2A0F8579F7DF0E1C6D9C19434B09AAB0D2
train,Song Sparrow,song_sparrow,Melospiza,melodia,111655,111655-0.wav,wavfiles/111655-0.wav,//www.xeno-canto.org/111655,//creativecommons.org/licenses/by-nc-nd/2.5/,Richard E Webster,2011-03-05,"call, song",2EA7D3F97F69375327A09C0CFBE31327DC03BCB54517697E7F52297460FAE161
train,Song Sparrow,song_sparrow,Melospiza,melodia,111655,111655-1.wav,wavfiles/111655-1.wav,//www.xeno-canto.org/111655,//creativecommons.org/licenses/by-nc-nd/2.5/,Richard E Webster,2011-03-05,"call, song",F8D1FE5AEF2CA060C10F3D081A6A06425A72B32B4CF5469DD2E60D7F68DBA896
train,Song Sparrow,song_sparrow,Melospiza,melodia,111655,111655-10.wav,wavfiles/111655-10.wav,//www.xeno-canto.org/111655,//creativecommons.org/licenses/by-nc-nd/2.5/,Richard E Webster,2011-03-05,"call, song",04224457E0947339FF5BBDFC956968820A2B67266F9E5385768616B6CF8CA2EE
train,Song Sparrow,song_sparrow,Melospiza,melodia,111655,111655-11.wav,wavfiles/111655-11.wav,//www.xeno-canto.org/111655,//creativecommons.org/licenses/by-nc-nd/2.5/,Richard E Webster,2011-03-05,"call, song",25AEF953AB182A24F5401E0E9D0A11CD511653BF6FF4A3AAB681F8C53B5F325A
train,Song Sparrow,song_sparrow,Melospiza,melodia,111655,111655-2.wav,wavfiles/111655-2.wav,//www.xeno-canto.org/111655,//creativecommons.org/licenses/by-nc-nd/2.5/,Richard E Webster,2011-03-05,"call, song",F0C2408F8AA34EB520DBBD9CC7B884ED82EAE14733BA422A1A6A6D91B8794D3C
train,Song Sparrow,song_sparrow,Melospiza,melodia,111655,111655-3.wav,wavfiles/111655-3.wav,//www.xeno-canto.org/111655,//creativecommons.org/licenses/by-nc-nd/2.5/,Richard E Webster,2011-03-05,"call, song",C2605E985B60627F7D2A1BFCE192782802FB2083F05690183148A4103D73533B
train,Song Sparrow,song_sparrow,Melospiza,melodia,111655,111655-4.wav,wavfiles/111655-4.wav,//www.xeno-canto.org/111655,//creativecommons.org/licenses/by-nc-nd/2.5/,Richard E Webster,2011-03-05,"call, song",B3E5EDE09A59DE09452BA28904588D84E0063F87EB7E54B87B18A540701CE388
train,Song Sparrow,song_sparrow,Melospiza,melodia,111655,111655-5.wav,wavfiles/111655-5.wav,//www.xeno-canto.org/111655,//creativecommons.org/licenses/by-nc-nd/2.5/,Richard E Webster,2011-03-05,"call, song",6F254C440ECB9C03ABF26369FB174111DDAEBE8733C11FDA2D8DDD2B696DC446
train,Song Sparrow,song_sparrow,Melospiza,melodia,111666,111666-0.wav,wavfiles/111666-0.wav,//www.xeno-canto.org/111666,//creativecommons.org/licenses/by-nc-nd/2.5/,Richard E Webster,2011-03-11,"interaction tick series, song,call",E54D5CDDF4CEAAD79629FBDE34E8BDB1C52906FAC3ADF40B1162DE6C85B3FE24
train,Song Sparrow,song_sparrow,Melospiza,melodia,111666,111666-1.wav,wavfiles/111666-1.wav,//www.xeno-canto.org/111666,//creativecommons.org/licenses/by-nc-nd/2.5/,Richard E Webster,2011-03-11,"interaction tick series, song,call",BFC330CED5015B093A9B7CE571A628075BCE5316B6AC05E03AEA84EFF5EAD64B
train,Song Sparrow,song_sparrow,Melospiza,melodia,111666,111666-2.wav,wavfiles/111666-2.wav,//www.xeno-canto.org/111666,//creativecommons.org/licenses/by-nc-nd/2.5/,Richard E Webster,2011-03-11,"interaction tick series, song,call",0A83F8571CB605E05FE63690714C2E9DEB66D2222BD82ECD352749661C0A50B5
train,Song Sparrow,song_sparrow,Melospiza,melodia,111666,111666-3.wav,wavfiles/111666-3.wav,//www.xeno-canto.org/111666,//creativecommons.org/licenses/by-nc-nd/2.5/,Richard E Webster,2011-03-11,"interaction tick series, song,call",2D8173D38B5FC9163AB37252CC7950A9C9A0F6B7871DE8D22CBCA2F696313946
train,Song Sparrow,song_sparrow,Melospiza,melodia,111666,111666-4.wav,wavfiles/111666-4.wav,//www.xeno-canto.org/111666,//creativecommons.org/licenses/by-nc-nd/2.5/,Richard E Webster,2011-03-11,"interaction tick series, song,call",F2C830BC6554EB18684B9C9F01B43F1BB3C7A89CD49CA0E6D85AD40FDBD93B09
train,Song Sparrow,song_sparrow,Melospiza,melodia,111666,111666-6.wav,wavfiles/111666-6.wav,//www.xeno-canto.org/111666,//creativecommons.org/licenses/by-nc-nd/2.5/,Richard E Webster,2011-03-11,"interaction tick series, song,call",E914E84C1EBEAA3CA4664A3DE0F581BAB73047C51533B922969099E695C63BA9
train,Song Sparrow,song_sparrow,Melospiza,melodia,111666,111666-7.wav,wavfiles/111666-7.wav,//www.xeno-canto.org/111666,//creativecommons.org/licenses/by-nc-nd/2.5/,Richard E Webster,2011-03-11,"interaction tick series, song,call",7FEE7A808F1EF670FC2C6F440E919F5DCC09470014010F4100F8A32FAD9D5ED5
train,Song Sparrow,song_sparrow,Melospiza,melodia,111666,111666-8.wav,wavfiles/111666-8.wav,//www.xeno-canto.org/111666,//creativecommons.org/licenses/by-nc-nd/2.5/,Richard E Webster,2011-03-11,"interaction tick series, song,call",9CE0779F5814FA598DF30F7B4B1853ACAC57464103714019723CB9DB6262AAA1
train,Song Sparrow,song_sparrow,Melospiza,melodia,111667,111667-0.wav,wavfiles/111667-0.wav,//www.xeno-canto.org/111667,//creativecommons.org/licenses/by-nc-nd/2.5/,Richard E Webster,2011-03-11,"song, call, chase, interaction ticks",6A955E86116627DA41DF4D5909BDCE4AF2A1699417794005ED9AFAA715A01E30
train,Song Sparrow,song_sparrow,Melospiza,melodia,111667,111667-1.wav,wavfiles/111667-1.wav,//www.xeno-canto.org/111667,//creativecommons.org/licenses/by-nc-nd/2.5/,Richard E Webster,2011-03-11,"song, call, chase, interaction ticks",7616569C236826ED387BCD91A7B47F0E8F64EE598E8C9EF86D319F2C81B7AC49
train,Song Sparrow,song_sparrow,Melospiza,melodia,111667,111667-10.wav,wavfiles/111667-10.wav,//www.xeno-canto.org/111667,//creativecommons.org/licenses/by-nc-nd/2.5/,Richard E Webster,2011-03-11,"song, call, chase, interaction ticks",2BFC2CE1B42B0F3C4FD3D704C7AF12B1364B35C76681BC9757FFCAEE19C22D78
train,Song Sparrow,song_sparrow,Melospiza,melodia,111667,111667-11.wav,wavfiles/111667-11.wav,//www.xeno-canto.org/111667,//creativecommons.org/licenses/by-nc-nd/2.5/,Richard E Webster,2011-03-11,"song, call, chase, interaction ticks",01C3B9BC6FB06AF57E175754B51673DC7C29DC0DDD56CFCB9C0F782B9115B7D7
train,Song Sparrow,song_sparrow,Melospiza,melodia,111667,111667-14.wav,wavfiles/111667-14.wav,//www.xeno-canto.org/111667,//creativecommons.org/licenses/by-nc-nd/2.5/,Richard E Webster,2011-03-11,"song, call, chase, interaction ticks",97C235B61B74F3BEA36545184EA809553CCD8BEAF465DA7DF57F0FC5F5426A7D
train,Song Sparrow,song_sparrow,Melospiza,melodia,111667,111667-2.wav,wavfiles/111667-2.wav,//www.xeno-canto.org/111667,//creativecommons.org/licenses/by-nc-nd/2.5/,Richard E Webster,2011-03-11,"song, call, chase, interaction ticks",7129FA2948AE3DE55AC06F0046EDFD35BC6E2143A11A6ACC2D00A001D684D858
train,Song Sparrow,song_sparrow,Melospiza,melodia,111667,111667-3.wav,wavfiles/111667-3.wav,//www.xeno-canto.org/111667,//creativecommons.org/licenses/by-nc-nd/2.5/,Richard E Webster,2011-03-11,"song, call, chase, interaction ticks",F3F95C679A2598DFD4F8C5081C7E2FE727BF08610FE583D0F6ED55A011CF1D73
train,Song Sparrow,song_sparrow,Melospiza,melodia,111667,111667-4.wav,wavfiles/111667-4.wav,//www.xeno-canto.org/111667,//creativecommons.org/licenses/by-nc-nd/2.5/,Richard E Webster,2011-03-11,"song, call, chase, interaction ticks",7A3D2C5EEF9D3ECA8347B5A20EDA1DDD4D94ACC091A2BF9C2F036FEB79FF6C9C
train,Song Sparrow,song_sparrow,Melospiza,melodia,111667,111667-5.wav,wavfiles/111667-5.wav,//www.xeno-canto.org/111667,//creativecommons.org/licenses/by-nc-nd/2.5/,Richard E Webster,2011-03-11,"song, call, chase, interaction ticks",9F50F695AEDDCB12F220ACDD82C39A3B2DC8CEAB1AD996127E08189F294DEBBD
train,Song Sparrow,song_sparrow,Melospiza,melodia,111667,111667-6.wav,wavfiles/111667-6.wav,//www.xeno-canto.org/111667,//creativecommons.org/licenses/by-nc-nd/2.5/,Richard E Webster,2011-03-11,"song, call, chase, interaction ticks",D75E568DF170CFB384A37ED2712694F9A7BF69D7212C93BCC361A399C10F0F85
train,Song Sparrow,song_sparrow,Melospiza,melodia,111667,111667-7.wav,wavfiles/111667-7.wav,//www.xeno-canto.org/111667,//creativecommons.org/licenses/by-nc-nd/2.5/,Richard E Webster,2011-03-11,"song, call, chase, interaction ticks",F9D766C125D5F712AFC9E6209A424494AFC8AB1FF1F347D65CC3F92DC680FEC3
train,Song Sparrow,song_sparrow,Melospiza,melodia,111667,111667-8.wav,wavfiles/111667-8.wav,//www.xeno-canto.org/111667,//creativecommons.org/licenses/by-nc-nd/2.5/,Richard E Webster,2011-03-11,"song, call, chase, interaction ticks",2065DFBC98D1DE162AD04B105B5C6F277774ED104DE4ABA32A5309A73BD30706
train,Song Sparrow,song_sparrow,Melospiza,melodia,111667,111667-9.wav,wavfiles/111667-9.wav,//www.xeno-canto.org/111667,//creativecommons.org/licenses/by-nc-nd/2.5/,Richard E Webster,2011-03-11,"song, call, chase, interaction ticks",59931A28EEDE9593EB795EB25CA58F5C4CDAF5077E23A1A844D69D97261DC017
train,Song Sparrow,song_sparrow,Melospiza,melodia,111668,111668-0.wav,wavfiles/111668-0.wav,//www.xeno-canto.org/111668,//creativecommons.org/licenses/by-nc-nd/2.5/,Richard E Webster,2011-08-30,subsong,295A9F0EB6F9388FE2246EF05EC63EA3C6AFA1EA76B6520927D5997D423B266B
train,Song Sparrow,song_sparrow,Melospiza,melodia,111668,111668-1.wav,wavfiles/111668-1.wav,//www.xeno-canto.org/111668,//creativecommons.org/licenses/by-nc-nd/2.5/,Richard E Webster,2011-08-30,subsong,5351A391618CBFBF0EFA070E0D41A0AF5C7778E599637C2BF9FBE8F67D4CE8AB
train,Song Sparrow,song_sparrow,Melospiza,melodia,111668,111668-10.wav,wavfiles/111668-10.wav,//www.xeno-canto.org/111668,//creativecommons.org/licenses/by-nc-nd/2.5/,Richard E Webster,2011-08-30,subsong,1BAE0752AB8C413EFFA7E28653DF4B4C1520F94B24848CECE86D01958CE551B3
train,Song Sparrow,song_sparrow,Melospiza,melodia,111668,111668-2.wav,wavfiles/111668-2.wav,//www.xeno-canto.org/111668,//creativecommons.org/licenses/by-nc-nd/2.5/,Richard E Webster,2011-08-30,subsong,2C2A3440F203E5A5D2E0E3AF1435D71491A9CFD77D8C7021AA9A56CE76BD2196
train,Song Sparrow,song_sparrow,Melospiza,melodia,111668,111668-4.wav,wavfiles/111668-4.wav,//www.xeno-canto.org/111668,//creativecommons.org/licenses/by-nc-nd/2.5/,Richard E Webster,2011-08-30,subsong,589360978C52251E7A147B1ED57056F298C89362126A2B5840CA3F1CBB0CE368
train,Song Sparrow,song_sparrow,Melospiza,melodia,111668,111668-5.wav,wavfiles/111668-5.wav,//www.xeno-canto.org/111668,//creativecommons.org/licenses/by-nc-nd/2.5/,Richard E Webster,2011-08-30,subsong,5711FFF97FDC43936D2D229E829F3660E9A67B28BE1A4DBA0C068F2A935CC964
train,Song Sparrow,song_sparrow,Melospiza,melodia,111668,111668-6.wav,wavfiles/111668-6.wav,//www.xeno-canto.org/111668,//creativecommons.org/licenses/by-nc-nd/2.5/,Richard E Webster,2011-08-30,subsong,5B4C17E6419F91F7599037B7B6890CDC6C3B17F6A34C7D54781B15D28EC73C17
train,Song Sparrow,song_sparrow,Melospiza,melodia,111668,111668-8.wav,wavfiles/111668-8.wav,//www.xeno-canto.org/111668,//creativecommons.org/licenses/by-nc-nd/2.5/,Richard E Webster,2011-08-30,subsong,8D780394B4ED1BC5C7B54076D5F05D6DA185849FA31543E34F95E5A28ADB22C7
train,Song Sparrow,song_sparrow,Melospiza,melodia,111668,111668-9.wav,wavfiles/111668-9.wav,//www.xeno-canto.org/111668,//creativecommons.org/licenses/by-nc-nd/2.5/,Richard E Webster,2011-08-30,subsong,AB5262E03402E7D6B52FC02E187E0C07D4B192A10DE357CDABA74274854A7AEC
train,Song Sparrow,song_sparrow,Melospiza,melodia,111670,111670-0.wav,wavfiles/111670-0.wav,//www.xeno-canto.org/111670,//creativecommons.org/licenses/by-nc-nd/2.5/,Richard E Webster,2010-09-02,subsong,BA7CF3FC75B001D82A12BEF35E382F5D53EA2E3120359F1163FD20CD0A20B240
train,Song Sparrow,song_sparrow,Melospiza,melodia,111670,111670-1.wav,wavfiles/111670-1.wav,//www.xeno-canto.org/111670,//creativecommons.org/licenses/by-nc-nd/2.5/,Richard E Webster,2010-09-02,subsong,095D1ADD347F651021F7EB5085B7C2337BE73F62B0AFCF1B6AF73D906C4E888E
train,Song Sparrow,song_sparrow,Melospiza,melodia,111670,111670-10.wav,wavfiles/111670-10.wav,//www.xeno-canto.org/111670,//creativecommons.org/licenses/by-nc-nd/2.5/,Richard E Webster,2010-09-02,subsong,D5283FD9CB1269386F97F68878841A1BD57E248DAA8720A648E12BD44B5AC453
train,Song Sparrow,song_sparrow,Melospiza,melodia,111670,111670-11.wav,wavfiles/111670-11.wav,//www.xeno-canto.org/111670,//creativecommons.org/licenses/by-nc-nd/2.5/,Richard E Webster,2010-09-02,subsong,55E4FC1FB3762B76AC220BA7E774D94F4B123082819A4EA6CCE152B3B11CFADE
train,Song Sparrow,song_sparrow,Melospiza,melodia,111670,111670-12.wav,wavfiles/111670-12.wav,//www.xeno-canto.org/111670,//creativecommons.org/licenses/by-nc-nd/2.5/,Richard E Webster,2010-09-02,subsong,A0B552D6FB878E4684DC533021366382C4BA71D696D679EC20F0A17967305BEC
train,Song Sparrow,song_sparrow,Melospiza,melodia,111670,111670-13.wav,wavfiles/111670-13.wav,//www.xeno-canto.org/111670,//creativecommons.org/licenses/by-nc-nd/2.5/,Richard E Webster,2010-09-02,subsong,D49FD9229A64093E91F5C9100B80F5EE7E8881558F947348FCC78F95B002F48F
train,Song Sparrow,song_sparrow,Melospiza,melodia,111670,111670-14.wav,wavfiles/111670-14.wav,//www.xeno-canto.org/111670,//creativecommons.org/licenses/by-nc-nd/2.5/,Richard E Webster,2010-09-02,subsong,774C785B2D9091DE23F33292588ED882DDE5C34CAB159F140DF1389B5998D80E
train,Song Sparrow,song_sparrow,Melospiza,melodia,111670,111670-2.wav,wavfiles/111670-2.wav,//www.xeno-canto.org/111670,//creativecommons.org/licenses/by-nc-nd/2.5/,Richard E Webster,2010-09-02,subsong,57A3868117CE689E3ED868E1F19C9B9381D5178A7ED3F708E2B8BC0B65E7C046
train,Song Sparrow,song_sparrow,Melospiza,melodia,111670,111670-6.wav,wavfiles/111670-6.wav,//www.xeno-canto.org/111670,//creativecommons.org/licenses/by-nc-nd/2.5/,Richard E Webster,2010-09-02,subsong,02680F8C0A6E25ED8F68F60C673C7287A1EE3061639B10661E34538470740F4D
train,Song Sparrow,song_sparrow,Melospiza,melodia,111670,111670-7.wav,wavfiles/111670-7.wav,//www.xeno-canto.org/111670,//creativecommons.org/licenses/by-nc-nd/2.5/,Richard E Webster,2010-09-02,subsong,7DD70F14902C403BA4B17FE5673F1ACEB239EA7A185A81AA92515E3E6B68D3AD
train,Song Sparrow,song_sparrow,Melospiza,melodia,111670,111670-8.wav,wavfiles/111670-8.wav,//www.xeno-canto.org/111670,//creativecommons.org/licenses/by-nc-nd/2.5/,Richard E Webster,2010-09-02,subsong,B7D5099C4F7A0E4149F5ABE764D16EAEA237EA9230E86FF0AA8946A68B07DF4B
train,Song Sparrow,song_sparrow,Melospiza,melodia,111670,111670-9.wav,wavfiles/111670-9.wav,//www.xeno-canto.org/111670,//creativecommons.org/licenses/by-nc-nd/2.5/,Richard E Webster,2010-09-02,subsong,F39001F046B4CCF678E8F5BBEC8D6A930287BA2A91B1EC14EDE5831A274F7904
train,Song Sparrow,song_sparrow,Melospiza,melodia,111671,111671-0.wav,wavfiles/111671-0.wav,//www.xeno-canto.org/111671,//creativecommons.org/licenses/by-nc-nd/2.5/,Richard E Webster,2010-09-15,subsong,5254D7502854D5FB6176BD6C6752051B9124EBE36383D6D2A2999CFCEB5FE900
train,Song Sparrow,song_sparrow,Melospiza,melodia,111671,111671-1.wav,wavfiles/111671-1.wav,//www.xeno-canto.org/111671,//creativecommons.org/licenses/by-nc-nd/2.5/,Richard E Webster,2010-09-15,subsong,D3FD7F529F61A7554C1DC4B0C1A3C9804D0AA825A0C9302CD6F69CA397B769E4
train,Song Sparrow,song_sparrow,Melospiza,melodia,111671,111671-10.wav,wavfiles/111671-10.wav,//www.xeno-canto.org/111671,//creativecommons.org/licenses/by-nc-nd/2.5/,Richard E Webster,2010-09-15,subsong,00DB38AFF632B1458B42FD7FA21103311CC6CB7318D367F190B3CA29591DBDC0
train,Song Sparrow,song_sparrow,Melospiza,melodia,111671,111671-11.wav,wavfiles/111671-11.wav,//www.xeno-canto.org/111671,//creativecommons.org/licenses/by-nc-nd/2.5/,Richard E Webster,2010-09-15,subsong,2358D3D0BC521EC7A8CCEAA138920A5AC2E27B3BECE9F237E67CFB742128DE44
train,Song Sparrow,song_sparrow,Melospiza,melodia,111671,111671-12.wav,wavfiles/111671-12.wav,//www.xeno-canto.org/111671,//creativecommons.org/licenses/by-nc-nd/2.5/,Richard E Webster,2010-09-15,subsong,7D26331E0FE56CCAA2FCC6EF1E870E107AFFE78261DE444B3B16600EC32EB383
train,Song Sparrow,song_sparrow,Melospiza,melodia,111671,111671-13.wav,wavfiles/111671-13.wav,//www.xeno-canto.org/111671,//creativecommons.org/licenses/by-nc-nd/2.5/,Richard E Webster,2010-09-15,subsong,F359C14BF05521DCE98871A4DD148E26FC3E75E93F58EF5BC9D17A7F1F9A9470
train,Song Sparrow,song_sparrow,Melospiza,melodia,111671,111671-14.wav,wavfiles/111671-14.wav,//www.xeno-canto.org/111671,//creativecommons.org/licenses/by-nc-nd/2.5/,Richard E Webster,2010-09-15,subsong,7083E6AC223542A3015D93EC00B2C6197257FEDD895E802B60B29879BC831E5C
train,Song Sparrow,song_sparrow,Melospiza,melodia,111671,111671-2.wav,wavfiles/111671-2.wav,//www.xeno-canto.org/111671,//creativecommons.org/licenses/by-nc-nd/2.5/,Richard E Webster,2010-09-15,subsong,4D9C3F41A19471B4ACE95AF22BF7E798D52BCB8D3F33DAE68D7E522C769B7023
train,Song Sparrow,song_sparrow,Melospiza,melodia,111671,111671-3.wav,wavfiles/111671-3.wav,//www.xeno-canto.org/111671,//creativecommons.org/licenses/by-nc-nd/2.5/,Richard E Webster,2010-09-15,subsong,E1C22556D10DBC800F45E01A70FD4F9117B68B4A0DBEB99EFD20CB34C4A87BCA
train,Song Sparrow,song_sparrow,Melospiza,melodia,111671,111671-4.wav,wavfiles/111671-4.wav,//www.xeno-canto.org/111671,//creativecommons.org/licenses/by-nc-nd/2.5/,Richard E Webster,2010-09-15,subsong,2C5EFF42B3259089C3C94730BDF05C5AAA1A688188AEF9BDE0DC4F27A794FA1E
train,Song Sparrow,song_sparrow,Melospiza,melodia,111671,111671-5.wav,wavfiles/111671-5.wav,//www.xeno-canto.org/111671,//creativecommons.org/licenses/by-nc-nd/2.5/,Richard E Webster,2010-09-15,subsong,7FC51D837BCE0E612392576F527EFBF302A6004B78ACCA2DB705F4AC92B93885
train,Song Sparrow,song_sparrow,Melospiza,melodia,111671,111671-6.wav,wavfiles/111671-6.wav,//www.xeno-canto.org/111671,//creativecommons.org/licenses/by-nc-nd/2.5/,Richard E Webster,2010-09-15,subsong,19019D81F9A85C1DC4356E199A0614D1D8F93D23BCE6A608056D617CAF7111ED
train,Song Sparrow,song_sparrow,Melospiza,melodia,111671,111671-7.wav,wavfiles/111671-7.wav,//www.xeno-canto.org/111671,//creativecommons.org/licenses/by-nc-nd/2.5/,Richard E Webster,2010-09-15,subsong,6A6C224F614A822045543D3CC1319E10883A76FEEE30A1C169EF6AA7EDBDD2AA
train,Song Sparrow,song_sparrow,Melospiza,melodia,111671,111671-8.wav,wavfiles/111671-8.wav,//www.xeno-canto.org/111671,//creativecommons.org/licenses/by-nc-nd/2.5/,Richard E Webster,2010-09-15,subsong,D72C5ABD060F624B211C76D35D35829800732C5B4A5B13A37BB6609556A7A64D
train,Song Sparrow,song_sparrow,Melospiza,melodia,111671,111671-9.wav,wavfiles/111671-9.wav,//www.xeno-canto.org/111671,//creativecommons.org/licenses/by-nc-nd/2.5/,Richard E Webster,2010-09-15,subsong,F2A3C19EC7AAA80169A5632C0512F6E284D4CDE461B41FFC36CC6198C3355D81
train,Song Sparrow,song_sparrow,Melospiza,melodia,121280,121280-0.wav,wavfiles/121280-0.wav,//www.xeno-canto.org/121280,//creativecommons.org/licenses/by-nc-sa/3.0/,Lauren Harter,2013-02-01,song,31D2637AC5AA609BBF5E6BBC67EDB68572C71B5720553D0D14DAABCA131A8E2E
train,Song Sparrow,song_sparrow,Melospiza,melodia,121280,121280-1.wav,wavfiles/121280-1.wav,//www.xeno-canto.org/121280,//creativecommons.org/licenses/by-nc-sa/3.0/,Lauren Harter,2013-02-01,song,472643A314474A1BE853338B14F1C879E2E7CF0F22D0CEFD07F776D11BAD4FCD
train,Song Sparrow,song_sparrow,Melospiza,melodia,121280,121280-10.wav,wavfiles/121280-10.wav,//www.xeno-canto.org/121280,//creativecommons.org/licenses/by-nc-sa/3.0/,Lauren Harter,2013-02-01,song,98FF552248F7CEA0EB923C1D3FE2309D2D7F8266649515536C5F38FEB6E576C2
train,Song Sparrow,song_sparrow,Melospiza,melodia,121280,121280-11.wav,wavfiles/121280-11.wav,//www.xeno-canto.org/121280,//creativecommons.org/licenses/by-nc-sa/3.0/,Lauren Harter,2013-02-01,song,07226863CC6CC01BD0ECE581B09CF3C3A6CB401B54C194709337C7620D3E338A
train,Song Sparrow,song_sparrow,Melospiza,melodia,121280,121280-12.wav,wavfiles/121280-12.wav,//www.xeno-canto.org/121280,//creativecommons.org/licenses/by-nc-sa/3.0/,Lauren Harter,2013-02-01,song,27BD2C127D58574B5D5B92E05F5AB537F2606B45B5E9D1C78C72F7B6DCB218DC
train,Song Sparrow,song_sparrow,Melospiza,melodia,121280,121280-13.wav,wavfiles/121280-13.wav,//www.xeno-canto.org/121280,//creativecommons.org/licenses/by-nc-sa/3.0/,Lauren Harter,2013-02-01,song,071187DC51F3AB3AB912B6CDB19CFD2ECBC6784BA2BF9841B02D3BE53C5CAEC2
train,Song Sparrow,song_sparrow,Melospiza,melodia,121280,121280-14.wav,wavfiles/121280-14.wav,//www.xeno-canto.org/121280,//creativecommons.org/licenses/by-nc-sa/3.0/,Lauren Harter,2013-02-01,song,D389F48345B46F81535E69D2428DD687F89B9C9C8DCFAC3EB123C143B9B371B3
train,Song Sparrow,song_sparrow,Melospiza,melodia,121280,121280-2.wav,wavfiles/121280-2.wav,//www.xeno-canto.org/121280,//creativecommons.org/licenses/by-nc-sa/3.0/,Lauren Harter,2013-02-01,song,F40D12AF25D1EAD422C331B7923C40B7CD850DE358BD5F67F1ADD7139D459F3A
train,Song Sparrow,song_sparrow,Melospiza,melodia,121280,121280-3.wav,wavfiles/121280-3.wav,//www.xeno-canto.org/121280,//creativecommons.org/licenses/by-nc-sa/3.0/,Lauren Harter,2013-02-01,song,BF34085BE2DE36033B8E5C6DAD5CF029506BAD8CC85E2E8ECBB191BD5063711D
train,Song Sparrow,song_sparrow,Melospiza,melodia,121280,121280-4.wav,wavfiles/121280-4.wav,//www.xeno-canto.org/121280,//creativecommons.org/licenses/by-nc-sa/3.0/,Lauren Harter,2013-02-01,song,7DCAC8F6D98B579D92B2EF25F47D75E1594F647647B1CE9A583125B170B7781D
train,Song Sparrow,song_sparrow,Melospiza,melodia,121280,121280-5.wav,wavfiles/121280-5.wav,//www.xeno-canto.org/121280,//creativecommons.org/licenses/by-nc-sa/3.0/,Lauren Harter,2013-02-01,song,DD6E0032CCF793C1A9A2019D78C2630705FB43369911CCA47A6BD8B120EB7815
train,Song Sparrow,song_sparrow,Melospiza,melodia,121280,121280-6.wav,wavfiles/121280-6.wav,//www.xeno-canto.org/121280,//creativecommons.org/licenses/by-nc-sa/3.0/,Lauren Harter,2013-02-01,song,5DE748A48DC2E090D38E0BF4BE91031ACB44CA7FD265EC1F0D805709B1BE72F5
train,Song Sparrow,song_sparrow,Melospiza,melodia,121280,121280-7.wav,wavfiles/121280-7.wav,//www.xeno-canto.org/121280,//creativecommons.org/licenses/by-nc-sa/3.0/,Lauren Harter,2013-02-01,song,5E369385F99276D9D934E78B0BEE18541D3B72277A0862C8ABE6A9E6E2A3333D
train,Song Sparrow,song_sparrow,Melospiza,melodia,121280,121280-8.wav,wavfiles/121280-8.wav,//www.xeno-canto.org/121280,//creativecommons.org/licenses/by-nc-sa/3.0/,Lauren Harter,2013-02-01,song,36B702BC970148D00E0C5296DA456DD582A5AAE3F98E8D860788CE8DD3089F61
train,Song Sparrow,song_sparrow,Melospiza,melodia,121280,121280-9.wav,wavfiles/121280-9.wav,//www.xeno-canto.org/121280,//creativecommons.org/licenses/by-nc-sa/3.0/,Lauren Harter,2013-02-01,song,55053C5932980D37432E7A2C207C3AA67952709CDC10F2BB6D6224EC3ECCE48C
train,Song Sparrow,song_sparrow,Melospiza,melodia,121281,121281-0.wav,wavfiles/121281-0.wav,//www.xeno-canto.org/121281,//creativecommons.org/licenses/by-nc-sa/3.0/,Lauren Harter,2013-02-01,song,5F1F44B8366A01C1506D12A031B3C9F0FFB7A6129602FD5754CD959EB255F122
train,Song Sparrow,song_sparrow,Melospiza,melodia,121281,121281-1.wav,wavfiles/121281-1.wav,//www.xeno-canto.org/121281,//creativecommons.org/licenses/by-nc-sa/3.0/,Lauren Harter,2013-02-01,song,BB3B2193FC3B0C523EDFDC2BC01D1CF2BD60ACF27995EAAABD83EC076B4EEDDC
train,Song Sparrow,song_sparrow,Melospiza,melodia,121281,121281-10.wav,wavfiles/121281-10.wav,//www.xeno-canto.org/121281,//creativecommons.org/licenses/by-nc-sa/3.0/,Lauren Harter,2013-02-01,song,70594DC4592DE7189ACFCF2210AF19CB94F86CCBC622D18DF15048B5DAAC2CA3
train,Song Sparrow,song_sparrow,Melospiza,melodia,121281,121281-11.wav,wavfiles/121281-11.wav,//www.xeno-canto.org/121281,//creativecommons.org/licenses/by-nc-sa/3.0/,Lauren Harter,2013-02-01,song,3481A70B124AEF6016E3F9A46F318FA477FE8BF3D0C87388A3D6C262FBBAC96C
train,Song Sparrow,song_sparrow,Melospiza,melodia,121281,121281-12.wav,wavfiles/121281-12.wav,//www.xeno-canto.org/121281,//creativecommons.org/licenses/by-nc-sa/3.0/,Lauren Harter,2013-02-01,song,0E87639A52F388F68597EB3E66D7FF68A128BC303A7D811180121B02674FCEC0
train,Song Sparrow,song_sparrow,Melospiza,melodia,121281,121281-2.wav,wavfiles/121281-2.wav,//www.xeno-canto.org/121281,//creativecommons.org/licenses/by-nc-sa/3.0/,Lauren Harter,2013-02-01,song,1B2E4AE689ACC4B13D2FCC26FA8CF420E33EDAC7FB7091B9B0EFDF2599735530
train,Song Sparrow,song_sparrow,Melospiza,melodia,121281,121281-3.wav,wavfiles/121281-3.wav,//www.xeno-canto.org/121281,//creativecommons.org/licenses/by-nc-sa/3.0/,Lauren Harter,2013-02-01,song,7608348A0FAC35253D9AEFCCB3DC19C76F20C6BEA94450D6FC6E4339B05624DB
train,Song Sparrow,song_sparrow,Melospiza,melodia,121281,121281-4.wav,wavfiles/121281-4.wav,//www.xeno-canto.org/121281,//creativecommons.org/licenses/by-nc-sa/3.0/,Lauren Harter,2013-02-01,song,91434C0511F6BE40C7336724228EDF78B16D6C27427C2AD101FCA01A6CC8B28D
train,Song Sparrow,song_sparrow,Melospiza,melodia,121281,121281-5.wav,wavfiles/121281-5.wav,//www.xeno-canto.org/121281,//creativecommons.org/licenses/by-nc-sa/3.0/,Lauren Harter,2013-02-01,song,7951F52C40C746F71B824AECD7345F8379FB8DE9E0E8D1157B456A86FAA2BF82
train,Song Sparrow,song_sparrow,Melospiza,melodia,121281,121281-6.wav,wavfiles/121281-6.wav,//www.xeno-canto.org/121281,//creativecommons.org/licenses/by-nc-sa/3.0/,Lauren Harter,2013-02-01,song,A22FF70DB1F4737002495D98BBEA817700AF96CA8BA2AD4C54ED705DEE286D67
train,Song Sparrow,song_sparrow,Melospiza,melodia,121281,121281-7.wav,wavfiles/121281-7.wav,//www.xeno-canto.org/121281,//creativecommons.org/licenses/by-nc-sa/3.0/,Lauren Harter,2013-02-01,song,102691AA64AAEEEEED7BEC0B0C4CF8E5F51382297F07BD2D0F9A5DC84CD8846C
train,Song Sparrow,song_sparrow,Melospiza,melodia,121281,121281-8.wav,wavfiles/121281-8.wav,//www.xeno-canto.org/121281,//creativecommons.org/licenses/by-nc-sa/3.0/,Lauren Harter,2013-02-01,song,99998C5106682E835781B60A122D11A4D29541F4120C42B16456CDCDF244BB03
train,Song Sparrow,song_sparrow,Melospiza,melodia,121281,121281-9.wav,wavfiles/121281-9.wav,//www.xeno-canto.org/121281,//creativecommons.org/licenses/by-nc-sa/3.0/,Lauren Harter,2013-02-01,song,8320D8C431C8A5C4C6BA7AFF9E6B0CBC041E7ABD450A99B4BAF3619C9EECF7B9
train,Song Sparrow,song_sparrow,Melospiza,melodia,125706,125706-0.wav,wavfiles/125706-0.wav,//www.xeno-canto.org/125706,//creativecommons.org/licenses/by-nc-sa/3.0/,Richard E. Webster,1995-06-03,song,73D96BC495AA89A0C1FD9E9A8006668C26FBC076E942C52880FF16444FAAB23E
train,Song Sparrow,song_sparrow,Melospiza,melodia,125706,125706-1.wav,wavfiles/125706-1.wav,//www.xeno-canto.org/125706,//creativecommons.org/licenses/by-nc-sa/3.0/,Richard E. Webster,1995-06-03,song,FC68DD97E64CAB783A5C7C30F206D3CC8163C0EC11157EEF402BD37B22B4D9DA
train,Song Sparrow,song_sparrow,Melospiza,melodia,125706,125706-2.wav,wavfiles/125706-2.wav,//www.xeno-canto.org/125706,//creativecommons.org/licenses/by-nc-sa/3.0/,Richard E. Webster,1995-06-03,song,C9C731785F0F9FD2BE511BFD2B0C0F519ED32EC9C68E7405B9744D37E3FB83AC
train,Song Sparrow,song_sparrow,Melospiza,melodia,125706,125706-3.wav,wavfiles/125706-3.wav,//www.xeno-canto.org/125706,//creativecommons.org/licenses/by-nc-sa/3.0/,Richard E. Webster,1995-06-03,song,A76B622A01D00F88FC25BDF33776094A71CACE1996DD7BA5B7C9CBD0101A42D8
train,Song Sparrow,song_sparrow,Melospiza,melodia,125706,125706-4.wav,wavfiles/125706-4.wav,//www.xeno-canto.org/125706,//creativecommons.org/licenses/by-nc-sa/3.0/,Richard E. Webster,1995-06-03,song,FDC78EC87E0A4D46D2357C970AA9A5583F83C2F1ED7DA80032D5DF72D52D7A46
train,Song Sparrow,song_sparrow,Melospiza,melodia,125706,125706-5.wav,wavfiles/125706-5.wav,//www.xeno-canto.org/125706,//creativecommons.org/licenses/by-nc-sa/3.0/,Richard E. Webster,1995-06-03,song,5EC24C41F4B12558CD3F7A11D7634931AAE318B183184A8CA33FA65F0566BD1F
train,Song Sparrow,song_sparrow,Melospiza,melodia,125706,125706-6.wav,wavfiles/125706-6.wav,//www.xeno-canto.org/125706,//creativecommons.org/licenses/by-nc-sa/3.0/,Richard E. Webster,1995-06-03,song,5ADD84084F2CC8DB167DACDD650C8D6590F8ED775EF2062A0320E03006C36120
train,Song Sparrow,song_sparrow,Melospiza,melodia,125706,125706-7.wav,wavfiles/125706-7.wav,//www.xeno-canto.org/125706,//creativecommons.org/licenses/by-nc-sa/3.0/,Richard E. Webster,1995-06-03,song,0871C0433A34DD5E48330C4E2D0F8EE2F51C5CC77A396ED04D4C6CAC79A5A240
train,Song Sparrow,song_sparrow,Melospiza,melodia,125713,125713-0.wav,wavfiles/125713-0.wav,//www.xeno-canto.org/125713,//creativecommons.org/licenses/by-nc-sa/3.0/,Richard E. Webster,2001-05-13,song,632C30EBB90DC3F43D6699E4540C1FC3053BE63B507DF6071A66CC87ED54FA43
train,Song Sparrow,song_sparrow,Melospiza,melodia,125713,125713-1.wav,wavfiles/125713-1.wav,//www.xeno-canto.org/125713,//creativecommons.org/licenses/by-nc-sa/3.0/,Richard E. Webster,2001-05-13,song,120FF3B1244679CE3BE2B0AF7994C2E37CE633762ACB1463C14B37E019370885
train,Song Sparrow,song_sparrow,Melospiza,melodia,125713,125713-10.wav,wavfiles/125713-10.wav,//www.xeno-canto.org/125713,//creativecommons.org/licenses/by-nc-sa/3.0/,Richard E. Webster,2001-05-13,song,0B94DF77AE7C51BA821C85DC0AA6EFFF79F8643002D347584A51FA46BA6DD6B0
train,Song Sparrow,song_sparrow,Melospiza,melodia,125713,125713-12.wav,wavfiles/125713-12.wav,//www.xeno-canto.org/125713,//creativecommons.org/licenses/by-nc-sa/3.0/,Richard E. Webster,2001-05-13,song,9ECE52B4C1ACE034E22F3A9BD9DDCF218D7B4BDCCDCBBB17BCBD5BBF89EDA139
train,Song Sparrow,song_sparrow,Melospiza,melodia,125713,125713-13.wav,wavfiles/125713-13.wav,//www.xeno-canto.org/125713,//creativecommons.org/licenses/by-nc-sa/3.0/,Richard E. Webster,2001-05-13,song,484381DA969832689D0DBF998F8C4A07A8D916DF1977CF5E9A0B1578E199E638
train,Song Sparrow,song_sparrow,Melospiza,melodia,125713,125713-14.wav,wavfiles/125713-14.wav,//www.xeno-canto.org/125713,//creativecommons.org/licenses/by-nc-sa/3.0/,Richard E. Webster,2001-05-13,song,64AF49379681A4BDE02A16DEFEFD95BEF476E1C4A75585C9AC846E568B1912FE
train,Song Sparrow,song_sparrow,Melospiza,melodia,125713,125713-15.wav,wavfiles/125713-15.wav,//www.xeno-canto.org/125713,//creativecommons.org/licenses/by-nc-sa/3.0/,Richard E. Webster,2001-05-13,song,5A54C0EB615051B6C813FC5BC43A6FF4DB9B8547D59CDF6BD6FA979A78EE95B0
train,Song Sparrow,song_sparrow,Melospiza,melodia,125713,125713-2.wav,wavfiles/125713-2.wav,//www.xeno-canto.org/125713,//creativecommons.org/licenses/by-nc-sa/3.0/,Richard E. Webster,2001-05-13,song,6A35E7983FFC6BC75B1F295A5AA67C5D6FF9F7608809A69F7AE102A2D0694E52
train,Song Sparrow,song_sparrow,Melospiza,melodia,125713,125713-3.wav,wavfiles/125713-3.wav,//www.xeno-canto.org/125713,//creativecommons.org/licenses/by-nc-sa/3.0/,Richard E. Webster,2001-05-13,song,F286F7606358206F9849885423184AF650BE0FAD4F906D72924197325FE1587B
train,Song Sparrow,song_sparrow,Melospiza,melodia,125713,125713-4.wav,wavfiles/125713-4.wav,//www.xeno-canto.org/125713,//creativecommons.org/licenses/by-nc-sa/3.0/,Richard E. Webster,2001-05-13,song,265D1C55D042C5587F8D6444D75235775C0709AFDF5B8B0FC63904867D3CB49B
train,Song Sparrow,song_sparrow,Melospiza,melodia,125713,125713-5.wav,wavfiles/125713-5.wav,//www.xeno-canto.org/125713,//creativecommons.org/licenses/by-nc-sa/3.0/,Richard E. Webster,2001-05-13,song,D5345F7AF2C7EE93F1DF1C73BED046A29BBCB1A5E6B202A9B28B79616B490D68
train,Song Sparrow,song_sparrow,Melospiza,melodia,125713,125713-6.wav,wavfiles/125713-6.wav,//www.xeno-canto.org/125713,//creativecommons.org/licenses/by-nc-sa/3.0/,Richard E. Webster,2001-05-13,song,ED3CFDB09808D9DEBBE8BEA2F506B7ED855DB69A822B64B6B6786CE3CFE9FC56
train,Song Sparrow,song_sparrow,Melospiza,melodia,125713,125713-7.wav,wavfiles/125713-7.wav,//www.xeno-canto.org/125713,//creativecommons.org/licenses/by-nc-sa/3.0/,Richard E. Webster,2001-05-13,song,2D0E6283EF7C007AA21A0C161343C4BF92448B1CC6C93DEDDAFE7A38C4F7E50C
train,Song Sparrow,song_sparrow,Melospiza,melodia,125713,125713-8.wav,wavfiles/125713-8.wav,//www.xeno-canto.org/125713,//creativecommons.org/licenses/by-nc-sa/3.0/,Richard E. Webster,2001-05-13,song,6AB10C0275AD9EA4D703A629869B12BF17EF6E062185A61138649C51F4427367
train,Song Sparrow,song_sparrow,Melospiza,melodia,125713,125713-9.wav,wavfiles/125713-9.wav,//www.xeno-canto.org/125713,//creativecommons.org/licenses/by-nc-sa/3.0/,Richard E. Webster,2001-05-13,song,84164473ADF10DC0F90827E270FC2ECDD41F4B7AE93EA3C45BBA0E032F7ED149
train,Song Sparrow,song_sparrow,Melospiza,melodia,125714,125714-0.wav,wavfiles/125714-0.wav,//www.xeno-canto.org/125714,//creativecommons.org/licenses/by-nc-sa/3.0/,Richard E. Webster,1995-06-11,song,EC69DBEE759D3D509E124A6524BFF2B303014EB8DB426C26E2E81B82F9C5904A
train,Song Sparrow,song_sparrow,Melospiza,melodia,125714,125714-1.wav,wavfiles/125714-1.wav,//www.xeno-canto.org/125714,//creativecommons.org/licenses/by-nc-sa/3.0/,Richard E. Webster,1995-06-11,song,A6620C240C5947BC7B00DD5FDFB5CC84F11C2B5E42A7C5844974093F3DA0AFEF
train,Song Sparrow,song_sparrow,Melospiza,melodia,125714,125714-10.wav,wavfiles/125714-10.wav,//www.xeno-canto.org/125714,//creativecommons.org/licenses/by-nc-sa/3.0/,Richard E. Webster,1995-06-11,song,DC6B82C80E62E114035EA159BA4CC6CA0256AE607CF937175FC5DE2DD60CAB13
train,Song Sparrow,song_sparrow,Melospiza,melodia,125714,125714-2.wav,wavfiles/125714-2.wav,//www.xeno-canto.org/125714,//creativecommons.org/licenses/by-nc-sa/3.0/,Richard E. Webster,1995-06-11,song,4ACFCBE1A536A392E0E7DDA73C28CB1D5B025A0018CA116E4962282F66499D7E
train,Song Sparrow,song_sparrow,Melospiza,melodia,125714,125714-3.wav,wavfiles/125714-3.wav,//www.xeno-canto.org/125714,//creativecommons.org/licenses/by-nc-sa/3.0/,Richard E. Webster,1995-06-11,song,EE488BF796D7CC86B4FDE7A7E5E8B71DE10E05A40F702014863C03EF4AB52570
train,Song Sparrow,song_sparrow,Melospiza,melodia,125714,125714-4.wav,wavfiles/125714-4.wav,//www.xeno-canto.org/125714,//creativecommons.org/licenses/by-nc-sa/3.0/,Richard E. Webster,1995-06-11,song,79C3D9BC8731B059B599F3F5269C9AA731FBE3D0760FFFA69DF6A1BCBB42FA1E
train,Song Sparrow,song_sparrow,Melospiza,melodia,125714,125714-5.wav,wavfiles/125714-5.wav,//www.xeno-canto.org/125714,//creativecommons.org/licenses/by-nc-sa/3.0/,Richard E. Webster,1995-06-11,song,8A05DAF1F6ABD3540FAF0C80B49AEE60CDAF154BB8B6022478CC1FE376164F3B
train,Song Sparrow,song_sparrow,Melospiza,melodia,125714,125714-6.wav,wavfiles/125714-6.wav,//www.xeno-canto.org/125714,//creativecommons.org/licenses/by-nc-sa/3.0/,Richard E. Webster,1995-06-11,song,838C067CA33F94A65F4977B1B8A7F5A8D4B098CAC127BD3F8ED1AF6443D36700
train,Song Sparrow,song_sparrow,Melospiza,melodia,125714,125714-8.wav,wavfiles/125714-8.wav,//www.xeno-canto.org/125714,//creativecommons.org/licenses/by-nc-sa/3.0/,Richard E. Webster,1995-06-11,song,462311A0DACDE322A9159D65AA55DCB69BD396A0F8306EFAA84EDB349B8E2F0A
train,Song Sparrow,song_sparrow,Melospiza,melodia,125714,125714-9.wav,wavfiles/125714-9.wav,//www.xeno-canto.org/125714,//creativecommons.org/licenses/by-nc-sa/3.0/,Richard E. Webster,1995-06-11,song,4F736A7EE993BE2A2966C8FB7CA03B5FFE7325D53AC452223C8EE601E886B7D2
train,Song Sparrow,song_sparrow,Melospiza,melodia,125718,125718-0.wav,wavfiles/125718-0.wav,//www.xeno-canto.org/125718,//creativecommons.org/licenses/by-nc-sa/3.0/,Richard E. Webster,2000-06-03,song,0CBADA7F05BAD137960BE0B4030AB3A98ABAB3FBD2711E9BD6EEE38F95E9E816
train,Song Sparrow,song_sparrow,Melospiza,melodia,125718,125718-1.wav,wavfiles/125718-1.wav,//www.xeno-canto.org/125718,//creativecommons.org/licenses/by-nc-sa/3.0/,Richard E. Webster,2000-06-03,song,65EAAB9D0EE6277F87ADFFBCA47DA91C90593E8E4A6FBEA8D2F6A1AB95D839DF
train,Song Sparrow,song_sparrow,Melospiza,melodia,125718,125718-2.wav,wavfiles/125718-2.wav,//www.xeno-canto.org/125718,//creativecommons.org/licenses/by-nc-sa/3.0/,Richard E. Webster,2000-06-03,song,99FE930A5CA2AA998E9223241BB0CEE30C53EC9AA74DAF7EB3B9E64326846E36
train,Song Sparrow,song_sparrow,Melospiza,melodia,125718,125718-3.wav,wavfiles/125718-3.wav,//www.xeno-canto.org/125718,//creativecommons.org/licenses/by-nc-sa/3.0/,Richard E. Webster,2000-06-03,song,1BC76DF725137AFEC6AFF238DB46489BF2B74288044A7CB22FDCF156AAA5CFC5
train,Song Sparrow,song_sparrow,Melospiza,melodia,125718,125718-4.wav,wavfiles/125718-4.wav,//www.xeno-canto.org/125718,//creativecommons.org/licenses/by-nc-sa/3.0/,Richard E. Webster,2000-06-03,song,863BBCA93392A6EFC17FD6F50E8BDC620AA4FAF8A3988CEE0240C9C8E7A6B6B6
train,Song Sparrow,song_sparrow,Melospiza,melodia,125718,125718-5.wav,wavfiles/125718-5.wav,//www.xeno-canto.org/125718,//creativecommons.org/licenses/by-nc-sa/3.0/,Richard E. Webster,2000-06-03,song,CA1FAFA59A31B5EDCC225DD31E3EC97527B03595BCD1E0130B965B06778EE0C4
train,Song Sparrow,song_sparrow,Melospiza,melodia,125718,125718-6.wav,wavfiles/125718-6.wav,//www.xeno-canto.org/125718,//creativecommons.org/licenses/by-nc-sa/3.0/,Richard E. Webster,2000-06-03,song,DCE4E2D45643687B1278BF22976B1F8A7CC0D4CB00B16B6D5E4A1798403D6F3D
train,Song Sparrow,song_sparrow,Melospiza,melodia,125718,125718-7.wav,wavfiles/125718-7.wav,//www.xeno-canto.org/125718,//creativecommons.org/licenses/by-nc-sa/3.0/,Richard E. Webster,2000-06-03,song,71CC4AA019A90CAA51C793209832F07CB4DFD9445CB8BC169888032C9D744169
train,Song Sparrow,song_sparrow,Melospiza,melodia,125723,125723-0.wav,wavfiles/125723-0.wav,//www.xeno-canto.org/125723,//creativecommons.org/licenses/by-nc-sa/3.0/,Richard E. Webster,2006-05-05,song,C6CA57D631EF598F758A4A3C79DD8FE1614F6D9768756637BF420A19840C2AC3
train,Song Sparrow,song_sparrow,Melospiza,melodia,125723,125723-1.wav,wavfiles/125723-1.wav,//www.xeno-canto.org/125723,//creativecommons.org/licenses/by-nc-sa/3.0/,Richard E. Webster,2006-05-05,song,3626367E027269B2876B4F2245EC7EC9AD02FCB732E8D00152664B8FC6702864
train,Song Sparrow,song_sparrow,Melospiza,melodia,125723,125723-2.wav,wavfiles/125723-2.wav,//www.xeno-canto.org/125723,//creativecommons.org/licenses/by-nc-sa/3.0/,Richard E. Webster,2006-05-05,song,6D7DA2116F0EEC63734E73D6C9C15F6F25369C76BAFD07A54913DF50FFB28017
train,Song Sparrow,song_sparrow,Melospiza,melodia,125723,125723-5.wav,wavfiles/125723-5.wav,//www.xeno-canto.org/125723,//creativecommons.org/licenses/by-nc-sa/3.0/,Richard E. Webster,2006-05-05,song,EA0F018704A967467DB86DC6CED6EE0B2B8C325D1CB2D8A2BE16330D6EDEC87E
train,Song Sparrow,song_sparrow,Melospiza,melodia,125723,125723-6.wav,wavfiles/125723-6.wav,//www.xeno-canto.org/125723,//creativecommons.org/licenses/by-nc-sa/3.0/,Richard E. Webster,2006-05-05,song,F68DF1D9BEB5DACD772CEABF2332D967BB05E7165B4698EFEBAD8320E5ADA3C5
train,Song Sparrow,song_sparrow,Melospiza,melodia,125723,125723-7.wav,wavfiles/125723-7.wav,//www.xeno-canto.org/125723,//creativecommons.org/licenses/by-nc-sa/3.0/,Richard E. Webster,2006-05-05,song,8BB2ED763F6661184A60B5954FF2C156216C3DE97FE0CB7B5AF67C44D075F729
train,Song Sparrow,song_sparrow,Melospiza,melodia,125723,125723-8.wav,wavfiles/125723-8.wav,//www.xeno-canto.org/125723,//creativecommons.org/licenses/by-nc-sa/3.0/,Richard E. Webster,2006-05-05,song,C564897E04A53FEF46B4442D05966B15333EE56B1F1E8560526BC0468E1CB8E5
train,Song Sparrow,song_sparrow,Melospiza,melodia,128238,128238-0.wav,wavfiles/128238-0.wav,//www.xeno-canto.org/128238,//creativecommons.org/licenses/by-nc-sa/3.0/,Thomas G. Graves,1998-03-01,song,84F3973F626226AE7DDB7EAB84EAF53762681471118A3D602150C5CE927AC77E
train,Song Sparrow,song_sparrow,Melospiza,melodia,128238,128238-1.wav,wavfiles/128238-1.wav,//www.xeno-canto.org/128238,//creativecommons.org/licenses/by-nc-sa/3.0/,Thomas G. Graves,1998-03-01,song,309A9A4608D001481539188EA085A9E1BFE4BFF020BBE6CDF80E77ACB5D127A8
train,Song Sparrow,song_sparrow,Melospiza,melodia,128238,128238-10.wav,wavfiles/128238-10.wav,//www.xeno-canto.org/128238,//creativecommons.org/licenses/by-nc-sa/3.0/,Thomas G. Graves,1998-03-01,song,6E37146BD90BF5E6C1B5CAB97801AB14B2A70F76A3AF8E652DDF93945ED48694
train,Song Sparrow,song_sparrow,Melospiza,melodia,128238,128238-11.wav,wavfiles/128238-11.wav,//www.xeno-canto.org/128238,//creativecommons.org/licenses/by-nc-sa/3.0/,Thomas G. Graves,1998-03-01,song,11257C88DDFDC5EEEEAF1290FC1B5541FD93C6BE19CD02C4FAA2132F6BF1CB96
train,Song Sparrow,song_sparrow,Melospiza,melodia,128238,128238-12.wav,wavfiles/128238-12.wav,//www.xeno-canto.org/128238,//creativecommons.org/licenses/by-nc-sa/3.0/,Thomas G. Graves,1998-03-01,song,180C2A8D5BC51FA5294C8F2B5B95016875BF2ED792595567B5D48A67B53F2796
train,Song Sparrow,song_sparrow,Melospiza,melodia,128238,128238-2.wav,wavfiles/128238-2.wav,//www.xeno-canto.org/128238,//creativecommons.org/licenses/by-nc-sa/3.0/,Thomas G. Graves,1998-03-01,song,6C180881D26E9B2B3232F2148136860D9C1DFDD64B785E4ADF5541CCAF344767
train,Song Sparrow,song_sparrow,Melospiza,melodia,128238,128238-3.wav,wavfiles/128238-3.wav,//www.xeno-canto.org/128238,//creativecommons.org/licenses/by-nc-sa/3.0/,Thomas G. Graves,1998-03-01,song,AD4D3D41FFEB045B606B2C73B9D41EFF1B1D06B31BF9D5852BE8E1DDAB6097FA
train,Song Sparrow,song_sparrow,Melospiza,melodia,128238,128238-4.wav,wavfiles/128238-4.wav,//www.xeno-canto.org/128238,//creativecommons.org/licenses/by-nc-sa/3.0/,Thomas G. Graves,1998-03-01,song,D37C77CB69130BE326C4B628643495D8B8DF00422742B585D2CAFDB64373677B
train,Song Sparrow,song_sparrow,Melospiza,melodia,128238,128238-5.wav,wavfiles/128238-5.wav,//www.xeno-canto.org/128238,//creativecommons.org/licenses/by-nc-sa/3.0/,Thomas G. Graves,1998-03-01,song,4E6E327E2F44CE2558D73DBB723F2655A9B7346DBA5E543E1216F31B569D7B80
train,Song Sparrow,song_sparrow,Melospiza,melodia,128238,128238-6.wav,wavfiles/128238-6.wav,//www.xeno-canto.org/128238,//creativecommons.org/licenses/by-nc-sa/3.0/,Thomas G. Graves,1998-03-01,song,9A39131EB71190C766DD8816C6F374D1F067A0B77AE22B67AD1D8E6B5601A081
train,Song Sparrow,song_sparrow,Melospiza,melodia,128238,128238-7.wav,wavfiles/128238-7.wav,//www.xeno-canto.org/128238,//creativecommons.org/licenses/by-nc-sa/3.0/,Thomas G. Graves,1998-03-01,song,D8FF1B183528C35DD8A756C010008E9BB198E8DD3A5021CC97FB86A1CE641A36
train,Song Sparrow,song_sparrow,Melospiza,melodia,128238,128238-8.wav,wavfiles/128238-8.wav,//www.xeno-canto.org/128238,//creativecommons.org/licenses/by-nc-sa/3.0/,Thomas G. Graves,1998-03-01,song,8E391AC9D81B80CD74EB1507F1B7A6FE5101419B1F0C217D3FC5DD37D1CF29EB
train,Song Sparrow,song_sparrow,Melospiza,melodia,128238,128238-9.wav,wavfiles/128238-9.wav,//www.xeno-canto.org/128238,//creativecommons.org/licenses/by-nc-sa/3.0/,Thomas G. Graves,1998-03-01,song,EDADC6D860B21376B4CA3ED739C7D0A562FFF439C2033F53A25B0CA33CE1EE5E
train,Song Sparrow,song_sparrow,Melospiza,melodia,129646,129646-0.wav,wavfiles/129646-0.wav,//www.xeno-canto.org/129646,//creativecommons.org/licenses/by-nc-sa/3.0/,Thomas G. Graves,2013-04-14,song,A0D1B3DABB81304BC37861CE68B0F8BF28CCE4D90C33F0E85822D1B366E6E311
train,Song Sparrow,song_sparrow,Melospiza,melodia,129646,129646-1.wav,wavfiles/129646-1.wav,//www.xeno-canto.org/129646,//creativecommons.org/licenses/by-nc-sa/3.0/,Thomas G. Graves,2013-04-14,song,5281113CDDDF122275C6B60C1AA0CBC691281006150B2847F54870B6C0979E98
train,Song Sparrow,song_sparrow,Melospiza,melodia,129646,129646-10.wav,wavfiles/129646-10.wav,//www.xeno-canto.org/129646,//creativecommons.org/licenses/by-nc-sa/3.0/,Thomas G. Graves,2013-04-14,song,125810869E26032F6930A4098A6E81D4DBE258EFAB7390DC4616BA4B449DEBDF
train,Song Sparrow,song_sparrow,Melospiza,melodia,129646,129646-11.wav,wavfiles/129646-11.wav,//www.xeno-canto.org/129646,//creativecommons.org/licenses/by-nc-sa/3.0/,Thomas G. Graves,2013-04-14,song,B750955341246BC5EF424EBF482B61120F82597AF33C734718577091C850BE9A
train,Song Sparrow,song_sparrow,Melospiza,melodia,129646,129646-2.wav,wavfiles/129646-2.wav,//www.xeno-canto.org/129646,//creativecommons.org/licenses/by-nc-sa/3.0/,Thomas G. Graves,2013-04-14,song,762D4CCADB8AA67EEAC6D1E4FB9C7E775D1308A9DA4B8006BC537A80BDE79A9E
train,Song Sparrow,song_sparrow,Melospiza,melodia,129646,129646-3.wav,wavfiles/129646-3.wav,//www.xeno-canto.org/129646,//creativecommons.org/licenses/by-nc-sa/3.0/,Thomas G. Graves,2013-04-14,song,18216FCF3061BD892361EEB2409620BA92C7EDE89570C0B1DD4CC405E02D8043
train,Song Sparrow,song_sparrow,Melospiza,melodia,129646,129646-4.wav,wavfiles/129646-4.wav,//www.xeno-canto.org/129646,//creativecommons.org/licenses/by-nc-sa/3.0/,Thomas G. Graves,2013-04-14,song,7B65BFDF9B0E4ED8E3D56CF5B5F0D00968B3190B7B96C1AA5797A25EB3B0A92D
train,Song Sparrow,song_sparrow,Melospiza,melodia,129646,129646-5.wav,wavfiles/129646-5.wav,//www.xeno-canto.org/129646,//creativecommons.org/licenses/by-nc-sa/3.0/,Thomas G. Graves,2013-04-14,song,2757C25B18168204C75BDC8060F1B7AF04B018B06CDBDB2FD202E507FE949ECE
train,Song Sparrow,song_sparrow,Melospiza,melodia,129646,129646-8.wav,wavfiles/129646-8.wav,//www.xeno-canto.org/129646,//creativecommons.org/licenses/by-nc-sa/3.0/,Thomas G. Graves,2013-04-14,song,F0104E60C2720CF1599D145465DC5496BC811DC54F9487ABE7F2198D00563B52
train,Song Sparrow,song_sparrow,Melospiza,melodia,129646,129646-9.wav,wavfiles/129646-9.wav,//www.xeno-canto.org/129646,//creativecommons.org/licenses/by-nc-sa/3.0/,Thomas G. Graves,2013-04-14,song,3CD3953AABA9E1B8674B47AA6367950CA8DEA3215D2177B5CC32425E2264C244
train,Song Sparrow,song_sparrow,Melospiza,melodia,131646,131646-0.wav,wavfiles/131646-0.wav,//www.xeno-canto.org/131646,//creativecommons.org/licenses/by-sa/3.0/,Jonathon Jongsma,2013-04-27,song,7808BB1910C21AB555ABEBEDE5E2B27DF0A88E1C38524EC8A0F1BA0C37DDCE0F
train,Song Sparrow,song_sparrow,Melospiza,melodia,131646,131646-1.wav,wavfiles/131646-1.wav,//www.xeno-canto.org/131646,//creativecommons.org/licenses/by-sa/3.0/,Jonathon Jongsma,2013-04-27,song,CEF4DEEF54B2B4D022238318B3D6E2B2A2A44A62F82E63E9C461CB6941EB628C
train,Song Sparrow,song_sparrow,Melospiza,melodia,131646,131646-2.wav,wavfiles/131646-2.wav,//www.xeno-canto.org/131646,//creativecommons.org/licenses/by-sa/3.0/,Jonathon Jongsma,2013-04-27,song,FA353C310A7DBAF463D126FA33BD72033FB5551345790AD3C0C5514F6C32BEE1
train,Song Sparrow,song_sparrow,Melospiza,melodia,131646,131646-4.wav,wavfiles/131646-4.wav,//www.xeno-canto.org/131646,//creativecommons.org/licenses/by-sa/3.0/,Jonathon Jongsma,2013-04-27,song,83419A49195832C0ED72908E45B5864AE65AEA98E84CC2163A127C42AE34CCAA
train,Song Sparrow,song_sparrow,Melospiza,melodia,131646,131646-5.wav,wavfiles/131646-5.wav,//www.xeno-canto.org/131646,//creativecommons.org/licenses/by-sa/3.0/,Jonathon Jongsma,2013-04-27,song,4D868F9ECBB38121174D52EC06349104EDE77AD4C6360706890B4C8CE7D93E5D
train,Song Sparrow,song_sparrow,Melospiza,melodia,131646,131646-6.wav,wavfiles/131646-6.wav,//www.xeno-canto.org/131646,//creativecommons.org/licenses/by-sa/3.0/,Jonathon Jongsma,2013-04-27,song,508E4492825619D7D0476C4CEB5BF407022E039FDC537E88E6CCB72B4FBFD5E3
train,Song Sparrow,song_sparrow,Melospiza,melodia,131646,131646-7.wav,wavfiles/131646-7.wav,//www.xeno-canto.org/131646,//creativecommons.org/licenses/by-sa/3.0/,Jonathon Jongsma,2013-04-27,song,4500D58B6537FDBC7C53D9237C121B22401FC5E2BED07ADC6A9C6680A9B1DEDC
train,Song Sparrow,song_sparrow,Melospiza,melodia,132874,132874-0.wav,wavfiles/132874-0.wav,//www.xeno-canto.org/132874,//creativecommons.org/licenses/by-sa/3.0/,Jonathon Jongsma,2013-05-06,song,2BC30AD265C4A8FF4D5593AFBCF6FBB3E5BD94D25BD03E0941E0E8BADF2C2254
train,Song Sparrow,song_sparrow,Melospiza,melodia,132874,132874-1.wav,wavfiles/132874-1.wav,//www.xeno-canto.org/132874,//creativecommons.org/licenses/by-sa/3.0/,Jonathon Jongsma,2013-05-06,song,D528C022F2BC6F90F6152D20206393DEC52BCFE37E7FA1C5561E32341688F4B7
train,Song Sparrow,song_sparrow,Melospiza,melodia,132874,132874-2.wav,wavfiles/132874-2.wav,//www.xeno-canto.org/132874,//creativecommons.org/licenses/by-sa/3.0/,Jonathon Jongsma,2013-05-06,song,991F9BFB8542A8D948ED2BE81AB351C3E9CA5D93819B1867B0EC27F5257EE59F
train,Song Sparrow,song_sparrow,Melospiza,melodia,132874,132874-3.wav,wavfiles/132874-3.wav,//www.xeno-canto.org/132874,//creativecommons.org/licenses/by-sa/3.0/,Jonathon Jongsma,2013-05-06,song,D7A1186E677B5F86BDC19E712CE090D03CE4A5F71B7EEE3961C014C45B07BE89
train,Song Sparrow,song_sparrow,Melospiza,melodia,132874,132874-4.wav,wavfiles/132874-4.wav,//www.xeno-canto.org/132874,//creativecommons.org/licenses/by-sa/3.0/,Jonathon Jongsma,2013-05-06,song,DEA3C271940D4945BAE487539E69DA735FC1F468A48FF392CAE928959094FB98
train,Song Sparrow,song_sparrow,Melospiza,melodia,132874,132874-5.wav,wavfiles/132874-5.wav,//www.xeno-canto.org/132874,//creativecommons.org/licenses/by-sa/3.0/,Jonathon Jongsma,2013-05-06,song,3ECD6D5D097D5EABB3196EB1958379E9D9904359BB2D8B5B10C4DD1554CB28C7
train,Song Sparrow,song_sparrow,Melospiza,melodia,132874,132874-6.wav,wavfiles/132874-6.wav,//www.xeno-canto.org/132874,//creativecommons.org/licenses/by-sa/3.0/,Jonathon Jongsma,2013-05-06,song,EDB68789DFE9E6E7F9F042581A2CF68DE7CAC1955C25C24245209926D2084AB5
train,Song Sparrow,song_sparrow,Melospiza,melodia,134164,134164-0.wav,wavfiles/134164-0.wav,//www.xeno-canto.org/134164,//creativecommons.org/licenses/by-nc-sa/3.0/,Lauren Harter,2013-03-22,song,C2D36A82C09A980563A3A64FFC5A7E5676E3C1D8EA6CBAA0D4C22B6563E4DDF0
train,Song Sparrow,song_sparrow,Melospiza,melodia,134164,134164-1.wav,wavfiles/134164-1.wav,//www.xeno-canto.org/134164,//creativecommons.org/licenses/by-nc-sa/3.0/,Lauren Harter,2013-03-22,song,6A45B5768A45E571C952F9425120E719731A7710DAFC0C07EA6B79360BBD84E5
train,Song Sparrow,song_sparrow,Melospiza,melodia,134164,134164-2.wav,wavfiles/134164-2.wav,//www.xeno-canto.org/134164,//creativecommons.org/licenses/by-nc-sa/3.0/,Lauren Harter,2013-03-22,song,1D0389F6DE3B9AA8E6425F6E7C09ADCB32A776467F35ACBD4E0E91045825939A
train,Song Sparrow,song_sparrow,Melospiza,melodia,134164,134164-4.wav,wavfiles/134164-4.wav,//www.xeno-canto.org/134164,//creativecommons.org/licenses/by-nc-sa/3.0/,Lauren Harter,2013-03-22,song,F20F5BE85997592A2134E67409B90A57C6773D4A68DF5E85592FD407857998D5
train,Song Sparrow,song_sparrow,Melospiza,melodia,134164,134164-5.wav,wavfiles/134164-5.wav,//www.xeno-canto.org/134164,//creativecommons.org/licenses/by-nc-sa/3.0/,Lauren Harter,2013-03-22,song,11E8D7EFF3169C1864BF4267CE5C4BFC106937AD2C03D1E60ED40809868F2F11
train,Song Sparrow,song_sparrow,Melospiza,melodia,134164,134164-6.wav,wavfiles/134164-6.wav,//www.xeno-canto.org/134164,//creativecommons.org/licenses/by-nc-sa/3.0/,Lauren Harter,2013-03-22,song,591B7832FFF5611B3896B5191D1C5E26FBFC4ED6C1495A7CF0CF8C049E042D9C
train,Song Sparrow,song_sparrow,Melospiza,melodia,134164,134164-7.wav,wavfiles/134164-7.wav,//www.xeno-canto.org/134164,//creativecommons.org/licenses/by-nc-sa/3.0/,Lauren Harter,2013-03-22,song,EAFF032A4C6566CCA18D996425D575D677902EF135AA05E311FE05D9E6A4D033
train,Song Sparrow,song_sparrow,Melospiza,melodia,134164,134164-8.wav,wavfiles/134164-8.wav,//www.xeno-canto.org/134164,//creativecommons.org/licenses/by-nc-sa/3.0/,Lauren Harter,2013-03-22,song,43284CA8106C55C71DBD7F97298F9A572B9053B470B72EE05F177BA917C6B81B
train,Song Sparrow,song_sparrow,Melospiza,melodia,134164,134164-9.wav,wavfiles/134164-9.wav,//www.xeno-canto.org/134164,//creativecommons.org/licenses/by-nc-sa/3.0/,Lauren Harter,2013-03-22,song,F501E9276A34EA093CB2038680FAEC18C6BC7BC6EA19822DD823AF4635223E5D
train,Song Sparrow,song_sparrow,Melospiza,melodia,134180,134180-0.wav,wavfiles/134180-0.wav,//www.xeno-canto.org/134180,//creativecommons.org/licenses/by-nc-sa/3.0/,Lauren Harter,2013-03-22,song,74A34CDCF054EFAD222876D8C155FB105509D67ED0606979BDA4DC1B8EA4F869
train,Song Sparrow,song_sparrow,Melospiza,melodia,134180,134180-1.wav,wavfiles/134180-1.wav,//www.xeno-canto.org/134180,//creativecommons.org/licenses/by-nc-sa/3.0/,Lauren Harter,2013-03-22,song,105D8DB5B84521E2D832FF6764B41E5147BE4F0D6118C9019BD08F3268169509
train,Song Sparrow,song_sparrow,Melospiza,melodia,134180,134180-10.wav,wavfiles/134180-10.wav,//www.xeno-canto.org/134180,//creativecommons.org/licenses/by-nc-sa/3.0/,Lauren Harter,2013-03-22,song,1E621A78B476CE40C9A39BBF2BA19D86A5FC7D9388B97C8E1733400D24AC98B0
train,Song Sparrow,song_sparrow,Melospiza,melodia,134180,134180-2.wav,wavfiles/134180-2.wav,//www.xeno-canto.org/134180,//creativecommons.org/licenses/by-nc-sa/3.0/,Lauren Harter,2013-03-22,song,9B1B448F65F98CBF66273971DEBD4DC79AEE9058A74F72626802AEC387B73221
train,Song Sparrow,song_sparrow,Melospiza,melodia,134180,134180-4.wav,wavfiles/134180-4.wav,//www.xeno-canto.org/134180,//creativecommons.org/licenses/by-nc-sa/3.0/,Lauren Harter,2013-03-22,song,5E50A782E2F6BE2CA41A0FC0EA961FCFBADFC9A6760CEEDB397B93A0E4183D17
train,Song Sparrow,song_sparrow,Melospiza,melodia,134180,134180-5.wav,wavfiles/134180-5.wav,//www.xeno-canto.org/134180,//creativecommons.org/licenses/by-nc-sa/3.0/,Lauren Harter,2013-03-22,song,979DB311FD29A544423AD8D1FB036D9B713E4BEB705225DC21D4EEFA087498C1
train,Song Sparrow,song_sparrow,Melospiza,melodia,134180,134180-6.wav,wavfiles/134180-6.wav,//www.xeno-canto.org/134180,//creativecommons.org/licenses/by-nc-sa/3.0/,Lauren Harter,2013-03-22,song,2C6A67909D9E298999AEDD93A597691B4D8FA3E74318A2735804468BD6999021
train,Song Sparrow,song_sparrow,Melospiza,melodia,134180,134180-8.wav,wavfiles/134180-8.wav,//www.xeno-canto.org/134180,//creativecommons.org/licenses/by-nc-sa/3.0/,Lauren Harter,2013-03-22,song,3FA105C4DC503E640F11B13032F110C2F283197C8210F13FD5ABFCCEC2108574
train,Song Sparrow,song_sparrow,Melospiza,melodia,134180,134180-9.wav,wavfiles/134180-9.wav,//www.xeno-canto.org/134180,//creativecommons.org/licenses/by-nc-sa/3.0/,Lauren Harter,2013-03-22,song,795D8440DAD617F46915A87810122EDFD5FD233D6F1CFD917B1E0BE4443E94E4
train,Song Sparrow,song_sparrow,Melospiza,melodia,142620,142620-0.wav,wavfiles/142620-0.wav,//www.xeno-canto.org/142620,//creativecommons.org/licenses/by-sa/3.0/,Jonathon Jongsma,2013-07-11,song,FF107A70DFE18DCD586FD419EC6B8751EB645943E3DB0E92DE67F14CCB171078
train,Song Sparrow,song_sparrow,Melospiza,melodia,142620,142620-1.wav,wavfiles/142620-1.wav,//www.xeno-canto.org/142620,//creativecommons.org/licenses/by-sa/3.0/,Jonathon Jongsma,2013-07-11,song,605B0A3336778D16D1BF91FB532D58CB107EA41C89445AFAD999FE44719DEE51
train,Song Sparrow,song_sparrow,Melospiza,melodia,142620,142620-10.wav,wavfiles/142620-10.wav,//www.xeno-canto.org/142620,//creativecommons.org/licenses/by-sa/3.0/,Jonathon Jongsma,2013-07-11,song,C851CDB119A52D9D955DFDD93B578D17EE2F091C796CC031249509DC626F5076
train,Song Sparrow,song_sparrow,Melospiza,melodia,142620,142620-11.wav,wavfiles/142620-11.wav,//www.xeno-canto.org/142620,//creativecommons.org/licenses/by-sa/3.0/,Jonathon Jongsma,2013-07-11,song,72B0970DDC76B7247777B357288E3A37A33C4D7AB98ECE468F6D1025C3C14A5E
train,Song Sparrow,song_sparrow,Melospiza,melodia,142620,142620-2.wav,wavfiles/142620-2.wav,//www.xeno-canto.org/142620,//creativecommons.org/licenses/by-sa/3.0/,Jonathon Jongsma,2013-07-11,song,5E8E2B3EFF528B7B024BC5F6B53EE90AEBCBAF37F3D39DA0F34C7A14A6D5EF88
train,Song Sparrow,song_sparrow,Melospiza,melodia,142620,142620-3.wav,wavfiles/142620-3.wav,//www.xeno-canto.org/142620,//creativecommons.org/licenses/by-sa/3.0/,Jonathon Jongsma,2013-07-11,song,4722D7D9724A1C45B87DED07D2277FE0A6F41DA46DBF30040791B5A1EFDBE3E4
train,Song Sparrow,song_sparrow,Melospiza,melodia,142620,142620-4.wav,wavfiles/142620-4.wav,//www.xeno-canto.org/142620,//creativecommons.org/licenses/by-sa/3.0/,Jonathon Jongsma,2013-07-11,song,E5D5993197E31C55D7DABD17B30CFBBFF331DB864667D65ACC8649095BEBF384
train,Song Sparrow,song_sparrow,Melospiza,melodia,142620,142620-5.wav,wavfiles/142620-5.wav,//www.xeno-canto.org/142620,//creativecommons.org/licenses/by-sa/3.0/,Jonathon Jongsma,2013-07-11,song,E94E6B1E4899093386FBC66C950EFD2045F7CC4CC3902E287D4E1EA6762BFE98
train,Song Sparrow,song_sparrow,Melospiza,melodia,142620,142620-6.wav,wavfiles/142620-6.wav,//www.xeno-canto.org/142620,//creativecommons.org/licenses/by-sa/3.0/,Jonathon Jongsma,2013-07-11,song,39E1B23A1473248BD7208569BEEAF029669B91B444DC8487196EC39DA3FFC2E4
train,Song Sparrow,song_sparrow,Melospiza,melodia,142620,142620-7.wav,wavfiles/142620-7.wav,//www.xeno-canto.org/142620,//creativecommons.org/licenses/by-sa/3.0/,Jonathon Jongsma,2013-07-11,song,1C5D46FE6ACD7EEF8923D2558084E7396017F93A0252DCB451F0ED04BF375846
train,Song Sparrow,song_sparrow,Melospiza,melodia,142620,142620-8.wav,wavfiles/142620-8.wav,//www.xeno-canto.org/142620,//creativecommons.org/licenses/by-sa/3.0/,Jonathon Jongsma,2013-07-11,song,447D2795588ACAF658E75666FB747894D833CFB8CB428062EE52DC7AEE7FD6E2
train,Song Sparrow,song_sparrow,Melospiza,melodia,142620,142620-9.wav,wavfiles/142620-9.wav,//www.xeno-canto.org/142620,//creativecommons.org/licenses/by-sa/3.0/,Jonathon Jongsma,2013-07-11,song,40C3DB29A8146C7B5ED7127947370E221C743C6D57FF0ED8F3BF40B8DCB437B3
train,Song Sparrow,song_sparrow,Melospiza,melodia,142621,142621-0.wav,wavfiles/142621-0.wav,//www.xeno-canto.org/142621,//creativecommons.org/licenses/by-sa/3.0/,Jonathon Jongsma,2013-07-11,song,B8874E242CC81F602D48905D7894A3F1F2E7A76E8565D11C7F4A5F9C63DA3289
train,Song Sparrow,song_sparrow,Melospiza,melodia,142621,142621-1.wav,wavfiles/142621-1.wav,//www.xeno-canto.org/142621,//creativecommons.org/licenses/by-sa/3.0/,Jonathon Jongsma,2013-07-11,song,68696D049E9EC5EF0407C8E9FFCD6A0B2EBD164B2634519790E9F9C6EEB44E61
train,Song Sparrow,song_sparrow,Melospiza,melodia,142621,142621-10.wav,wavfiles/142621-10.wav,//www.xeno-canto.org/142621,//creativecommons.org/licenses/by-sa/3.0/,Jonathon Jongsma,2013-07-11,song,DD171B5B785AEF0EB22881468B2544AAD34761DB059297E68FCF760D34B87F2F
train,Song Sparrow,song_sparrow,Melospiza,melodia,142621,142621-4.wav,wavfiles/142621-4.wav,//www.xeno-canto.org/142621,//creativecommons.org/licenses/by-sa/3.0/,Jonathon Jongsma,2013-07-11,song,A45B7CB59FE4D4944EF6A0BA17940EA4A29FD4EE492C6F2A39540746513D74DB
train,Song Sparrow,song_sparrow,Melospiza,melodia,142621,142621-5.wav,wavfiles/142621-5.wav,//www.xeno-canto.org/142621,//creativecommons.org/licenses/by-sa/3.0/,Jonathon Jongsma,2013-07-11,song,458785BD0F7A7DD68D756855464EA8620B64A80595F33668CF0B43B16BCA836E
train,Song Sparrow,song_sparrow,Melospiza,melodia,142621,142621-6.wav,wavfiles/142621-6.wav,//www.xeno-canto.org/142621,//creativecommons.org/licenses/by-sa/3.0/,Jonathon Jongsma,2013-07-11,song,F02E7219337CC53FE2EDF71FF43DA02B3D8B1491603B3E8EDAC6E164A8632057
train,Song Sparrow,song_sparrow,Melospiza,melodia,142621,142621-8.wav,wavfiles/142621-8.wav,//www.xeno-canto.org/142621,//creativecommons.org/licenses/by-sa/3.0/,Jonathon Jongsma,2013-07-11,song,8167BE7049EC2C65D0FE740A4ADBF8CCF39C30A951FB0869A05D559EAC7531B8
train,Song Sparrow,song_sparrow,Melospiza,melodia,142621,142621-9.wav,wavfiles/142621-9.wav,//www.xeno-canto.org/142621,//creativecommons.org/licenses/by-sa/3.0/,Jonathon Jongsma,2013-07-11,song,B53DC085C2DB8C352A4D092245DE511D79CE209634FC398FC08C329ECC33F4F5
train,Song Sparrow,song_sparrow,Melospiza,melodia,143923,143923-0.wav,wavfiles/143923-0.wav,//www.xeno-canto.org/143923,//creativecommons.org/licenses/by-nc-sa/3.0/,Lauren Harter,2013-03-22,song,5518E3A39F620C3B17AC874D75F1FBAE74DC1E7A4C5FBDC5E944DFFE03D884F5
train,Song Sparrow,song_sparrow,Melospiza,melodia,143923,143923-1.wav,wavfiles/143923-1.wav,//www.xeno-canto.org/143923,//creativecommons.org/licenses/by-nc-sa/3.0/,Lauren Harter,2013-03-22,song,60EC802E1ADB7404F1DE0108B86EE46B5DD7CCCD094469A47DFB64FEC9E91F15
train,Song Sparrow,song_sparrow,Melospiza,melodia,143923,143923-2.wav,wavfiles/143923-2.wav,//www.xeno-canto.org/143923,//creativecommons.org/licenses/by-nc-sa/3.0/,Lauren Harter,2013-03-22,song,82DD1B058D7E6BCCB077CC12E13C12BAC9C95D03D438D7725266A67973A7443A
train,Song Sparrow,song_sparrow,Melospiza,melodia,143923,143923-3.wav,wavfiles/143923-3.wav,//www.xeno-canto.org/143923,//creativecommons.org/licenses/by-nc-sa/3.0/,Lauren Harter,2013-03-22,song,4877FB6BCB9FBACC112545D94CD1DD8958B024BAB0A31421E8DCD297C169E9EB
train,Song Sparrow,song_sparrow,Melospiza,melodia,143923,143923-4.wav,wavfiles/143923-4.wav,//www.xeno-canto.org/143923,//creativecommons.org/licenses/by-nc-sa/3.0/,Lauren Harter,2013-03-22,song,A491C97014D1234107358FA1EE4210E244A09CB5B65D6E3D3ECA32C08ACCB88E
train,Song Sparrow,song_sparrow,Melospiza,melodia,143923,143923-5.wav,wavfiles/143923-5.wav,//www.xeno-canto.org/143923,//creativecommons.org/licenses/by-nc-sa/3.0/,Lauren Harter,2013-03-22,song,619F066825B7DB2B4ED48CF1E21E399E04C06B99BBB457EE22F6B7409C7972B8
train,Song Sparrow,song_sparrow,Melospiza,melodia,143923,143923-6.wav,wavfiles/143923-6.wav,//www.xeno-canto.org/143923,//creativecommons.org/licenses/by-nc-sa/3.0/,Lauren Harter,2013-03-22,song,AF8F2FD864A16723CC9E9C2849575B2A3A057889D89AD11135316F2A6047A36A
train,Song Sparrow,song_sparrow,Melospiza,melodia,149420,149420-0.wav,wavfiles/149420-0.wav,//www.xeno-canto.org/149420,//creativecommons.org/licenses/by-nc-sa/3.0/,Andrew Spencer,2013-06-16,"call, song",76A4E9F65923587FCF86689A475BF3820BA34C38A864FC23FEFE752773983B9B
train,Song Sparrow,song_sparrow,Melospiza,melodia,149420,149420-1.wav,wavfiles/149420-1.wav,//www.xeno-canto.org/149420,//creativecommons.org/licenses/by-nc-sa/3.0/,Andrew Spencer,2013-06-16,"call, song",28F0EAC7E058DE2A5AA7758DFEF1CD153D7E88A33080D02E5F898A3D61D7F558
train,Song Sparrow,song_sparrow,Melospiza,melodia,149420,149420-2.wav,wavfiles/149420-2.wav,//www.xeno-canto.org/149420,//creativecommons.org/licenses/by-nc-sa/3.0/,Andrew Spencer,2013-06-16,"call, song",EEBBDED34F044E12E31FBD2D12ED4AACF0A6282BF7F7957D98C9A3338EE168D2
train,Song Sparrow,song_sparrow,Melospiza,melodia,149420,149420-3.wav,wavfiles/149420-3.wav,//www.xeno-canto.org/149420,//creativecommons.org/licenses/by-nc-sa/3.0/,Andrew Spencer,2013-06-16,"call, song",BE64DF70AC1A58988F521B8829EC504EDD140548AC9080B1AC88CE8BF9026385
train,Song Sparrow,song_sparrow,Melospiza,melodia,149420,149420-4.wav,wavfiles/149420-4.wav,//www.xeno-canto.org/149420,//creativecommons.org/licenses/by-nc-sa/3.0/,Andrew Spencer,2013-06-16,"call, song",BC4107D7C646FA9A0A2F8FCF454054E8A29C124E855FCB26922AF5128B50D73C
train,Song Sparrow,song_sparrow,Melospiza,melodia,149420,149420-5.wav,wavfiles/149420-5.wav,//www.xeno-canto.org/149420,//creativecommons.org/licenses/by-nc-sa/3.0/,Andrew Spencer,2013-06-16,"call, song",27ED748FC9FCB8A7C0D0ADBD978AADE2EDF8A23AD2DBC19D2B28456E183CF0B1
train,Song Sparrow,song_sparrow,Melospiza,melodia,149420,149420-6.wav,wavfiles/149420-6.wav,//www.xeno-canto.org/149420,//creativecommons.org/licenses/by-nc-sa/3.0/,Andrew Spencer,2013-06-16,"call, song",EBED7DDE4D31A88E5BC51ADA4722DD781E67FB169E764FB1C1E278EF7DADE64B
train,Song Sparrow,song_sparrow,Melospiza,melodia,149420,149420-7.wav,wavfiles/149420-7.wav,//www.xeno-canto.org/149420,//creativecommons.org/licenses/by-nc-sa/3.0/,Andrew Spencer,2013-06-16,"call, song",9CFB12DA06FD168490BA661956E431E31BE13C0E6A8F098EE7B050F26C03936F
train,Song Sparrow,song_sparrow,Melospiza,melodia,149420,149420-8.wav,wavfiles/149420-8.wav,//www.xeno-canto.org/149420,//creativecommons.org/licenses/by-nc-sa/3.0/,Andrew Spencer,2013-06-16,"call, song",8FDA37B66C3A6E3A2AD78A3191F9B887958DE8266C675607B72BF43951B3DED8
train,Song Sparrow,song_sparrow,Melospiza,melodia,149420,149420-9.wav,wavfiles/149420-9.wav,//www.xeno-canto.org/149420,//creativecommons.org/licenses/by-nc-sa/3.0/,Andrew Spencer,2013-06-16,"call, song",6BBB8BF649048C026A17C99933B05BD013B43945F32427E6E0BF77605EC7E4E1
train,Song Sparrow,song_sparrow,Melospiza,melodia,179182,179182-0.wav,wavfiles/179182-0.wav,//www.xeno-canto.org/179182,//creativecommons.org/licenses/by-nc-sa/4.0/,Russ Wigh,2014-05-19,song,C08EA497BC8CAD251955E965BF6163D26A2B38A907F9E2411ED73A1BC712288B
train,Song Sparrow,song_sparrow,Melospiza,melodia,179182,179182-1.wav,wavfiles/179182-1.wav,//www.xeno-canto.org/179182,//creativecommons.org/licenses/by-nc-sa/4.0/,Russ Wigh,2014-05-19,song,775B40751C6B473CDF88749BCBBE1A4E9B921B0653029C79B156F974B59A3977
train,Song Sparrow,song_sparrow,Melospiza,melodia,179182,179182-2.wav,wavfiles/179182-2.wav,//www.xeno-canto.org/179182,//creativecommons.org/licenses/by-nc-sa/4.0/,Russ Wigh,2014-05-19,song,B908E0E06A8ECA7C10BFD4DEC233713626143E33B106EED1BC716CA8CA3E166F
train,Song Sparrow,song_sparrow,Melospiza,melodia,179182,179182-3.wav,wavfiles/179182-3.wav,//www.xeno-canto.org/179182,//creativecommons.org/licenses/by-nc-sa/4.0/,Russ Wigh,2014-05-19,song,8B9252BA2D3A2B4892A919CE0CF477203A0A571C3B86C8F08E76E2259992017E
train,Song Sparrow,song_sparrow,Melospiza,melodia,179182,179182-4.wav,wavfiles/179182-4.wav,//www.xeno-canto.org/179182,//creativecommons.org/licenses/by-nc-sa/4.0/,Russ Wigh,2014-05-19,song,2F4EE83CB96DE6E86935C3B4972B67600253E4556BBE9C74D1A197DD27439C4C
train,Song Sparrow,song_sparrow,Melospiza,melodia,179182,179182-5.wav,wavfiles/179182-5.wav,//www.xeno-canto.org/179182,//creativecommons.org/licenses/by-nc-sa/4.0/,Russ Wigh,2014-05-19,song,0E30449FBED9F47FD416332BD84A9B915E8B60010BE2482995B51559FFDD56F0
train,Song Sparrow,song_sparrow,Melospiza,melodia,179182,179182-6.wav,wavfiles/179182-6.wav,//www.xeno-canto.org/179182,//creativecommons.org/licenses/by-nc-sa/4.0/,Russ Wigh,2014-05-19,song,074A8541A13D53CC0824E1DFDE35C95B45AD94BD29F3AE137E30F9DE58314AA4
train,Song Sparrow,song_sparrow,Melospiza,melodia,181738,181738-0.wav,wavfiles/181738-0.wav,//www.xeno-canto.org/181738,//creativecommons.org/licenses/by-nc-sa/4.0/,Jorge de Leon Cardozo and Susan Hochgraf,2014-06-08,song,FD128F35B57EB67A9A025733C3B6B82E516EBA50541A89AB306BE2DEAE01265D
train,Song Sparrow,song_sparrow,Melospiza,melodia,181738,181738-1.wav,wavfiles/181738-1.wav,//www.xeno-canto.org/181738,//creativecommons.org/licenses/by-nc-sa/4.0/,Jorge de Leon Cardozo and Susan Hochgraf,2014-06-08,song,1BA4867D35322CEEA697D4011F8872BA2E8F3A6FCCAB84462667EA9BFC848D20
train,Song Sparrow,song_sparrow,Melospiza,melodia,181738,181738-2.wav,wavfiles/181738-2.wav,//www.xeno-canto.org/181738,//creativecommons.org/licenses/by-nc-sa/4.0/,Jorge de Leon Cardozo and Susan Hochgraf,2014-06-08,song,B3E6AE7F6AA33657214AE6820CCBFFCB252747C8B6ADD9F587BF8FCE44BC754B
train,Song Sparrow,song_sparrow,Melospiza,melodia,181738,181738-4.wav,wavfiles/181738-4.wav,//www.xeno-canto.org/181738,//creativecommons.org/licenses/by-nc-sa/4.0/,Jorge de Leon Cardozo and Susan Hochgraf,2014-06-08,song,3FDC80578861A9C8DEB191C4EE9241D521C8D8E8C83FBA331826466C8061E07D
train,Song Sparrow,song_sparrow,Melospiza,melodia,181738,181738-5.wav,wavfiles/181738-5.wav,//www.xeno-canto.org/181738,//creativecommons.org/licenses/by-nc-sa/4.0/,Jorge de Leon Cardozo and Susan Hochgraf,2014-06-08,song,9D230EE2A92E902D0E25EDEC6FD9D10CB3D9EBB66358BDAF519229EF76A91617
train,Song Sparrow,song_sparrow,Melospiza,melodia,181738,181738-6.wav,wavfiles/181738-6.wav,//www.xeno-canto.org/181738,//creativecommons.org/licenses/by-nc-sa/4.0/,Jorge de Leon Cardozo and Susan Hochgraf,2014-06-08,song,58A78758D64A7758A103E5EDDBD64B69D0CEA7CBF601C05FD74511FC8CE01E6C
train,Song Sparrow,song_sparrow,Melospiza,melodia,181738,181738-8.wav,wavfiles/181738-8.wav,//www.xeno-canto.org/181738,//creativecommons.org/licenses/by-nc-sa/4.0/,Jorge de Leon Cardozo and Susan Hochgraf,2014-06-08,song,8B4758484056E1E9F3098B8825CAAF70C63D160E0315C399FC3461B594CCD45A
train,Song Sparrow,song_sparrow,Melospiza,melodia,181738,181738-9.wav,wavfiles/181738-9.wav,//www.xeno-canto.org/181738,//creativecommons.org/licenses/by-nc-sa/4.0/,Jorge de Leon Cardozo and Susan Hochgraf,2014-06-08,song,4AEDA81DF5B88A59C43FAFD45034D48D24B5BA5D626FDDFB2CD640539980A851
train,Song Sparrow,song_sparrow,Melospiza,melodia,183355,183355-0.wav,wavfiles/183355-0.wav,//www.xeno-canto.org/183355,//creativecommons.org/licenses/by-nc-sa/4.0/,Phoenix Birder,2014-06-23,song,A9CF89FDD239396C18408947A80CE49A38FCACF564EEDED920BB5B879C0E144C
train,Song Sparrow,song_sparrow,Melospiza,melodia,183355,183355-1.wav,wavfiles/183355-1.wav,//www.xeno-canto.org/183355,//creativecommons.org/licenses/by-nc-sa/4.0/,Phoenix Birder,2014-06-23,song,33EA1F2EF4204D59B69C4D23CA5EA150679BE81ECC8A262580C75351AA6DE392
train,Song Sparrow,song_sparrow,Melospiza,melodia,183355,183355-2.wav,wavfiles/183355-2.wav,//www.xeno-canto.org/183355,//creativecommons.org/licenses/by-nc-sa/4.0/,Phoenix Birder,2014-06-23,song,F39B809C47FAA8559E9F3B807F63A3B2DC635075A260258FB6AE618A23F45B74
train,Song Sparrow,song_sparrow,Melospiza,melodia,183355,183355-4.wav,wavfiles/183355-4.wav,//www.xeno-canto.org/183355,//creativecommons.org/licenses/by-nc-sa/4.0/,Phoenix Birder,2014-06-23,song,CFFFA59A3C1A8CE01BCCB75CBABB4CB1C09F7C945D62B4DD3204282C3F5FFF1B
train,Song Sparrow,song_sparrow,Melospiza,melodia,183355,183355-5.wav,wavfiles/183355-5.wav,//www.xeno-canto.org/183355,//creativecommons.org/licenses/by-nc-sa/4.0/,Phoenix Birder,2014-06-23,song,D37B95251191104ED308A33AFE736D79CF5AF3B944A573C3F53A2946BCC68E3B
train,Song Sparrow,song_sparrow,Melospiza,melodia,183355,183355-6.wav,wavfiles/183355-6.wav,//www.xeno-canto.org/183355,//creativecommons.org/licenses/by-nc-sa/4.0/,Phoenix Birder,2014-06-23,song,60B83240108F9D2EEE61CCAFB999B58BAB1FF82C4E95BC157634B467A6DCDADA
train,Song Sparrow,song_sparrow,Melospiza,melodia,185605,185605-0.wav,wavfiles/185605-0.wav,//www.xeno-canto.org/185605,//creativecommons.org/licenses/by-nc-sa/4.0/,Richard E. Webster,2014-06-06,song,77565C4B1DEA4328D37C8FEDFBAF7DB29738A575E49F006BDA08AA501255D8AA
train,Song Sparrow,song_sparrow,Melospiza,melodia,185605,185605-1.wav,wavfiles/185605-1.wav,//www.xeno-canto.org/185605,//creativecommons.org/licenses/by-nc-sa/4.0/,Richard E. Webster,2014-06-06,song,2CB41D387732C52D10AEFA543CBE49D3B5416E113ED016A6C02D53128501EF27
train,Song Sparrow,song_sparrow,Melospiza,melodia,185605,185605-2.wav,wavfiles/185605-2.wav,//www.xeno-canto.org/185605,//creativecommons.org/licenses/by-nc-sa/4.0/,Richard E. Webster,2014-06-06,song,7FD01FAF0CA8CB6A697E8845246B83B8A9AA3D98EE5BDC5477C4E373FA87CB2A
train,Song Sparrow,song_sparrow,Melospiza,melodia,185605,185605-3.wav,wavfiles/185605-3.wav,//www.xeno-canto.org/185605,//creativecommons.org/licenses/by-nc-sa/4.0/,Richard E. Webster,2014-06-06,song,EDEA0DA81270F31BA6D7F70A36ACBF5162EE6BC7E82AAD1E23002003AE721882
train,Song Sparrow,song_sparrow,Melospiza,melodia,185605,185605-4.wav,wavfiles/185605-4.wav,//www.xeno-canto.org/185605,//creativecommons.org/licenses/by-nc-sa/4.0/,Richard E. Webster,2014-06-06,song,173CAD604EDA6E167C37F76DDC0CA8BB75B65D7257FA453286F1A0EAFC6F1149
train,Song Sparrow,song_sparrow,Melospiza,melodia,185605,185605-5.wav,wavfiles/185605-5.wav,//www.xeno-canto.org/185605,//creativecommons.org/licenses/by-nc-sa/4.0/,Richard E. Webster,2014-06-06,song,F33F33B5EA6011EB7C8C030002D0AC6887561CFF83FB4C1ACA28BF4AA36AD7AE
train,Song Sparrow,song_sparrow,Melospiza,melodia,185605,185605-6.wav,wavfiles/185605-6.wav,//www.xeno-canto.org/185605,//creativecommons.org/licenses/by-nc-sa/4.0/,Richard E. Webster,2014-06-06,song,9026242D15E08FAC774F029954375C34D41D6A36BE65F64D8865C25A5C18D754
train,Song Sparrow,song_sparrow,Melospiza,melodia,185605,185605-7.wav,wavfiles/185605-7.wav,//www.xeno-canto.org/185605,//creativecommons.org/licenses/by-nc-sa/4.0/,Richard E. Webster,2014-06-06,song,ABD868C04870245F96FDD022807EF8215B8EEC310D441F10C203F6C68A6AFD19
train,Song Sparrow,song_sparrow,Melospiza,melodia,193953,193953-0.wav,wavfiles/193953-0.wav,//www.xeno-canto.org/193953,//creativecommons.org/licenses/by-nc-sa/4.0/,Richard E. Webster,2014-06-23,song,FB14748F664098DCBB6E31025CE613E1FEC7B486F69FD078CD42C9D067E7AE79
train,Song Sparrow,song_sparrow,Melospiza,melodia,193953,193953-1.wav,wavfiles/193953-1.wav,//www.xeno-canto.org/193953,//creativecommons.org/licenses/by-nc-sa/4.0/,Richard E. Webster,2014-06-23,song,2B518F6E0D0C13712D66E92E2DAED21E5A009D6B302B6826E676D90ECCA29DB6
train,Song Sparrow,song_sparrow,Melospiza,melodia,193953,193953-2.wav,wavfiles/193953-2.wav,//www.xeno-canto.org/193953,//creativecommons.org/licenses/by-nc-sa/4.0/,Richard E. Webster,2014-06-23,song,DC6D0377820D6C31F8AF98D10E848E509E7220263489CCC9ACCE8383C9F5E356
train,Song Sparrow,song_sparrow,Melospiza,melodia,193953,193953-6.wav,wavfiles/193953-6.wav,//www.xeno-canto.org/193953,//creativecommons.org/licenses/by-nc-sa/4.0/,Richard E. Webster,2014-06-23,song,11D27465297D82FF0AA851E44CAE50CE3B0BEB0DD79095E5DD4DC4F0E4B5E999
train,Song Sparrow,song_sparrow,Melospiza,melodia,193953,193953-7.wav,wavfiles/193953-7.wav,//www.xeno-canto.org/193953,//creativecommons.org/licenses/by-nc-sa/4.0/,Richard E. Webster,2014-06-23,song,DBEF28AA94A85617FA9D05C1EB38CECCB5DC9847092DD4CD630394198FDF8AFC
train,Song Sparrow,song_sparrow,Melospiza,melodia,193953,193953-8.wav,wavfiles/193953-8.wav,//www.xeno-canto.org/193953,//creativecommons.org/licenses/by-nc-sa/4.0/,Richard E. Webster,2014-06-23,song,0E7D581242109A976DBFBC7CD52A226C9291CAB7BF15555BDE20A672ABEB77DC
train,Song Sparrow,song_sparrow,Melospiza,melodia,195046,195046-0.wav,wavfiles/195046-0.wav,//www.xeno-canto.org/195046,//creativecommons.org/licenses/by-nc-sa/4.0/,Richard E. Webster,2014-06-24,song,BEBDC8975C994DD273A0AD26BA7F49F84F77DD86F89FA9F30308F9DD9412C7D3
train,Song Sparrow,song_sparrow,Melospiza,melodia,195046,195046-1.wav,wavfiles/195046-1.wav,//www.xeno-canto.org/195046,//creativecommons.org/licenses/by-nc-sa/4.0/,Richard E. Webster,2014-06-24,song,2388F075C9250DFA0E47964989735B54201AEAC33D844BBEBFC931066BF3CE14
train,Song Sparrow,song_sparrow,Melospiza,melodia,195046,195046-10.wav,wavfiles/195046-10.wav,//www.xeno-canto.org/195046,//creativecommons.org/licenses/by-nc-sa/4.0/,Richard E. Webster,2014-06-24,song,A0759098254831E616ECF8A05C3D822FA53F761989553C391757E718986D6D5E
train,Song Sparrow,song_sparrow,Melospiza,melodia,195046,195046-2.wav,wavfiles/195046-2.wav,//www.xeno-canto.org/195046,//creativecommons.org/licenses/by-nc-sa/4.0/,Richard E. Webster,2014-06-24,song,63C25662417050855DB72BE7F8838969A81DEC88A2809E216A3A629BD9B25914
train,Song Sparrow,song_sparrow,Melospiza,melodia,195046,195046-4.wav,wavfiles/195046-4.wav,//www.xeno-canto.org/195046,//creativecommons.org/licenses/by-nc-sa/4.0/,Richard E. Webster,2014-06-24,song,BADFB6CF9C9267F2C54F9CC0D974730B27BF8FE380AE95212FF0116629239DA9
train,Song Sparrow,song_sparrow,Melospiza,melodia,195046,195046-5.wav,wavfiles/195046-5.wav,//www.xeno-canto.org/195046,//creativecommons.org/licenses/by-nc-sa/4.0/,Richard E. Webster,2014-06-24,song,47F19027499A35B3EBBA78627C30BD101CADB360C4BF91D10E44A538200A6FE4
train,Song Sparrow,song_sparrow,Melospiza,melodia,195046,195046-6.wav,wavfiles/195046-6.wav,//www.xeno-canto.org/195046,//creativecommons.org/licenses/by-nc-sa/4.0/,Richard E. Webster,2014-06-24,song,F5F94F1BFFDE669D6E75ABDC58460DF0958BF7841EDC696F5B2BC36F11A141BF
train,Song Sparrow,song_sparrow,Melospiza,melodia,195046,195046-7.wav,wavfiles/195046-7.wav,//www.xeno-canto.org/195046,//creativecommons.org/licenses/by-nc-sa/4.0/,Richard E. Webster,2014-06-24,song,9C0F97C290001E2B2F27CE5BC9132052A5DDEDF138B161A1C080F836AEF0431C
train,Song Sparrow,song_sparrow,Melospiza,melodia,195046,195046-8.wav,wavfiles/195046-8.wav,//www.xeno-canto.org/195046,//creativecommons.org/licenses/by-nc-sa/4.0/,Richard E. Webster,2014-06-24,song,D34756D3220E464313F9D00E5CA87D8A0FD67430E8427F7398F13358E6A4B981
train,Song Sparrow,song_sparrow,Melospiza,melodia,195046,195046-9.wav,wavfiles/195046-9.wav,//www.xeno-canto.org/195046,//creativecommons.org/licenses/by-nc-sa/4.0/,Richard E. Webster,2014-06-24,song,0F96C3027272A16B9B8590A743759413E027030BEACBA9E6A17D42B9EEDC250B
train,Song Sparrow,song_sparrow,Melospiza,melodia,205806,205806-0.wav,wavfiles/205806-0.wav,//www.xeno-canto.org/205806,//creativecommons.org/licenses/by-nc-sa/4.0/,Eric DeFonso,2014-05-29,song,8CF0D609E3F1799E0470BF8DEECEC0988AEA198906F9DC866BFB131FAD331E1A
train,Song Sparrow,song_sparrow,Melospiza,melodia,205806,205806-1.wav,wavfiles/205806-1.wav,//www.xeno-canto.org/205806,//creativecommons.org/licenses/by-nc-sa/4.0/,Eric DeFonso,2014-05-29,song,9168EE69638641DCA73486B320C9EC464048B0F726559D9C6FD38896AEEE9602
train,Song Sparrow,song_sparrow,Melospiza,melodia,205806,205806-10.wav,wavfiles/205806-10.wav,//www.xeno-canto.org/205806,//creativecommons.org/licenses/by-nc-sa/4.0/,Eric DeFonso,2014-05-29,song,3E0E603742C5F1ED4877EC556430A93511E056B99EA5515F1505DC282A588479
train,Song Sparrow,song_sparrow,Melospiza,melodia,205806,205806-11.wav,wavfiles/205806-11.wav,//www.xeno-canto.org/205806,//creativecommons.org/licenses/by-nc-sa/4.0/,Eric DeFonso,2014-05-29,song,D6BF2031DD6B894DDC85B165EECDFC3E11493757E658BFEEE87F6763EA81220D
train,Song Sparrow,song_sparrow,Melospiza,melodia,205806,205806-12.wav,wavfiles/205806-12.wav,//www.xeno-canto.org/205806,//creativecommons.org/licenses/by-nc-sa/4.0/,Eric DeFonso,2014-05-29,song,4D5B7EFD4220D3BEA3C6440FD666DE9BF413D1129950F050372066187A872FD4
train,Song Sparrow,song_sparrow,Melospiza,melodia,205806,205806-13.wav,wavfiles/205806-13.wav,//www.xeno-canto.org/205806,//creativecommons.org/licenses/by-nc-sa/4.0/,Eric DeFonso,2014-05-29,song,23A391F7113D088019813546E8B3FBABAA223F3F1CF540F59F689A401DB2B26A
train,Song Sparrow,song_sparrow,Melospiza,melodia,205806,205806-14.wav,wavfiles/205806-14.wav,//www.xeno-canto.org/205806,//creativecommons.org/licenses/by-nc-sa/4.0/,Eric DeFonso,2014-05-29,song,9305D86F04D21BA2CD741D46761095A78C2721EEA83450417F07ACCC093EE1BD
train,Song Sparrow,song_sparrow,Melospiza,melodia,205806,205806-15.wav,wavfiles/205806-15.wav,//www.xeno-canto.org/205806,//creativecommons.org/licenses/by-nc-sa/4.0/,Eric DeFonso,2014-05-29,song,AD55E363D92E115407C17687109FB2ECBE0104C128D123EEC5CAACB1C1FBBE4B
train,Song Sparrow,song_sparrow,Melospiza,melodia,205806,205806-16.wav,wavfiles/205806-16.wav,//www.xeno-canto.org/205806,//creativecommons.org/licenses/by-nc-sa/4.0/,Eric DeFonso,2014-05-29,song,21C6D9130B98DDAE4BEC7748C5C2C8B85FFE1709B3ECB1F1EB1F3D33BB3DA83E
train,Song Sparrow,song_sparrow,Melospiza,melodia,205806,205806-2.wav,wavfiles/205806-2.wav,//www.xeno-canto.org/205806,//creativecommons.org/licenses/by-nc-sa/4.0/,Eric DeFonso,2014-05-29,song,9C0213F4537969EC5D773C11E41FBE2B4E9BECCDADC60BE794924AA851775DE9
train,Song Sparrow,song_sparrow,Melospiza,melodia,205806,205806-3.wav,wavfiles/205806-3.wav,//www.xeno-canto.org/205806,//creativecommons.org/licenses/by-nc-sa/4.0/,Eric DeFonso,2014-05-29,song,9B2BED639EA8E3F32E45067E5984A4638547693012643E904C891E9352B4A041
train,Song Sparrow,song_sparrow,Melospiza,melodia,205806,205806-4.wav,wavfiles/205806-4.wav,//www.xeno-canto.org/205806,//creativecommons.org/licenses/by-nc-sa/4.0/,Eric DeFonso,2014-05-29,song,52F75BBF4950FA1F2A28D64927FC2225F6CB1A5966C00A0565C79C7B1B23E940
train,Song Sparrow,song_sparrow,Melospiza,melodia,205806,205806-6.wav,wavfiles/205806-6.wav,//www.xeno-canto.org/205806,//creativecommons.org/licenses/by-nc-sa/4.0/,Eric DeFonso,2014-05-29,song,CDE13E9892D3575E75A6F030898E0C62248AF19FE9AB46956AFBA8303A1DEE90
train,Song Sparrow,song_sparrow,Melospiza,melodia,205806,205806-7.wav,wavfiles/205806-7.wav,//www.xeno-canto.org/205806,//creativecommons.org/licenses/by-nc-sa/4.0/,Eric DeFonso,2014-05-29,song,4887C8C3D70CE60472E5C0CBBE27DC6F90620D35F652641BA7A0D4FD27EE6C48
train,Song Sparrow,song_sparrow,Melospiza,melodia,205806,205806-8.wav,wavfiles/205806-8.wav,//www.xeno-canto.org/205806,//creativecommons.org/licenses/by-nc-sa/4.0/,Eric DeFonso,2014-05-29,song,CF29E377C18F0C1DE7E55C632DC823FF859EB8574D4D065EAFDA3B18064C13D1
train,Song Sparrow,song_sparrow,Melospiza,melodia,205810,205810-0.wav,wavfiles/205810-0.wav,//www.xeno-canto.org/205810,//creativecommons.org/licenses/by-nc-sa/4.0/,Eric DeFonso,2014-05-29,song,0FE0E1EEC0A218EA1F360C08E89F6D06E4BFE15B49B573EA93B900F8A263899B
train,Song Sparrow,song_sparrow,Melospiza,melodia,205810,205810-1.wav,wavfiles/205810-1.wav,//www.xeno-canto.org/205810,//creativecommons.org/licenses/by-nc-sa/4.0/,Eric DeFonso,2014-05-29,song,FA4F60619AF6D8676730F9B2D6ED9850214D0FA319D8C00B8DB5CF2FBE3D88E9
train,Song Sparrow,song_sparrow,Melospiza,melodia,205810,205810-2.wav,wavfiles/205810-2.wav,//www.xeno-canto.org/205810,//creativecommons.org/licenses/by-nc-sa/4.0/,Eric DeFonso,2014-05-29,song,AB4CA4FD311139E2F045B0C6C7873939A18731CF83820AC76D2E5650EC6C2EB4
train,Song Sparrow,song_sparrow,Melospiza,melodia,205810,205810-3.wav,wavfiles/205810-3.wav,//www.xeno-canto.org/205810,//creativecommons.org/licenses/by-nc-sa/4.0/,Eric DeFonso,2014-05-29,song,8D2FE4EA5313798CFE0B1BDFB0B58CDEE6903B60D13910933C0C1001F92E8D98
train,Song Sparrow,song_sparrow,Melospiza,melodia,205810,205810-6.wav,wavfiles/205810-6.wav,//www.xeno-canto.org/205810,//creativecommons.org/licenses/by-nc-sa/4.0/,Eric DeFonso,2014-05-29,song,9CB591B4C1B2D4F40C7736BF379327F7BDCB21A92ACA99AAF48FE8335AC8B6F8
train,Song Sparrow,song_sparrow,Melospiza,melodia,205810,205810-7.wav,wavfiles/205810-7.wav,//www.xeno-canto.org/205810,//creativecommons.org/licenses/by-nc-sa/4.0/,Eric DeFonso,2014-05-29,song,43D19938D9686A4AD3B3A5B2B7BCF2893643F1C3CF33FC47D75FE1C195EB10B0
train,Song Sparrow,song_sparrow,Melospiza,melodia,205810,205810-8.wav,wavfiles/205810-8.wav,//www.xeno-canto.org/205810,//creativecommons.org/licenses/by-nc-sa/4.0/,Eric DeFonso,2014-05-29,song,9348377B7CC6004CC441A306E5D047DF2E3C22B441F921A222CDCD857CD23B4A
train,Song Sparrow,song_sparrow,Melospiza,melodia,205810,205810-9.wav,wavfiles/205810-9.wav,//www.xeno-canto.org/205810,//creativecommons.org/licenses/by-nc-sa/4.0/,Eric DeFonso,2014-05-29,song,134288B3B422A78C7FF9239EE880C23A9289D10ACC0D952132828569E643A8B3
train,Song Sparrow,song_sparrow,Melospiza,melodia,235955,235955-0.wav,wavfiles/235955-0.wav,//www.xeno-canto.org/235955,//creativecommons.org/licenses/by-nc-sa/4.0/,Steve Hampton,2015-04-10,song,1439A1239F75FBF1582B6D07EF0F30BC01466BC74A504F816036E797EA4D5664
train,Song Sparrow,song_sparrow,Melospiza,melodia,235955,235955-1.wav,wavfiles/235955-1.wav,//www.xeno-canto.org/235955,//creativecommons.org/licenses/by-nc-sa/4.0/,Steve Hampton,2015-04-10,song,642191FF5D5E3CEC1A94ABF90F94C772A4ADD2F7AFCAFBA23AD1EAE349EC40DD
train,Song Sparrow,song_sparrow,Melospiza,melodia,235955,235955-10.wav,wavfiles/235955-10.wav,//www.xeno-canto.org/235955,//creativecommons.org/licenses/by-nc-sa/4.0/,Steve Hampton,2015-04-10,song,C8FA1D42952F77145DBD56C67F22AFEEBDD3C746902511025FE5C8973AC45570
train,Song Sparrow,song_sparrow,Melospiza,melodia,235955,235955-11.wav,wavfiles/235955-11.wav,//www.xeno-canto.org/235955,//creativecommons.org/licenses/by-nc-sa/4.0/,Steve Hampton,2015-04-10,song,92E166CC2004C0450B533B77B8B3A832F4078CDE7F51D6AC3A49F39C7B2A4FF5
train,Song Sparrow,song_sparrow,Melospiza,melodia,235955,235955-12.wav,wavfiles/235955-12.wav,//www.xeno-canto.org/235955,//creativecommons.org/licenses/by-nc-sa/4.0/,Steve Hampton,2015-04-10,song,64491500AD1545363020D26B44245F97B003A2A8FF3CFDEB644768D4E3374EA0
train,Song Sparrow,song_sparrow,Melospiza,melodia,235955,235955-2.wav,wavfiles/235955-2.wav,//www.xeno-canto.org/235955,//creativecommons.org/licenses/by-nc-sa/4.0/,Steve Hampton,2015-04-10,song,E9A2AAC4001E57A9F2391787C4CF0F171396D62D74B5C82C7843A32770CA5ED2
train,Song Sparrow,song_sparrow,Melospiza,melodia,235955,235955-3.wav,wavfiles/235955-3.wav,//www.xeno-canto.org/235955,//creativecommons.org/licenses/by-nc-sa/4.0/,Steve Hampton,2015-04-10,song,84BBA84697919AAE6523B34586253B3DA21972B94CEF505303102943BCEC8E42
train,Song Sparrow,song_sparrow,Melospiza,melodia,235955,235955-4.wav,wavfiles/235955-4.wav,//www.xeno-canto.org/235955,//creativecommons.org/licenses/by-nc-sa/4.0/,Steve Hampton,2015-04-10,song,D276E181130B508B936314DB8CC77C8CC2E2444ABA9CEA3C2A42C27E4BB2FCBF
train,Song Sparrow,song_sparrow,Melospiza,melodia,235955,235955-5.wav,wavfiles/235955-5.wav,//www.xeno-canto.org/235955,//creativecommons.org/licenses/by-nc-sa/4.0/,Steve Hampton,2015-04-10,song,6D948757C44E445A7623D9E98D7BAD3532D12CE499F7242C50FB79298D4BE48C
train,Song Sparrow,song_sparrow,Melospiza,melodia,235955,235955-6.wav,wavfiles/235955-6.wav,//www.xeno-canto.org/235955,//creativecommons.org/licenses/by-nc-sa/4.0/,Steve Hampton,2015-04-10,song,47AA2E833E1EF2CB1C9648C2DF37C107A45990674D19763C2FD87E93FB222073
train,Song Sparrow,song_sparrow,Melospiza,melodia,235955,235955-7.wav,wavfiles/235955-7.wav,//www.xeno-canto.org/235955,//creativecommons.org/licenses/by-nc-sa/4.0/,Steve Hampton,2015-04-10,song,74D1F886BF9BB67DAD25A86416E1A09DB5FDA1787668F20FEAC9034693512465
train,Song Sparrow,song_sparrow,Melospiza,melodia,235955,235955-8.wav,wavfiles/235955-8.wav,//www.xeno-canto.org/235955,//creativecommons.org/licenses/by-nc-sa/4.0/,Steve Hampton,2015-04-10,song,EE30A10855DCF25130B0BCCB94A45AF07E42839CD592456EAD43FD3DCCC5918F
train,Song Sparrow,song_sparrow,Melospiza,melodia,235955,235955-9.wav,wavfiles/235955-9.wav,//www.xeno-canto.org/235955,//creativecommons.org/licenses/by-nc-sa/4.0/,Steve Hampton,2015-04-10,song,BA8939591528740F5695C70044B0B7790FF058C42CD6D27C5AAB5EE410CF7118
train,Song Sparrow,song_sparrow,Melospiza,melodia,269172,269172-0.wav,wavfiles/269172-0.wav,//www.xeno-canto.org/269172,//creativecommons.org/licenses/by-nc-nd/4.0/,Frank Lambert,2015-06-20,song,65BB37040E444500FEFA627C3A9E1BB28F79C9F0D201000CC2D00E15020B9EDC
train,Song Sparrow,song_sparrow,Melospiza,melodia,269172,269172-1.wav,wavfiles/269172-1.wav,//www.xeno-canto.org/269172,//creativecommons.org/licenses/by-nc-nd/4.0/,Frank Lambert,2015-06-20,song,FA8F491ADCB413BD97FD15190E0CB9E666A5DDE23CCB4684D3B5EF533D55FFF1
train,Song Sparrow,song_sparrow,Melospiza,melodia,269172,269172-2.wav,wavfiles/269172-2.wav,//www.xeno-canto.org/269172,//creativecommons.org/licenses/by-nc-nd/4.0/,Frank Lambert,2015-06-20,song,C0D8C91AE3FF7371B2F7F7F1409845DE4E88CD1D97A536D94B767A2F828339BF
train,Song Sparrow,song_sparrow,Melospiza,melodia,269172,269172-4.wav,wavfiles/269172-4.wav,//www.xeno-canto.org/269172,//creativecommons.org/licenses/by-nc-nd/4.0/,Frank Lambert,2015-06-20,song,2902033EF244C5CDAB05FC4FDD953DE40F745142ABE834D7764DE21EA0728E77
train,Song Sparrow,song_sparrow,Melospiza,melodia,269172,269172-5.wav,wavfiles/269172-5.wav,//www.xeno-canto.org/269172,//creativecommons.org/licenses/by-nc-nd/4.0/,Frank Lambert,2015-06-20,song,B28BA9409497FE9390B3AE42191793245E33C956B9E3CA964511535262383D51
train,Song Sparrow,song_sparrow,Melospiza,melodia,269172,269172-6.wav,wavfiles/269172-6.wav,//www.xeno-canto.org/269172,//creativecommons.org/licenses/by-nc-nd/4.0/,Frank Lambert,2015-06-20,song,9F702F37C0B4CEF54B0F125D7C4637E4A8BE455DEF6278D07F38A33BDB421276
train,Song Sparrow,song_sparrow,Melospiza,melodia,269172,269172-7.wav,wavfiles/269172-7.wav,//www.xeno-canto.org/269172,//creativecommons.org/licenses/by-nc-nd/4.0/,Frank Lambert,2015-06-20,song,C291AF242D663A6F6CF5F57E7AD1C26ABF80C65CD0FBE907D413295D26691324
train,Song Sparrow,song_sparrow,Melospiza,melodia,282512,282512-12.wav,wavfiles/282512-12.wav,//www.xeno-canto.org/282512,//creativecommons.org/licenses/by-nc-sa/4.0/,Antonio Xeira,2015-09-23,song,03C89ED863FA1E34FB3923861D0B3E746B1D5CD73621C336987A895E819D20DE
train,Song Sparrow,song_sparrow,Melospiza,melodia,282512,282512-4.wav,wavfiles/282512-4.wav,//www.xeno-canto.org/282512,//creativecommons.org/licenses/by-nc-sa/4.0/,Antonio Xeira,2015-09-23,song,538095792667FFD6F87A24E65B09B3E4505E9A746DAEB4F93845BB8F873BED2A
train,Song Sparrow,song_sparrow,Melospiza,melodia,282512,282512-5.wav,wavfiles/282512-5.wav,//www.xeno-canto.org/282512,//creativecommons.org/licenses/by-nc-sa/4.0/,Antonio Xeira,2015-09-23,song,4E72E9850A840FBB5EA9DCDBBB44EFDD4B6FB873F6D6D375E4E660A41F55A207
train,Song Sparrow,song_sparrow,Melospiza,melodia,282512,282512-7.wav,wavfiles/282512-7.wav,//www.xeno-canto.org/282512,//creativecommons.org/licenses/by-nc-sa/4.0/,Antonio Xeira,2015-09-23,song,3CF2A175FD490CB746E7522BEB358D3A0E1B4F2EA8724D0347C21FA7330F642A
train,Song Sparrow,song_sparrow,Melospiza,melodia,282512,282512-8.wav,wavfiles/282512-8.wav,//www.xeno-canto.org/282512,//creativecommons.org/licenses/by-nc-sa/4.0/,Antonio Xeira,2015-09-23,song,531FD2C2192736271721BFF41BAC1D73551D720A069FB1BFBC116E8596D66A55
train,Song Sparrow,song_sparrow,Melospiza,melodia,282625,282625-0.wav,wavfiles/282625-0.wav,//www.xeno-canto.org/282625,//creativecommons.org/licenses/by-nc-sa/4.0/,Paul Marvin,2015-04-06,song,40A046EDB5DC76256F240D676094F92209F43C2A4F7292B6A0388657B94AE9CC
train,Song Sparrow,song_sparrow,Melospiza,melodia,282625,282625-1.wav,wavfiles/282625-1.wav,//www.xeno-canto.org/282625,//creativecommons.org/licenses/by-nc-sa/4.0/,Paul Marvin,2015-04-06,song,DBFACF048E6301096E7FA647185B83754180E4ED1D049154A21A8D25A5BC098F
train,Song Sparrow,song_sparrow,Melospiza,melodia,282625,282625-2.wav,wavfiles/282625-2.wav,//www.xeno-canto.org/282625,//creativecommons.org/licenses/by-nc-sa/4.0/,Paul Marvin,2015-04-06,song,F5ECDE689F585F1A3B81E3345FED65B563E252D68D723225D4CCA4CFBE05543C
train,Song Sparrow,song_sparrow,Melospiza,melodia,282625,282625-3.wav,wavfiles/282625-3.wav,//www.xeno-canto.org/282625,//creativecommons.org/licenses/by-nc-sa/4.0/,Paul Marvin,2015-04-06,song,766ABCC5C238CBF4ADDDC4531EE64E06169E531F52DDF5AAC268966AF79E6D83
train,Song Sparrow,song_sparrow,Melospiza,melodia,282625,282625-4.wav,wavfiles/282625-4.wav,//www.xeno-canto.org/282625,//creativecommons.org/licenses/by-nc-sa/4.0/,Paul Marvin,2015-04-06,song,019802C21333FE63B2E574257E1BF6B4B9F962CAE75D013DC55A85F562195189
train,Song Sparrow,song_sparrow,Melospiza,melodia,282625,282625-5.wav,wavfiles/282625-5.wav,//www.xeno-canto.org/282625,//creativecommons.org/licenses/by-nc-sa/4.0/,Paul Marvin,2015-04-06,song,792D309DC5AAAEEDCC45C9FC7C9F3D04409CDA8E91A5C8D128DFE888ED548436
train,Song Sparrow,song_sparrow,Melospiza,melodia,282625,282625-6.wav,wavfiles/282625-6.wav,//www.xeno-canto.org/282625,//creativecommons.org/licenses/by-nc-sa/4.0/,Paul Marvin,2015-04-06,song,412BBAFA2E4EF4E5E149B68FA9F80C11F4DE6627C91FFD849A2E78D54F31AC56
train,Song Sparrow,song_sparrow,Melospiza,melodia,282625,282625-7.wav,wavfiles/282625-7.wav,//www.xeno-canto.org/282625,//creativecommons.org/licenses/by-nc-sa/4.0/,Paul Marvin,2015-04-06,song,21B20A5B409435CB14B8B8FEDA5DBDF0FBD180B0B40E62A68B1D5433B8AB7465
train,Song Sparrow,song_sparrow,Melospiza,melodia,306748,306748-0.wav,wavfiles/306748-0.wav,//www.xeno-canto.org/306748,//creativecommons.org/licenses/by-nc-sa/4.0/,Hal Mitchell,2016-03-12,song,82F488969EEAFCB60EC8D928718ED764188BF656898B6B2EC0F58BC484CE5470
train,Song Sparrow,song_sparrow,Melospiza,melodia,306748,306748-1.wav,wavfiles/306748-1.wav,//www.xeno-canto.org/306748,//creativecommons.org/licenses/by-nc-sa/4.0/,Hal Mitchell,2016-03-12,song,D42C6395CDE42EC5D31445ECA068CF18349DE3411FC0036CB057EDB32658FDD0
train,Song Sparrow,song_sparrow,Melospiza,melodia,306748,306748-10.wav,wavfiles/306748-10.wav,//www.xeno-canto.org/306748,//creativecommons.org/licenses/by-nc-sa/4.0/,Hal Mitchell,2016-03-12,song,A24C4135873E798CAA33C4C928712C31F95327EBE08EE86D62D85B43A34293C9
train,Song Sparrow,song_sparrow,Melospiza,melodia,306748,306748-11.wav,wavfiles/306748-11.wav,//www.xeno-canto.org/306748,//creativecommons.org/licenses/by-nc-sa/4.0/,Hal Mitchell,2016-03-12,song,C4BAE7BBE778BA0B3F3B235A7A9F167BD0655934E5CB5F8E731528D23EED0A35
train,Song Sparrow,song_sparrow,Melospiza,melodia,306748,306748-12.wav,wavfiles/306748-12.wav,//www.xeno-canto.org/306748,//creativecommons.org/licenses/by-nc-sa/4.0/,Hal Mitchell,2016-03-12,song,69B32438FD99D055B49C06277FA4746063FEFA163528A2129AA73181FFA36BB6
train,Song Sparrow,song_sparrow,Melospiza,melodia,306748,306748-13.wav,wavfiles/306748-13.wav,//www.xeno-canto.org/306748,//creativecommons.org/licenses/by-nc-sa/4.0/,Hal Mitchell,2016-03-12,song,D915870BCA132C71111F5B8477518701043973F868B10032BA4AFC218BBD54FC
train,Song Sparrow,song_sparrow,Melospiza,melodia,306748,306748-14.wav,wavfiles/306748-14.wav,//www.xeno-canto.org/306748,//creativecommons.org/licenses/by-nc-sa/4.0/,Hal Mitchell,2016-03-12,song,92AF037AB9D62AB2CC38839EE1BCAF559E85C029CC9A12381BE3383D25294AA0
train,Song Sparrow,song_sparrow,Melospiza,melodia,306748,306748-2.wav,wavfiles/306748-2.wav,//www.xeno-canto.org/306748,//creativecommons.org/licenses/by-nc-sa/4.0/,Hal Mitchell,2016-03-12,song,66EB60F26EB4D9467B0F7EC87A930EEC55A7492B90F8A8B11753A48A1FFD061C
train,Song Sparrow,song_sparrow,Melospiza,melodia,306748,306748-3.wav,wavfiles/306748-3.wav,//www.xeno-canto.org/306748,//creativecommons.org/licenses/by-nc-sa/4.0/,Hal Mitchell,2016-03-12,song,2EA486E2A6478278E23CE0E3725632A8CBCBCC690D4588AF2608CB0382C6CFA8
train,Song Sparrow,song_sparrow,Melospiza,melodia,306748,306748-4.wav,wavfiles/306748-4.wav,//www.xeno-canto.org/306748,//creativecommons.org/licenses/by-nc-sa/4.0/,Hal Mitchell,2016-03-12,song,1F19F2577F452F93A00E2A47F0A8F58EF641953C12A301DBE46C6555C55B97C3
train,Song Sparrow,song_sparrow,Melospiza,melodia,306748,306748-5.wav,wavfiles/306748-5.wav,//www.xeno-canto.org/306748,//creativecommons.org/licenses/by-nc-sa/4.0/,Hal Mitchell,2016-03-12,song,06748BF07DF0EA19F98DCED2C251581F517027133321D4EE8D7B110FA4233CCA
train,Song Sparrow,song_sparrow,Melospiza,melodia,306748,306748-6.wav,wavfiles/306748-6.wav,//www.xeno-canto.org/306748,//creativecommons.org/licenses/by-nc-sa/4.0/,Hal Mitchell,2016-03-12,song,C88ABBBB70104E1EF9BB024E4EA636E4C654617B411D6C94D94423568321E923
train,Song Sparrow,song_sparrow,Melospiza,melodia,306748,306748-7.wav,wavfiles/306748-7.wav,//www.xeno-canto.org/306748,//creativecommons.org/licenses/by-nc-sa/4.0/,Hal Mitchell,2016-03-12,song,587195F09BE885C7D5A08A2E28C95E72F5EDF82B6A7D1939D7B92A383EFEB3AC
train,Song Sparrow,song_sparrow,Melospiza,melodia,306748,306748-8.wav,wavfiles/306748-8.wav,//www.xeno-canto.org/306748,//creativecommons.org/licenses/by-nc-sa/4.0/,Hal Mitchell,2016-03-12,song,809383AF0AB75B5704AE768232D5A0395B6DE8A15E934828F2DA28E98CF0A922
train,Song Sparrow,song_sparrow,Melospiza,melodia,306748,306748-9.wav,wavfiles/306748-9.wav,//www.xeno-canto.org/306748,//creativecommons.org/licenses/by-nc-sa/4.0/,Hal Mitchell,2016-03-12,song,798472CC3644C75641DBB94928DC3A317953DB0632E9E9600408CC9BBC1C8C34
train,Song Sparrow,song_sparrow,Melospiza,melodia,320469,320469-0.wav,wavfiles/320469-0.wav,//www.xeno-canto.org/320469,//creativecommons.org/licenses/by-nc-sa/4.0/,Antonio Xeira,2015-03-14,song,658640D7E9CD00EC7AE73B69995A58F7FA73D186CA0FAEEFF1907E78484720AA
train,Song Sparrow,song_sparrow,Melospiza,melodia,320469,320469-1.wav,wavfiles/320469-1.wav,//www.xeno-canto.org/320469,//creativecommons.org/licenses/by-nc-sa/4.0/,Antonio Xeira,2015-03-14,song,690608EA8717EA76529D0A4818EF6D6163BFBD9914FED2DE97F6E4FB8E975930
train,Song Sparrow,song_sparrow,Melospiza,melodia,320469,320469-2.wav,wavfiles/320469-2.wav,//www.xeno-canto.org/320469,//creativecommons.org/licenses/by-nc-sa/4.0/,Antonio Xeira,2015-03-14,song,73CA87BFA3BDC29267AFA869C7ED481FB8036BE8AF33B1B2F6E1D5A2DDBB2FD6
train,Song Sparrow,song_sparrow,Melospiza,melodia,320469,320469-3.wav,wavfiles/320469-3.wav,//www.xeno-canto.org/320469,//creativecommons.org/licenses/by-nc-sa/4.0/,Antonio Xeira,2015-03-14,song,D3DDA7E4FD11A5F26C872D4CD560B623D99FAFA2B6B42B2BCB7589B79AC8F7AA
train,Song Sparrow,song_sparrow,Melospiza,melodia,320469,320469-4.wav,wavfiles/320469-4.wav,//www.xeno-canto.org/320469,//creativecommons.org/licenses/by-nc-sa/4.0/,Antonio Xeira,2015-03-14,song,4E3F42885B73668797CFE14153AC04D1E7B68FA19C7A4C0A65480AF5D9729AC9
train,Song Sparrow,song_sparrow,Melospiza,melodia,320469,320469-5.wav,wavfiles/320469-5.wav,//www.xeno-canto.org/320469,//creativecommons.org/licenses/by-nc-sa/4.0/,Antonio Xeira,2015-03-14,song,F85B175F1FFAB5C89C83AEE0767009F31132BC18AC79602F942F7CD55C4E159C
train,Song Sparrow,song_sparrow,Melospiza,melodia,320469,320469-6.wav,wavfiles/320469-6.wav,//www.xeno-canto.org/320469,//creativecommons.org/licenses/by-nc-sa/4.0/,Antonio Xeira,2015-03-14,song,B20111473347D7703651A6D3C2F69244A7BEF6780FE3FF762BE7285E5DBF8F0B
train,Song Sparrow,song_sparrow,Melospiza,melodia,320469,320469-8.wav,wavfiles/320469-8.wav,//www.xeno-canto.org/320469,//creativecommons.org/licenses/by-nc-sa/4.0/,Antonio Xeira,2015-03-14,song,F609D9ACAC742DC6AAFB90B0032D2C8A58EA28FF0E272AB55D1812E0E9E05F60
train,Song Sparrow,song_sparrow,Melospiza,melodia,320719,320719-0.wav,wavfiles/320719-0.wav,//www.xeno-canto.org/320719,//creativecommons.org/licenses/by-nc-sa/4.0/,Jerald R,2016-06-09,"male, song",0B97BE9C624155EB22BBB3A2C0D419BE93DB7731C375A06B28B05641DAACD8A8
train,Song Sparrow,song_sparrow,Melospiza,melodia,320719,320719-1.wav,wavfiles/320719-1.wav,//www.xeno-canto.org/320719,//creativecommons.org/licenses/by-nc-sa/4.0/,Jerald R,2016-06-09,"male, song",8AC29850BF2E88FBFD39E148189655695869FF3DC19AD39EA411DABF5B29CB67
train,Song Sparrow,song_sparrow,Melospiza,melodia,320719,320719-2.wav,wavfiles/320719-2.wav,//www.xeno-canto.org/320719,//creativecommons.org/licenses/by-nc-sa/4.0/,Jerald R,2016-06-09,"male, song",0B80EF68010F1BEA00F21A49FD526ABFEE5F800797C1DA5AF50D36B68F44929B
train,Song Sparrow,song_sparrow,Melospiza,melodia,320719,320719-3.wav,wavfiles/320719-3.wav,//www.xeno-canto.org/320719,//creativecommons.org/licenses/by-nc-sa/4.0/,Jerald R,2016-06-09,"male, song",780D400FBC785EDC9144F717DDE50896B6703A41CE948EA9766B13A26F27D167
train,Song Sparrow,song_sparrow,Melospiza,melodia,320719,320719-4.wav,wavfiles/320719-4.wav,//www.xeno-canto.org/320719,//creativecommons.org/licenses/by-nc-sa/4.0/,Jerald R,2016-06-09,"male, song",573479504D8A332A75CFD05D184870C798B4CFA44CE87B2CB0836060AFE71B28
train,Song Sparrow,song_sparrow,Melospiza,melodia,320719,320719-5.wav,wavfiles/320719-5.wav,//www.xeno-canto.org/320719,//creativecommons.org/licenses/by-nc-sa/4.0/,Jerald R,2016-06-09,"male, song",375EC9B3D1112ACD7BD6B42908CD9B05DCA0353C0B428F1E11D182DF6FCDF968
train,Song Sparrow,song_sparrow,Melospiza,melodia,320719,320719-8.wav,wavfiles/320719-8.wav,//www.xeno-canto.org/320719,//creativecommons.org/licenses/by-nc-sa/4.0/,Jerald R,2016-06-09,"male, song",28B6DE94087C242203A0A884659658E2C7AA7D1F61DE251C4FF608CDCD9EB18E
train,Song Sparrow,song_sparrow,Melospiza,melodia,325378,325378-0.wav,wavfiles/325378-0.wav,//www.xeno-canto.org/325378,//creativecommons.org/licenses/by-nc-sa/4.0/,Jim Holmes,2016-07-03,song,66C4C02CF2AA08A9A6EF298F7FCF6F188EBAA88145903B0DC0288ED310288D18
train,Song Sparrow,song_sparrow,Melospiza,melodia,325378,325378-1.wav,wavfiles/325378-1.wav,//www.xeno-canto.org/325378,//creativecommons.org/licenses/by-nc-sa/4.0/,Jim Holmes,2016-07-03,song,43706C68C019F0F31506324F2EA608631E8E0BD6F4B03C174E12C1C20409BBA2
train,Song Sparrow,song_sparrow,Melospiza,melodia,325378,325378-10.wav,wavfiles/325378-10.wav,//www.xeno-canto.org/325378,//creativecommons.org/licenses/by-nc-sa/4.0/,Jim Holmes,2016-07-03,song,F1F1C05E89D4A631298C4F5FA20BF941E938260CDBF17AF440C4D9870A7CDB1C
train,Song Sparrow,song_sparrow,Melospiza,melodia,325378,325378-11.wav,wavfiles/325378-11.wav,//www.xeno-canto.org/325378,//creativecommons.org/licenses/by-nc-sa/4.0/,Jim Holmes,2016-07-03,song,9E8A8D7313EFD38482FCC7CE545DF5CCE54085E4A07B48919F4B0E8AE6AE0DB3
train,Song Sparrow,song_sparrow,Melospiza,melodia,325378,325378-2.wav,wavfiles/325378-2.wav,//www.xeno-canto.org/325378,//creativecommons.org/licenses/by-nc-sa/4.0/,Jim Holmes,2016-07-03,song,E298C79661FFE0AA779E7DFB65B5EDCCE99A340E686000EAD8F8344AFF3DFF4D
train,Song Sparrow,song_sparrow,Melospiza,melodia,325378,325378-3.wav,wavfiles/325378-3.wav,//www.xeno-canto.org/325378,//creativecommons.org/licenses/by-nc-sa/4.0/,Jim Holmes,2016-07-03,song,61725DBBF3B88640CE646B9833904C161C73E63A808A6EE6A4AD80329F1A5234
train,Song Sparrow,song_sparrow,Melospiza,melodia,325378,325378-4.wav,wavfiles/325378-4.wav,//www.xeno-canto.org/325378,//creativecommons.org/licenses/by-nc-sa/4.0/,Jim Holmes,2016-07-03,song,A72E2B685C235B2A26C310C8E6DB38359B8134709E8F365B035DE003C75CE588
train,Song Sparrow,song_sparrow,Melospiza,melodia,325378,325378-5.wav,wavfiles/325378-5.wav,//www.xeno-canto.org/325378,//creativecommons.org/licenses/by-nc-sa/4.0/,Jim Holmes,2016-07-03,song,8A4B4E48D2380BBD459003183261CB8B8F03C063611BC4FA618330967B11CB86
train,Song Sparrow,song_sparrow,Melospiza,melodia,325378,325378-6.wav,wavfiles/325378-6.wav,//www.xeno-canto.org/325378,//creativecommons.org/licenses/by-nc-sa/4.0/,Jim Holmes,2016-07-03,song,E1A3C0BE7D5BA10B938E3CB533BB004964257CB19D2EA5082123C523C4694A18
train,Song Sparrow,song_sparrow,Melospiza,melodia,325378,325378-7.wav,wavfiles/325378-7.wav,//www.xeno-canto.org/325378,//creativecommons.org/licenses/by-nc-sa/4.0/,Jim Holmes,2016-07-03,song,F300D1735458EE8C59AB9363F83854AC79941C60E7721E1AEDB14189C4068DEC
train,Song Sparrow,song_sparrow,Melospiza,melodia,325378,325378-8.wav,wavfiles/325378-8.wav,//www.xeno-canto.org/325378,//creativecommons.org/licenses/by-nc-sa/4.0/,Jim Holmes,2016-07-03,song,02C91496CD6CBBCDD949E4CAA9BED3EE2FAC8C02E8C18156BA01F70FD5221755
train,Song Sparrow,song_sparrow,Melospiza,melodia,325378,325378-9.wav,wavfiles/325378-9.wav,//www.xeno-canto.org/325378,//creativecommons.org/licenses/by-nc-sa/4.0/,Jim Holmes,2016-07-03,song,A23C0AEA35722F1F5791AD875FF0C9D5C0818DDC1AFA5FAB11C66108E97BD03C
train,Song Sparrow,song_sparrow,Melospiza,melodia,327795,327795-0.wav,wavfiles/327795-0.wav,//www.xeno-canto.org/327795,//creativecommons.org/licenses/by-nc-sa/4.0/,Antonio Xeira,2016-07-10,song,1DCEE9930D6D9B32E787B804FC10615A6ACE5ACB906B58A0D1CCFCA4D13167C8
train,Song Sparrow,song_sparrow,Melospiza,melodia,327795,327795-1.wav,wavfiles/327795-1.wav,//www.xeno-canto.org/327795,//creativecommons.org/licenses/by-nc-sa/4.0/,Antonio Xeira,2016-07-10,song,61C2FF08C149673A67794148997948885046D0DEC5DF4437A9EDEB34C8B9BDE4
train,Song Sparrow,song_sparrow,Melospiza,melodia,327795,327795-10.wav,wavfiles/327795-10.wav,//www.xeno-canto.org/327795,//creativecommons.org/licenses/by-nc-sa/4.0/,Antonio Xeira,2016-07-10,song,75DE5A50AF83131C6FCABE4A8DEF1A3204FAFD62A45E7D92520730A5079D6404
train,Song Sparrow,song_sparrow,Melospiza,melodia,327795,327795-11.wav,wavfiles/327795-11.wav,//www.xeno-canto.org/327795,//creativecommons.org/licenses/by-nc-sa/4.0/,Antonio Xeira,2016-07-10,song,2854B3FA6CC671AC896D2EE0F456C8B812C0FCBE2EA0A8354BCBFCEB7A9090DD
train,Song Sparrow,song_sparrow,Melospiza,melodia,327795,327795-4.wav,wavfiles/327795-4.wav,//www.xeno-canto.org/327795,//creativecommons.org/licenses/by-nc-sa/4.0/,Antonio Xeira,2016-07-10,song,6BE26D7D6FADC1082764D766959BB9E32B1BB4A71D0B38371F5DFBFCB31310B9
train,Song Sparrow,song_sparrow,Melospiza,melodia,327795,327795-5.wav,wavfiles/327795-5.wav,//www.xeno-canto.org/327795,//creativecommons.org/licenses/by-nc-sa/4.0/,Antonio Xeira,2016-07-10,song,9A9101C7C72F4B7CC881621EFB91A93C194CD77E50BDA6B2910201FED0DAA30F
train,Song Sparrow,song_sparrow,Melospiza,melodia,327795,327795-6.wav,wavfiles/327795-6.wav,//www.xeno-canto.org/327795,//creativecommons.org/licenses/by-nc-sa/4.0/,Antonio Xeira,2016-07-10,song,0DB8F16BC5D2F0FFD8F71625DE8856A76BAA42E9237963D7A799B7CD496FF25A
train,Song Sparrow,song_sparrow,Melospiza,melodia,327795,327795-7.wav,wavfiles/327795-7.wav,//www.xeno-canto.org/327795,//creativecommons.org/licenses/by-nc-sa/4.0/,Antonio Xeira,2016-07-10,song,F7F0AA6EA80ABD800E2CEA3046BCDB0709770DF40E39600C15CBD9A9FB9B5399
train,Song Sparrow,song_sparrow,Melospiza,melodia,327795,327795-8.wav,wavfiles/327795-8.wav,//www.xeno-canto.org/327795,//creativecommons.org/licenses/by-nc-sa/4.0/,Antonio Xeira,2016-07-10,song,FC84955ADCF9CBCBB1CD7BC70BC0DB5DA74B6399E4E18A167124637C69485065
train,Song Sparrow,song_sparrow,Melospiza,melodia,327795,327795-9.wav,wavfiles/327795-9.wav,//www.xeno-canto.org/327795,//creativecommons.org/licenses/by-nc-sa/4.0/,Antonio Xeira,2016-07-10,song,ED871099D8731B9BCD256E292542E29D25B16C2ABF9E89A8CD6E2AD878D448B4
train,Song Sparrow,song_sparrow,Melospiza,melodia,358837,358837-0.wav,wavfiles/358837-0.wav,//www.xeno-canto.org/358837,//creativecommons.org/licenses/by-nc-sa/4.0/,Jim Holmes,2017-03-11,song,11F2744B3507EDF903DEE57FE1AA3BAC2BD364C1CF0F7D257D012E3AD882EA14
train,Song Sparrow,song_sparrow,Melospiza,melodia,358837,358837-1.wav,wavfiles/358837-1.wav,//www.xeno-canto.org/358837,//creativecommons.org/licenses/by-nc-sa/4.0/,Jim Holmes,2017-03-11,song,07312A70A854EF785B8A6ED8C03ECFE62748640DB20F35A26AE4D4F3F91D19C3
train,Song Sparrow,song_sparrow,Melospiza,melodia,358837,358837-10.wav,wavfiles/358837-10.wav,//www.xeno-canto.org/358837,//creativecommons.org/licenses/by-nc-sa/4.0/,Jim Holmes,2017-03-11,song,A6AD2577029069486D3E0E13614887997CEB708C716AC9F4A55E496777C0D716
train,Song Sparrow,song_sparrow,Melospiza,melodia,358837,358837-2.wav,wavfiles/358837-2.wav,//www.xeno-canto.org/358837,//creativecommons.org/licenses/by-nc-sa/4.0/,Jim Holmes,2017-03-11,song,8E2B6C1F9E04558555F0A73C7187571AD8E5398048E9ECD20E338BFB6A5EE893
train,Song Sparrow,song_sparrow,Melospiza,melodia,358837,358837-3.wav,wavfiles/358837-3.wav,//www.xeno-canto.org/358837,//creativecommons.org/licenses/by-nc-sa/4.0/,Jim Holmes,2017-03-11,song,A29137254F1F6C8210C5ADC465239EDF4B4C205A406C3A23F0E59D16C04167B6
train,Song Sparrow,song_sparrow,Melospiza,melodia,358837,358837-4.wav,wavfiles/358837-4.wav,//www.xeno-canto.org/358837,//creativecommons.org/licenses/by-nc-sa/4.0/,Jim Holmes,2017-03-11,song,1FCF370869ACD053EBF1776B2601382F69F92B2AFFF88ED0D450A65594D825A6
train,Song Sparrow,song_sparrow,Melospiza,melodia,358837,358837-5.wav,wavfiles/358837-5.wav,//www.xeno-canto.org/358837,//creativecommons.org/licenses/by-nc-sa/4.0/,Jim Holmes,2017-03-11,song,376E27B50C46A22CEE4CB52562EDA196693A94691474F83AA7B2DDA129380124
train,Song Sparrow,song_sparrow,Melospiza,melodia,358837,358837-6.wav,wavfiles/358837-6.wav,//www.xeno-canto.org/358837,//creativecommons.org/licenses/by-nc-sa/4.0/,Jim Holmes,2017-03-11,song,C00500BD10DD272879932833FEBEFC3C8045029A6F47F705B61A4560100C99EC
train,Song Sparrow,song_sparrow,Melospiza,melodia,358837,358837-7.wav,wavfiles/358837-7.wav,//www.xeno-canto.org/358837,//creativecommons.org/licenses/by-nc-sa/4.0/,Jim Holmes,2017-03-11,song,6832F2432BEDD20612C20ABC35B905F83CD7D0506099EF6683AEC67F2C3CBE66
train,Song Sparrow,song_sparrow,Melospiza,melodia,358837,358837-8.wav,wavfiles/358837-8.wav,//www.xeno-canto.org/358837,//creativecommons.org/licenses/by-nc-sa/4.0/,Jim Holmes,2017-03-11,song,5AF4786E655EDDB19E84245A10118328060ECE314D9D62DEA3751F9FD19FFB5D
train,Song Sparrow,song_sparrow,Melospiza,melodia,358837,358837-9.wav,wavfiles/358837-9.wav,//www.xeno-canto.org/358837,//creativecommons.org/licenses/by-nc-sa/4.0/,Jim Holmes,2017-03-11,song,0A0E372F78C22B8EDEF02ECC464F0F50288AEB94B8621125D10CF2048B11615F
train,Song Sparrow,song_sparrow,Melospiza,melodia,362469,362469-0.wav,wavfiles/362469-0.wav,//www.xeno-canto.org/362469,//creativecommons.org/licenses/by-nc-sa/4.0/,Matt Wistrand,2017-04-01,song,F7527EBF6AAC2FA70826D9CA7095C3E1A078FA4A19F43EF283CABF7072FBD37D
train,Song Sparrow,song_sparrow,Melospiza,melodia,362469,362469-1.wav,wavfiles/362469-1.wav,//www.xeno-canto.org/362469,//creativecommons.org/licenses/by-nc-sa/4.0/,Matt Wistrand,2017-04-01,song,04A615EBDEFF004C46F500DED80CC0E164BF7BF4C3EDB895D82DC584F772673F
train,Song Sparrow,song_sparrow,Melospiza,melodia,362469,362469-2.wav,wavfiles/362469-2.wav,//www.xeno-canto.org/362469,//creativecommons.org/licenses/by-nc-sa/4.0/,Matt Wistrand,2017-04-01,song,EF13B584728E117566C88D6B52E1DA0FAE20BD1E46A0829EFCA7C213BE006104
train,Song Sparrow,song_sparrow,Melospiza,melodia,362469,362469-4.wav,wavfiles/362469-4.wav,//www.xeno-canto.org/362469,//creativecommons.org/licenses/by-nc-sa/4.0/,Matt Wistrand,2017-04-01,song,22E90FF095EA43A283E92C967742E4C2C6AD880CBC550B923D2F559492410ADE
train,Song Sparrow,song_sparrow,Melospiza,melodia,362469,362469-5.wav,wavfiles/362469-5.wav,//www.xeno-canto.org/362469,//creativecommons.org/licenses/by-nc-sa/4.0/,Matt Wistrand,2017-04-01,song,482CEAE45AD11F4403E29F7901DED1291504B0308A8FBC70FECC29AA2A3072D4
train,Song Sparrow,song_sparrow,Melospiza,melodia,362469,362469-6.wav,wavfiles/362469-6.wav,//www.xeno-canto.org/362469,//creativecommons.org/licenses/by-nc-sa/4.0/,Matt Wistrand,2017-04-01,song,28F5105A13E79802C37849DE653B3CCDC361E4D3BB93992E9966B6F62391C40F
train,Song Sparrow,song_sparrow,Melospiza,melodia,363141,363141-0.wav,wavfiles/363141-0.wav,//www.xeno-canto.org/363141,//creativecommons.org/licenses/by-nc-nd/4.0/,Frank Lambert,2015-04-25,song,9BEF39A9FD5ED54F2B10A9A6E94DE6EB25803DDBB77FAD47B82985570AC15809
train,Song Sparrow,song_sparrow,Melospiza,melodia,363141,363141-1.wav,wavfiles/363141-1.wav,//www.xeno-canto.org/363141,//creativecommons.org/licenses/by-nc-nd/4.0/,Frank Lambert,2015-04-25,song,6E13E09DCE62F0FD1F4A02440ED47A2F7FDABF55802C353FF7F333DC71DBEE4A
train,Song Sparrow,song_sparrow,Melospiza,melodia,363141,363141-10.wav,wavfiles/363141-10.wav,//www.xeno-canto.org/363141,//creativecommons.org/licenses/by-nc-nd/4.0/,Frank Lambert,2015-04-25,song,6EBE74C1D66897C6104CD881CD2FDB3F3F16E43F8F9015FC5B58F838D8F2C512
train,Song Sparrow,song_sparrow,Melospiza,melodia,363141,363141-2.wav,wavfiles/363141-2.wav,//www.xeno-canto.org/363141,//creativecommons.org/licenses/by-nc-nd/4.0/,Frank Lambert,2015-04-25,song,1452FB66C2C5BDCE4EA3B04BE935A5EC2BAB05E00960E2682B5E4AEC4F5184E9
train,Song Sparrow,song_sparrow,Melospiza,melodia,363141,363141-4.wav,wavfiles/363141-4.wav,//www.xeno-canto.org/363141,//creativecommons.org/licenses/by-nc-nd/4.0/,Frank Lambert,2015-04-25,song,A531454E98306553503E1C74A7AB1694D48B36DB42F5BF1457D619730710019C
train,Song Sparrow,song_sparrow,Melospiza,melodia,363141,363141-5.wav,wavfiles/363141-5.wav,//www.xeno-canto.org/363141,//creativecommons.org/licenses/by-nc-nd/4.0/,Frank Lambert,2015-04-25,song,290185F86F0F9C0AC20C754EF416DB0D178A07D8AC2FABFDC466128365DEB8A1
train,Song Sparrow,song_sparrow,Melospiza,melodia,363141,363141-6.wav,wavfiles/363141-6.wav,//www.xeno-canto.org/363141,//creativecommons.org/licenses/by-nc-nd/4.0/,Frank Lambert,2015-04-25,song,A21C85DCE74B9C4F9253EAEF5DA267029AC085EA495371A1012DB33E15F938A1
train,Song Sparrow,song_sparrow,Melospiza,melodia,363141,363141-8.wav,wavfiles/363141-8.wav,//www.xeno-canto.org/363141,//creativecommons.org/licenses/by-nc-nd/4.0/,Frank Lambert,2015-04-25,song,1D79B475CCD4CAB5A1627F7DBCB047E6840816F09E860558A682C43476D42DC6
train,Song Sparrow,song_sparrow,Melospiza,melodia,363141,363141-9.wav,wavfiles/363141-9.wav,//www.xeno-canto.org/363141,//creativecommons.org/licenses/by-nc-nd/4.0/,Frank Lambert,2015-04-25,song,A5D9C89FA685A92FB6D183434635FCFD35FD183711FA0F4F7EFD6480B5D69302
train,Song Sparrow,song_sparrow,Melospiza,melodia,363142,363142-0.wav,wavfiles/363142-0.wav,//www.xeno-canto.org/363142,//creativecommons.org/licenses/by-nc-nd/4.0/,Frank Lambert,2015-04-25,song,71B7222018F61142106133827D8C52D5671F3171A061C3DEE1F4A3C526B67D98
train,Song Sparrow,song_sparrow,Melospiza,melodia,363142,363142-1.wav,wavfiles/363142-1.wav,//www.xeno-canto.org/363142,//creativecommons.org/licenses/by-nc-nd/4.0/,Frank Lambert,2015-04-25,song,E4CCFB679EA93A2CEA981E3CB1BACF0B66C39BD39D739E2249DED0146582F5D6
train,Song Sparrow,song_sparrow,Melospiza,melodia,363142,363142-10.wav,wavfiles/363142-10.wav,//www.xeno-canto.org/363142,//creativecommons.org/licenses/by-nc-nd/4.0/,Frank Lambert,2015-04-25,song,40374341678B5AFE922CEED3FAC467281A607D3C021766B793F933B7779410AA
train,Song Sparrow,song_sparrow,Melospiza,melodia,363142,363142-2.wav,wavfiles/363142-2.wav,//www.xeno-canto.org/363142,//creativecommons.org/licenses/by-nc-nd/4.0/,Frank Lambert,2015-04-25,song,54C98E184229D2EB33CF7C03019C1F2566FB10CB017E0F426E6FFC8D49B1C17F
train,Song Sparrow,song_sparrow,Melospiza,melodia,363142,363142-4.wav,wavfiles/363142-4.wav,//www.xeno-canto.org/363142,//creativecommons.org/licenses/by-nc-nd/4.0/,Frank Lambert,2015-04-25,song,21113BCFBACB613AA8412A3A5D0ED9714B276FB58ADD8F23F8C05579102051A0
train,Song Sparrow,song_sparrow,Melospiza,melodia,363142,363142-5.wav,wavfiles/363142-5.wav,//www.xeno-canto.org/363142,//creativecommons.org/licenses/by-nc-nd/4.0/,Frank Lambert,2015-04-25,song,D2817A3EB2FC860C6DD2630FDD1B92FFD0B4932018C75CB424CCEF9AE9DAE390
train,Song Sparrow,song_sparrow,Melospiza,melodia,363142,363142-6.wav,wavfiles/363142-6.wav,//www.xeno-canto.org/363142,//creativecommons.org/licenses/by-nc-nd/4.0/,Frank Lambert,2015-04-25,song,2BCB997FAE293BB0687597D59124A86B6BF44B3A6739F85ADCFF472670D59BC8
train,Song Sparrow,song_sparrow,Melospiza,melodia,363142,363142-8.wav,wavfiles/363142-8.wav,//www.xeno-canto.org/363142,//creativecommons.org/licenses/by-nc-nd/4.0/,Frank Lambert,2015-04-25,song,4B684CD3E3C4BCEACC254DBECFD46CA4D89D84137ACBD6E47BACA0669726B0F5
train,Song Sparrow,song_sparrow,Melospiza,melodia,363142,363142-9.wav,wavfiles/363142-9.wav,//www.xeno-canto.org/363142,//creativecommons.org/licenses/by-nc-nd/4.0/,Frank Lambert,2015-04-25,song,787CA79C00EE4630770F82B46ADBA7324A2FDAA9A39D482219EBFB4FECE5D324
train,Song Sparrow,song_sparrow,Melospiza,melodia,366597,366597-0.wav,wavfiles/366597-0.wav,//www.xeno-canto.org/366597,//creativecommons.org/licenses/by-nc-sa/4.0/,Antonio Xeira,2015-03-14,song,4EC68A09BDF07DEBEAF6B97897360414A309586698B9BE21C6C417DF9EE0A11E
train,Song Sparrow,song_sparrow,Melospiza,melodia,366597,366597-1.wav,wavfiles/366597-1.wav,//www.xeno-canto.org/366597,//creativecommons.org/licenses/by-nc-sa/4.0/,Antonio Xeira,2015-03-14,song,7ABE96BCD68B9E064731C9D53D9B738FE5A010E118D224A67A11773B508F28F9
train,Song Sparrow,song_sparrow,Melospiza,melodia,366597,366597-2.wav,wavfiles/366597-2.wav,//www.xeno-canto.org/366597,//creativecommons.org/licenses/by-nc-sa/4.0/,Antonio Xeira,2015-03-14,song,7B5AD0C1617CCC4BC979D2760DC38368BEEA4F53303F275A219BAAF13ACEA4DF
train,Song Sparrow,song_sparrow,Melospiza,melodia,366597,366597-3.wav,wavfiles/366597-3.wav,//www.xeno-canto.org/366597,//creativecommons.org/licenses/by-nc-sa/4.0/,Antonio Xeira,2015-03-14,song,D1115BA15AC9D43B6B6E02AB1DE0BC760304E19258F98A524EA1F72FBDA3D86E
train,Song Sparrow,song_sparrow,Melospiza,melodia,366597,366597-4.wav,wavfiles/366597-4.wav,//www.xeno-canto.org/366597,//creativecommons.org/licenses/by-nc-sa/4.0/,Antonio Xeira,2015-03-14,song,65A108E21BEF0EBA6FE5CF3BEE80ACFEAD69AB4B3FED39282CED9562CAC7D771
train,Song Sparrow,song_sparrow,Melospiza,melodia,366597,366597-5.wav,wavfiles/366597-5.wav,//www.xeno-canto.org/366597,//creativecommons.org/licenses/by-nc-sa/4.0/,Antonio Xeira,2015-03-14,song,32B3966E46421ED7CF989185B8CD841B822564ABB385A2EA1356EDEA52F2D1D6
train,Song Sparrow,song_sparrow,Melospiza,melodia,366597,366597-7.wav,wavfiles/366597-7.wav,//www.xeno-canto.org/366597,//creativecommons.org/licenses/by-nc-sa/4.0/,Antonio Xeira,2015-03-14,song,1A50D2707C768786B2032EACF1610CCFE4990394043C21048A4CC05C8EC914AB
train,Song Sparrow,song_sparrow,Melospiza,melodia,368065,368065-0.wav,wavfiles/368065-0.wav,//www.xeno-canto.org/368065,//creativecommons.org/licenses/by-nc-sa/4.0/,Kenny Frisch,2017-05-06,song,5B4AD48395586B41EF14AD37071BA92DDA1C274694E56F3E3CA508A03B2E8529
train,Song Sparrow,song_sparrow,Melospiza,melodia,368065,368065-1.wav,wavfiles/368065-1.wav,//www.xeno-canto.org/368065,//creativecommons.org/licenses/by-nc-sa/4.0/,Kenny Frisch,2017-05-06,song,F93C0FD3B620EB3872AC76CD7EFD5DAC562E29D12D524CAC805676E41F8E65FB
train,Song Sparrow,song_sparrow,Melospiza,melodia,368065,368065-2.wav,wavfiles/368065-2.wav,//www.xeno-canto.org/368065,//creativecommons.org/licenses/by-nc-sa/4.0/,Kenny Frisch,2017-05-06,song,6CECA06B6EA4ECDA71DBC847491DAA1F2723333D1617DA209A16EB347542394F
train,Song Sparrow,song_sparrow,Melospiza,melodia,368065,368065-4.wav,wavfiles/368065-4.wav,//www.xeno-canto.org/368065,//creativecommons.org/licenses/by-nc-sa/4.0/,Kenny Frisch,2017-05-06,song,EE96364B2F76059826F35D84C8E2743492338C7015CC6E365E103ED6E316C0C6
train,Song Sparrow,song_sparrow,Melospiza,melodia,368065,368065-5.wav,wavfiles/368065-5.wav,//www.xeno-canto.org/368065,//creativecommons.org/licenses/by-nc-sa/4.0/,Kenny Frisch,2017-05-06,song,E29B644C6E0FF603284D81FCD2A8D34B0A38E5555E24718BFF39FC3005D6C0F8
train,Song Sparrow,song_sparrow,Melospiza,melodia,375662,375662-0.wav,wavfiles/375662-0.wav,//www.xeno-canto.org/375662,//creativecommons.org/licenses/by-nc-sa/4.0/,John E Abrams,2017-06-15,song,7D89D7BB5BFE52FBE045B5522BEE480E9446C7A961990AFED9C7CADED36F652B
train,Song Sparrow,song_sparrow,Melospiza,melodia,375662,375662-1.wav,wavfiles/375662-1.wav,//www.xeno-canto.org/375662,//creativecommons.org/licenses/by-nc-sa/4.0/,John E Abrams,2017-06-15,song,A55A3893E883DE635C5778BE67A57F085215CB85DD560CFEBE4E4B2E9A230461
train,Song Sparrow,song_sparrow,Melospiza,melodia,375662,375662-2.wav,wavfiles/375662-2.wav,//www.xeno-canto.org/375662,//creativecommons.org/licenses/by-nc-sa/4.0/,John E Abrams,2017-06-15,song,3B28DC8EF5AE125D88E8462C3A35319F27251F0E1CC0830A965A0026C8D78663
train,Song Sparrow,song_sparrow,Melospiza,melodia,375662,375662-4.wav,wavfiles/375662-4.wav,//www.xeno-canto.org/375662,//creativecommons.org/licenses/by-nc-sa/4.0/,John E Abrams,2017-06-15,song,A58CF31AE29BA9E528BE752D49439B5D8B8E0B4F36DB8D44AC67C4B1B44E0931
train,Song Sparrow,song_sparrow,Melospiza,melodia,375662,375662-5.wav,wavfiles/375662-5.wav,//www.xeno-canto.org/375662,//creativecommons.org/licenses/by-nc-sa/4.0/,John E Abrams,2017-06-15,song,8F98284E219999F975BFBE06386CF695FD6F5F16F0C4DF3CBE46439CAF2192C7
train,Song Sparrow,song_sparrow,Melospiza,melodia,375662,375662-6.wav,wavfiles/375662-6.wav,//www.xeno-canto.org/375662,//creativecommons.org/licenses/by-nc-sa/4.0/,John E Abrams,2017-06-15,song,A6EEDF713B9D0F13A4D01E0DB16F475B77BA440E3EAA93FAE9097507974BD118
train,Song Sparrow,song_sparrow,Melospiza,melodia,376028,376028-0.wav,wavfiles/376028-0.wav,//www.xeno-canto.org/376028,//creativecommons.org/licenses/by-nc-sa/4.0/,Antonio Xeira,2016-08-19,song,9E98B9D8CE222C5C7703F276DF71DCE6B1B256F757BDEA46AF293F49334BFB49
train,Song Sparrow,song_sparrow,Melospiza,melodia,376028,376028-1.wav,wavfiles/376028-1.wav,//www.xeno-canto.org/376028,//creativecommons.org/licenses/by-nc-sa/4.0/,Antonio Xeira,2016-08-19,song,A404335DC6DC171FB069BEA45E37BDAC3E6A16019E5F4A242CD7F44D3B4742B8
train,Song Sparrow,song_sparrow,Melospiza,melodia,376028,376028-2.wav,wavfiles/376028-2.wav,//www.xeno-canto.org/376028,//creativecommons.org/licenses/by-nc-sa/4.0/,Antonio Xeira,2016-08-19,song,5D3B5C0C9384BB74F9903B5D51E2886D7AD591F8A1DD58E9EDA16481939BD00B
train,Song Sparrow,song_sparrow,Melospiza,melodia,376028,376028-4.wav,wavfiles/376028-4.wav,//www.xeno-canto.org/376028,//creativecommons.org/licenses/by-nc-sa/4.0/,Antonio Xeira,2016-08-19,song,FB4FE141F1304F3CFDA8090F046FEAB08E8FE5052E00780FEEA55FB410F95FC3
train,Song Sparrow,song_sparrow,Melospiza,melodia,376028,376028-5.wav,wavfiles/376028-5.wav,//www.xeno-canto.org/376028,//creativecommons.org/licenses/by-nc-sa/4.0/,Antonio Xeira,2016-08-19,song,3D117971EC85FAADE548EE051D4263B69FEA023068AB744019BD575E85FA8572
train,Song Sparrow,song_sparrow,Melospiza,melodia,376028,376028-6.wav,wavfiles/376028-6.wav,//www.xeno-canto.org/376028,//creativecommons.org/licenses/by-nc-sa/4.0/,Antonio Xeira,2016-08-19,song,70EAE13B8220595E54B32D429C192AD25E01EC2BC5D04B588D0CC6063510008C
train,Song Sparrow,song_sparrow,Melospiza,melodia,376028,376028-8.wav,wavfiles/376028-8.wav,//www.xeno-canto.org/376028,//creativecommons.org/licenses/by-nc-sa/4.0/,Antonio Xeira,2016-08-19,song,6D823850CCCA7F59A1BB6EFD80AD73C2C4711CD1B73A2C8095A3F76A1EF0F72E
train,Song Sparrow,song_sparrow,Melospiza,melodia,376028,376028-9.wav,wavfiles/376028-9.wav,//www.xeno-canto.org/376028,//creativecommons.org/licenses/by-nc-sa/4.0/,Antonio Xeira,2016-08-19,song,9E88FD0EFE040B775ABA612482F632ED067496628611174201811D4E774D5288
train,Song Sparrow,song_sparrow,Melospiza,melodia,381568,381568-0.wav,wavfiles/381568-0.wav,//www.xeno-canto.org/381568,//creativecommons.org/licenses/by-nc-sa/4.0/,Jeremy Minns,2000-06-14,song,B2253B9CF97EE9D441AD936F5A93DDD8C5A1F608338150E1BB375F077135106E
train,Song Sparrow,song_sparrow,Melospiza,melodia,381568,381568-1.wav,wavfiles/381568-1.wav,//www.xeno-canto.org/381568,//creativecommons.org/licenses/by-nc-sa/4.0/,Jeremy Minns,2000-06-14,song,E267E3A822BCA6908D390F01E80D7041F807E6136EF33643E6CC5A894FBF5BF4
train,Song Sparrow,song_sparrow,Melospiza,melodia,381568,381568-2.wav,wavfiles/381568-2.wav,//www.xeno-canto.org/381568,//creativecommons.org/licenses/by-nc-sa/4.0/,Jeremy Minns,2000-06-14,song,E553B6B5C720E659922A44F1E588E94FF4C9B4AA54AEA5AF96B67BC00559A349
train,Song Sparrow,song_sparrow,Melospiza,melodia,381568,381568-3.wav,wavfiles/381568-3.wav,//www.xeno-canto.org/381568,//creativecommons.org/licenses/by-nc-sa/4.0/,Jeremy Minns,2000-06-14,song,41B631479CF0FA539B53BF011819360293F4DFD7884B320B3D79435E9512648E
train,Song Sparrow,song_sparrow,Melospiza,melodia,381568,381568-4.wav,wavfiles/381568-4.wav,//www.xeno-canto.org/381568,//creativecommons.org/licenses/by-nc-sa/4.0/,Jeremy Minns,2000-06-14,song,82CD0BE296983129270A69A71BEE58135D6DFE27E2A61F61B4E4CF513FD04B4E
train,Song Sparrow,song_sparrow,Melospiza,melodia,381568,381568-5.wav,wavfiles/381568-5.wav,//www.xeno-canto.org/381568,//creativecommons.org/licenses/by-nc-sa/4.0/,Jeremy Minns,2000-06-14,song,9335075182C6DAD381239AA067D5652B3921510B1B1E4DB2EDAE7B84A50ECEE5
train,Song Sparrow,song_sparrow,Melospiza,melodia,381570,381570-0.wav,wavfiles/381570-0.wav,//www.xeno-canto.org/381570,//creativecommons.org/licenses/by-nc-sa/4.0/,Jeremy Minns,2000-06-14,song,32983BFDA604C8A8B6C71CD34FA984F30E865BDEF990653E15D041F544462D8E
train,Song Sparrow,song_sparrow,Melospiza,melodia,381570,381570-1.wav,wavfiles/381570-1.wav,//www.xeno-canto.org/381570,//creativecommons.org/licenses/by-nc-sa/4.0/,Jeremy Minns,2000-06-14,song,3D75E8C142007D4F8E81D86305889BF0D32BF5334CB5532F786C72C193817F92
train,Song Sparrow,song_sparrow,Melospiza,melodia,381570,381570-2.wav,wavfiles/381570-2.wav,//www.xeno-canto.org/381570,//creativecommons.org/licenses/by-nc-sa/4.0/,Jeremy Minns,2000-06-14,song,37B748204BA541362DCAAE3E91E62B6ED4D6361E6B412D53E90399788CD34C10
train,Song Sparrow,song_sparrow,Melospiza,melodia,381570,381570-4.wav,wavfiles/381570-4.wav,//www.xeno-canto.org/381570,//creativecommons.org/licenses/by-nc-sa/4.0/,Jeremy Minns,2000-06-14,song,17C591CC846AAEF7565DD8CF1C29A3F2B3BAD6399334404674C9AAACCA115CCE
train,Song Sparrow,song_sparrow,Melospiza,melodia,381570,381570-5.wav,wavfiles/381570-5.wav,//www.xeno-canto.org/381570,//creativecommons.org/licenses/by-nc-sa/4.0/,Jeremy Minns,2000-06-14,song,F94133D625650AF4A9AB178F31C385B10915E947436626089B6C4927EDEFD248
train,Song Sparrow,song_sparrow,Melospiza,melodia,381570,381570-8.wav,wavfiles/381570-8.wav,//www.xeno-canto.org/381570,//creativecommons.org/licenses/by-nc-sa/4.0/,Jeremy Minns,2000-06-14,song,BFFCC056B74A434230ACF218107557876D8A42BE27FACD83244B2DAB14C95F5B
train,Song Sparrow,song_sparrow,Melospiza,melodia,384033,384033-0.wav,wavfiles/384033-0.wav,//www.xeno-canto.org/384033,//creativecommons.org/licenses/by-nc-sa/4.0/,Antonio Xeira,2015-06-12,song,090E1E80A8E54FFA97D48A4D7F8AB95BAF40596389C56CDF5CF99E251207FF7C
train,Song Sparrow,song_sparrow,Melospiza,melodia,384033,384033-1.wav,wavfiles/384033-1.wav,//www.xeno-canto.org/384033,//creativecommons.org/licenses/by-nc-sa/4.0/,Antonio Xeira,2015-06-12,song,ABBA41758AEE065CACC561233B56215996402A43E655D948FB7AB4D9EBA32316
train,Song Sparrow,song_sparrow,Melospiza,melodia,384033,384033-2.wav,wavfiles/384033-2.wav,//www.xeno-canto.org/384033,//creativecommons.org/licenses/by-nc-sa/4.0/,Antonio Xeira,2015-06-12,song,F4D3E6F0EEAB391AF837B31331483588D1CC64784704DBB2E035158843D9929B
train,Song Sparrow,song_sparrow,Melospiza,melodia,384033,384033-4.wav,wavfiles/384033-4.wav,//www.xeno-canto.org/384033,//creativecommons.org/licenses/by-nc-sa/4.0/,Antonio Xeira,2015-06-12,song,49ECBEB7A38342C488FB5E8A42FC991D094CAC9FB052339834FB3ECB5D245222
train,Song Sparrow,song_sparrow,Melospiza,melodia,384033,384033-5.wav,wavfiles/384033-5.wav,//www.xeno-canto.org/384033,//creativecommons.org/licenses/by-nc-sa/4.0/,Antonio Xeira,2015-06-12,song,B9B5C2876A919BD13102325AF394D3FA8210AA3FB50597D79385753ADA19602C
train,Song Sparrow,song_sparrow,Melospiza,melodia,384033,384033-7.wav,wavfiles/384033-7.wav,//www.xeno-canto.org/384033,//creativecommons.org/licenses/by-nc-sa/4.0/,Antonio Xeira,2015-06-12,song,E67B956463FCC87455CE59545092A6E5F0C0A32B962D8AA9C3AA65509C56E81B
train,Song Sparrow,song_sparrow,Melospiza,melodia,384033,384033-8.wav,wavfiles/384033-8.wav,//www.xeno-canto.org/384033,//creativecommons.org/licenses/by-nc-sa/4.0/,Antonio Xeira,2015-06-12,song,6E727FD4CB55ED68FC0CE3654C1C2BB97D31D6C12859EB6E65DC75E960715246
train,Song Sparrow,song_sparrow,Melospiza,melodia,386586,386586-0.wav,wavfiles/386586-0.wav,//www.xeno-canto.org/386586,//creativecommons.org/licenses/by-nc-sa/4.0/,Skip Russell,2017-06-17,song,B0134ECD9792B62631D7998128917519721DCFCD5DEDA99BDBEDAE9095C229AC
train,Song Sparrow,song_sparrow,Melospiza,melodia,386586,386586-1.wav,wavfiles/386586-1.wav,//www.xeno-canto.org/386586,//creativecommons.org/licenses/by-nc-sa/4.0/,Skip Russell,2017-06-17,song,80DD1495E4D6D7D050A72451E13656273A56C5974C972ED880E02E99D238E6EF
train,Song Sparrow,song_sparrow,Melospiza,melodia,386586,386586-2.wav,wavfiles/386586-2.wav,//www.xeno-canto.org/386586,//creativecommons.org/licenses/by-nc-sa/4.0/,Skip Russell,2017-06-17,song,C61CF8F73BD83F1B63CE49F4342DA31A01819E23F1649E2181EAD7C681704B0E
train,Song Sparrow,song_sparrow,Melospiza,melodia,386586,386586-4.wav,wavfiles/386586-4.wav,//www.xeno-canto.org/386586,//creativecommons.org/licenses/by-nc-sa/4.0/,Skip Russell,2017-06-17,song,9E6BBF154BC032DE107D53D8F9946EF606678DCD5BE4B54E61D0B93CBC2A416A
train,Song Sparrow,song_sparrow,Melospiza,melodia,386586,386586-5.wav,wavfiles/386586-5.wav,//www.xeno-canto.org/386586,//creativecommons.org/licenses/by-nc-sa/4.0/,Skip Russell,2017-06-17,song,D39F73664ADEEB620734E4D8446FC2AA2C9CD6C6C7D83AC4294669C3213DC5DB
train,Song Sparrow,song_sparrow,Melospiza,melodia,386586,386586-6.wav,wavfiles/386586-6.wav,//www.xeno-canto.org/386586,//creativecommons.org/licenses/by-nc-sa/4.0/,Skip Russell,2017-06-17,song,2F1BADE783F429E4FB5B3265A96D3595550A43659DC2EC7223258D25592F6B54
train,Song Sparrow,song_sparrow,Melospiza,melodia,388773,388773-0.wav,wavfiles/388773-0.wav,//www.xeno-canto.org/388773,//creativecommons.org/licenses/by-nc-sa/4.0/,Antonio Xeira,2016-04-13,song,793601A0E3F5B64AF64D787B625B1A9A30FBC8E8F1A4995331075FE898A6B622
train,Song Sparrow,song_sparrow,Melospiza,melodia,388773,388773-1.wav,wavfiles/388773-1.wav,//www.xeno-canto.org/388773,//creativecommons.org/licenses/by-nc-sa/4.0/,Antonio Xeira,2016-04-13,song,EFCC90A9610AAC5937568C8973F35FE43AB0B98009CC1ABEAADA7BFA7F799E08
train,Song Sparrow,song_sparrow,Melospiza,melodia,388773,388773-10.wav,wavfiles/388773-10.wav,//www.xeno-canto.org/388773,//creativecommons.org/licenses/by-nc-sa/4.0/,Antonio Xeira,2016-04-13,song,A7BD6278B72469524A78373A5089199C12F4D0F8F7C08446D7ABF849D2B80C14
train,Song Sparrow,song_sparrow,Melospiza,melodia,388773,388773-11.wav,wavfiles/388773-11.wav,//www.xeno-canto.org/388773,//creativecommons.org/licenses/by-nc-sa/4.0/,Antonio Xeira,2016-04-13,song,5C29385AAABF667709C8D46B53D4310E8DA3870A679524DD254C199448A836F2
train,Song Sparrow,song_sparrow,Melospiza,melodia,388773,388773-2.wav,wavfiles/388773-2.wav,//www.xeno-canto.org/388773,//creativecommons.org/licenses/by-nc-sa/4.0/,Antonio Xeira,2016-04-13,song,4243A8582D1B39AF1EFC4B53F117BFE7C79BEF8EAEB20B3F6C355E0E723394CD
train,Song Sparrow,song_sparrow,Melospiza,melodia,388773,388773-3.wav,wavfiles/388773-3.wav,//www.xeno-canto.org/388773,//creativecommons.org/licenses/by-nc-sa/4.0/,Antonio Xeira,2016-04-13,song,E2C94FE7CF70E4100016A2099B515D60BDC88FD49E7FCDC4C20D34805B6019CB
train,Song Sparrow,song_sparrow,Melospiza,melodia,388773,388773-4.wav,wavfiles/388773-4.wav,//www.xeno-canto.org/388773,//creativecommons.org/licenses/by-nc-sa/4.0/,Antonio Xeira,2016-04-13,song,DEB17ACCDEEDC2255306C7F4663DBD88493DE1CB4A18DB1BFBEF74985F0AB537
train,Song Sparrow,song_sparrow,Melospiza,melodia,388773,388773-5.wav,wavfiles/388773-5.wav,//www.xeno-canto.org/388773,//creativecommons.org/licenses/by-nc-sa/4.0/,Antonio Xeira,2016-04-13,song,0621F916B4A362482FD52114C0A840C580F435F4AC7C19122A4B750E2BA5A9DD
train,Song Sparrow,song_sparrow,Melospiza,melodia,388773,388773-6.wav,wavfiles/388773-6.wav,//www.xeno-canto.org/388773,//creativecommons.org/licenses/by-nc-sa/4.0/,Antonio Xeira,2016-04-13,song,C1D0AA9AFEB07D36A906C8DA5240B8B0F1603D1C404FE6E04A26905F9DFA0E02
train,Song Sparrow,song_sparrow,Melospiza,melodia,388773,388773-7.wav,wavfiles/388773-7.wav,//www.xeno-canto.org/388773,//creativecommons.org/licenses/by-nc-sa/4.0/,Antonio Xeira,2016-04-13,song,DB19037DED464864FEC86ECDB434A4E041BAE6D2F14CD07078DE55379D1D7319
train,Song Sparrow,song_sparrow,Melospiza,melodia,388773,388773-8.wav,wavfiles/388773-8.wav,//www.xeno-canto.org/388773,//creativecommons.org/licenses/by-nc-sa/4.0/,Antonio Xeira,2016-04-13,song,4C51BC93297CC0364B66EEECF66F49B1616C4A1B03A662CF93AA3033E35B7DDF
train,Song Sparrow,song_sparrow,Melospiza,melodia,388773,388773-9.wav,wavfiles/388773-9.wav,//www.xeno-canto.org/388773,//creativecommons.org/licenses/by-nc-sa/4.0/,Antonio Xeira,2016-04-13,song,F27E25B05A6B48B6B5FDBC62E058BA1C93321A579908929612C4AD7E0DBD7DDC
train,Song Sparrow,song_sparrow,Melospiza,melodia,393994,393994-0.wav,wavfiles/393994-0.wav,//www.xeno-canto.org/393994,//creativecommons.org/licenses/by-nc-sa/4.0/,Dominic Garcia-Hall,2017-04-21,song,57CAC7FBFB7ADA95A6D33785D933A45133FF3B9CF5C5E0720F0DEEA1A9EFDDE4
train,Song Sparrow,song_sparrow,Melospiza,melodia,393994,393994-1.wav,wavfiles/393994-1.wav,//www.xeno-canto.org/393994,//creativecommons.org/licenses/by-nc-sa/4.0/,Dominic Garcia-Hall,2017-04-21,song,81351F41D38AF7A2F327D7D6DBE492E53CB82EA69934F64E5D564CD1A890BFCE
train,Song Sparrow,song_sparrow,Melospiza,melodia,393994,393994-10.wav,wavfiles/393994-10.wav,//www.xeno-canto.org/393994,//creativecommons.org/licenses/by-nc-sa/4.0/,Dominic Garcia-Hall,2017-04-21,song,46EE8B63357FFDAA672BFA9E3D9953C1EC2FA2ED3583E50177663ECC33BC1C63
train,Song Sparrow,song_sparrow,Melospiza,melodia,393994,393994-11.wav,wavfiles/393994-11.wav,//www.xeno-canto.org/393994,//creativecommons.org/licenses/by-nc-sa/4.0/,Dominic Garcia-Hall,2017-04-21,song,F97771DAAE3FB1462BCE007FFB3BD6736A367A38FFCFD8D0EE6B3AE8AC523FAE
train,Song Sparrow,song_sparrow,Melospiza,melodia,393994,393994-12.wav,wavfiles/393994-12.wav,//www.xeno-canto.org/393994,//creativecommons.org/licenses/by-nc-sa/4.0/,Dominic Garcia-Hall,2017-04-21,song,655CEA6609A9BF62711EA42600681B077219CD407433B9F2161A0989B95E1A4F
train,Song Sparrow,song_sparrow,Melospiza,melodia,393994,393994-13.wav,wavfiles/393994-13.wav,//www.xeno-canto.org/393994,//creativecommons.org/licenses/by-nc-sa/4.0/,Dominic Garcia-Hall,2017-04-21,song,416AE69587884A6717F85FF546A898FDD23DFE672114FE54DCFB0774184FC51D
train,Song Sparrow,song_sparrow,Melospiza,melodia,393994,393994-2.wav,wavfiles/393994-2.wav,//www.xeno-canto.org/393994,//creativecommons.org/licenses/by-nc-sa/4.0/,Dominic Garcia-Hall,2017-04-21,song,216A25E2F581D159D56665B84F161C7568E9C0E2EEA4A383CC2DB24A69887EF5
train,Song Sparrow,song_sparrow,Melospiza,melodia,393994,393994-4.wav,wavfiles/393994-4.wav,//www.xeno-canto.org/393994,//creativecommons.org/licenses/by-nc-sa/4.0/,Dominic Garcia-Hall,2017-04-21,song,5E9CD79100F381B11309F2D7A76E792660AD2A314C412A713D7F1EFD12AB025A
train,Song Sparrow,song_sparrow,Melospiza,melodia,393994,393994-5.wav,wavfiles/393994-5.wav,//www.xeno-canto.org/393994,//creativecommons.org/licenses/by-nc-sa/4.0/,Dominic Garcia-Hall,2017-04-21,song,2DB624ACA9F40969662DED1FD0AC93C3617A625AE772A92ABE638EBEA0A5C291
train,Song Sparrow,song_sparrow,Melospiza,melodia,393994,393994-6.wav,wavfiles/393994-6.wav,//www.xeno-canto.org/393994,//creativecommons.org/licenses/by-nc-sa/4.0/,Dominic Garcia-Hall,2017-04-21,song,20DB48EBA191B3B22F26B03879A64B5E623A460ACA7F71D1F329509189EEFAA9
train,Song Sparrow,song_sparrow,Melospiza,melodia,393994,393994-8.wav,wavfiles/393994-8.wav,//www.xeno-canto.org/393994,//creativecommons.org/licenses/by-nc-sa/4.0/,Dominic Garcia-Hall,2017-04-21,song,018076F9B45ED731A65892AC50F0B87DA792FC0E4F81BF857AC700CCCBC5541B
train,Song Sparrow,song_sparrow,Melospiza,melodia,393994,393994-9.wav,wavfiles/393994-9.wav,//www.xeno-canto.org/393994,//creativecommons.org/licenses/by-nc-sa/4.0/,Dominic Garcia-Hall,2017-04-21,song,9054EDE11F6ADA4C476345F74196B49ED063BB6ECEC131F719E041887488F610
train,Song Sparrow,song_sparrow,Melospiza,melodia,393996,393996-0.wav,wavfiles/393996-0.wav,//www.xeno-canto.org/393996,//creativecommons.org/licenses/by-nc-sa/4.0/,Dominic Garcia-Hall,2017-04-19,song,BB437820FA5D8C68AE0450EF1F06BA0E651F92BBB9AF3C16016DB7E46DD5A428
train,Song Sparrow,song_sparrow,Melospiza,melodia,393996,393996-1.wav,wavfiles/393996-1.wav,//www.xeno-canto.org/393996,//creativecommons.org/licenses/by-nc-sa/4.0/,Dominic Garcia-Hall,2017-04-19,song,8CCA2CB555EEFA3632E3EB3E6E43EF42291097269A01F441C95BDA5D9DC3DD67
train,Song Sparrow,song_sparrow,Melospiza,melodia,393996,393996-10.wav,wavfiles/393996-10.wav,//www.xeno-canto.org/393996,//creativecommons.org/licenses/by-nc-sa/4.0/,Dominic Garcia-Hall,2017-04-19,song,877C82A8C0BB09ED49A0BAC2B1332C15EB8819B623340B5478941D209C5F9A95
train,Song Sparrow,song_sparrow,Melospiza,melodia,393996,393996-2.wav,wavfiles/393996-2.wav,//www.xeno-canto.org/393996,//creativecommons.org/licenses/by-nc-sa/4.0/,Dominic Garcia-Hall,2017-04-19,song,E3B7ACB09FA5FFCF5C2CB063DE7B6919992F16FD576D1F8CC11021CBDA9A82F3
train,Song Sparrow,song_sparrow,Melospiza,melodia,393996,393996-4.wav,wavfiles/393996-4.wav,//www.xeno-canto.org/393996,//creativecommons.org/licenses/by-nc-sa/4.0/,Dominic Garcia-Hall,2017-04-19,song,9EABAF508A540AA4FC14B63A957851C4F0E60A0BCF9FE60F5F4DB0E2473A896C
train,Song Sparrow,song_sparrow,Melospiza,melodia,393996,393996-5.wav,wavfiles/393996-5.wav,//www.xeno-canto.org/393996,//creativecommons.org/licenses/by-nc-sa/4.0/,Dominic Garcia-Hall,2017-04-19,song,07F5B6658E3AF8D2E25AAA4BAFDEC7B3F688B1D930F7C808BC1480E7DE9EF3C9
train,Song Sparrow,song_sparrow,Melospiza,melodia,393996,393996-6.wav,wavfiles/393996-6.wav,//www.xeno-canto.org/393996,//creativecommons.org/licenses/by-nc-sa/4.0/,Dominic Garcia-Hall,2017-04-19,song,928FEA4F3990092D4287D1A53AD7AB885B621A65943E3C9DDACBB1B6E69F9525
train,Song Sparrow,song_sparrow,Melospiza,melodia,393996,393996-8.wav,wavfiles/393996-8.wav,//www.xeno-canto.org/393996,//creativecommons.org/licenses/by-nc-sa/4.0/,Dominic Garcia-Hall,2017-04-19,song,424A4130E744274301D048A1C1BBF698EB8B6B4B48AEB76D13023F488FF3DB18
train,Song Sparrow,song_sparrow,Melospiza,melodia,393996,393996-9.wav,wavfiles/393996-9.wav,//www.xeno-canto.org/393996,//creativecommons.org/licenses/by-nc-sa/4.0/,Dominic Garcia-Hall,2017-04-19,song,4590FF400BD63E94097A20EA2D70422598043A1C2647AD519A165F6076EB7520
train,Song Sparrow,song_sparrow,Melospiza,melodia,408126,408126-0.wav,wavfiles/408126-0.wav,//www.xeno-canto.org/408126,//creativecommons.org/licenses/by-nc-nd/4.0/,Frank Lambert,2015-05-17,song,9BFADCDCA435FAE194EADA0FFBDC05425677059F07AE39C25BECA34E2CB503DA
train,Song Sparrow,song_sparrow,Melospiza,melodia,408126,408126-1.wav,wavfiles/408126-1.wav,//www.xeno-canto.org/408126,//creativecommons.org/licenses/by-nc-nd/4.0/,Frank Lambert,2015-05-17,song,E506983F1EDFF17775CF56A33C55A8789212385BFA3FD9B9EE98733782139EA0
train,Song Sparrow,song_sparrow,Melospiza,melodia,408126,408126-2.wav,wavfiles/408126-2.wav,//www.xeno-canto.org/408126,//creativecommons.org/licenses/by-nc-nd/4.0/,Frank Lambert,2015-05-17,song,362DAB709E371BFAF4D3C84184F11755A46ADF9150C75D6C811A9E8D0C6D266E
train,Song Sparrow,song_sparrow,Melospiza,melodia,408126,408126-3.wav,wavfiles/408126-3.wav,//www.xeno-canto.org/408126,//creativecommons.org/licenses/by-nc-nd/4.0/,Frank Lambert,2015-05-17,song,F5B85AE95D136C9F693A0D3FCDA4A337261E4115B3C11CC8941D2BB73C4BFE96
train,Song Sparrow,song_sparrow,Melospiza,melodia,408126,408126-4.wav,wavfiles/408126-4.wav,//www.xeno-canto.org/408126,//creativecommons.org/licenses/by-nc-nd/4.0/,Frank Lambert,2015-05-17,song,F87F8960B040D886F5BE221F1E86B1A1FC749D367C9D809D597B4C6FD6B83497
train,Song Sparrow,song_sparrow,Melospiza,melodia,408126,408126-5.wav,wavfiles/408126-5.wav,//www.xeno-canto.org/408126,//creativecommons.org/licenses/by-nc-nd/4.0/,Frank Lambert,2015-05-17,song,3590532E387881969BB9BB0FAB32DBD607A7FF4C82743EF92278E0D2307898B2
train,Song Sparrow,song_sparrow,Melospiza,melodia,408126,408126-6.wav,wavfiles/408126-6.wav,//www.xeno-canto.org/408126,//creativecommons.org/licenses/by-nc-nd/4.0/,Frank Lambert,2015-05-17,song,0E7F7D642F78D461507E28160DB52BC7F13E1BD99E9362062C0B5D5AD45218AD
train,Song Sparrow,song_sparrow,Melospiza,melodia,408126,408126-8.wav,wavfiles/408126-8.wav,//www.xeno-canto.org/408126,//creativecommons.org/licenses/by-nc-nd/4.0/,Frank Lambert,2015-05-17,song,052F6A89B0D9170AA195651EEAD30E21B795C8D1EDCFAF7473C54F1C3FC8B9C1
train,Song Sparrow,song_sparrow,Melospiza,melodia,408126,408126-9.wav,wavfiles/408126-9.wav,//www.xeno-canto.org/408126,//creativecommons.org/licenses/by-nc-nd/4.0/,Frank Lambert,2015-05-17,song,0EEF4DF3E3C566ED878293CCF31F1464A96E2B3E39B2138B0EC3B178E970077C
train,Song Sparrow,song_sparrow,Melospiza,melodia,408811,408811-0.wav,wavfiles/408811-0.wav,//www.xeno-canto.org/408811,//creativecommons.org/licenses/by-nc-nd/4.0/,Frank Lambert,2015-05-18,"calling whilst foraging, song",68DB2265A753E2410A0F7DEB22EF8E5375E464CF302FBD202CFCDD26B609B34B
train,Song Sparrow,song_sparrow,Melospiza,melodia,408811,408811-1.wav,wavfiles/408811-1.wav,//www.xeno-canto.org/408811,//creativecommons.org/licenses/by-nc-nd/4.0/,Frank Lambert,2015-05-18,"calling whilst foraging, song",0B058A08B1556C1B05D9B3F248F09C8CA4B34DB66B23B1AB38C887AFE1568E9D
train,Song Sparrow,song_sparrow,Melospiza,melodia,408811,408811-2.wav,wavfiles/408811-2.wav,//www.xeno-canto.org/408811,//creativecommons.org/licenses/by-nc-nd/4.0/,Frank Lambert,2015-05-18,"calling whilst foraging, song",1F36CAAC26EF91C081374A534561AC68037A1D583F3B7A85B6B8C3D3E3459059
train,Song Sparrow,song_sparrow,Melospiza,melodia,408811,408811-3.wav,wavfiles/408811-3.wav,//www.xeno-canto.org/408811,//creativecommons.org/licenses/by-nc-nd/4.0/,Frank Lambert,2015-05-18,"calling whilst foraging, song",2C2561092FEBDE7885C88228014DC56BCEA6E8584E7CDFD25BCB4D38B37FFD34
train,Song Sparrow,song_sparrow,Melospiza,melodia,408811,408811-4.wav,wavfiles/408811-4.wav,//www.xeno-canto.org/408811,//creativecommons.org/licenses/by-nc-nd/4.0/,Frank Lambert,2015-05-18,"calling whilst foraging, song",2D3F179A0944A66AA036502CF5954C57B62D12E091EDE9BB86D6086161E41D32
train,Song Sparrow,song_sparrow,Melospiza,melodia,408811,408811-5.wav,wavfiles/408811-5.wav,//www.xeno-canto.org/408811,//creativecommons.org/licenses/by-nc-nd/4.0/,Frank Lambert,2015-05-18,"calling whilst foraging, song",94159D9C3E15642BB8621716729D1362F082A93433065D89833267315FD2CC3D
train,Song Sparrow,song_sparrow,Melospiza,melodia,408811,408811-6.wav,wavfiles/408811-6.wav,//www.xeno-canto.org/408811,//creativecommons.org/licenses/by-nc-nd/4.0/,Frank Lambert,2015-05-18,"calling whilst foraging, song",EA4EFBA067BFCECC72EC8EB95362DD24F868784886ED78D7E09D16BD4C8BD805
train,Song Sparrow,song_sparrow,Melospiza,melodia,408811,408811-7.wav,wavfiles/408811-7.wav,//www.xeno-canto.org/408811,//creativecommons.org/licenses/by-nc-nd/4.0/,Frank Lambert,2015-05-18,"calling whilst foraging, song",9E02030D395E816ED1885F8D9ADC386AE80E0275FE82B31D7685A33F1C4CDCFC
train,Song Sparrow,song_sparrow,Melospiza,melodia,420846,420846-0.wav,wavfiles/420846-0.wav,//www.xeno-canto.org/420846,//creativecommons.org/licenses/by-nc-sa/4.0/,Meena Haribal,2018-06-17,song,E87DC248E82D15056972A8E2BBECFBDF4A64AD8560C73C7C24DCE8D2D1D7C01E
train,Song Sparrow,song_sparrow,Melospiza,melodia,420846,420846-1.wav,wavfiles/420846-1.wav,//www.xeno-canto.org/420846,//creativecommons.org/licenses/by-nc-sa/4.0/,Meena Haribal,2018-06-17,song,6F061F3D554F9BD35B65394CFA879F521F44F1EDDD08E033094ED5501EC30CCE
train,Song Sparrow,song_sparrow,Melospiza,melodia,420846,420846-10.wav,wavfiles/420846-10.wav,//www.xeno-canto.org/420846,//creativecommons.org/licenses/by-nc-sa/4.0/,Meena Haribal,2018-06-17,song,432D1A2B33DF32AC2972E7EBB9258223B4B9FA4FFC8470053B7225E28328CF39
train,Song Sparrow,song_sparrow,Melospiza,melodia,420846,420846-2.wav,wavfiles/420846-2.wav,//www.xeno-canto.org/420846,//creativecommons.org/licenses/by-nc-sa/4.0/,Meena Haribal,2018-06-17,song,AC62E5F4817501F3E5DB85182BC0AB00E0F4028E69850C13A3E655B81576BF98
train,Song Sparrow,song_sparrow,Melospiza,melodia,420846,420846-4.wav,wavfiles/420846-4.wav,//www.xeno-canto.org/420846,//creativecommons.org/licenses/by-nc-sa/4.0/,Meena Haribal,2018-06-17,song,D78031DD4C6A7005B2291BF185649CFCA498D10587B31C7AC4910183BC0F2E1E
train,Song Sparrow,song_sparrow,Melospiza,melodia,420846,420846-5.wav,wavfiles/420846-5.wav,//www.xeno-canto.org/420846,//creativecommons.org/licenses/by-nc-sa/4.0/,Meena Haribal,2018-06-17,song,29C4BF4D117D54E05C78C96919338AF6BACAF15EF5FE656304956EDAF47201D7
train,Song Sparrow,song_sparrow,Melospiza,melodia,420846,420846-8.wav,wavfiles/420846-8.wav,//www.xeno-canto.org/420846,//creativecommons.org/licenses/by-nc-sa/4.0/,Meena Haribal,2018-06-17,song,E21993F6C7D0634FD8B3496D57FCDA3D0B538BE4477C6F185BE5193F41ADD357
train,Song Sparrow,song_sparrow,Melospiza,melodia,420846,420846-9.wav,wavfiles/420846-9.wav,//www.xeno-canto.org/420846,//creativecommons.org/licenses/by-nc-sa/4.0/,Meena Haribal,2018-06-17,song,13431E8676CF9C725FE563B80D12963BD8421DF712F15A1F5C78E563EDA1C828
train,Song Sparrow,song_sparrow,Melospiza,melodia,423504,423504-0.wav,wavfiles/423504-0.wav,//www.xeno-canto.org/423504,//creativecommons.org/licenses/by-nc-sa/4.0/,Bruce Lagerquist,2015-06-06,song,977DFAF76D8FF358E690F2970223E92313E9D112C8D761DAAADBB9B6628A958A
train,Song Sparrow,song_sparrow,Melospiza,melodia,423504,423504-1.wav,wavfiles/423504-1.wav,//www.xeno-canto.org/423504,//creativecommons.org/licenses/by-nc-sa/4.0/,Bruce Lagerquist,2015-06-06,song,48DE6307253794D8C08F5C3DD01DB1D84B57AAA22B3AB4A97B703C6FD6A81D3D
train,Song Sparrow,song_sparrow,Melospiza,melodia,423504,423504-2.wav,wavfiles/423504-2.wav,//www.xeno-canto.org/423504,//creativecommons.org/licenses/by-nc-sa/4.0/,Bruce Lagerquist,2015-06-06,song,3C5ECE3CE218C63651A596770054B766EBAF9A6D9D392760E3625263F5881BF5
train,Song Sparrow,song_sparrow,Melospiza,melodia,423504,423504-3.wav,wavfiles/423504-3.wav,//www.xeno-canto.org/423504,//creativecommons.org/licenses/by-nc-sa/4.0/,Bruce Lagerquist,2015-06-06,song,5B3106AB508DA646EE7780FAFF6693E658A3A9552A1A8F06FCFDCE10C716BB53
train,Song Sparrow,song_sparrow,Melospiza,melodia,423504,423504-4.wav,wavfiles/423504-4.wav,//www.xeno-canto.org/423504,//creativecommons.org/licenses/by-nc-sa/4.0/,Bruce Lagerquist,2015-06-06,song,CE60D41D3F60D2867B9A055C4DF1DC2CDD02AED365BB6CFCE15F06A6D62E41C5
train,Song Sparrow,song_sparrow,Melospiza,melodia,423504,423504-5.wav,wavfiles/423504-5.wav,//www.xeno-canto.org/423504,//creativecommons.org/licenses/by-nc-sa/4.0/,Bruce Lagerquist,2015-06-06,song,39491DA6DC62D4D6CA1E88FC447921865B8154534DCAEDA70CA10A79BC28024D
train,Song Sparrow,song_sparrow,Melospiza,melodia,423504,423504-6.wav,wavfiles/423504-6.wav,//www.xeno-canto.org/423504,//creativecommons.org/licenses/by-nc-sa/4.0/,Bruce Lagerquist,2015-06-06,song,3DFF0E8A9864A405B69D616A07AEDEA8DE539FCA7C9B50A1B439031F8BFE3907
train,Song Sparrow,song_sparrow,Melospiza,melodia,423504,423504-7.wav,wavfiles/423504-7.wav,//www.xeno-canto.org/423504,//creativecommons.org/licenses/by-nc-sa/4.0/,Bruce Lagerquist,2015-06-06,song,87018399D3F9A839AFFB7A7FBB85FF22538F8BEB1740C1B3297DF044F937B63C
train,Song Sparrow,song_sparrow,Melospiza,melodia,425799,425799-0.wav,wavfiles/425799-0.wav,//www.xeno-canto.org/425799,//creativecommons.org/licenses/by-nc-sa/4.0/,Scott Crabtree,2018-06-29,song,492F977BF16C972D16A9493DC0AF3FCF972543DC21063C1EFFDCEA8685B4A15E
train,Song Sparrow,song_sparrow,Melospiza,melodia,425799,425799-1.wav,wavfiles/425799-1.wav,//www.xeno-canto.org/425799,//creativecommons.org/licenses/by-nc-sa/4.0/,Scott Crabtree,2018-06-29,song,925CCC25094DB1C4B51640CDF6E9E18235745AE398063D1A69DC8EB7305CE7C6
train,Song Sparrow,song_sparrow,Melospiza,melodia,425799,425799-10.wav,wavfiles/425799-10.wav,//www.xeno-canto.org/425799,//creativecommons.org/licenses/by-nc-sa/4.0/,Scott Crabtree,2018-06-29,song,DBA3D99F8771C6A7F59CA7BD5AD34BF86946C267FA8A0A342BC4AAF34A296256
train,Song Sparrow,song_sparrow,Melospiza,melodia,425799,425799-11.wav,wavfiles/425799-11.wav,//www.xeno-canto.org/425799,//creativecommons.org/licenses/by-nc-sa/4.0/,Scott Crabtree,2018-06-29,song,6310D857359FF2AD11CF7B047A951522B79F5D2F99E297A3E11157875777C519
train,Song Sparrow,song_sparrow,Melospiza,melodia,425799,425799-12.wav,wavfiles/425799-12.wav,//www.xeno-canto.org/425799,//creativecommons.org/licenses/by-nc-sa/4.0/,Scott Crabtree,2018-06-29,song,7D6A196C853D384BA5878550BAB50522904889B02087AF8CD160BB0E9EB1EB9A
train,Song Sparrow,song_sparrow,Melospiza,melodia,425799,425799-13.wav,wavfiles/425799-13.wav,//www.xeno-canto.org/425799,//creativecommons.org/licenses/by-nc-sa/4.0/,Scott Crabtree,2018-06-29,song,3B6CB0A76E9E8AC425DA335A3410D75C476B83C982A779BB36879E4ADB167F06
train,Song Sparrow,song_sparrow,Melospiza,melodia,425799,425799-14.wav,wavfiles/425799-14.wav,//www.xeno-canto.org/425799,//creativecommons.org/licenses/by-nc-sa/4.0/,Scott Crabtree,2018-06-29,song,3465AF9B063FEF02CC65539EF50073BF8CC7A2BB1860DBBE79D97ABB43050A36
train,Song Sparrow,song_sparrow,Melospiza,melodia,425799,425799-2.wav,wavfiles/425799-2.wav,//www.xeno-canto.org/425799,//creativecommons.org/licenses/by-nc-sa/4.0/,Scott Crabtree,2018-06-29,song,4117DD9B749A21AF5EE22E62EB10136EB6C39BC8084E3419D66E581A1AB030D4
train,Song Sparrow,song_sparrow,Melospiza,melodia,425799,425799-3.wav,wavfiles/425799-3.wav,//www.xeno-canto.org/425799,//creativecommons.org/licenses/by-nc-sa/4.0/,Scott Crabtree,2018-06-29,song,170D3098EDB774BEADBE29137F936CCFAF84E80EEE482B32CB1C667417BFA2F4
train,Song Sparrow,song_sparrow,Melospiza,melodia,425799,425799-6.wav,wavfiles/425799-6.wav,//www.xeno-canto.org/425799,//creativecommons.org/licenses/by-nc-sa/4.0/,Scott Crabtree,2018-06-29,song,01D6407D19C09B340B31BCF30F3EB666E7C39CCEC71D07134259E0D529A37096
train,Song Sparrow,song_sparrow,Melospiza,melodia,425799,425799-7.wav,wavfiles/425799-7.wav,//www.xeno-canto.org/425799,//creativecommons.org/licenses/by-nc-sa/4.0/,Scott Crabtree,2018-06-29,song,7016E4B99A01E79021AF3D536DB1C8414FCB5C69829C5483F33EED2B201F033F
train,Song Sparrow,song_sparrow,Melospiza,melodia,425799,425799-8.wav,wavfiles/425799-8.wav,//www.xeno-canto.org/425799,//creativecommons.org/licenses/by-nc-sa/4.0/,Scott Crabtree,2018-06-29,song,52BBA5927E308681BA37836028A4695595925655C09669BC95689C30E32CB6E7
train,Song Sparrow,song_sparrow,Melospiza,melodia,462899,462899-0.wav,wavfiles/462899-0.wav,//www.xeno-canto.org/462899,//creativecommons.org/licenses/by-nc-sa/4.0/,Will Sweet,2019-03-23,song,B2EFEA3C72164143C3D2C49F9F11C09556814EA43CA7BDA87515701BB0D9D952
train,Song Sparrow,song_sparrow,Melospiza,melodia,462899,462899-1.wav,wavfiles/462899-1.wav,//www.xeno-canto.org/462899,//creativecommons.org/licenses/by-nc-sa/4.0/,Will Sweet,2019-03-23,song,554AAE3A053F460CA96C33DF22AB10CD627DDB12E0593F51C85307FCD56956DD
train,Song Sparrow,song_sparrow,Melospiza,melodia,462899,462899-10.wav,wavfiles/462899-10.wav,//www.xeno-canto.org/462899,//creativecommons.org/licenses/by-nc-sa/4.0/,Will Sweet,2019-03-23,song,418FE74AC939182CCE49A0E8DB2B183EF3057AF7808F16DDE22ABAFDC5BEEAD6
train,Song Sparrow,song_sparrow,Melospiza,melodia,462899,462899-2.wav,wavfiles/462899-2.wav,//www.xeno-canto.org/462899,//creativecommons.org/licenses/by-nc-sa/4.0/,Will Sweet,2019-03-23,song,69CDB9546BE6AC4299F46C63ED0843F40B019807C9BBC3F28EF6B8C64712A671
train,Song Sparrow,song_sparrow,Melospiza,melodia,462899,462899-4.wav,wavfiles/462899-4.wav,//www.xeno-canto.org/462899,//creativecommons.org/licenses/by-nc-sa/4.0/,Will Sweet,2019-03-23,song,2541794043CC53894153DEAC23DDBDAF9D347F6D7CA194EE125E528224123470
train,Song Sparrow,song_sparrow,Melospiza,melodia,462899,462899-8.wav,wavfiles/462899-8.wav,//www.xeno-canto.org/462899,//creativecommons.org/licenses/by-nc-sa/4.0/,Will Sweet,2019-03-23,song,A3B279841634E251E1AC19796420558BD62B90ABD489A0EAECE1BA5296D22E0E
train,Song Sparrow,song_sparrow,Melospiza,melodia,462899,462899-9.wav,wavfiles/462899-9.wav,//www.xeno-canto.org/462899,//creativecommons.org/licenses/by-nc-sa/4.0/,Will Sweet,2019-03-23,song,AE8E9FF341185D5269802E56FD4A3D715847905969EE50D9E155F3ACBED3E64D
train,Song Sparrow,song_sparrow,Melospiza,melodia,465907,465907-0.wav,wavfiles/465907-0.wav,//www.xeno-canto.org/465907,//creativecommons.org/licenses/by-nc-sa/4.0/,Daniel Parker,2018-06-16,song,C44059FB0224E4C92BEBA4B270ECC570487F09495B766D870EC823EC83925D50
train,Song Sparrow,song_sparrow,Melospiza,melodia,465907,465907-1.wav,wavfiles/465907-1.wav,//www.xeno-canto.org/465907,//creativecommons.org/licenses/by-nc-sa/4.0/,Daniel Parker,2018-06-16,song,824B87D1CD07516C36C8C79960C90AC06A49E9934ED4D4607BE83D64CAE797B2
train,Song Sparrow,song_sparrow,Melospiza,melodia,465907,465907-10.wav,wavfiles/465907-10.wav,//www.xeno-canto.org/465907,//creativecommons.org/licenses/by-nc-sa/4.0/,Daniel Parker,2018-06-16,song,1D02BB8C2ED7ADE8B556608B4814462376A17F235C466732524E6116BFE1236A
train,Song Sparrow,song_sparrow,Melospiza,melodia,465907,465907-11.wav,wavfiles/465907-11.wav,//www.xeno-canto.org/465907,//creativecommons.org/licenses/by-nc-sa/4.0/,Daniel Parker,2018-06-16,song,A24EDA4758EB43D745B26F694C826D9137DA41C70B62A959B4AC3F9830D2A293
train,Song Sparrow,song_sparrow,Melospiza,melodia,465907,465907-12.wav,wavfiles/465907-12.wav,//www.xeno-canto.org/465907,//creativecommons.org/licenses/by-nc-sa/4.0/,Daniel Parker,2018-06-16,song,FF1C91715D2629D4E1015EC153F1FEDA76D3C06179F20AD370852614B80A128E
train,Song Sparrow,song_sparrow,Melospiza,melodia,465907,465907-13.wav,wavfiles/465907-13.wav,//www.xeno-canto.org/465907,//creativecommons.org/licenses/by-nc-sa/4.0/,Daniel Parker,2018-06-16,song,8056AC71F377365939B2665B52019C636B0FE54ED32E6BE9B39F58ABC8ECCADC
train,Song Sparrow,song_sparrow,Melospiza,melodia,465907,465907-2.wav,wavfiles/465907-2.wav,//www.xeno-canto.org/465907,//creativecommons.org/licenses/by-nc-sa/4.0/,Daniel Parker,2018-06-16,song,FBABDF4177DFCA280C8295E3A1B58E249329EFE76EF5B8F3062E8126D5144B8E
train,Song Sparrow,song_sparrow,Melospiza,melodia,465907,465907-3.wav,wavfiles/465907-3.wav,//www.xeno-canto.org/465907,//creativecommons.org/licenses/by-nc-sa/4.0/,Daniel Parker,2018-06-16,song,B37024185ED038D2ED67C39070C8A733EBB84EB7F6AACAF3653444EC283D1CC4
train,Song Sparrow,song_sparrow,Melospiza,melodia,465907,465907-4.wav,wavfiles/465907-4.wav,//www.xeno-canto.org/465907,//creativecommons.org/licenses/by-nc-sa/4.0/,Daniel Parker,2018-06-16,song,1F2E6F781B50343FD03F9A7941EF9630C247FDE980C2EA9AFDF76F5B4B555A7A
train,Song Sparrow,song_sparrow,Melospiza,melodia,465907,465907-5.wav,wavfiles/465907-5.wav,//www.xeno-canto.org/465907,//creativecommons.org/licenses/by-nc-sa/4.0/,Daniel Parker,2018-06-16,song,AD926CB63B982F970377DCFD432DF3007563719936AD62E885AAD0032A1A5E51
train,Song Sparrow,song_sparrow,Melospiza,melodia,465907,465907-6.wav,wavfiles/465907-6.wav,//www.xeno-canto.org/465907,//creativecommons.org/licenses/by-nc-sa/4.0/,Daniel Parker,2018-06-16,song,A67ECE547A0319C8872D397C4B753A585751FF6CFBC2A9BF04BDE646CDF81AF3
train,Song Sparrow,song_sparrow,Melospiza,melodia,465907,465907-7.wav,wavfiles/465907-7.wav,//www.xeno-canto.org/465907,//creativecommons.org/licenses/by-nc-sa/4.0/,Daniel Parker,2018-06-16,song,F6326DB908D65E41033A645A272586F20CD3BBEE0D169BB7260C8667696BEB15
train,Song Sparrow,song_sparrow,Melospiza,melodia,465907,465907-8.wav,wavfiles/465907-8.wav,//www.xeno-canto.org/465907,//creativecommons.org/licenses/by-nc-sa/4.0/,Daniel Parker,2018-06-16,song,8D08E60CFA2BFAE314760F7A20ACFAF6F4C3052E99E449765EB9F7C5E194F542
train,Song Sparrow,song_sparrow,Melospiza,melodia,465907,465907-9.wav,wavfiles/465907-9.wav,//www.xeno-canto.org/465907,//creativecommons.org/licenses/by-nc-sa/4.0/,Daniel Parker,2018-06-16,song,107C9A99066DEA3A1FCA51A862590B29F855FA47BAE5A930FC40A1E56C4ED847
train,Song Sparrow,song_sparrow,Melospiza,melodia,469877,469877-0.wav,wavfiles/469877-0.wav,//www.xeno-canto.org/469877,//creativecommons.org/licenses/by-nc-sa/4.0/,Rolf A. de By,1999-04-23,song,1347CF034F4408BB57B111F7EDED57470FDAD290265370AC773AAEED56808C20
train,Song Sparrow,song_sparrow,Melospiza,melodia,469877,469877-1.wav,wavfiles/469877-1.wav,//www.xeno-canto.org/469877,//creativecommons.org/licenses/by-nc-sa/4.0/,Rolf A. de By,1999-04-23,song,F59EF97E85F0243FDF6BDE88433805CEF02413C210C63DEDBCEAC24C8C4525D6
train,Song Sparrow,song_sparrow,Melospiza,melodia,469877,469877-2.wav,wavfiles/469877-2.wav,//www.xeno-canto.org/469877,//creativecommons.org/licenses/by-nc-sa/4.0/,Rolf A. de By,1999-04-23,song,3A0DF15B71AAA9BD396147A04EA92A60250852D66547C958D2BD888BECC017A9
train,Song Sparrow,song_sparrow,Melospiza,melodia,469877,469877-3.wav,wavfiles/469877-3.wav,//www.xeno-canto.org/469877,//creativecommons.org/licenses/by-nc-sa/4.0/,Rolf A. de By,1999-04-23,song,0B5D3CCB0D1452D38A575AFED6020E67BD1FB600950F8E2EE4B04849A40EB872
train,Song Sparrow,song_sparrow,Melospiza,melodia,469877,469877-4.wav,wavfiles/469877-4.wav,//www.xeno-canto.org/469877,//creativecommons.org/licenses/by-nc-sa/4.0/,Rolf A. de By,1999-04-23,song,F064EBAC0D9429E820D17D5E3DAC1045DF6E480588776B33A1EF61A9118CFB56
train,Song Sparrow,song_sparrow,Melospiza,melodia,469877,469877-5.wav,wavfiles/469877-5.wav,//www.xeno-canto.org/469877,//creativecommons.org/licenses/by-nc-sa/4.0/,Rolf A. de By,1999-04-23,song,615879850698EAEAAE274F3D869899820F4B7AB0E37C0D895FFDDD6D407A448C
train,Song Sparrow,song_sparrow,Melospiza,melodia,469877,469877-6.wav,wavfiles/469877-6.wav,//www.xeno-canto.org/469877,//creativecommons.org/licenses/by-nc-sa/4.0/,Rolf A. de By,1999-04-23,song,D71D6FAC6A0AB6CF1BFC637CEA74410427BA2A79180071ED67C8871C36B52B36
train,Song Sparrow,song_sparrow,Melospiza,melodia,469877,469877-7.wav,wavfiles/469877-7.wav,//www.xeno-canto.org/469877,//creativecommons.org/licenses/by-nc-sa/4.0/,Rolf A. de By,1999-04-23,song,A6598C063E4F00C7A31C9DF02AB7610A256ED44B534309291CEF24E730C89865
train,Song Sparrow,song_sparrow,Melospiza,melodia,469877,469877-8.wav,wavfiles/469877-8.wav,//www.xeno-canto.org/469877,//creativecommons.org/licenses/by-nc-sa/4.0/,Rolf A. de By,1999-04-23,song,3BD0537A7404CBB4BC5D9B06EB102CFC18914B523BFFC56D22AFB0EAC74DD198
train,Song Sparrow,song_sparrow,Melospiza,melodia,469877,469877-9.wav,wavfiles/469877-9.wav,//www.xeno-canto.org/469877,//creativecommons.org/licenses/by-nc-sa/4.0/,Rolf A. de By,1999-04-23,song,B5AD0AF008A8F17D2F8CFE09F0B03AD4CE4164D478B63A1D5E21BA4387AF1C4E
train,Song Sparrow,song_sparrow,Melospiza,melodia,477785,477785-0.wav,wavfiles/477785-0.wav,//www.xeno-canto.org/477785,//creativecommons.org/licenses/by-nc-sa/4.0/,Jim Berry,2019-05-29,song,F256D166B5EB30AEC7993D0F1C002F824DD21F4683B7B0838DB5135AD528828F
train,Song Sparrow,song_sparrow,Melospiza,melodia,477785,477785-1.wav,wavfiles/477785-1.wav,//www.xeno-canto.org/477785,//creativecommons.org/licenses/by-nc-sa/4.0/,Jim Berry,2019-05-29,song,3D62140A9A026CDB3304CB3439D4634463E10B39B7660D98E684526618EE4CA9
train,Song Sparrow,song_sparrow,Melospiza,melodia,477785,477785-2.wav,wavfiles/477785-2.wav,//www.xeno-canto.org/477785,//creativecommons.org/licenses/by-nc-sa/4.0/,Jim Berry,2019-05-29,song,0410E6AE9BC4B3A7C64E61EE26FAFC635628B60F9D53296F1A1E9132719D0E04
train,Song Sparrow,song_sparrow,Melospiza,melodia,477785,477785-3.wav,wavfiles/477785-3.wav,//www.xeno-canto.org/477785,//creativecommons.org/licenses/by-nc-sa/4.0/,Jim Berry,2019-05-29,song,B374D4EC2E09FF19D2E298F0574F74ABBD1978D35E378583134FA2BD1C482214
train,Song Sparrow,song_sparrow,Melospiza,melodia,477785,477785-4.wav,wavfiles/477785-4.wav,//www.xeno-canto.org/477785,//creativecommons.org/licenses/by-nc-sa/4.0/,Jim Berry,2019-05-29,song,0050604B9B76700F8CF2D8709AC6B7CEB547102B7092565D70D241ECA94F168F
train,Song Sparrow,song_sparrow,Melospiza,melodia,477785,477785-6.wav,wavfiles/477785-6.wav,//www.xeno-canto.org/477785,//creativecommons.org/licenses/by-nc-sa/4.0/,Jim Berry,2019-05-29,song,E833C140C732D9EA24B81A1C680E7FE2148F25F6DB79DAE603CF984A4E916A9B
train,Song Sparrow,song_sparrow,Melospiza,melodia,477785,477785-7.wav,wavfiles/477785-7.wav,//www.xeno-canto.org/477785,//creativecommons.org/licenses/by-nc-sa/4.0/,Jim Berry,2019-05-29,song,2C0CDD1994969202A869EAB023265540089704C2A8149D3AFF4353D6C290D1D7
train,Song Sparrow,song_sparrow,Melospiza,melodia,480032,480032-0.wav,wavfiles/480032-0.wav,//www.xeno-canto.org/480032,//creativecommons.org/licenses/by-nc-sa/4.0/,Thomas G. Graves,2019-06-06,song,3DDB1E349110F3EFDBAA3C85697C00AE6B894A170596C37276D58E858EDCD85F
train,Song Sparrow,song_sparrow,Melospiza,melodia,480032,480032-1.wav,wavfiles/480032-1.wav,//www.xeno-canto.org/480032,//creativecommons.org/licenses/by-nc-sa/4.0/,Thomas G. Graves,2019-06-06,song,0410D75E9F714998110FA3B9E08CD348AC405B9E6A99493595CFE5268859B748
train,Song Sparrow,song_sparrow,Melospiza,melodia,480032,480032-2.wav,wavfiles/480032-2.wav,//www.xeno-canto.org/480032,//creativecommons.org/licenses/by-nc-sa/4.0/,Thomas G. Graves,2019-06-06,song,9EC594E67B53E9DC47AE80B71A0753B4180C114113A131F98E9A656E7A930816
train,Song Sparrow,song_sparrow,Melospiza,melodia,480032,480032-4.wav,wavfiles/480032-4.wav,//www.xeno-canto.org/480032,//creativecommons.org/licenses/by-nc-sa/4.0/,Thomas G. Graves,2019-06-06,song,C1980ED9DAE5EE29D134438D5ABD1204A325A8EA43E0EABE9BE1D6DA50AFCFFB
train,Song Sparrow,song_sparrow,Melospiza,melodia,480032,480032-5.wav,wavfiles/480032-5.wav,//www.xeno-canto.org/480032,//creativecommons.org/licenses/by-nc-sa/4.0/,Thomas G. Graves,2019-06-06,song,604834CBB09C233F08FFEDB7359B0F96235A450165E9594B527038943E9A797D
train,Song Sparrow,song_sparrow,Melospiza,melodia,480032,480032-6.wav,wavfiles/480032-6.wav,//www.xeno-canto.org/480032,//creativecommons.org/licenses/by-nc-sa/4.0/,Thomas G. Graves,2019-06-06,song,7D1273267089E0480B5C511A8428BBA6A938F72A10AAB732FE9D1FEE94EFA783
train,Song Sparrow,song_sparrow,Melospiza,melodia,480032,480032-7.wav,wavfiles/480032-7.wav,//www.xeno-canto.org/480032,//creativecommons.org/licenses/by-nc-sa/4.0/,Thomas G. Graves,2019-06-06,song,CA7703BA1B05735BB1EDA0F4D02BC8BA2E44B9234625C7CFEF13AA221B6A7CCB
train,Song Sparrow,song_sparrow,Melospiza,melodia,480032,480032-8.wav,wavfiles/480032-8.wav,//www.xeno-canto.org/480032,//creativecommons.org/licenses/by-nc-sa/4.0/,Thomas G. Graves,2019-06-06,song,D07C27AD1F86BB442DCFEB625E104F24271631AFB43544204E3F42FA425AF311
train,Song Sparrow,song_sparrow,Melospiza,melodia,480068,480068-0.wav,wavfiles/480068-0.wav,//www.xeno-canto.org/480068,//creativecommons.org/licenses/by-nc-sa/4.0/,Thomas G. Graves,2019-06-07,"call, song",D90B1AD6CB0E7982518F613EFA933AA6A532EE8E97C3EB81A376A696ADAF5A78
train,Song Sparrow,song_sparrow,Melospiza,melodia,480068,480068-1.wav,wavfiles/480068-1.wav,//www.xeno-canto.org/480068,//creativecommons.org/licenses/by-nc-sa/4.0/,Thomas G. Graves,2019-06-07,"call, song",5CFB4909D51F544A213748C8D57066C9313DD33B4DFAD7C58110AC8E57B7D956
train,Song Sparrow,song_sparrow,Melospiza,melodia,480068,480068-10.wav,wavfiles/480068-10.wav,//www.xeno-canto.org/480068,//creativecommons.org/licenses/by-nc-sa/4.0/,Thomas G. Graves,2019-06-07,"call, song",1A137F77859C7F4570105E36ED84D800B8918DDACC51AF153751F332DBE064DE
train,Song Sparrow,song_sparrow,Melospiza,melodia,480068,480068-2.wav,wavfiles/480068-2.wav,//www.xeno-canto.org/480068,//creativecommons.org/licenses/by-nc-sa/4.0/,Thomas G. Graves,2019-06-07,"call, song",7942734EE0C707B1EE66848EE16E9EDB6632E3E771D661E6AF2708BD99BA3B39
train,Song Sparrow,song_sparrow,Melospiza,melodia,480068,480068-4.wav,wavfiles/480068-4.wav,//www.xeno-canto.org/480068,//creativecommons.org/licenses/by-nc-sa/4.0/,Thomas G. Graves,2019-06-07,"call, song",057DCF49A9D5E12EB6C7C64EBE34B7845C50E8A76F2AB947BAABF901C89DE766
train,Song Sparrow,song_sparrow,Melospiza,melodia,480068,480068-5.wav,wavfiles/480068-5.wav,//www.xeno-canto.org/480068,//creativecommons.org/licenses/by-nc-sa/4.0/,Thomas G. Graves,2019-06-07,"call, song",1E76770B5AD4219CC80B04E3E90644BBB81FFD97833B83741A92427B65D32BF8
train,Song Sparrow,song_sparrow,Melospiza,melodia,480068,480068-6.wav,wavfiles/480068-6.wav,//www.xeno-canto.org/480068,//creativecommons.org/licenses/by-nc-sa/4.0/,Thomas G. Graves,2019-06-07,"call, song",160F8CBB2AAEB3A3E7F860FF9AA7B18B021CCBD11F21A438E67A079ACD772A9A
train,Song Sparrow,song_sparrow,Melospiza,melodia,480068,480068-7.wav,wavfiles/480068-7.wav,//www.xeno-canto.org/480068,//creativecommons.org/licenses/by-nc-sa/4.0/,Thomas G. Graves,2019-06-07,"call, song",E945071329AE1C6DCCA3A3E3D1E36195E77F812644E077C0ABFA4C54CDB03039
train,Song Sparrow,song_sparrow,Melospiza,melodia,480068,480068-8.wav,wavfiles/480068-8.wav,//www.xeno-canto.org/480068,//creativecommons.org/licenses/by-nc-sa/4.0/,Thomas G. Graves,2019-06-07,"call, song",618F6D5036C85BA7A993F33A62447D93973A0F792FF230D729C8021DD15821EC
train,Song Sparrow,song_sparrow,Melospiza,melodia,480068,480068-9.wav,wavfiles/480068-9.wav,//www.xeno-canto.org/480068,//creativecommons.org/licenses/by-nc-sa/4.0/,Thomas G. Graves,2019-06-07,"call, song",BEB75F3D73CC66076CECBA281224F06C56DA57AC42F2AF26613BB01942F2B8DD
train,Song Sparrow,song_sparrow,Melospiza,melodia,480224,480224-0.wav,wavfiles/480224-0.wav,//www.xeno-canto.org/480224,//creativecommons.org/licenses/by-nc-sa/4.0/,William Whitehead,2019-06-10,song,287634A3E6E4E7E4E80867CDEC9C37E745C5A282A7E758D85DDE46B10D68767F
train,Song Sparrow,song_sparrow,Melospiza,melodia,480224,480224-1.wav,wavfiles/480224-1.wav,//www.xeno-canto.org/480224,//creativecommons.org/licenses/by-nc-sa/4.0/,William Whitehead,2019-06-10,song,D6C16A955DBBDF9A36DAB708D6E559156E38BF0DA838A13194B88C7DA5DB2079
train,Song Sparrow,song_sparrow,Melospiza,melodia,480224,480224-10.wav,wavfiles/480224-10.wav,//www.xeno-canto.org/480224,//creativecommons.org/licenses/by-nc-sa/4.0/,William Whitehead,2019-06-10,song,6398D34C5E221929992807B8D5B95B156238ECA058A4DEC5B80A7B5BE8845A2D
train,Song Sparrow,song_sparrow,Melospiza,melodia,480224,480224-2.wav,wavfiles/480224-2.wav,//www.xeno-canto.org/480224,//creativecommons.org/licenses/by-nc-sa/4.0/,William Whitehead,2019-06-10,song,ACE90468F097147A5BCF72A2EDED7B41F4AE597C3052678C5FA4E890219F4865
train,Song Sparrow,song_sparrow,Melospiza,melodia,480224,480224-3.wav,wavfiles/480224-3.wav,//www.xeno-canto.org/480224,//creativecommons.org/licenses/by-nc-sa/4.0/,William Whitehead,2019-06-10,song,5615BF3107F798EDEE09380277241CE9DF2036F46A17355B3E73AAB0FE75283A
train,Song Sparrow,song_sparrow,Melospiza,melodia,480224,480224-4.wav,wavfiles/480224-4.wav,//www.xeno-canto.org/480224,//creativecommons.org/licenses/by-nc-sa/4.0/,William Whitehead,2019-06-10,song,7C6BC6D804696BE56AEA6696E8C894E495DEBFAE8FB38CF29241CB549F67AFBB
train,Song Sparrow,song_sparrow,Melospiza,melodia,480224,480224-5.wav,wavfiles/480224-5.wav,//www.xeno-canto.org/480224,//creativecommons.org/licenses/by-nc-sa/4.0/,William Whitehead,2019-06-10,song,3D584BC331FD2B63B1226144E7BD57979559B0846AC9C2C084B0B538CB3FDC07
train,Song Sparrow,song_sparrow,Melospiza,melodia,480224,480224-6.wav,wavfiles/480224-6.wav,//www.xeno-canto.org/480224,//creativecommons.org/licenses/by-nc-sa/4.0/,William Whitehead,2019-06-10,song,090A64CE51A769A49A86603752CA051BD66EB04D23510D33C1252B7A3EF6FAFC
train,Song Sparrow,song_sparrow,Melospiza,melodia,480224,480224-7.wav,wavfiles/480224-7.wav,//www.xeno-canto.org/480224,//creativecommons.org/licenses/by-nc-sa/4.0/,William Whitehead,2019-06-10,song,0E2EDA6CE6A65E205A10001B4E71AD2BFC0A1F6C44A169C2D4C1C3194E851B00
train,Song Sparrow,song_sparrow,Melospiza,melodia,482639,482639-12.wav,wavfiles/482639-12.wav,//www.xeno-canto.org/482639,//creativecommons.org/licenses/by-nc-sa/4.0/,William Whitehead,2019-06-21,song,F2A7ADC66B44785CB6023C9E19849AB8C8FCE6430F8085FFBC732DD106A7487D
train,Song Sparrow,song_sparrow,Melospiza,melodia,482639,482639-13.wav,wavfiles/482639-13.wav,//www.xeno-canto.org/482639,//creativecommons.org/licenses/by-nc-sa/4.0/,William Whitehead,2019-06-21,song,7D29F66939DFE553BAA2C8AD61FD2ED14CD3B4D12745D3CEBC08E0C26090EA8C
train,Song Sparrow,song_sparrow,Melospiza,melodia,482639,482639-8.wav,wavfiles/482639-8.wav,//www.xeno-canto.org/482639,//creativecommons.org/licenses/by-nc-sa/4.0/,William Whitehead,2019-06-21,song,4BC002074DC0D3A87228752D0E0454C29E0D19B8D7B6F3B1949C157614E090D7
train,Song Sparrow,song_sparrow,Melospiza,melodia,483220,483220-0.wav,wavfiles/483220-0.wav,//www.xeno-canto.org/483220,//creativecommons.org/licenses/by-nc-sa/4.0/,Eric Hough,2019-05-14,"male, song",1530B54649746EE10D593F9F9216158DFC384E88E26B2FF283E89E05A016C651
train,Song Sparrow,song_sparrow,Melospiza,melodia,483220,483220-1.wav,wavfiles/483220-1.wav,//www.xeno-canto.org/483220,//creativecommons.org/licenses/by-nc-sa/4.0/,Eric Hough,2019-05-14,"male, song",844AE58E5FDB5731D07F449E9C977E5B0229A8739FC5EACFD7B2CCFC993DC0D6
train,Song Sparrow,song_sparrow,Melospiza,melodia,483220,483220-13.wav,wavfiles/483220-13.wav,//www.xeno-canto.org/483220,//creativecommons.org/licenses/by-nc-sa/4.0/,Eric Hough,2019-05-14,"male, song",C4C092F6A3C1C084CB22D2BA6D312FF5479B17B1F30E7022EB8390D210CDA221
train,Song Sparrow,song_sparrow,Melospiza,melodia,483220,483220-2.wav,wavfiles/483220-2.wav,//www.xeno-canto.org/483220,//creativecommons.org/licenses/by-nc-sa/4.0/,Eric Hough,2019-05-14,"male, song",B631F2142980C71B4B39C029F3DC4C261B17C4E9AF7F49E94ACACA69F4D00069
train,Song Sparrow,song_sparrow,Melospiza,melodia,483220,483220-5.wav,wavfiles/483220-5.wav,//www.xeno-canto.org/483220,//creativecommons.org/licenses/by-nc-sa/4.0/,Eric Hough,2019-05-14,"male, song",6114C76C0347ACF04777067B6428EE09FB2068412F730913716392BC41C8E4D6
train,Song Sparrow,song_sparrow,Melospiza,melodia,483220,483220-6.wav,wavfiles/483220-6.wav,//www.xeno-canto.org/483220,//creativecommons.org/licenses/by-nc-sa/4.0/,Eric Hough,2019-05-14,"male, song",90722317EBFFDFDEB5BBA04FE6D0277D39DFC7F1A623BE29AA6AFC90030F979D
train,Song Sparrow,song_sparrow,Melospiza,melodia,483220,483220-7.wav,wavfiles/483220-7.wav,//www.xeno-canto.org/483220,//creativecommons.org/licenses/by-nc-sa/4.0/,Eric Hough,2019-05-14,"male, song",714722316165A01E27D24A3A020FE8B1478FF1F2BE5CBC9631B4FAEC2397F84C
train,Song Sparrow,song_sparrow,Melospiza,melodia,483884,483884-0.wav,wavfiles/483884-0.wav,//www.xeno-canto.org/483884,//creativecommons.org/licenses/by-nc-sa/4.0/,Barry Edmonston,2019-06-19,"male, song",E2D843560448516B39D97F835D8EEFA1E86CF9C47884765677F8EC3693EA09A1
train,Song Sparrow,song_sparrow,Melospiza,melodia,483884,483884-1.wav,wavfiles/483884-1.wav,//www.xeno-canto.org/483884,//creativecommons.org/licenses/by-nc-sa/4.0/,Barry Edmonston,2019-06-19,"male, song",6DEC165F3F2077C87B50B8E919982A0F296A23DAF5E851F2A8D5CDB78B9467FA
train,Song Sparrow,song_sparrow,Melospiza,melodia,483884,483884-10.wav,wavfiles/483884-10.wav,//www.xeno-canto.org/483884,//creativecommons.org/licenses/by-nc-sa/4.0/,Barry Edmonston,2019-06-19,"male, song",E699D1267F7B27902A602083AF15B451564EACCCFF413EF27D587B5E7E5E27A5
train,Song Sparrow,song_sparrow,Melospiza,melodia,483884,483884-2.wav,wavfiles/483884-2.wav,//www.xeno-canto.org/483884,//creativecommons.org/licenses/by-nc-sa/4.0/,Barry Edmonston,2019-06-19,"male, song",B95D33545452A71EB8717746107B61E49BDC312F1F84D8B0D7770397173E4308
train,Song Sparrow,song_sparrow,Melospiza,melodia,483884,483884-4.wav,wavfiles/483884-4.wav,//www.xeno-canto.org/483884,//creativecommons.org/licenses/by-nc-sa/4.0/,Barry Edmonston,2019-06-19,"male, song",A1994FF5764847E41F9EE13CAA9170F4C909BC3E97AB45CF7A22FFDE82072BA5
train,Song Sparrow,song_sparrow,Melospiza,melodia,483884,483884-5.wav,wavfiles/483884-5.wav,//www.xeno-canto.org/483884,//creativecommons.org/licenses/by-nc-sa/4.0/,Barry Edmonston,2019-06-19,"male, song",8526A64C87D5EAE2465BFE2D637180CDF701AC6D8015491ADEFFA4F94C2CE33E
train,Song Sparrow,song_sparrow,Melospiza,melodia,483884,483884-6.wav,wavfiles/483884-6.wav,//www.xeno-canto.org/483884,//creativecommons.org/licenses/by-nc-sa/4.0/,Barry Edmonston,2019-06-19,"male, song",915BA5ACFC68092B2E10AAABA9C452D553088B17ACACDAA452A946CB3AEEC25F
train,Song Sparrow,song_sparrow,Melospiza,melodia,483884,483884-7.wav,wavfiles/483884-7.wav,//www.xeno-canto.org/483884,//creativecommons.org/licenses/by-nc-sa/4.0/,Barry Edmonston,2019-06-19,"male, song",17E519AB4905500DB79E06E47E559EF37812066A003DB313C5D0FC75CCB87E4C
train,Song Sparrow,song_sparrow,Melospiza,melodia,483884,483884-8.wav,wavfiles/483884-8.wav,//www.xeno-canto.org/483884,//creativecommons.org/licenses/by-nc-sa/4.0/,Barry Edmonston,2019-06-19,"male, song",29E3ECD83E28104D85595B6004FE0C25BD160B48F5C32634BEE9092B857B6EE7
train,Song Sparrow,song_sparrow,Melospiza,melodia,483884,483884-9.wav,wavfiles/483884-9.wav,//www.xeno-canto.org/483884,//creativecommons.org/licenses/by-nc-sa/4.0/,Barry Edmonston,2019-06-19,"male, song",D4EC2C2E1580473F49D1EAD4D3EAB197E271DC709EB85E486FB20DAFF260C77D
train,Song Sparrow,song_sparrow,Melospiza,melodia,483978,483978-0.wav,wavfiles/483978-0.wav,//www.xeno-canto.org/483978,//creativecommons.org/licenses/by-nc-sa/4.0/,Paul Marvin,2019-06-26,song,4CFBD80AA8822B3E55991E4196276A52FE2187A15CEDEBAD1E8D787A9421D3BD
train,Song Sparrow,song_sparrow,Melospiza,melodia,483978,483978-1.wav,wavfiles/483978-1.wav,//www.xeno-canto.org/483978,//creativecommons.org/licenses/by-nc-sa/4.0/,Paul Marvin,2019-06-26,song,61463C0C4ADB32000E463BC0EFD897E12C5056B5E65D6E8F30E4316813EE97A7
train,Song Sparrow,song_sparrow,Melospiza,melodia,483978,483978-11.wav,wavfiles/483978-11.wav,//www.xeno-canto.org/483978,//creativecommons.org/licenses/by-nc-sa/4.0/,Paul Marvin,2019-06-26,song,A8BB6887A6B9268A4E981CCF5E0FB134BD91126F027754039775EC60063C01C7
train,Song Sparrow,song_sparrow,Melospiza,melodia,483978,483978-12.wav,wavfiles/483978-12.wav,//www.xeno-canto.org/483978,//creativecommons.org/licenses/by-nc-sa/4.0/,Paul Marvin,2019-06-26,song,9DB68F5699FC5A421E24765030DD02C9E107CA13D4CBEC5F7F4DABC3C0AE6092
train,Song Sparrow,song_sparrow,Melospiza,melodia,483978,483978-13.wav,wavfiles/483978-13.wav,//www.xeno-canto.org/483978,//creativecommons.org/licenses/by-nc-sa/4.0/,Paul Marvin,2019-06-26,song,7330A5FA800569DA7C191117A42201E513589AB1C9ECD9C91741F2526182E54A
train,Song Sparrow,song_sparrow,Melospiza,melodia,483978,483978-14.wav,wavfiles/483978-14.wav,//www.xeno-canto.org/483978,//creativecommons.org/licenses/by-nc-sa/4.0/,Paul Marvin,2019-06-26,song,BF93510B0374E9F138390CD179B9FB80BC7B733981E47DA1A2C09BEC73242274
train,Song Sparrow,song_sparrow,Melospiza,melodia,483978,483978-2.wav,wavfiles/483978-2.wav,//www.xeno-canto.org/483978,//creativecommons.org/licenses/by-nc-sa/4.0/,Paul Marvin,2019-06-26,song,FE8F6114339A7E651F40171EEB56EF6FD5A31E43CA87B4CB3A48BD3598A82F21
train,Song Sparrow,song_sparrow,Melospiza,melodia,483978,483978-3.wav,wavfiles/483978-3.wav,//www.xeno-canto.org/483978,//creativecommons.org/licenses/by-nc-sa/4.0/,Paul Marvin,2019-06-26,song,341ACBFBDFBEF76C6D20A6E9886EBC313E246A10145480D14246B6575C031C56
train,Song Sparrow,song_sparrow,Melospiza,melodia,483978,483978-4.wav,wavfiles/483978-4.wav,//www.xeno-canto.org/483978,//creativecommons.org/licenses/by-nc-sa/4.0/,Paul Marvin,2019-06-26,song,F043CDAFCC6E9C9B6B2F9DDBBC75906EA5D52C74895AF11F9F8A6DE5B374C0F4
train,Song Sparrow,song_sparrow,Melospiza,melodia,483978,483978-5.wav,wavfiles/483978-5.wav,//www.xeno-canto.org/483978,//creativecommons.org/licenses/by-nc-sa/4.0/,Paul Marvin,2019-06-26,song,A9A5A1D7C8FEF3CA51350EE9166D9C87AF2E7A12E7B72DC86E147581436488EC
train,Song Sparrow,song_sparrow,Melospiza,melodia,483978,483978-6.wav,wavfiles/483978-6.wav,//www.xeno-canto.org/483978,//creativecommons.org/licenses/by-nc-sa/4.0/,Paul Marvin,2019-06-26,song,ECF7E0AE6237BC4449AE2274E8C8437BAB97FE6E39ADE7B5BDF78FD620E89ED7
train,Song Sparrow,song_sparrow,Melospiza,melodia,483978,483978-7.wav,wavfiles/483978-7.wav,//www.xeno-canto.org/483978,//creativecommons.org/licenses/by-nc-sa/4.0/,Paul Marvin,2019-06-26,song,593D0FC163D294F9FA54C90C7279B12DC7319DC2B0F3942A2AC68ABE24F4D540
train,Song Sparrow,song_sparrow,Melospiza,melodia,483978,483978-8.wav,wavfiles/483978-8.wav,//www.xeno-canto.org/483978,//creativecommons.org/licenses/by-nc-sa/4.0/,Paul Marvin,2019-06-26,song,48BABE2EA6456E3D49BE4E0B5E11A4B22683673A1DC1F0E8371102B3194F662B
train,Song Sparrow,song_sparrow,Melospiza,melodia,493448,493448-0.wav,wavfiles/493448-0.wav,//www.xeno-canto.org/493448,//creativecommons.org/licenses/by-nc-sa/4.0/,William Whitehead,2018-07-13,song,946D2782EAFA5C912F60C4AA16D56ECAFB13731FAB5619C1860791416297A051
train,Song Sparrow,song_sparrow,Melospiza,melodia,493448,493448-1.wav,wavfiles/493448-1.wav,//www.xeno-canto.org/493448,//creativecommons.org/licenses/by-nc-sa/4.0/,William Whitehead,2018-07-13,song,58E5D44974398B5535834399F94AC7A20B3BC5ACC346CE12F889163BF574075A
train,Song Sparrow,song_sparrow,Melospiza,melodia,493448,493448-2.wav,wavfiles/493448-2.wav,//www.xeno-canto.org/493448,//creativecommons.org/licenses/by-nc-sa/4.0/,William Whitehead,2018-07-13,song,051A2C2E515EE5230B2DFED330D22F16D373D0ACCA6A220AC1F56CD9668363A7
train,Song Sparrow,song_sparrow,Melospiza,melodia,493448,493448-3.wav,wavfiles/493448-3.wav,//www.xeno-canto.org/493448,//creativecommons.org/licenses/by-nc-sa/4.0/,William Whitehead,2018-07-13,song,DF8367A78CA50C2F5EA013BCFC5D7FD33D34100E983BFBB493A83FA54D1ACE46
train,Song Sparrow,song_sparrow,Melospiza,melodia,493448,493448-4.wav,wavfiles/493448-4.wav,//www.xeno-canto.org/493448,//creativecommons.org/licenses/by-nc-sa/4.0/,William Whitehead,2018-07-13,song,D2B2A0CBFEBAEC7338482387FB6821000D1DFC3632B95C3B65E0AC2B1B6C1C45
train,Song Sparrow,song_sparrow,Melospiza,melodia,493448,493448-5.wav,wavfiles/493448-5.wav,//www.xeno-canto.org/493448,//creativecommons.org/licenses/by-nc-sa/4.0/,William Whitehead,2018-07-13,song,7047C9A5CD273D8222E79EE69971EB503FC9FB9115A392D91034BE02464DDD7B
train,Song Sparrow,song_sparrow,Melospiza,melodia,493448,493448-6.wav,wavfiles/493448-6.wav,//www.xeno-canto.org/493448,//creativecommons.org/licenses/by-nc-sa/4.0/,William Whitehead,2018-07-13,song,EF87B7FF70188A047E799C38F6221F53D6BC70DC283889EA0688DCDDEF0C7851
train,Song Sparrow,song_sparrow,Melospiza,melodia,493448,493448-7.wav,wavfiles/493448-7.wav,//www.xeno-canto.org/493448,//creativecommons.org/licenses/by-nc-sa/4.0/,William Whitehead,2018-07-13,song,A0B092BCE7B7BFAF23813E71D0FA244E0474041B22966E56AE0E4568C4D4ED00
train,Song Sparrow,song_sparrow,Melospiza,melodia,549591,549591-0.wav,wavfiles/549591-0.wav,//www.xeno-canto.org/549591,//creativecommons.org/licenses/by-nc-sa/4.0/,Bruce Lagerquist,2020-04-19,"adult, sex uncertain, song",64B0E295FD0822ECD74F4C94F562649086111C0ECF217623039183E7D1925654
train,Song Sparrow,song_sparrow,Melospiza,melodia,549591,549591-1.wav,wavfiles/549591-1.wav,//www.xeno-canto.org/549591,//creativecommons.org/licenses/by-nc-sa/4.0/,Bruce Lagerquist,2020-04-19,"adult, sex uncertain, song",708AA6538228D2C6B628318F2FB15224CE70B5794B769D96DBD28BB430D62A9A
train,Song Sparrow,song_sparrow,Melospiza,melodia,549591,549591-10.wav,wavfiles/549591-10.wav,//www.xeno-canto.org/549591,//creativecommons.org/licenses/by-nc-sa/4.0/,Bruce Lagerquist,2020-04-19,"adult, sex uncertain, song",263E1420493DE9FF75CC60187F984F37F4DFFE21598A4D11C83AB4DF0E1FE2BF
train,Song Sparrow,song_sparrow,Melospiza,melodia,549591,549591-11.wav,wavfiles/549591-11.wav,//www.xeno-canto.org/549591,//creativecommons.org/licenses/by-nc-sa/4.0/,Bruce Lagerquist,2020-04-19,"adult, sex uncertain, song",3684A4922245C4B7AF06832D0B4C5CBCE7C677B1F3F0E0AA4B900E6B5A51E058
train,Song Sparrow,song_sparrow,Melospiza,melodia,549591,549591-2.wav,wavfiles/549591-2.wav,//www.xeno-canto.org/549591,//creativecommons.org/licenses/by-nc-sa/4.0/,Bruce Lagerquist,2020-04-19,"adult, sex uncertain, song",731C145684B9E3DBCCA76CD22A624D8964377576E38B0CEE34B94F6A5D57D5A9
train,Song Sparrow,song_sparrow,Melospiza,melodia,549591,549591-3.wav,wavfiles/549591-3.wav,//www.xeno-canto.org/549591,//creativecommons.org/licenses/by-nc-sa/4.0/,Bruce Lagerquist,2020-04-19,"adult, sex uncertain, song",70A594A8E2AAACEA00B9716C4A7472442BE9E31E937977135760A31A50F6FEF2
train,Song Sparrow,song_sparrow,Melospiza,melodia,549591,549591-4.wav,wavfiles/549591-4.wav,//www.xeno-canto.org/549591,//creativecommons.org/licenses/by-nc-sa/4.0/,Bruce Lagerquist,2020-04-19,"adult, sex uncertain, song",DFFFF46472CB8FD5EB4FDD978BF891497A326518447844244894B3DC59AD29E2
train,Song Sparrow,song_sparrow,Melospiza,melodia,549591,549591-5.wav,wavfiles/549591-5.wav,//www.xeno-canto.org/549591,//creativecommons.org/licenses/by-nc-sa/4.0/,Bruce Lagerquist,2020-04-19,"adult, sex uncertain, song",2AA5BA4962BCB3C281C162C3682CCF9A11EF9BDDB602462DA40764FDAE7E5164
train,Song Sparrow,song_sparrow,Melospiza,melodia,549591,549591-6.wav,wavfiles/549591-6.wav,//www.xeno-canto.org/549591,//creativecommons.org/licenses/by-nc-sa/4.0/,Bruce Lagerquist,2020-04-19,"adult, sex uncertain, song",C5EA32B6E3EC6BEBB1B42168224DF09CF99FA68E10C0051F46487592E675ED5F
train,Song Sparrow,song_sparrow,Melospiza,melodia,549591,549591-7.wav,wavfiles/549591-7.wav,//www.xeno-canto.org/549591,//creativecommons.org/licenses/by-nc-sa/4.0/,Bruce Lagerquist,2020-04-19,"adult, sex uncertain, song",0351CE4886B5E7E5085B73AC7ACDE22E2C8FBDFD1D18D2E41334F42E524357E8
train,Song Sparrow,song_sparrow,Melospiza,melodia,549591,549591-8.wav,wavfiles/549591-8.wav,//www.xeno-canto.org/549591,//creativecommons.org/licenses/by-nc-sa/4.0/,Bruce Lagerquist,2020-04-19,"adult, sex uncertain, song",9717A056CFEC8A0AF4313FBC91C062E125B401A1D9D4CA31289CC45295BFA8A8
train,Song Sparrow,song_sparrow,Melospiza,melodia,549591,549591-9.wav,wavfiles/549591-9.wav,//www.xeno-canto.org/549591,//creativecommons.org/licenses/by-nc-sa/4.0/,Bruce Lagerquist,2020-04-19,"adult, sex uncertain, song",89463D4B6D48F3D50F80266666AE60FD24548651EC0A7E5E5D9EFE404FBC26C5
train,Song Sparrow,song_sparrow,Melospiza,melodia,557836,557836-0.wav,wavfiles/557836-0.wav,//www.xeno-canto.org/557836,//creativecommons.org/licenses/by-nc-sa/4.0/,Whitney Neufeld-Kaiser,2014-03-14,"adult, sex uncertain, song",141578AF83D2C8612F32AF7FB54F4B62E4A813D6DFAEDE9E5D7B9F95D6ECCE84
train,Song Sparrow,song_sparrow,Melospiza,melodia,557836,557836-1.wav,wavfiles/557836-1.wav,//www.xeno-canto.org/557836,//creativecommons.org/licenses/by-nc-sa/4.0/,Whitney Neufeld-Kaiser,2014-03-14,"adult, sex uncertain, song",427EB8FF041D1DE9723D2C917EE7F7FA83F5FBF2DAB1F836930142E9D4552C67
train,Song Sparrow,song_sparrow,Melospiza,melodia,557836,557836-11.wav,wavfiles/557836-11.wav,//www.xeno-canto.org/557836,//creativecommons.org/licenses/by-nc-sa/4.0/,Whitney Neufeld-Kaiser,2014-03-14,"adult, sex uncertain, song",26349501D008E57FCA7D155871C336B74F7688A2C153B5899FAAFFF6F5AE1FE9
train,Song Sparrow,song_sparrow,Melospiza,melodia,557836,557836-2.wav,wavfiles/557836-2.wav,//www.xeno-canto.org/557836,//creativecommons.org/licenses/by-nc-sa/4.0/,Whitney Neufeld-Kaiser,2014-03-14,"adult, sex uncertain, song",38E7A124BB5D16C5A1F6C7137898D6C10A9DF4EC58BBF72488A70D2B2F22F3EA
train,Song Sparrow,song_sparrow,Melospiza,melodia,557836,557836-3.wav,wavfiles/557836-3.wav,//www.xeno-canto.org/557836,//creativecommons.org/licenses/by-nc-sa/4.0/,Whitney Neufeld-Kaiser,2014-03-14,"adult, sex uncertain, song",8D4AA5E2F4BC4D69E1C4B1DBB20821DAE44E60315A3FA257F19D5052005680C1
train,Song Sparrow,song_sparrow,Melospiza,melodia,557836,557836-4.wav,wavfiles/557836-4.wav,//www.xeno-canto.org/557836,//creativecommons.org/licenses/by-nc-sa/4.0/,Whitney Neufeld-Kaiser,2014-03-14,"adult, sex uncertain, song",B8E6514AF98E82BDF00CC1263D8E45369747D020A7E3BBC25F29BD90AEE10255
train,Song Sparrow,song_sparrow,Melospiza,melodia,557836,557836-5.wav,wavfiles/557836-5.wav,//www.xeno-canto.org/557836,//creativecommons.org/licenses/by-nc-sa/4.0/,Whitney Neufeld-Kaiser,2014-03-14,"adult, sex uncertain, song",DB14A7D24E54D7B3D04CA2DEA6BEA757CF590767A5F038936B27EFC2B1704804
train,Song Sparrow,song_sparrow,Melospiza,melodia,557836,557836-6.wav,wavfiles/557836-6.wav,//www.xeno-canto.org/557836,//creativecommons.org/licenses/by-nc-sa/4.0/,Whitney Neufeld-Kaiser,2014-03-14,"adult, sex uncertain, song",E41050A77ADDB760B58890F4CE45612A0D7752E2BF82D82B3D0AC55FF4505FBF
train,Song Sparrow,song_sparrow,Melospiza,melodia,557836,557836-7.wav,wavfiles/557836-7.wav,//www.xeno-canto.org/557836,//creativecommons.org/licenses/by-nc-sa/4.0/,Whitney Neufeld-Kaiser,2014-03-14,"adult, sex uncertain, song",EF3961D931F562CCC9C7E4A68BD3874F7CFF9F12D2D6C8DD51FE3F6B967C4E35
train,Song Sparrow,song_sparrow,Melospiza,melodia,557836,557836-8.wav,wavfiles/557836-8.wav,//www.xeno-canto.org/557836,//creativecommons.org/licenses/by-nc-sa/4.0/,Whitney Neufeld-Kaiser,2014-03-14,"adult, sex uncertain, song",FD263D9BD9795763E3D00351B6CB8A25E7848AD78DFF55CA7907058FBBB56F20
train,Song Sparrow,song_sparrow,Melospiza,melodia,558357,558357-0.wav,wavfiles/558357-0.wav,//www.xeno-canto.org/558357,//creativecommons.org/licenses/by-nc-sa/4.0/,Steve Hampton,2018-06-20,song,A1EA8D74DB37BB4890D62AC0D3D20D0006C0B10AFDF748BD049DEE3F10BCD4CF
train,Song Sparrow,song_sparrow,Melospiza,melodia,558357,558357-1.wav,wavfiles/558357-1.wav,//www.xeno-canto.org/558357,//creativecommons.org/licenses/by-nc-sa/4.0/,Steve Hampton,2018-06-20,song,E7C8CD4C2E1D0AE97A018E50772578CE5B581BE7AE83E4DE292CB0B12BD1318B
train,Song Sparrow,song_sparrow,Melospiza,melodia,558357,558357-2.wav,wavfiles/558357-2.wav,//www.xeno-canto.org/558357,//creativecommons.org/licenses/by-nc-sa/4.0/,Steve Hampton,2018-06-20,song,4D610761CB2F4F897F2FA4988CE2AA35146CC8C48D822DCA6659EE1A204416A1
train,Song Sparrow,song_sparrow,Melospiza,melodia,558357,558357-3.wav,wavfiles/558357-3.wav,//www.xeno-canto.org/558357,//creativecommons.org/licenses/by-nc-sa/4.0/,Steve Hampton,2018-06-20,song,B5EF24DDE63F9C6B1570E0480D16D7D595DC4F511C27501F4D9531C830540074
train,Song Sparrow,song_sparrow,Melospiza,melodia,558357,558357-4.wav,wavfiles/558357-4.wav,//www.xeno-canto.org/558357,//creativecommons.org/licenses/by-nc-sa/4.0/,Steve Hampton,2018-06-20,song,3B6719C3C6FC5B724E69A301F45803A8862801A6828ED928FB5088408B119A43
train,Song Sparrow,song_sparrow,Melospiza,melodia,558357,558357-5.wav,wavfiles/558357-5.wav,//www.xeno-canto.org/558357,//creativecommons.org/licenses/by-nc-sa/4.0/,Steve Hampton,2018-06-20,song,CC6ADA23BC1857DCF4DE084AF7CB7782514E1DF5E5DE7C5466F3CCA68DAA49D5
train,Song Sparrow,song_sparrow,Melospiza,melodia,558357,558357-8.wav,wavfiles/558357-8.wav,//www.xeno-canto.org/558357,//creativecommons.org/licenses/by-nc-sa/4.0/,Steve Hampton,2018-06-20,song,DF57BA0CFC9912B214C815D41010E20533978FAEEFA1622C0185EE0BCBEE93C6
train,Song Sparrow,song_sparrow,Melospiza,melodia,561356,561356-0.wav,wavfiles/561356-0.wav,//www.xeno-canto.org/561356,//creativecommons.org/licenses/by-nc-sa/4.0/,Thomas G. Graves,2020-05-21,"adult, male, song",B6838EDDFCB92B9F23F287FD3616616688FD223F7C31D78A8F62442B9939CA71
train,Song Sparrow,song_sparrow,Melospiza,melodia,561356,561356-1.wav,wavfiles/561356-1.wav,//www.xeno-canto.org/561356,//creativecommons.org/licenses/by-nc-sa/4.0/,Thomas G. Graves,2020-05-21,"adult, male, song",241E19192C2A18A0F3FEF5A2C10BBF96472B2439C043298DE8F5B60544B99AEE
train,Song Sparrow,song_sparrow,Melospiza,melodia,561356,561356-2.wav,wavfiles/561356-2.wav,//www.xeno-canto.org/561356,//creativecommons.org/licenses/by-nc-sa/4.0/,Thomas G. Graves,2020-05-21,"adult, male, song",49B45F46E6269446416DD05FAEB6D43F7ACEE3B4226E6B82B95141AB459BBB6E
train,Song Sparrow,song_sparrow,Melospiza,melodia,561356,561356-3.wav,wavfiles/561356-3.wav,//www.xeno-canto.org/561356,//creativecommons.org/licenses/by-nc-sa/4.0/,Thomas G. Graves,2020-05-21,"adult, male, song",0F4C30A3F360A4F86908A0F7E0057DA6E2F6B1636648703C6057F97BFEA692DA
train,Song Sparrow,song_sparrow,Melospiza,melodia,561356,561356-4.wav,wavfiles/561356-4.wav,//www.xeno-canto.org/561356,//creativecommons.org/licenses/by-nc-sa/4.0/,Thomas G. Graves,2020-05-21,"adult, male, song",C3C2F9866B5942C102A9D72623D37FCFB2DBA4F9F64EC76FAC534730CB531A5A
train,Song Sparrow,song_sparrow,Melospiza,melodia,561356,561356-5.wav,wavfiles/561356-5.wav,//www.xeno-canto.org/561356,//creativecommons.org/licenses/by-nc-sa/4.0/,Thomas G. Graves,2020-05-21,"adult, male, song",4EF059D18FBFE94ED5AB753062CDD690914E733C7D7E38C3E61E8616057868DB
train,Song Sparrow,song_sparrow,Melospiza,melodia,561356,561356-6.wav,wavfiles/561356-6.wav,//www.xeno-canto.org/561356,//creativecommons.org/licenses/by-nc-sa/4.0/,Thomas G. Graves,2020-05-21,"adult, male, song",8A229148ED834A8064B146718647266475CF4774457360E8D00971E2325BFF32
train,Song Sparrow,song_sparrow,Melospiza,melodia,561356,561356-7.wav,wavfiles/561356-7.wav,//www.xeno-canto.org/561356,//creativecommons.org/licenses/by-nc-sa/4.0/,Thomas G. Graves,2020-05-21,"adult, male, song",22C17A135E5FF6EE7B7739F243FF909C5EDAEE2273226AB6B1B858CB0D7365C7
train,Song Sparrow,song_sparrow,Melospiza,melodia,561356,561356-8.wav,wavfiles/561356-8.wav,//www.xeno-canto.org/561356,//creativecommons.org/licenses/by-nc-sa/4.0/,Thomas G. Graves,2020-05-21,"adult, male, song",EB1B86BA5973E55EDB64A15494FCB3255F423AF3265A896CCA130F12690FCC4D
train,Song Sparrow,song_sparrow,Melospiza,melodia,565242,565242-0.wav,wavfiles/565242-0.wav,//www.xeno-canto.org/565242,//creativecommons.org/licenses/by-nc-sa/4.0/,Matt Wistrand,2020-06-04,song,F78082F19A0551C3B08CF7510F96D7CC79966E6E51C2B3488AA179C839A46266
train,Song Sparrow,song_sparrow,Melospiza,melodia,565242,565242-1.wav,wavfiles/565242-1.wav,//www.xeno-canto.org/565242,//creativecommons.org/licenses/by-nc-sa/4.0/,Matt Wistrand,2020-06-04,song,7CA9AE3FC9AC154AF928B26C8373943DE6C2E488A2E373E02E70BE3FE7BB9711
train,Song Sparrow,song_sparrow,Melospiza,melodia,565242,565242-2.wav,wavfiles/565242-2.wav,//www.xeno-canto.org/565242,//creativecommons.org/licenses/by-nc-sa/4.0/,Matt Wistrand,2020-06-04,song,4C76F263C4944344D8070157DA3A28452ACB5F6B3C8F2DEE7163A35AF52F2926
train,Song Sparrow,song_sparrow,Melospiza,melodia,565242,565242-4.wav,wavfiles/565242-4.wav,//www.xeno-canto.org/565242,//creativecommons.org/licenses/by-nc-sa/4.0/,Matt Wistrand,2020-06-04,song,7229E20DDDBC825485201F5F0817E44CF5F01486A9FCBF0E2B0D282ED5345FF4
train,Song Sparrow,song_sparrow,Melospiza,melodia,565242,565242-5.wav,wavfiles/565242-5.wav,//www.xeno-canto.org/565242,//creativecommons.org/licenses/by-nc-sa/4.0/,Matt Wistrand,2020-06-04,song,CAFBFBE023E11CB0C88BE1000390F28535EFF3911E7EA4B932EC34F0C9581014
train,Song Sparrow,song_sparrow,Melospiza,melodia,565242,565242-6.wav,wavfiles/565242-6.wav,//www.xeno-canto.org/565242,//creativecommons.org/licenses/by-nc-sa/4.0/,Matt Wistrand,2020-06-04,song,02EA2E0DE9EFF46C878AE5780C82EF580938B102A5638973DB196FA526662BE4
validation,American Robin,american_robin,Turdus,migratorius,165272,165272-0.wav,wavfiles/165272-0.wav,//www.xeno-canto.org/165272,//creativecommons.org/licenses/by-nc-sa/3.0/,Paul Marvin,2013-04-23,"call, song",F0CA2EA558E2D99EF2F82B3E907AB2A2ADBBE27A2987426A9DE3D892D696AADC
validation,American Robin,american_robin,Turdus,migratorius,165272,165272-1.wav,wavfiles/165272-1.wav,//www.xeno-canto.org/165272,//creativecommons.org/licenses/by-nc-sa/3.0/,Paul Marvin,2013-04-23,"call, song",2B9BC6F7956DB6581D6B30F100AF070B22E888C0C3DBCE339552FC680B56BB03
validation,American Robin,american_robin,Turdus,migratorius,165272,165272-10.wav,wavfiles/165272-10.wav,//www.xeno-canto.org/165272,//creativecommons.org/licenses/by-nc-sa/3.0/,Paul Marvin,2013-04-23,"call, song",4B08F49490FE5BED0E860BAB303D55D5E9CCD662622C0C09D54E6EDB213AD407
validation,American Robin,american_robin,Turdus,migratorius,165272,165272-11.wav,wavfiles/165272-11.wav,//www.xeno-canto.org/165272,//creativecommons.org/licenses/by-nc-sa/3.0/,Paul Marvin,2013-04-23,"call, song",55ADF0AEFA914E69E1CA0C1C748E4DDC95C827ED5D52DBD2FD64D0D7D150E0CF
validation,American Robin,american_robin,Turdus,migratorius,165272,165272-13.wav,wavfiles/165272-13.wav,//www.xeno-canto.org/165272,//creativecommons.org/licenses/by-nc-sa/3.0/,Paul Marvin,2013-04-23,"call, song",B9DA212BE8DC2085227ECAF87027D2DDBAF1DE848E389406E458BC65DCB69303
validation,American Robin,american_robin,Turdus,migratorius,165272,165272-2.wav,wavfiles/165272-2.wav,//www.xeno-canto.org/165272,//creativecommons.org/licenses/by-nc-sa/3.0/,Paul Marvin,2013-04-23,"call, song",C3BF54CA4F0E6AB5371B524CE0293A36DA7C78F2A9B82B99E8683829FFAE1813
validation,American Robin,american_robin,Turdus,migratorius,165272,165272-3.wav,wavfiles/165272-3.wav,//www.xeno-canto.org/165272,//creativecommons.org/licenses/by-nc-sa/3.0/,Paul Marvin,2013-04-23,"call, song",4A2AFB2C877EF48554337A291C55BFEF6D1C956E3CD0CC1FDD049A1429490714
validation,American Robin,american_robin,Turdus,migratorius,165272,165272-4.wav,wavfiles/165272-4.wav,//www.xeno-canto.org/165272,//creativecommons.org/licenses/by-nc-sa/3.0/,Paul Marvin,2013-04-23,"call, song",58F4DC896BE4BE14077E98D03118E598BC652D39FF7D1BA99C101275843EA3C5
validation,American Robin,american_robin,Turdus,migratorius,165272,165272-5.wav,wavfiles/165272-5.wav,//www.xeno-canto.org/165272,//creativecommons.org/licenses/by-nc-sa/3.0/,Paul Marvin,2013-04-23,"call, song",1BC193F6E046B67B8F6978AD7220D2B35EBCF8EF2B3EC41A6E43BD9654D03179
validation,American Robin,american_robin,Turdus,migratorius,165272,165272-6.wav,wavfiles/165272-6.wav,//www.xeno-canto.org/165272,//creativecommons.org/licenses/by-nc-sa/3.0/,Paul Marvin,2013-04-23,"call, song",87BB48D37EA083FF050F5F8906CB5603FEF46C548094DD46355C5B24AE650E86
validation,American Robin,american_robin,Turdus,migratorius,165272,165272-7.wav,wavfiles/165272-7.wav,//www.xeno-canto.org/165272,//creativecommons.org/licenses/by-nc-sa/3.0/,Paul Marvin,2013-04-23,"call, song",EFC2B8D77D4078D642876A5EBAF002D64EAC5A8CE24808E983CC07C17E6E0377
validation,American Robin,american_robin,Turdus,migratorius,165272,165272-8.wav,wavfiles/165272-8.wav,//www.xeno-canto.org/165272,//creativecommons.org/licenses/by-nc-sa/3.0/,Paul Marvin,2013-04-23,"call, song",A0A659961D4F1AB87C1E94D1F0AB69764BD2FF75BA775064B86F84201459503C
validation,American Robin,american_robin,Turdus,migratorius,165272,165272-9.wav,wavfiles/165272-9.wav,//www.xeno-canto.org/165272,//creativecommons.org/licenses/by-nc-sa/3.0/,Paul Marvin,2013-04-23,"call, song",4E0463BF1F3D1CFAFDFC8A91C075C3C557B32786CC6A6976EC685250CC20BF5E
validation,American Robin,american_robin,Turdus,migratorius,165291,165291-0.wav,wavfiles/165291-0.wav,//www.xeno-canto.org/165291,//creativecommons.org/licenses/by-nc-sa/3.0/,Paul Marvin,2011-05-16,song,852BD75A5310F4344A25054D78397F4BC4F3DAAD0BC94E6EA2C0CA4032467062
validation,American Robin,american_robin,Turdus,migratorius,165291,165291-10.wav,wavfiles/165291-10.wav,//www.xeno-canto.org/165291,//creativecommons.org/licenses/by-nc-sa/3.0/,Paul Marvin,2011-05-16,song,69F9461F5190979ADF96030CA7ED4876FF5124E216C944C0BC97BA0D8C2C7059
validation,American Robin,american_robin,Turdus,migratorius,165291,165291-11.wav,wavfiles/165291-11.wav,//www.xeno-canto.org/165291,//creativecommons.org/licenses/by-nc-sa/3.0/,Paul Marvin,2011-05-16,song,15EAB54FFAA9C01249C209B74D161F3C2C0514B234DE87F29016CE6F7CBCAF30
validation,American Robin,american_robin,Turdus,migratorius,165291,165291-12.wav,wavfiles/165291-12.wav,//www.xeno-canto.org/165291,//creativecommons.org/licenses/by-nc-sa/3.0/,Paul Marvin,2011-05-16,song,C0FCB4B34269C1F25FCC043499A3DFD25201B60B2DDA009225A53409B1C22147
validation,American Robin,american_robin,Turdus,migratorius,165291,165291-13.wav,wavfiles/165291-13.wav,//www.xeno-canto.org/165291,//creativecommons.org/licenses/by-nc-sa/3.0/,Paul Marvin,2011-05-16,song,71A32491A231B5BD942C534E1DAEC9BCDA46CEF5551AD22FED87E912871C6AAD
validation,American Robin,american_robin,Turdus,migratorius,165291,165291-14.wav,wavfiles/165291-14.wav,//www.xeno-canto.org/165291,//creativecommons.org/licenses/by-nc-sa/3.0/,Paul Marvin,2011-05-16,song,BF7190EDB7EF964CEF3FE6D9D59FE6BA7644202FEDA1DED9ABC014560498999D
validation,American Robin,american_robin,Turdus,migratorius,165291,165291-4.wav,wavfiles/165291-4.wav,//www.xeno-canto.org/165291,//creativecommons.org/licenses/by-nc-sa/3.0/,Paul Marvin,2011-05-16,song,21C5E77D32E2E25F77A5D094CF8DA361BEC4A1C90C99D76391F67405D811C96D
validation,American Robin,american_robin,Turdus,migratorius,165291,165291-5.wav,wavfiles/165291-5.wav,//www.xeno-canto.org/165291,//creativecommons.org/licenses/by-nc-sa/3.0/,Paul Marvin,2011-05-16,song,FA8518BE083284893ED355CB1930436A180EBBECD3C1011032D2E5919F7F9716
validation,American Robin,american_robin,Turdus,migratorius,165291,165291-6.wav,wavfiles/165291-6.wav,//www.xeno-canto.org/165291,//creativecommons.org/licenses/by-nc-sa/3.0/,Paul Marvin,2011-05-16,song,41853B45695A8D2C435017834A392908BD18772BC68C512DD73B6560F1CD32B6
validation,American Robin,american_robin,Turdus,migratorius,165291,165291-7.wav,wavfiles/165291-7.wav,//www.xeno-canto.org/165291,//creativecommons.org/licenses/by-nc-sa/3.0/,Paul Marvin,2011-05-16,song,B84A7F3FDC36BE8E50B473A3DB0B0E289C0FDB21E836D2CB5A787C61C287016E
validation,American Robin,american_robin,Turdus,migratorius,165291,165291-8.wav,wavfiles/165291-8.wav,//www.xeno-canto.org/165291,//creativecommons.org/licenses/by-nc-sa/3.0/,Paul Marvin,2011-05-16,song,65E3E2660B88426729C9790998008E40237B796DF77B204DDB5BF8018D7888C4
validation,American Robin,american_robin,Turdus,migratorius,165291,165291-9.wav,wavfiles/165291-9.wav,//www.xeno-canto.org/165291,//creativecommons.org/licenses/by-nc-sa/3.0/,Paul Marvin,2011-05-16,song,6B55CBF8397D673098BA8AD9A9C40629A407B18E9A6A35053EB386CC5721C886
validation,American Robin,american_robin,Turdus,migratorius,165292,165292-0.wav,wavfiles/165292-0.wav,//www.xeno-canto.org/165292,//creativecommons.org/licenses/by-nc-sa/3.0/,Paul Marvin,2011-05-16,song,4BF28400D91EB81FC424050760B3787D113A15DA8F81A63164FC01100E880A52
validation,American Robin,american_robin,Turdus,migratorius,165292,165292-1.wav,wavfiles/165292-1.wav,//www.xeno-canto.org/165292,//creativecommons.org/licenses/by-nc-sa/3.0/,Paul Marvin,2011-05-16,song,E9ED0F4A58D3DFE055808F09163E37ED5B53906B6A74755F5D5FF2449B38532D
validation,American Robin,american_robin,Turdus,migratorius,165292,165292-10.wav,wavfiles/165292-10.wav,//www.xeno-canto.org/165292,//creativecommons.org/licenses/by-nc-sa/3.0/,Paul Marvin,2011-05-16,song,57C04066748AAE927CA69694F8BF299B475911E0050F9A99B493DC74CB5B4F71
validation,American Robin,american_robin,Turdus,migratorius,165292,165292-11.wav,wavfiles/165292-11.wav,//www.xeno-canto.org/165292,//creativecommons.org/licenses/by-nc-sa/3.0/,Paul Marvin,2011-05-16,song,FDF50224CFED656E0CB014ED2024C5F1BAFD6A7C4CACAB19E021B5D3C7F11420
validation,American Robin,american_robin,Turdus,migratorius,165292,165292-2.wav,wavfiles/165292-2.wav,//www.xeno-canto.org/165292,//creativecommons.org/licenses/by-nc-sa/3.0/,Paul Marvin,2011-05-16,song,1148B02C962A83E5747ADAE04C70B91E1D19DFE6D2C6A4C231ED77E1A63C0513
validation,American Robin,american_robin,Turdus,migratorius,165292,165292-3.wav,wavfiles/165292-3.wav,//www.xeno-canto.org/165292,//creativecommons.org/licenses/by-nc-sa/3.0/,Paul Marvin,2011-05-16,song,A19108E9851DC7DA4D60FB2DD0D423E92CBAA98653074F9E32A4F4E4E5B2D48F
validation,American Robin,american_robin,Turdus,migratorius,165292,165292-4.wav,wavfiles/165292-4.wav,//www.xeno-canto.org/165292,//creativecommons.org/licenses/by-nc-sa/3.0/,Paul Marvin,2011-05-16,song,3DBD502ED593998F4A394185AB198F4F4CB91DA3065C280E66512DBD3469DF38
validation,American Robin,american_robin,Turdus,migratorius,165292,165292-5.wav,wavfiles/165292-5.wav,//www.xeno-canto.org/165292,//creativecommons.org/licenses/by-nc-sa/3.0/,Paul Marvin,2011-05-16,song,AEFFCAA0322A362568CE602A383009A01F66BED02731F20A4B40331ED5C89DE3
validation,American Robin,american_robin,Turdus,migratorius,165292,165292-8.wav,wavfiles/165292-8.wav,//www.xeno-canto.org/165292,//creativecommons.org/licenses/by-nc-sa/3.0/,Paul Marvin,2011-05-16,song,746AB9734712864AB4A021F6D177A693C546190E5C0095FB0137D6794416816E
validation,American Robin,american_robin,Turdus,migratorius,165292,165292-9.wav,wavfiles/165292-9.wav,//www.xeno-canto.org/165292,//creativecommons.org/licenses/by-nc-sa/3.0/,Paul Marvin,2011-05-16,song,03AD0A554A5C86E1CA1D96A3276641C4B6335E86BF4EDDEECF8D5C1935FF00D4
validation,American Robin,american_robin,Turdus,migratorius,190473,190473-0.wav,wavfiles/190473-0.wav,//www.xeno-canto.org/190473,//creativecommons.org/licenses/by-nc-nd/4.0/,Krzysztof Deoniziak,2014-08-08,"male, song",E35256C1D9C010E4DC0C0378AC4A3BEE7278118C3312F29B25D87F7B0CFFD8D9
validation,American Robin,american_robin,Turdus,migratorius,190473,190473-1.wav,wavfiles/190473-1.wav,//www.xeno-canto.org/190473,//creativecommons.org/licenses/by-nc-nd/4.0/,Krzysztof Deoniziak,2014-08-08,"male, song",056AED1DE92156BB37EC778178DC950C593AFE0BDF8F9794A824E27002D5AA6A
validation,American Robin,american_robin,Turdus,migratorius,190473,190473-10.wav,wavfiles/190473-10.wav,//www.xeno-canto.org/190473,//creativecommons.org/licenses/by-nc-nd/4.0/,Krzysztof Deoniziak,2014-08-08,"male, song",87C993155BF64E59BA6F67102560464F488E48AE654BC84D123ABE2F62D19F5E
validation,American Robin,american_robin,Turdus,migratorius,190473,190473-11.wav,wavfiles/190473-11.wav,//www.xeno-canto.org/190473,//creativecommons.org/licenses/by-nc-nd/4.0/,Krzysztof Deoniziak,2014-08-08,"male, song",C8B5A20EDBEAB00F0EB16E0AAE1647FCF54816B16F395521B89A5E2143190C42
validation,American Robin,american_robin,Turdus,migratorius,190473,190473-12.wav,wavfiles/190473-12.wav,//www.xeno-canto.org/190473,//creativecommons.org/licenses/by-nc-nd/4.0/,Krzysztof Deoniziak,2014-08-08,"male, song",8008B0CA80AADA67011BD3DADEB5F45ED85FA9E034A8DE034F93A5113ED19B90
validation,American Robin,american_robin,Turdus,migratorius,190473,190473-13.wav,wavfiles/190473-13.wav,//www.xeno-canto.org/190473,//creativecommons.org/licenses/by-nc-nd/4.0/,Krzysztof Deoniziak,2014-08-08,"male, song",B1C7C9A4B8C49ED3F9FF59324B2A34C54635CE3E58395E27860CABDBE0DF7EC3
validation,American Robin,american_robin,Turdus,migratorius,190473,190473-14.wav,wavfiles/190473-14.wav,//www.xeno-canto.org/190473,//creativecommons.org/licenses/by-nc-nd/4.0/,Krzysztof Deoniziak,2014-08-08,"male, song",82393C7C0D1B1056CBAC36DB3B5F1A5BE34A77A17DF1A86263DFB986AF268E24
validation,American Robin,american_robin,Turdus,migratorius,190473,190473-2.wav,wavfiles/190473-2.wav,//www.xeno-canto.org/190473,//creativecommons.org/licenses/by-nc-nd/4.0/,Krzysztof Deoniziak,2014-08-08,"male, song",6CB7E709337FA02BE4D060BAAB88504C838DB59B7A2688939C5A47E29D896943
validation,American Robin,american_robin,Turdus,migratorius,190473,190473-3.wav,wavfiles/190473-3.wav,//www.xeno-canto.org/190473,//creativecommons.org/licenses/by-nc-nd/4.0/,Krzysztof Deoniziak,2014-08-08,"male, song",26B78C5884EA2958F2B466905AFEC52E12423A4F322F4C6B576AE3F1EA236F9E
validation,American Robin,american_robin,Turdus,migratorius,190473,190473-4.wav,wavfiles/190473-4.wav,//www.xeno-canto.org/190473,//creativecommons.org/licenses/by-nc-nd/4.0/,Krzysztof Deoniziak,2014-08-08,"male, song",B8C5B312457266D87280AF5C2291714D3EA57A37F176005FCFC5465D77D59A3A
validation,American Robin,american_robin,Turdus,migratorius,190473,190473-5.wav,wavfiles/190473-5.wav,//www.xeno-canto.org/190473,//creativecommons.org/licenses/by-nc-nd/4.0/,Krzysztof Deoniziak,2014-08-08,"male, song",571EDF8AADCCA08BDC2DD61440B47660D64397DC19EDF2097FCFFC75EAB0B274
validation,American Robin,american_robin,Turdus,migratorius,190473,190473-6.wav,wavfiles/190473-6.wav,//www.xeno-canto.org/190473,//creativecommons.org/licenses/by-nc-nd/4.0/,Krzysztof Deoniziak,2014-08-08,"male, song",9A8D14F3D87D2A4B2ABE6D8DEB566349C1037C0A12411D30FB1971BD0D4ED3B0
validation,American Robin,american_robin,Turdus,migratorius,190473,190473-7.wav,wavfiles/190473-7.wav,//www.xeno-canto.org/190473,//creativecommons.org/licenses/by-nc-nd/4.0/,Krzysztof Deoniziak,2014-08-08,"male, song",9D2AFD5928DFB0372C604E83DD205053AFA16A0A443E41E2D44931B014150F3C
validation,American Robin,american_robin,Turdus,migratorius,190473,190473-8.wav,wavfiles/190473-8.wav,//www.xeno-canto.org/190473,//creativecommons.org/licenses/by-nc-nd/4.0/,Krzysztof Deoniziak,2014-08-08,"male, song",F3A59002A34BA8583994736C28F7AD52F2F78CDFEB88620025C4C7BBFF1A3246
validation,American Robin,american_robin,Turdus,migratorius,190473,190473-9.wav,wavfiles/190473-9.wav,//www.xeno-canto.org/190473,//creativecommons.org/licenses/by-nc-nd/4.0/,Krzysztof Deoniziak,2014-08-08,"male, song",3D78A21AE67B4ABCA33236BA8E8F7BD14FD27B7F19C24561F33EF4500A9248D8
validation,American Robin,american_robin,Turdus,migratorius,319833,319833-0.wav,wavfiles/319833-0.wav,//www.xeno-canto.org/319833,//creativecommons.org/licenses/by-nc-sa/4.0/,John Leszczynski,2016-05-31,song,DABB585D1EC80BC83FB1CA99193D20C7622F4C4FD0ECEE43F680600FF84909BA
validation,American Robin,american_robin,Turdus,migratorius,319833,319833-1.wav,wavfiles/319833-1.wav,//www.xeno-canto.org/319833,//creativecommons.org/licenses/by-nc-sa/4.0/,John Leszczynski,2016-05-31,song,8FC7F2C9EEC1D4AFE0CAAA2EC5A84109C826EB570C215F4212F472F931972808
validation,American Robin,american_robin,Turdus,migratorius,319833,319833-11.wav,wavfiles/319833-11.wav,//www.xeno-canto.org/319833,//creativecommons.org/licenses/by-nc-sa/4.0/,John Leszczynski,2016-05-31,song,4D49330D287585B59097A3AD27F53E43CFBD4D50B5A316F63B3D4E4AA79AD2DC
validation,American Robin,american_robin,Turdus,migratorius,319833,319833-12.wav,wavfiles/319833-12.wav,//www.xeno-canto.org/319833,//creativecommons.org/licenses/by-nc-sa/4.0/,John Leszczynski,2016-05-31,song,BFF7527516E310896EFFE8475E5A5C092269E79BB064BBA924DF2160C07974F5
validation,American Robin,american_robin,Turdus,migratorius,319833,319833-13.wav,wavfiles/319833-13.wav,//www.xeno-canto.org/319833,//creativecommons.org/licenses/by-nc-sa/4.0/,John Leszczynski,2016-05-31,song,E1ACBF40C6C4A75828345B2084D0D83B8F1066FDB66F0AD9DD7F053EF1790197
validation,American Robin,american_robin,Turdus,migratorius,319833,319833-15.wav,wavfiles/319833-15.wav,//www.xeno-canto.org/319833,//creativecommons.org/licenses/by-nc-sa/4.0/,John Leszczynski,2016-05-31,song,4D703739AF20F2E08429A207766D585BC7F7A3940F7E2C8BC2F53B6639096B80
validation,American Robin,american_robin,Turdus,migratorius,319833,319833-16.wav,wavfiles/319833-16.wav,//www.xeno-canto.org/319833,//creativecommons.org/licenses/by-nc-sa/4.0/,John Leszczynski,2016-05-31,song,246F031412B735CC3BD90F7A470125325F42CD3B9CB199D4B9C8FAFAD3E7DABE
validation,American Robin,american_robin,Turdus,migratorius,319833,319833-17.wav,wavfiles/319833-17.wav,//www.xeno-canto.org/319833,//creativecommons.org/licenses/by-nc-sa/4.0/,John Leszczynski,2016-05-31,song,1B3D07AF0B04858147EED1B9F363DCAF0928BC8E9143FBBC9C9F82B389213D9B
validation,American Robin,american_robin,Turdus,migratorius,319833,319833-2.wav,wavfiles/319833-2.wav,//www.xeno-canto.org/319833,//creativecommons.org/licenses/by-nc-sa/4.0/,John Leszczynski,2016-05-31,song,5FBCD2A9C26F6C9F13047C25394CB92E44641018462E553EB0D733422685C5F8
validation,American Robin,american_robin,Turdus,migratorius,319833,319833-6.wav,wavfiles/319833-6.wav,//www.xeno-canto.org/319833,//creativecommons.org/licenses/by-nc-sa/4.0/,John Leszczynski,2016-05-31,song,6A2835A60D27D4B369B9FE5C396FE273C09E0027A625E2C5A110FCCF506E72EF
validation,American Robin,american_robin,Turdus,migratorius,319833,319833-7.wav,wavfiles/319833-7.wav,//www.xeno-canto.org/319833,//creativecommons.org/licenses/by-nc-sa/4.0/,John Leszczynski,2016-05-31,song,168DA1D7BF4B35E3FA73AD7A225A6C9A6606F014B429D6FC3652965097E09A4D
validation,American Robin,american_robin,Turdus,migratorius,320027,320027-0.wav,wavfiles/320027-0.wav,//www.xeno-canto.org/320027,//creativecommons.org/licenses/by-nc-sa/4.0/,Sue Riffe,2016-05-30,"call, song",6D87D8048CC41651A0793B4063F401063DA6BFDE2817903CBB5017C7A2F38EBE
validation,American Robin,american_robin,Turdus,migratorius,320027,320027-1.wav,wavfiles/320027-1.wav,//www.xeno-canto.org/320027,//creativecommons.org/licenses/by-nc-sa/4.0/,Sue Riffe,2016-05-30,"call, song",DC7A5135C1618C995BCF09444F99171AB1609237614013FAB09F3FCAEDDC6DFA
validation,American Robin,american_robin,Turdus,migratorius,320027,320027-10.wav,wavfiles/320027-10.wav,//www.xeno-canto.org/320027,//creativecommons.org/licenses/by-nc-sa/4.0/,Sue Riffe,2016-05-30,"call, song",398F563C6E87A1D718EEEEA5911F288AA53C76B2DBE800ED0286F4F8F7D04036
validation,American Robin,american_robin,Turdus,migratorius,320027,320027-11.wav,wavfiles/320027-11.wav,//www.xeno-canto.org/320027,//creativecommons.org/licenses/by-nc-sa/4.0/,Sue Riffe,2016-05-30,"call, song",96F1509F485371827AD09395617ADC54B02B994EB34032F58CCD171BC9D12DBB
validation,American Robin,american_robin,Turdus,migratorius,320027,320027-13.wav,wavfiles/320027-13.wav,//www.xeno-canto.org/320027,//creativecommons.org/licenses/by-nc-sa/4.0/,Sue Riffe,2016-05-30,"call, song",F57868D7FEFA086C8D4C4B5DE815BA8E67F0FCBA01744B26D9C730BE8F542373
validation,American Robin,american_robin,Turdus,migratorius,320027,320027-2.wav,wavfiles/320027-2.wav,//www.xeno-canto.org/320027,//creativecommons.org/licenses/by-nc-sa/4.0/,Sue Riffe,2016-05-30,"call, song",BBDF139CD70A39728EBE6B7166FD071D9EA63B7A512144CFCDD02758A8E19FF3
validation,American Robin,american_robin,Turdus,migratorius,320027,320027-4.wav,wavfiles/320027-4.wav,//www.xeno-canto.org/320027,//creativecommons.org/licenses/by-nc-sa/4.0/,Sue Riffe,2016-05-30,"call, song",20330EAADE78BB2F3D88B74B7FBCF4B68B846529ADD0445FF3175E8F9DBF524A
validation,American Robin,american_robin,Turdus,migratorius,320027,320027-5.wav,wavfiles/320027-5.wav,//www.xeno-canto.org/320027,//creativecommons.org/licenses/by-nc-sa/4.0/,Sue Riffe,2016-05-30,"call, song",9A6A9ED7C0ED2FFBF70EF2B363C4A633B0A4FC38E28AC826764CBA414D1CFC31
validation,American Robin,american_robin,Turdus,migratorius,320027,320027-6.wav,wavfiles/320027-6.wav,//www.xeno-canto.org/320027,//creativecommons.org/licenses/by-nc-sa/4.0/,Sue Riffe,2016-05-30,"call, song",41F1E4BC5354F3FD05E61E2B3A61C2CBA4BA4FAC310C5D6DC3BF3E773D9D0930
validation,American Robin,american_robin,Turdus,migratorius,351861,351861-0.wav,wavfiles/351861-0.wav,//www.xeno-canto.org/351861,//creativecommons.org/licenses/by-nc-sa/4.0/,Richard E. Webster,1995-05-20,song,539DA384E48BC11EF2D8AFD5B3737DA031697F67B45ECC40D9900160426E296C
validation,American Robin,american_robin,Turdus,migratorius,351861,351861-1.wav,wavfiles/351861-1.wav,//www.xeno-canto.org/351861,//creativecommons.org/licenses/by-nc-sa/4.0/,Richard E. Webster,1995-05-20,song,C890E924072E391E0FD3370BFC102CB0EF85D1172CC0393296739F8AF5B35DB0
validation,American Robin,american_robin,Turdus,migratorius,351861,351861-10.wav,wavfiles/351861-10.wav,//www.xeno-canto.org/351861,//creativecommons.org/licenses/by-nc-sa/4.0/,Richard E. Webster,1995-05-20,song,979BDC41440CDE2F801C00ECF5525F0648B8DFAB549BC6CDC145D76EDCA652A0
validation,American Robin,american_robin,Turdus,migratorius,351861,351861-2.wav,wavfiles/351861-2.wav,//www.xeno-canto.org/351861,//creativecommons.org/licenses/by-nc-sa/4.0/,Richard E. Webster,1995-05-20,song,770B0360C711630994141434BC2EA1A00376DF90E3733F4516C67049EAA7B9D4
validation,American Robin,american_robin,Turdus,migratorius,351861,351861-3.wav,wavfiles/351861-3.wav,//www.xeno-canto.org/351861,//creativecommons.org/licenses/by-nc-sa/4.0/,Richard E. Webster,1995-05-20,song,CCBAE41E27B974D8B45115DB4CDA9487DA8293E607685AFC27CE4DCF77BCB46E
validation,American Robin,american_robin,Turdus,migratorius,351861,351861-4.wav,wavfiles/351861-4.wav,//www.xeno-canto.org/351861,//creativecommons.org/licenses/by-nc-sa/4.0/,Richard E. Webster,1995-05-20,song,A3D63923C4378F580DB27272DA27C6A61799B1F227642F0D8D56B6CAFE647FEF
validation,American Robin,american_robin,Turdus,migratorius,351861,351861-5.wav,wavfiles/351861-5.wav,//www.xeno-canto.org/351861,//creativecommons.org/licenses/by-nc-sa/4.0/,Richard E. Webster,1995-05-20,song,17CFB0A7BE9E15C44F45FD42F21903B672CB5C916991B078FAD6E2EF89B8E74A
validation,American Robin,american_robin,Turdus,migratorius,351861,351861-6.wav,wavfiles/351861-6.wav,//www.xeno-canto.org/351861,//creativecommons.org/licenses/by-nc-sa/4.0/,Richard E. Webster,1995-05-20,song,A100E96920A706D642CA6D4C73FBCA6C93CDA1A77B5C7612F4D19769B47AC486
validation,American Robin,american_robin,Turdus,migratorius,351861,351861-7.wav,wavfiles/351861-7.wav,//www.xeno-canto.org/351861,//creativecommons.org/licenses/by-nc-sa/4.0/,Richard E. Webster,1995-05-20,song,AAF8777DEC625FD691704A829EEF36C1B367789B187DD8308311D1D9A19DB657
validation,American Robin,american_robin,Turdus,migratorius,351861,351861-8.wav,wavfiles/351861-8.wav,//www.xeno-canto.org/351861,//creativecommons.org/licenses/by-nc-sa/4.0/,Richard E. Webster,1995-05-20,song,2ACAA4C4BE607B66D2D2DCACD4F8CE87DB7F881D424E3ED3300436C84FDEE718
validation,American Robin,american_robin,Turdus,migratorius,351861,351861-9.wav,wavfiles/351861-9.wav,//www.xeno-canto.org/351861,//creativecommons.org/licenses/by-nc-sa/4.0/,Richard E. Webster,1995-05-20,song,3BD65F796F1D932DC2979FED0755AD3FBD47A04ADF2B7F12D5EEEFAE59993957
validation,American Robin,american_robin,Turdus,migratorius,351863,351863-0.wav,wavfiles/351863-0.wav,//www.xeno-canto.org/351863,//creativecommons.org/licenses/by-nc-sa/4.0/,Richard E. Webster,1995-05-20,song,147177F100C3AE862323C636591964E7C1FED4F6C57B75B07843C93EA2D0D64B
validation,American Robin,american_robin,Turdus,migratorius,351863,351863-1.wav,wavfiles/351863-1.wav,//www.xeno-canto.org/351863,//creativecommons.org/licenses/by-nc-sa/4.0/,Richard E. Webster,1995-05-20,song,ABCC05F306AA841A8B7207FDCD2FA2EEC164A8B521FC7AE23127B3067A38C19D
validation,American Robin,american_robin,Turdus,migratorius,351863,351863-10.wav,wavfiles/351863-10.wav,//www.xeno-canto.org/351863,//creativecommons.org/licenses/by-nc-sa/4.0/,Richard E. Webster,1995-05-20,song,F65C4B7A751B458BFFE7A80E6D3F4045CC9761D1283B6F458014CB0F60F708A9
validation,American Robin,american_robin,Turdus,migratorius,351863,351863-11.wav,wavfiles/351863-11.wav,//www.xeno-canto.org/351863,//creativecommons.org/licenses/by-nc-sa/4.0/,Richard E. Webster,1995-05-20,song,73D979CC892B096D86924CECBE8467C442D1583017425812DF5980F4704C3EDF
validation,American Robin,american_robin,Turdus,migratorius,351863,351863-12.wav,wavfiles/351863-12.wav,//www.xeno-canto.org/351863,//creativecommons.org/licenses/by-nc-sa/4.0/,Richard E. Webster,1995-05-20,song,BCE103A1719940255BCBB6E018798A533AEB97F5DE5950363413870EFCA61530
validation,American Robin,american_robin,Turdus,migratorius,351863,351863-13.wav,wavfiles/351863-13.wav,//www.xeno-canto.org/351863,//creativecommons.org/licenses/by-nc-sa/4.0/,Richard E. Webster,1995-05-20,song,C572DBB0D8F27344C6BA2C9803FCA29772B31FBA6D22D3ACF768BD38ECC8BB0E
validation,American Robin,american_robin,Turdus,migratorius,351863,351863-2.wav,wavfiles/351863-2.wav,//www.xeno-canto.org/351863,//creativecommons.org/licenses/by-nc-sa/4.0/,Richard E. Webster,1995-05-20,song,5808EF4699336112AB16A6DB6B8F43A7F56AE6602FC12874C8438D3D742C9CDB
validation,American Robin,american_robin,Turdus,migratorius,351863,351863-3.wav,wavfiles/351863-3.wav,//www.xeno-canto.org/351863,//creativecommons.org/licenses/by-nc-sa/4.0/,Richard E. Webster,1995-05-20,song,9854227E2C1953F2F082A6B17BF7CC7C10F80E2F9A00004F3EC7359DC897D523
validation,American Robin,american_robin,Turdus,migratorius,351863,351863-4.wav,wavfiles/351863-4.wav,//www.xeno-canto.org/351863,//creativecommons.org/licenses/by-nc-sa/4.0/,Richard E. Webster,1995-05-20,song,C07EB4289EADCF58DDED86C96C7502BACBDD21287FCE5698F9397E367F7C4B61
validation,American Robin,american_robin,Turdus,migratorius,351863,351863-5.wav,wavfiles/351863-5.wav,//www.xeno-canto.org/351863,//creativecommons.org/licenses/by-nc-sa/4.0/,Richard E. Webster,1995-05-20,song,FFB5686BC3AD97EB47AC3BD0F9B998E5DB49B0A259B3921896A7A1CC004E0A48
validation,American Robin,american_robin,Turdus,migratorius,351863,351863-6.wav,wavfiles/351863-6.wav,//www.xeno-canto.org/351863,//creativecommons.org/licenses/by-nc-sa/4.0/,Richard E. Webster,1995-05-20,song,E71320E5584125824F19174D5E8B5C98518754C2514F2AAAFF82BB31A0C604E3
validation,American Robin,american_robin,Turdus,migratorius,351863,351863-7.wav,wavfiles/351863-7.wav,//www.xeno-canto.org/351863,//creativecommons.org/licenses/by-nc-sa/4.0/,Richard E. Webster,1995-05-20,song,237735F31974D39CEC4B5B8DE7852B9F491B3C107793AE5AAD41D656EB99ADE4
validation,American Robin,american_robin,Turdus,migratorius,351863,351863-8.wav,wavfiles/351863-8.wav,//www.xeno-canto.org/351863,//creativecommons.org/licenses/by-nc-sa/4.0/,Richard E. Webster,1995-05-20,song,B78DC264DE2BD0B7EF374E8BC2921F57430EFD1DE247F33648A9BABB5C0F86E3
validation,American Robin,american_robin,Turdus,migratorius,351863,351863-9.wav,wavfiles/351863-9.wav,//www.xeno-canto.org/351863,//creativecommons.org/licenses/by-nc-sa/4.0/,Richard E. Webster,1995-05-20,song,817804E7E7436A4DE649E2E390662A32D5DAB9D8877E6E136098BF31DB6CBFE9
validation,American Robin,american_robin,Turdus,migratorius,446458,446458-0.wav,wavfiles/446458-0.wav,//www.xeno-canto.org/446458,//creativecommons.org/licenses/by-nc-sa/4.0/,Ed Pandolfino,2018-05-27,song,E8591D96379E707D362D3911E34C41D1D45287BCF016D084D41C427D7A02C807
validation,American Robin,american_robin,Turdus,migratorius,446458,446458-1.wav,wavfiles/446458-1.wav,//www.xeno-canto.org/446458,//creativecommons.org/licenses/by-nc-sa/4.0/,Ed Pandolfino,2018-05-27,song,1189F585C02723431EC02F386D9C4B323490F87FFCED816FC5037B75D1786BEF
validation,American Robin,american_robin,Turdus,migratorius,446458,446458-10.wav,wavfiles/446458-10.wav,//www.xeno-canto.org/446458,//creativecommons.org/licenses/by-nc-sa/4.0/,Ed Pandolfino,2018-05-27,song,EE97A187AECC393776D3410B901251F2D9BC7435555C095085DEDCA4C0015511
validation,American Robin,american_robin,Turdus,migratorius,446458,446458-11.wav,wavfiles/446458-11.wav,//www.xeno-canto.org/446458,//creativecommons.org/licenses/by-nc-sa/4.0/,Ed Pandolfino,2018-05-27,song,2E90EEE2C2C2CCBBF14B28686FD17644533F624FEE91348AB341603347A8EC41
validation,American Robin,american_robin,Turdus,migratorius,446458,446458-12.wav,wavfiles/446458-12.wav,//www.xeno-canto.org/446458,//creativecommons.org/licenses/by-nc-sa/4.0/,Ed Pandolfino,2018-05-27,song,17DFB5072CD2545E9CA7CED234A4DB59DB06819043EBA253AECF270C29287D37
validation,American Robin,american_robin,Turdus,migratorius,446458,446458-2.wav,wavfiles/446458-2.wav,//www.xeno-canto.org/446458,//creativecommons.org/licenses/by-nc-sa/4.0/,Ed Pandolfino,2018-05-27,song,636475C5CB304DDD67A9B6649D93A2C25CFA92F4D16E44A6C0A8A5836B5309FC
validation,American Robin,american_robin,Turdus,migratorius,446458,446458-3.wav,wavfiles/446458-3.wav,//www.xeno-canto.org/446458,//creativecommons.org/licenses/by-nc-sa/4.0/,Ed Pandolfino,2018-05-27,song,5D0A10D4718559E17F025CFFBAC894EA56BB51F6A2885C809D217A87E1FDDB96
validation,American Robin,american_robin,Turdus,migratorius,446458,446458-4.wav,wavfiles/446458-4.wav,//www.xeno-canto.org/446458,//creativecommons.org/licenses/by-nc-sa/4.0/,Ed Pandolfino,2018-05-27,song,8473E21B4F753BED51DA7CDB8E72E6353519BE730E5650AA5D9A1B71547C5483
validation,American Robin,american_robin,Turdus,migratorius,446458,446458-5.wav,wavfiles/446458-5.wav,//www.xeno-canto.org/446458,//creativecommons.org/licenses/by-nc-sa/4.0/,Ed Pandolfino,2018-05-27,song,76CCF6ED690FD07E9DCB96CA56C0BA187423CAFB129194A2F5F137C025F1EC3F
validation,American Robin,american_robin,Turdus,migratorius,446458,446458-6.wav,wavfiles/446458-6.wav,//www.xeno-canto.org/446458,//creativecommons.org/licenses/by-nc-sa/4.0/,Ed Pandolfino,2018-05-27,song,1FF517DB76FC45E48E21B9DEA4235FEFDD61E7457A085802C456A943C6241D7E
validation,American Robin,american_robin,Turdus,migratorius,446458,446458-7.wav,wavfiles/446458-7.wav,//www.xeno-canto.org/446458,//creativecommons.org/licenses/by-nc-sa/4.0/,Ed Pandolfino,2018-05-27,song,44A86F886FC916952725575F76188487BCDEA16CFE33BA0A9EC48BE1140C5FEC
validation,American Robin,american_robin,Turdus,migratorius,446458,446458-8.wav,wavfiles/446458-8.wav,//www.xeno-canto.org/446458,//creativecommons.org/licenses/by-nc-sa/4.0/,Ed Pandolfino,2018-05-27,song,E9BAA4F4B8C1F882242BD7C89E0A0B792113434A83AF4D2B348ABE2793CE639A
validation,American Robin,american_robin,Turdus,migratorius,446458,446458-9.wav,wavfiles/446458-9.wav,//www.xeno-canto.org/446458,//creativecommons.org/licenses/by-nc-sa/4.0/,Ed Pandolfino,2018-05-27,song,461FDFDD2771AE998115C926B61D3D854D6665B2C70CD9C8E756F45871C563CD
validation,American Robin,american_robin,Turdus,migratorius,479482,479482-0.wav,wavfiles/479482-0.wav,//www.xeno-canto.org/479482,//creativecommons.org/licenses/by-nc-sa/4.0/,Meena Haribal,2019-06-07,song,F42986F4CA69AE3E5D98C8464F655B840BBCE6DEBFA8E07E45396ADD493289BA
validation,American Robin,american_robin,Turdus,migratorius,479482,479482-1.wav,wavfiles/479482-1.wav,//www.xeno-canto.org/479482,//creativecommons.org/licenses/by-nc-sa/4.0/,Meena Haribal,2019-06-07,song,75EF6C980F7168356BCFCF621A4A6A1A9CA3D4A47102E495C4113B8D5BEA1074
validation,American Robin,american_robin,Turdus,migratorius,479482,479482-10.wav,wavfiles/479482-10.wav,//www.xeno-canto.org/479482,//creativecommons.org/licenses/by-nc-sa/4.0/,Meena Haribal,2019-06-07,song,1BDC938F8669310645DF596F6B2AC1AF87013B81ACA64877264E2B3A72EC7E1D
validation,American Robin,american_robin,Turdus,migratorius,479482,479482-11.wav,wavfiles/479482-11.wav,//www.xeno-canto.org/479482,//creativecommons.org/licenses/by-nc-sa/4.0/,Meena Haribal,2019-06-07,song,2F38D03DFDD900901D4AEA6254EC04776D18CE8526C775067166A93E75815347
validation,American Robin,american_robin,Turdus,migratorius,479482,479482-12.wav,wavfiles/479482-12.wav,//www.xeno-canto.org/479482,//creativecommons.org/licenses/by-nc-sa/4.0/,Meena Haribal,2019-06-07,song,B11202557584D0567BA889298016C8A59C1A99D29E855F99F50641F38F17979B
validation,American Robin,american_robin,Turdus,migratorius,479482,479482-13.wav,wavfiles/479482-13.wav,//www.xeno-canto.org/479482,//creativecommons.org/licenses/by-nc-sa/4.0/,Meena Haribal,2019-06-07,song,3B73BF8E08DD031A41DE3CF54F1E1ACAADD7C7766485EE543F961ED9B7B3D07E
validation,American Robin,american_robin,Turdus,migratorius,479482,479482-14.wav,wavfiles/479482-14.wav,//www.xeno-canto.org/479482,//creativecommons.org/licenses/by-nc-sa/4.0/,Meena Haribal,2019-06-07,song,03E7655B04A246DF14657E6CC0D2EECF2D506199CF1F988CE67A277241DEE268
validation,American Robin,american_robin,Turdus,migratorius,479482,479482-2.wav,wavfiles/479482-2.wav,//www.xeno-canto.org/479482,//creativecommons.org/licenses/by-nc-sa/4.0/,Meena Haribal,2019-06-07,song,54228D61F9424EE0F709A21D5C09D89092A0A271293095FEBF31B729C450C91F
validation,American Robin,american_robin,Turdus,migratorius,479482,479482-3.wav,wavfiles/479482-3.wav,//www.xeno-canto.org/479482,//creativecommons.org/licenses/by-nc-sa/4.0/,Meena Haribal,2019-06-07,song,F932D8E7C427090EE62AA9DAB31EDEE41D54DB229BB3C389F675EA8CA4B37D1B
validation,American Robin,american_robin,Turdus,migratorius,479482,479482-4.wav,wavfiles/479482-4.wav,//www.xeno-canto.org/479482,//creativecommons.org/licenses/by-nc-sa/4.0/,Meena Haribal,2019-06-07,song,3AD0751110C13DF10F5EFC07355D33770D159F2DF456F3C76FA68FCB5FF8326C
validation,American Robin,american_robin,Turdus,migratorius,479482,479482-5.wav,wavfiles/479482-5.wav,//www.xeno-canto.org/479482,//creativecommons.org/licenses/by-nc-sa/4.0/,Meena Haribal,2019-06-07,song,EA79C6FB708A50502745B853470581D61AA1B0EDE7E1E436E97BAA6891470DC2
validation,American Robin,american_robin,Turdus,migratorius,479482,479482-6.wav,wavfiles/479482-6.wav,//www.xeno-canto.org/479482,//creativecommons.org/licenses/by-nc-sa/4.0/,Meena Haribal,2019-06-07,song,746E775A872F3741516A306E407E01046CA868F15709555A944BBC2894C4EF40
validation,American Robin,american_robin,Turdus,migratorius,479482,479482-7.wav,wavfiles/479482-7.wav,//www.xeno-canto.org/479482,//creativecommons.org/licenses/by-nc-sa/4.0/,Meena Haribal,2019-06-07,song,C58DB66E3843F3941175FD52EDA9EAC0B51E89A8BE8FD45D71D44A90F8BAF8BE
validation,American Robin,american_robin,Turdus,migratorius,479482,479482-8.wav,wavfiles/479482-8.wav,//www.xeno-canto.org/479482,//creativecommons.org/licenses/by-nc-sa/4.0/,Meena Haribal,2019-06-07,song,2163B9A33E384E2513E2363151A24C55806FAAEC59EE60491518A2F2970EB56F
validation,American Robin,american_robin,Turdus,migratorius,479482,479482-9.wav,wavfiles/479482-9.wav,//www.xeno-canto.org/479482,//creativecommons.org/licenses/by-nc-sa/4.0/,Meena Haribal,2019-06-07,song,0041F5F289D69B017528DA760FF9A193F6FC241C067B5B78C4EA14D0D5F814BE
validation,American Robin,american_robin,Turdus,migratorius,500148,500148-0.wav,wavfiles/500148-0.wav,//www.xeno-canto.org/500148,//creativecommons.org/licenses/by-nc-sa/4.0/,Jacob Saucier,2015-06-20,song,632E1EA7275B8F35051331C87A3375BC926B2DB7DC34EDD4BB6650C341C66EA4
validation,American Robin,american_robin,Turdus,migratorius,500148,500148-1.wav,wavfiles/500148-1.wav,//www.xeno-canto.org/500148,//creativecommons.org/licenses/by-nc-sa/4.0/,Jacob Saucier,2015-06-20,song,A4304DC0CBCCE2FD3F2AF7813C1031B6E9F51DB86E386C5BA6D2C2BC2073E5A0
validation,American Robin,american_robin,Turdus,migratorius,500148,500148-10.wav,wavfiles/500148-10.wav,//www.xeno-canto.org/500148,//creativecommons.org/licenses/by-nc-sa/4.0/,Jacob Saucier,2015-06-20,song,B6DF9F2DBECDD3E96917B2B52A29517CD76E02BF6D9186B538E8F822267BA35C
validation,American Robin,american_robin,Turdus,migratorius,500148,500148-11.wav,wavfiles/500148-11.wav,//www.xeno-canto.org/500148,//creativecommons.org/licenses/by-nc-sa/4.0/,Jacob Saucier,2015-06-20,song,1F7E2F92A3F98D05414DCA932384EBF863AE9C4A402E07D70836A5E2B48ED1C4
validation,American Robin,american_robin,Turdus,migratorius,500148,500148-12.wav,wavfiles/500148-12.wav,//www.xeno-canto.org/500148,//creativecommons.org/licenses/by-nc-sa/4.0/,Jacob Saucier,2015-06-20,song,BEA17BA0DFACB849A5223FE29C002967E9B8D16272F7C1E8176EE2C565C1701E
validation,American Robin,american_robin,Turdus,migratorius,500148,500148-13.wav,wavfiles/500148-13.wav,//www.xeno-canto.org/500148,//creativecommons.org/licenses/by-nc-sa/4.0/,Jacob Saucier,2015-06-20,song,79230386E506983DF6E33968C00869E61AB839C64974BEC1438C0CD496D7B5EE
validation,American Robin,american_robin,Turdus,migratorius,500148,500148-14.wav,wavfiles/500148-14.wav,//www.xeno-canto.org/500148,//creativecommons.org/licenses/by-nc-sa/4.0/,Jacob Saucier,2015-06-20,song,6856C6B285F9FED26798AC790A025D07B60E6374F615EAAB2388056A2A64A046
validation,American Robin,american_robin,Turdus,migratorius,500148,500148-2.wav,wavfiles/500148-2.wav,//www.xeno-canto.org/500148,//creativecommons.org/licenses/by-nc-sa/4.0/,Jacob Saucier,2015-06-20,song,1CC0E5F1BB1DD3615A39FC84CDEA30200F1479A954BD805B84801FD91F3C9DC1
validation,American Robin,american_robin,Turdus,migratorius,500148,500148-3.wav,wavfiles/500148-3.wav,//www.xeno-canto.org/500148,//creativecommons.org/licenses/by-nc-sa/4.0/,Jacob Saucier,2015-06-20,song,4CFBA4E5BFBDDC9C356BA2F0F25052A2386F331F3BE6528856AF2AF685E40E75
validation,American Robin,american_robin,Turdus,migratorius,500148,500148-4.wav,wavfiles/500148-4.wav,//www.xeno-canto.org/500148,//creativecommons.org/licenses/by-nc-sa/4.0/,Jacob Saucier,2015-06-20,song,61F7CB609DF7D347294EA4F346E36D4B4E6B56B31D3CF507496130646B3F8399
validation,American Robin,american_robin,Turdus,migratorius,500148,500148-5.wav,wavfiles/500148-5.wav,//www.xeno-canto.org/500148,//creativecommons.org/licenses/by-nc-sa/4.0/,Jacob Saucier,2015-06-20,song,8B965209B5F428E7A1FB32D90E52914D5CB162D9ADAA640BB6DBB480FC494D0F
validation,American Robin,american_robin,Turdus,migratorius,500148,500148-6.wav,wavfiles/500148-6.wav,//www.xeno-canto.org/500148,//creativecommons.org/licenses/by-nc-sa/4.0/,Jacob Saucier,2015-06-20,song,FE430C5B647141FE0F28C592447C323BEF233606B79A3CCCB91A7ED0E1AA021E
validation,American Robin,american_robin,Turdus,migratorius,500148,500148-7.wav,wavfiles/500148-7.wav,//www.xeno-canto.org/500148,//creativecommons.org/licenses/by-nc-sa/4.0/,Jacob Saucier,2015-06-20,song,AFD931A65358D68586561DC3634BC5E94F92D5E8E5FFCA0711870F6865D80DC2
validation,American Robin,american_robin,Turdus,migratorius,500148,500148-8.wav,wavfiles/500148-8.wav,//www.xeno-canto.org/500148,//creativecommons.org/licenses/by-nc-sa/4.0/,Jacob Saucier,2015-06-20,song,0F85B8E28D0D31BE35DF5106493AE02645DE23AF1DACFF9E13A657E6D09E9B23
validation,American Robin,american_robin,Turdus,migratorius,500148,500148-9.wav,wavfiles/500148-9.wav,//www.xeno-canto.org/500148,//creativecommons.org/licenses/by-nc-sa/4.0/,Jacob Saucier,2015-06-20,song,BC14E9CF2CD940F4DD288CC5C65D36D8C2D9FA0202923CD05FFCA24E4A168D59
validation,American Robin,american_robin,Turdus,migratorius,562221,562221-0.wav,wavfiles/562221-0.wav,//www.xeno-canto.org/562221,//creativecommons.org/licenses/by-nc-sa/4.0/,Brian Hendrix,2020-05-25,song,4195B944F66328692E172E3D9FDCBBDF0A9E282F8D1642C89D4BD169AE661918
validation,American Robin,american_robin,Turdus,migratorius,562221,562221-1.wav,wavfiles/562221-1.wav,//www.xeno-canto.org/562221,//creativecommons.org/licenses/by-nc-sa/4.0/,Brian Hendrix,2020-05-25,song,200C55AB984216522A17270B492A93B2467A66F84E8207956393646D0C6DBEFB
validation,American Robin,american_robin,Turdus,migratorius,562221,562221-10.wav,wavfiles/562221-10.wav,//www.xeno-canto.org/562221,//creativecommons.org/licenses/by-nc-sa/4.0/,Brian Hendrix,2020-05-25,song,3C9804FA5841CEE640005EE81B99D5321ED8D1DB27E66945EE4522868CA68A9C
validation,American Robin,american_robin,Turdus,migratorius,562221,562221-11.wav,wavfiles/562221-11.wav,//www.xeno-canto.org/562221,//creativecommons.org/licenses/by-nc-sa/4.0/,Brian Hendrix,2020-05-25,song,FE1E1F6671AD976CB649EDCC4EA42659B20916956C4F3F93A5872A79C00483EC
validation,American Robin,american_robin,Turdus,migratorius,562221,562221-12.wav,wavfiles/562221-12.wav,//www.xeno-canto.org/562221,//creativecommons.org/licenses/by-nc-sa/4.0/,Brian Hendrix,2020-05-25,song,7AD8BC552528C1D386F88455EC63D5910CB0ECAF0830FDE33470F7552FB5032D
validation,American Robin,american_robin,Turdus,migratorius,562221,562221-13.wav,wavfiles/562221-13.wav,//www.xeno-canto.org/562221,//creativecommons.org/licenses/by-nc-sa/4.0/,Brian Hendrix,2020-05-25,song,12479A769863D6367ECF2C1C13950B825F8B4D83693555B65BDC18403A9723AE
validation,American Robin,american_robin,Turdus,migratorius,562221,562221-14.wav,wavfiles/562221-14.wav,//www.xeno-canto.org/562221,//creativecommons.org/licenses/by-nc-sa/4.0/,Brian Hendrix,2020-05-25,song,0BED504A69898C231A3361F689BA5D64A32B58666A45EDFF8AA9F27041B158A4
validation,American Robin,american_robin,Turdus,migratorius,562221,562221-2.wav,wavfiles/562221-2.wav,//www.xeno-canto.org/562221,//creativecommons.org/licenses/by-nc-sa/4.0/,Brian Hendrix,2020-05-25,song,3BD5828C1DB3702DE7406F23A7F006E7500FE554443CD5A0D946F6320908CD2E
validation,American Robin,american_robin,Turdus,migratorius,562221,562221-3.wav,wavfiles/562221-3.wav,//www.xeno-canto.org/562221,//creativecommons.org/licenses/by-nc-sa/4.0/,Brian Hendrix,2020-05-25,song,B9C22B627103F2F164913908569A08CF118D9BECED86D13C30E94F5A63316D52
validation,American Robin,american_robin,Turdus,migratorius,562221,562221-4.wav,wavfiles/562221-4.wav,//www.xeno-canto.org/562221,//creativecommons.org/licenses/by-nc-sa/4.0/,Brian Hendrix,2020-05-25,song,57C5EF459620D13CBAA19EB3F47A15B46B40EDD75CF572DB93EF3F7FB46B7343
validation,American Robin,american_robin,Turdus,migratorius,562221,562221-5.wav,wavfiles/562221-5.wav,//www.xeno-canto.org/562221,//creativecommons.org/licenses/by-nc-sa/4.0/,Brian Hendrix,2020-05-25,song,4731BBB066828C6AB6C1D25E88B785539756A8A26B8BFEFB2ED2B09077732B8A
validation,American Robin,american_robin,Turdus,migratorius,562221,562221-6.wav,wavfiles/562221-6.wav,//www.xeno-canto.org/562221,//creativecommons.org/licenses/by-nc-sa/4.0/,Brian Hendrix,2020-05-25,song,A3E21EFD5D62D986AD30C98D5BDE9F491D196BFACA94334021B863E64D6B34BB
validation,American Robin,american_robin,Turdus,migratorius,562221,562221-7.wav,wavfiles/562221-7.wav,//www.xeno-canto.org/562221,//creativecommons.org/licenses/by-nc-sa/4.0/,Brian Hendrix,2020-05-25,song,D346717709168517A2CC283225F0E6B5C191B6FFC1183D1B8991A253D40B1203
validation,American Robin,american_robin,Turdus,migratorius,562221,562221-8.wav,wavfiles/562221-8.wav,//www.xeno-canto.org/562221,//creativecommons.org/licenses/by-nc-sa/4.0/,Brian Hendrix,2020-05-25,song,A0C25D5EA85C6E3D33AAC9D051087812AC4336D5071A6085E93DFD4FA9E9057C
validation,American Robin,american_robin,Turdus,migratorius,562221,562221-9.wav,wavfiles/562221-9.wav,//www.xeno-canto.org/562221,//creativecommons.org/licenses/by-nc-sa/4.0/,Brian Hendrix,2020-05-25,song,FAA82E4EA3FDBE20B8C67AE5EEC4DE2483AF031752804478A539295F91FBAB9A
validation,American Robin,american_robin,Turdus,migratorius,564545,564545-0.wav,wavfiles/564545-0.wav,//www.xeno-canto.org/564545,//creativecommons.org/licenses/by-nc-sa/4.0/,Brian Hendrix,2020-06-02,song,323ACB97CA252EA8CD3E1D4E0107AA6110C095FB35E23B6D55B68E6952837D65
validation,American Robin,american_robin,Turdus,migratorius,564545,564545-10.wav,wavfiles/564545-10.wav,//www.xeno-canto.org/564545,//creativecommons.org/licenses/by-nc-sa/4.0/,Brian Hendrix,2020-06-02,song,11F279D5D1BAECF29B5B2F0C0FBEA38D3DDAFE2373DD1B4EF966C0E29BC8EEEB
validation,American Robin,american_robin,Turdus,migratorius,564545,564545-11.wav,wavfiles/564545-11.wav,//www.xeno-canto.org/564545,//creativecommons.org/licenses/by-nc-sa/4.0/,Brian Hendrix,2020-06-02,song,4E3C457B7F1EE6BA573709E666033B5DD65715BD268CAE1AECA83E864BCB7760
validation,American Robin,american_robin,Turdus,migratorius,564545,564545-13.wav,wavfiles/564545-13.wav,//www.xeno-canto.org/564545,//creativecommons.org/licenses/by-nc-sa/4.0/,Brian Hendrix,2020-06-02,song,A2EB427E9F7916AA6251C70D5439F0DCD9A63727BF7626E9C484AA1AE985CE0A
validation,American Robin,american_robin,Turdus,migratorius,564545,564545-4.wav,wavfiles/564545-4.wav,//www.xeno-canto.org/564545,//creativecommons.org/licenses/by-nc-sa/4.0/,Brian Hendrix,2020-06-02,song,E3B1A4E9E106A1BCE36933AA35A203D5C40A6D5C5AB092EA41AD2F42660348B0
validation,American Robin,american_robin,Turdus,migratorius,564545,564545-5.wav,wavfiles/564545-5.wav,//www.xeno-canto.org/564545,//creativecommons.org/licenses/by-nc-sa/4.0/,Brian Hendrix,2020-06-02,song,DE62B6884050C4D5D24FE2A371A2DFB4F7BEB081DE8C5999FF68566985EABEE9
validation,American Robin,american_robin,Turdus,migratorius,564545,564545-6.wav,wavfiles/564545-6.wav,//www.xeno-canto.org/564545,//creativecommons.org/licenses/by-nc-sa/4.0/,Brian Hendrix,2020-06-02,song,BB8E68B86C8B81AC9F8A440BBE458359DCDFD0F2CF1587BBACDA7A4029330D86
validation,American Robin,american_robin,Turdus,migratorius,564545,564545-7.wav,wavfiles/564545-7.wav,//www.xeno-canto.org/564545,//creativecommons.org/licenses/by-nc-sa/4.0/,Brian Hendrix,2020-06-02,song,D0E14D8DBA7A21F1F4F5294864AC2622FFE8B0696A0DD11C91D350CBC9C6866C
validation,American Robin,american_robin,Turdus,migratorius,564545,564545-8.wav,wavfiles/564545-8.wav,//www.xeno-canto.org/564545,//creativecommons.org/licenses/by-nc-sa/4.0/,Brian Hendrix,2020-06-02,song,9376FA1BA0E22C006875DC6283639A652DE626CE74AAA5AF05290261CE1B196B
validation,American Robin,american_robin,Turdus,migratorius,564545,564545-9.wav,wavfiles/564545-9.wav,//www.xeno-canto.org/564545,//creativecommons.org/licenses/by-nc-sa/4.0/,Brian Hendrix,2020-06-02,song,16F330C45D8DAABA9CFB5A20C87C16C11C566A2149EA2C0894151F7286CA238F
validation,Northern Cardinal,northern_cardinal,Cardinalis,cardinalis,12876,12876-0.wav,wavfiles/12876-0.wav,//www.xeno-canto.org/12876,//creativecommons.org/licenses/by-nc-nd/2.5/,Chris Parrish,2007-04-24,song,9F59F854A78F99D74FB681C440543D371B1D5DD765EE5A8D6D52F3AF42799755
validation,Northern Cardinal,northern_cardinal,Cardinalis,cardinalis,12876,12876-1.wav,wavfiles/12876-1.wav,//www.xeno-canto.org/12876,//creativecommons.org/licenses/by-nc-nd/2.5/,Chris Parrish,2007-04-24,song,C6B2A242B2EEFCF5BDBF79AF0E81C8657E9D5062779861C2D9F3C7F44BFDFC3F
validation,Northern Cardinal,northern_cardinal,Cardinalis,cardinalis,12876,12876-10.wav,wavfiles/12876-10.wav,//www.xeno-canto.org/12876,//creativecommons.org/licenses/by-nc-nd/2.5/,Chris Parrish,2007-04-24,song,AE6FCCBF19E692027DD93C49DED164A912C9B60B81A1B2A20A085DEF7C795AAA
validation,Northern Cardinal,northern_cardinal,Cardinalis,cardinalis,12876,12876-11.wav,wavfiles/12876-11.wav,//www.xeno-canto.org/12876,//creativecommons.org/licenses/by-nc-nd/2.5/,Chris Parrish,2007-04-24,song,85BB6974E7D395A347F2373F1B70BD68533FAB8336451DA16E50B763BEE1529E
validation,Northern Cardinal,northern_cardinal,Cardinalis,cardinalis,12876,12876-12.wav,wavfiles/12876-12.wav,//www.xeno-canto.org/12876,//creativecommons.org/licenses/by-nc-nd/2.5/,Chris Parrish,2007-04-24,song,FD1AEA51631FD2FEEB8713E3D12A773DD363EAFC4F16CCFFEC10162EB197DE95
validation,Northern Cardinal,northern_cardinal,Cardinalis,cardinalis,12876,12876-13.wav,wavfiles/12876-13.wav,//www.xeno-canto.org/12876,//creativecommons.org/licenses/by-nc-nd/2.5/,Chris Parrish,2007-04-24,song,9B4E1C0FB5E063DC4B3DDEC054F6876E624225AC77DEF56B31094054B411C584
validation,Northern Cardinal,northern_cardinal,Cardinalis,cardinalis,12876,12876-14.wav,wavfiles/12876-14.wav,//www.xeno-canto.org/12876,//creativecommons.org/licenses/by-nc-nd/2.5/,Chris Parrish,2007-04-24,song,0266F31C5C7B920F662A8E8857E43979CECB73B7ABB12CA2BA6003BEAC393A0F
validation,Northern Cardinal,northern_cardinal,Cardinalis,cardinalis,12876,12876-15.wav,wavfiles/12876-15.wav,//www.xeno-canto.org/12876,//creativecommons.org/licenses/by-nc-nd/2.5/,Chris Parrish,2007-04-24,song,A3CCA472C42D4EF2C98C2040D8209364713E73C240AD9D52C734BDE8C7894D1E
validation,Northern Cardinal,northern_cardinal,Cardinalis,cardinalis,12876,12876-2.wav,wavfiles/12876-2.wav,//www.xeno-canto.org/12876,//creativecommons.org/licenses/by-nc-nd/2.5/,Chris Parrish,2007-04-24,song,715170AC30D739195905A6F95CF7614A262C75025135FE0FB5839237A5589225
validation,Northern Cardinal,northern_cardinal,Cardinalis,cardinalis,12876,12876-3.wav,wavfiles/12876-3.wav,//www.xeno-canto.org/12876,//creativecommons.org/licenses/by-nc-nd/2.5/,Chris Parrish,2007-04-24,song,9249EC34C7676E1CE68CFD37F417297605E247883C3E7D93071DCC81AE727F63
validation,Northern Cardinal,northern_cardinal,Cardinalis,cardinalis,12876,12876-4.wav,wavfiles/12876-4.wav,//www.xeno-canto.org/12876,//creativecommons.org/licenses/by-nc-nd/2.5/,Chris Parrish,2007-04-24,song,F0C38F386FF759E00A583169B427BF522B76DB3A402791A3984D07C3B82D4FDC
validation,Northern Cardinal,northern_cardinal,Cardinalis,cardinalis,12876,12876-8.wav,wavfiles/12876-8.wav,//www.xeno-canto.org/12876,//creativecommons.org/licenses/by-nc-nd/2.5/,Chris Parrish,2007-04-24,song,C1DF66560747701AECC8AD1C344B930A3C50A4E6EF634FDB1C02A40A8B88E946
validation,Northern Cardinal,northern_cardinal,Cardinalis,cardinalis,12876,12876-9.wav,wavfiles/12876-9.wav,//www.xeno-canto.org/12876,//creativecommons.org/licenses/by-nc-nd/2.5/,Chris Parrish,2007-04-24,song,AB5AA4F0C98BC2BF603CAF54F402C6D56CD3FE0B3BCF2679A1B53C6DCE5250E8
validation,Northern Cardinal,northern_cardinal,Cardinalis,cardinalis,13164,13164-0.wav,wavfiles/13164-0.wav,//www.xeno-canto.org/13164,//creativecommons.org/licenses/by-nc-nd/2.5/,Chris Parrish,2007-05-02,song,A63D5CB4C80C03AC87B0695A5EA860FA1CFF5177ACD776EF750B228061F6A690
validation,Northern Cardinal,northern_cardinal,Cardinalis,cardinalis,13164,13164-1.wav,wavfiles/13164-1.wav,//www.xeno-canto.org/13164,//creativecommons.org/licenses/by-nc-nd/2.5/,Chris Parrish,2007-05-02,song,C64128007A3719343AD991FF14F22208A2F6DFD481F9F3F6C72A5ADDA2FE5B4B
validation,Northern Cardinal,northern_cardinal,Cardinalis,cardinalis,13164,13164-10.wav,wavfiles/13164-10.wav,//www.xeno-canto.org/13164,//creativecommons.org/licenses/by-nc-nd/2.5/,Chris Parrish,2007-05-02,song,50921A29279FCF58ECEAE76D400CEC64EAE51FFEB57FE8AE4D20E68C385C29C1
validation,Northern Cardinal,northern_cardinal,Cardinalis,cardinalis,13164,13164-11.wav,wavfiles/13164-11.wav,//www.xeno-canto.org/13164,//creativecommons.org/licenses/by-nc-nd/2.5/,Chris Parrish,2007-05-02,song,46DB85ADC1EEDB281FC2935669E741BD5C718258E53B91AA420755F80F6DDDA1
validation,Northern Cardinal,northern_cardinal,Cardinalis,cardinalis,13164,13164-2.wav,wavfiles/13164-2.wav,//www.xeno-canto.org/13164,//creativecommons.org/licenses/by-nc-nd/2.5/,Chris Parrish,2007-05-02,song,71FFA81CFD3770D0FC0799B30F5EEBB628F6ABEE1BFE05DE8C1AFD33F34E3C1A
validation,Northern Cardinal,northern_cardinal,Cardinalis,cardinalis,13164,13164-3.wav,wavfiles/13164-3.wav,//www.xeno-canto.org/13164,//creativecommons.org/licenses/by-nc-nd/2.5/,Chris Parrish,2007-05-02,song,62AEA3F7091CD4B8BB42EEA43A866429ADE86253B25C42AD27D8FA81D0B63D95
validation,Northern Cardinal,northern_cardinal,Cardinalis,cardinalis,13164,13164-4.wav,wavfiles/13164-4.wav,//www.xeno-canto.org/13164,//creativecommons.org/licenses/by-nc-nd/2.5/,Chris Parrish,2007-05-02,song,9261485ED3A788A9DD551C60BF6679469E8964AD2D732845026DC360130183EE
validation,Northern Cardinal,northern_cardinal,Cardinalis,cardinalis,13164,13164-5.wav,wavfiles/13164-5.wav,//www.xeno-canto.org/13164,//creativecommons.org/licenses/by-nc-nd/2.5/,Chris Parrish,2007-05-02,song,DF1D7F5B796CC5DC2792B38A7CF6111F927F8EF5F9D99274D498C97F7B3603C5
validation,Northern Cardinal,northern_cardinal,Cardinalis,cardinalis,13164,13164-6.wav,wavfiles/13164-6.wav,//www.xeno-canto.org/13164,//creativecommons.org/licenses/by-nc-nd/2.5/,Chris Parrish,2007-05-02,song,D8E79A14D57B739F5CF567DD52D494C186B44648E3B765DC6342472ABA4EEE91
validation,Northern Cardinal,northern_cardinal,Cardinalis,cardinalis,13164,13164-7.wav,wavfiles/13164-7.wav,//www.xeno-canto.org/13164,//creativecommons.org/licenses/by-nc-nd/2.5/,Chris Parrish,2007-05-02,song,DBC3A4D7E803DF9433F4E905D1F4E217DC91EFBDC63B187264F06C658F8811A6
validation,Northern Cardinal,northern_cardinal,Cardinalis,cardinalis,13164,13164-8.wav,wavfiles/13164-8.wav,//www.xeno-canto.org/13164,//creativecommons.org/licenses/by-nc-nd/2.5/,Chris Parrish,2007-05-02,song,255301FD39F806D838036DA090E9349BE1E25F7BA782B2C36FD96AB688C348B6
validation,Northern Cardinal,northern_cardinal,Cardinalis,cardinalis,13164,13164-9.wav,wavfiles/13164-9.wav,//www.xeno-canto.org/13164,//creativecommons.org/licenses/by-nc-nd/2.5/,Chris Parrish,2007-05-02,song,BA937621CF399B19ADF460F4F70650016AA7627137724F88BB590B2448192096
validation,Northern Cardinal,northern_cardinal,Cardinalis,cardinalis,125284,125284-0.wav,wavfiles/125284-0.wav,//www.xeno-canto.org/125284,//creativecommons.org/licenses/by-sa/3.0/,Jonathon Jongsma,2013-03-16,song,FBC5A082661A7103746FF0442E52D9E1B1940C4EEC6B6E8E250AB391B5EB7C49
validation,Northern Cardinal,northern_cardinal,Cardinalis,cardinalis,125284,125284-1.wav,wavfiles/125284-1.wav,//www.xeno-canto.org/125284,//creativecommons.org/licenses/by-sa/3.0/,Jonathon Jongsma,2013-03-16,song,78115F0EEAAF61ED3AEF0DA736486CC5DE958A0015D6AEF9491CAA3864F4B355
validation,Northern Cardinal,northern_cardinal,Cardinalis,cardinalis,125284,125284-10.wav,wavfiles/125284-10.wav,//www.xeno-canto.org/125284,//creativecommons.org/licenses/by-sa/3.0/,Jonathon Jongsma,2013-03-16,song,3BF6A81A2006C01D0EFFA4D47B306790141AE039902FC8DF31414396D8F9A083
validation,Northern Cardinal,northern_cardinal,Cardinalis,cardinalis,125284,125284-11.wav,wavfiles/125284-11.wav,//www.xeno-canto.org/125284,//creativecommons.org/licenses/by-sa/3.0/,Jonathon Jongsma,2013-03-16,song,5F22DF2EA0216F73DCC8E07A52AEF6F39DDB774B4790A796C65406998EDEA062
validation,Northern Cardinal,northern_cardinal,Cardinalis,cardinalis,125284,125284-2.wav,wavfiles/125284-2.wav,//www.xeno-canto.org/125284,//creativecommons.org/licenses/by-sa/3.0/,Jonathon Jongsma,2013-03-16,song,72690113228B1A2154589B1EB008BCA36C0F18ECF69696D1124A19E892565B6C
validation,Northern Cardinal,northern_cardinal,Cardinalis,cardinalis,125284,125284-3.wav,wavfiles/125284-3.wav,//www.xeno-canto.org/125284,//creativecommons.org/licenses/by-sa/3.0/,Jonathon Jongsma,2013-03-16,song,F6028FBDFF3D119E365A0B15E949D7FF5098440B6EEC1DF3D6C8244E483E14DE
validation,Northern Cardinal,northern_cardinal,Cardinalis,cardinalis,125284,125284-4.wav,wavfiles/125284-4.wav,//www.xeno-canto.org/125284,//creativecommons.org/licenses/by-sa/3.0/,Jonathon Jongsma,2013-03-16,song,A97641C9CC4CC22282E0BAACBD89BF807D2606734A060E75EB22FC62A0BFD5F8
validation,Northern Cardinal,northern_cardinal,Cardinalis,cardinalis,125284,125284-5.wav,wavfiles/125284-5.wav,//www.xeno-canto.org/125284,//creativecommons.org/licenses/by-sa/3.0/,Jonathon Jongsma,2013-03-16,song,6ED24600A081A86E011A9BF5FC52B7D66CDD45EA6ED1A444AFA84A47A94D92A2
validation,Northern Cardinal,northern_cardinal,Cardinalis,cardinalis,125284,125284-6.wav,wavfiles/125284-6.wav,//www.xeno-canto.org/125284,//creativecommons.org/licenses/by-sa/3.0/,Jonathon Jongsma,2013-03-16,song,2A66C3EF5C9FC88050B1F835B5582847A2E92E0CFD758D845DE120CEFD3D3308
validation,Northern Cardinal,northern_cardinal,Cardinalis,cardinalis,125284,125284-7.wav,wavfiles/125284-7.wav,//www.xeno-canto.org/125284,//creativecommons.org/licenses/by-sa/3.0/,Jonathon Jongsma,2013-03-16,song,ABD4EAFF4258DA035E57220B297250507C7621B9AA65CD14F0A99FE26297893E
validation,Northern Cardinal,northern_cardinal,Cardinalis,cardinalis,125284,125284-8.wav,wavfiles/125284-8.wav,//www.xeno-canto.org/125284,//creativecommons.org/licenses/by-sa/3.0/,Jonathon Jongsma,2013-03-16,song,B9F7F224AC27B1D3977B7477C116D93054241EAB6CB835705766B29ABF09311A
validation,Northern Cardinal,northern_cardinal,Cardinalis,cardinalis,125284,125284-9.wav,wavfiles/125284-9.wav,//www.xeno-canto.org/125284,//creativecommons.org/licenses/by-sa/3.0/,Jonathon Jongsma,2013-03-16,song,5DA06BF56DA05071B983AEEDF41269A981D8C08632CC4C3313FB893F6C5C6976
validation,Northern Cardinal,northern_cardinal,Cardinalis,cardinalis,140466,140466-0.wav,wavfiles/140466-0.wav,//www.xeno-canto.org/140466,//creativecommons.org/licenses/by-nc-sa/3.0/,Russ Wigh,2013-06-28,song,824DE465D77DA3487743C254DE3EC6A09242A7CD2720DB5CA3B18D7A3F2B3091
validation,Northern Cardinal,northern_cardinal,Cardinalis,cardinalis,140466,140466-1.wav,wavfiles/140466-1.wav,//www.xeno-canto.org/140466,//creativecommons.org/licenses/by-nc-sa/3.0/,Russ Wigh,2013-06-28,song,84F36089D93723E00E1F39E196035A448C2EBA0A79B296CE67D955DE81B6FE92
validation,Northern Cardinal,northern_cardinal,Cardinalis,cardinalis,140466,140466-10.wav,wavfiles/140466-10.wav,//www.xeno-canto.org/140466,//creativecommons.org/licenses/by-nc-sa/3.0/,Russ Wigh,2013-06-28,song,D35DD461465C3E89EABBC73867D68A43025C18D8B6DA8B8E3328020995CE44E5
validation,Northern Cardinal,northern_cardinal,Cardinalis,cardinalis,140466,140466-11.wav,wavfiles/140466-11.wav,//www.xeno-canto.org/140466,//creativecommons.org/licenses/by-nc-sa/3.0/,Russ Wigh,2013-06-28,song,0DFCABB9517892E1BA749556355D6135CE801621E9459F649401ECD49AC91F3B
validation,Northern Cardinal,northern_cardinal,Cardinalis,cardinalis,140466,140466-12.wav,wavfiles/140466-12.wav,//www.xeno-canto.org/140466,//creativecommons.org/licenses/by-nc-sa/3.0/,Russ Wigh,2013-06-28,song,ED85D60C4E96D3BA971C49BCE74109ACBAB5F70F3903DFD8EDA0DFB0BCCD13AA
validation,Northern Cardinal,northern_cardinal,Cardinalis,cardinalis,140466,140466-13.wav,wavfiles/140466-13.wav,//www.xeno-canto.org/140466,//creativecommons.org/licenses/by-nc-sa/3.0/,Russ Wigh,2013-06-28,song,88E0BDB08E9BD9CEFF25A5C87CDE4131EB46FC5836D4FC32EA9725FDD7E6B4EE
validation,Northern Cardinal,northern_cardinal,Cardinalis,cardinalis,140466,140466-14.wav,wavfiles/140466-14.wav,//www.xeno-canto.org/140466,//creativecommons.org/licenses/by-nc-sa/3.0/,Russ Wigh,2013-06-28,song,0AB5F32D9DB3B9AE3FB8FB01A75A8956EE5DA101F520EB6FE8153B60222F07B4
validation,Northern Cardinal,northern_cardinal,Cardinalis,cardinalis,140466,140466-15.wav,wavfiles/140466-15.wav,//www.xeno-canto.org/140466,//creativecommons.org/licenses/by-nc-sa/3.0/,Russ Wigh,2013-06-28,song,0882CF0A68D7AC1800FAA0D2D4F3C4C25921AA5D5759652C577A4C90254E5BD4
validation,Northern Cardinal,northern_cardinal,Cardinalis,cardinalis,140466,140466-16.wav,wavfiles/140466-16.wav,//www.xeno-canto.org/140466,//creativecommons.org/licenses/by-nc-sa/3.0/,Russ Wigh,2013-06-28,song,36D0CD884C01C2383C1BD71FA1BF139CF187FB38DE66D58AB510EE7D48DEFC21
validation,Northern Cardinal,northern_cardinal,Cardinalis,cardinalis,140466,140466-2.wav,wavfiles/140466-2.wav,//www.xeno-canto.org/140466,//creativecommons.org/licenses/by-nc-sa/3.0/,Russ Wigh,2013-06-28,song,754BDF73FE04589B932D78E61D872287F0DD944935F6D4F48E4E52858218FE28
validation,Northern Cardinal,northern_cardinal,Cardinalis,cardinalis,140466,140466-3.wav,wavfiles/140466-3.wav,//www.xeno-canto.org/140466,//creativecommons.org/licenses/by-nc-sa/3.0/,Russ Wigh,2013-06-28,song,EFB80A6685EB0673304736F35156C03CF8A8C27D434071C095B69DC185654F5A
validation,Northern Cardinal,northern_cardinal,Cardinalis,cardinalis,140466,140466-4.wav,wavfiles/140466-4.wav,//www.xeno-canto.org/140466,//creativecommons.org/licenses/by-nc-sa/3.0/,Russ Wigh,2013-06-28,song,D6DF47C1D463412FF27BDBB76052637623EE162F3741B70B34399CCE8203E851
validation,Northern Cardinal,northern_cardinal,Cardinalis,cardinalis,140466,140466-5.wav,wavfiles/140466-5.wav,//www.xeno-canto.org/140466,//creativecommons.org/licenses/by-nc-sa/3.0/,Russ Wigh,2013-06-28,song,DD29DE62A2BB311AB7EBA1EAE6E094CB6E75A15B9A5BBC0AB4D9FE285E7F9E98
validation,Northern Cardinal,northern_cardinal,Cardinalis,cardinalis,140466,140466-6.wav,wavfiles/140466-6.wav,//www.xeno-canto.org/140466,//creativecommons.org/licenses/by-nc-sa/3.0/,Russ Wigh,2013-06-28,song,D57DAFF4EC724166F5E82386925D2D541F721E25E44AEDBEF2E81817C728CEA1
validation,Northern Cardinal,northern_cardinal,Cardinalis,cardinalis,140466,140466-9.wav,wavfiles/140466-9.wav,//www.xeno-canto.org/140466,//creativecommons.org/licenses/by-nc-sa/3.0/,Russ Wigh,2013-06-28,song,F06DFBF42E35E429306965ED5D583912BA581A59AC5BD583F49ED589B69E312D
validation,Northern Cardinal,northern_cardinal,Cardinalis,cardinalis,190526,190526-0.wav,wavfiles/190526-0.wav,//www.xeno-canto.org/190526,//creativecommons.org/licenses/by-nc-nd/4.0/,Krzysztof Deoniziak,2014-08-01,"male, song",ECECA05B190E040B0E695D9849934B2A04D6C6AAAB0D50321929E68C3FD8ACDB
validation,Northern Cardinal,northern_cardinal,Cardinalis,cardinalis,190526,190526-1.wav,wavfiles/190526-1.wav,//www.xeno-canto.org/190526,//creativecommons.org/licenses/by-nc-nd/4.0/,Krzysztof Deoniziak,2014-08-01,"male, song",B151D26CF70209FA650C12D48BB68F2AAAC1CBC30C412BE9F98B073D122E76CA
validation,Northern Cardinal,northern_cardinal,Cardinalis,cardinalis,190526,190526-10.wav,wavfiles/190526-10.wav,//www.xeno-canto.org/190526,//creativecommons.org/licenses/by-nc-nd/4.0/,Krzysztof Deoniziak,2014-08-01,"male, song",BB8AE5BE5492435BCA0CB0463082A357632F02C955402319C0B84860E6BEE0F7
validation,Northern Cardinal,northern_cardinal,Cardinalis,cardinalis,190526,190526-11.wav,wavfiles/190526-11.wav,//www.xeno-canto.org/190526,//creativecommons.org/licenses/by-nc-nd/4.0/,Krzysztof Deoniziak,2014-08-01,"male, song",89A633A52BED9F3059C656A1BA1B02ACC9DF6994990704D87C7896297DD22773
validation,Northern Cardinal,northern_cardinal,Cardinalis,cardinalis,190526,190526-12.wav,wavfiles/190526-12.wav,//www.xeno-canto.org/190526,//creativecommons.org/licenses/by-nc-nd/4.0/,Krzysztof Deoniziak,2014-08-01,"male, song",C21F13ECC955693AD4A9097ED80EA3E3187841B35D345FE2A2C3D92DF7F98492
validation,Northern Cardinal,northern_cardinal,Cardinalis,cardinalis,190526,190526-2.wav,wavfiles/190526-2.wav,//www.xeno-canto.org/190526,//creativecommons.org/licenses/by-nc-nd/4.0/,Krzysztof Deoniziak,2014-08-01,"male, song",F9314124148A30375485C5EBBF00E995F972255EB72DC5643DB94846052A609A
validation,Northern Cardinal,northern_cardinal,Cardinalis,cardinalis,190526,190526-3.wav,wavfiles/190526-3.wav,//www.xeno-canto.org/190526,//creativecommons.org/licenses/by-nc-nd/4.0/,Krzysztof Deoniziak,2014-08-01,"male, song",3D98C3FF7B27B8D8C3670D3209D5892F42DB067D1DB5CEE39DC063B832A08DDE
validation,Northern Cardinal,northern_cardinal,Cardinalis,cardinalis,190526,190526-4.wav,wavfiles/190526-4.wav,//www.xeno-canto.org/190526,//creativecommons.org/licenses/by-nc-nd/4.0/,Krzysztof Deoniziak,2014-08-01,"male, song",3CA2838E2FC648FBD882CFAF5C766B16B8427C7464EE144E9F51338AC8E21D42
validation,Northern Cardinal,northern_cardinal,Cardinalis,cardinalis,190526,190526-5.wav,wavfiles/190526-5.wav,//www.xeno-canto.org/190526,//creativecommons.org/licenses/by-nc-nd/4.0/,Krzysztof Deoniziak,2014-08-01,"male, song",C7162B67F83593DE00203B96D1B0ED63E19055DBB09F2D7E648DD3198FAD537C
validation,Northern Cardinal,northern_cardinal,Cardinalis,cardinalis,190526,190526-6.wav,wavfiles/190526-6.wav,//www.xeno-canto.org/190526,//creativecommons.org/licenses/by-nc-nd/4.0/,Krzysztof Deoniziak,2014-08-01,"male, song",4C736ED6A66C3ED23154D8B2E5CDA454806E7F0EE29490A80E97AAD834B93C52
validation,Northern Cardinal,northern_cardinal,Cardinalis,cardinalis,190526,190526-7.wav,wavfiles/190526-7.wav,//www.xeno-canto.org/190526,//creativecommons.org/licenses/by-nc-nd/4.0/,Krzysztof Deoniziak,2014-08-01,"male, song",08FBF7FD1BFD2E07418427A035C14C7F33EDF88B76E11C1FE2E72DEF0FE40099
validation,Northern Cardinal,northern_cardinal,Cardinalis,cardinalis,190526,190526-8.wav,wavfiles/190526-8.wav,//www.xeno-canto.org/190526,//creativecommons.org/licenses/by-nc-nd/4.0/,Krzysztof Deoniziak,2014-08-01,"male, song",10C97EB659426D633DE8B645DF451B27A57AF7AFEB4AADD99B3ED7F3D4DE2BF8
validation,Northern Cardinal,northern_cardinal,Cardinalis,cardinalis,190526,190526-9.wav,wavfiles/190526-9.wav,//www.xeno-canto.org/190526,//creativecommons.org/licenses/by-nc-nd/4.0/,Krzysztof Deoniziak,2014-08-01,"male, song",D63EF1725CCA83D7C0BE68F2576E40C57F155E569DE673ED1068E2BEFAE4AA02
validation,Northern Cardinal,northern_cardinal,Cardinalis,cardinalis,233122,233122-0.wav,wavfiles/233122-0.wav,//www.xeno-canto.org/233122,//creativecommons.org/licenses/by-nc-sa/4.0/,David Vander Pluym,2015-03-18,song,1BBBDC81AE719BDD9BD5DA4E31C90CADF943720F48818F173AB134EB63227E33
validation,Northern Cardinal,northern_cardinal,Cardinalis,cardinalis,233122,233122-1.wav,wavfiles/233122-1.wav,//www.xeno-canto.org/233122,//creativecommons.org/licenses/by-nc-sa/4.0/,David Vander Pluym,2015-03-18,song,2C8FD32A1E30CFC5D56C9C6C0E48966185B0966D609C702D44E1729617A869C0
validation,Northern Cardinal,northern_cardinal,Cardinalis,cardinalis,233122,233122-10.wav,wavfiles/233122-10.wav,//www.xeno-canto.org/233122,//creativecommons.org/licenses/by-nc-sa/4.0/,David Vander Pluym,2015-03-18,song,99D5DEE67F74A75D4316C85CADEBE21058CCD4932C33635E3885BE2168DDA519
validation,Northern Cardinal,northern_cardinal,Cardinalis,cardinalis,233122,233122-11.wav,wavfiles/233122-11.wav,//www.xeno-canto.org/233122,//creativecommons.org/licenses/by-nc-sa/4.0/,David Vander Pluym,2015-03-18,song,5DED5097778AF51E25842E9D0C9DFC3BCAA4DB1794F2C60A7E25928192ED4650
validation,Northern Cardinal,northern_cardinal,Cardinalis,cardinalis,233122,233122-2.wav,wavfiles/233122-2.wav,//www.xeno-canto.org/233122,//creativecommons.org/licenses/by-nc-sa/4.0/,David Vander Pluym,2015-03-18,song,BC2FCB0EF45EB394A4E9E00826F30AF18DB12CA85475B919860A0E3B3E52C7C8
validation,Northern Cardinal,northern_cardinal,Cardinalis,cardinalis,233122,233122-3.wav,wavfiles/233122-3.wav,//www.xeno-canto.org/233122,//creativecommons.org/licenses/by-nc-sa/4.0/,David Vander Pluym,2015-03-18,song,926ECA38FD36661ACAF76D16CCD91C062D8D2FD8388B8E6D5521B903FA091DD0
validation,Northern Cardinal,northern_cardinal,Cardinalis,cardinalis,233122,233122-4.wav,wavfiles/233122-4.wav,//www.xeno-canto.org/233122,//creativecommons.org/licenses/by-nc-sa/4.0/,David Vander Pluym,2015-03-18,song,606C03D676FFA313AE01D1B2F084A5D63569F4F72F38B67BD49176251D1F7FC8
validation,Northern Cardinal,northern_cardinal,Cardinalis,cardinalis,233122,233122-5.wav,wavfiles/233122-5.wav,//www.xeno-canto.org/233122,//creativecommons.org/licenses/by-nc-sa/4.0/,David Vander Pluym,2015-03-18,song,6A88E7ADEF6502AB93C6D9B4A4B60EF298F140F1389588344855A60339E165CB
validation,Northern Cardinal,northern_cardinal,Cardinalis,cardinalis,233122,233122-6.wav,wavfiles/233122-6.wav,//www.xeno-canto.org/233122,//creativecommons.org/licenses/by-nc-sa/4.0/,David Vander Pluym,2015-03-18,song,5EECF6508B17F38EFFA62E3A66C247210448AD0FF2779282EA0EA7DD76118315
validation,Northern Cardinal,northern_cardinal,Cardinalis,cardinalis,233122,233122-7.wav,wavfiles/233122-7.wav,//www.xeno-canto.org/233122,//creativecommons.org/licenses/by-nc-sa/4.0/,David Vander Pluym,2015-03-18,song,D54394A288453ECBA70A1419BC3413F6A8C15D4404DB82B63999E194670AB13F
validation,Northern Cardinal,northern_cardinal,Cardinalis,cardinalis,233122,233122-9.wav,wavfiles/233122-9.wav,//www.xeno-canto.org/233122,//creativecommons.org/licenses/by-nc-sa/4.0/,David Vander Pluym,2015-03-18,song,B7C0A4B8BC1A9A9E356A21D2529114B2AC87EAFFB7B3AFE94F0928407D22FAE4
validation,Northern Cardinal,northern_cardinal,Cardinalis,cardinalis,233123,233123-0.wav,wavfiles/233123-0.wav,//www.xeno-canto.org/233123,//creativecommons.org/licenses/by-nc-sa/4.0/,David Vander Pluym,2015-03-18,song,AA12A8C15A299BC6E6A8EFF311A08EE47840293DFAF1ADE69B82125CF6569404
validation,Northern Cardinal,northern_cardinal,Cardinalis,cardinalis,233123,233123-1.wav,wavfiles/233123-1.wav,//www.xeno-canto.org/233123,//creativecommons.org/licenses/by-nc-sa/4.0/,David Vander Pluym,2015-03-18,song,2716EC0058C9F8AACD2F2F7E3CECD84C0E4525F9A05FE942154D1DC5A092CBC5
validation,Northern Cardinal,northern_cardinal,Cardinalis,cardinalis,233123,233123-10.wav,wavfiles/233123-10.wav,//www.xeno-canto.org/233123,//creativecommons.org/licenses/by-nc-sa/4.0/,David Vander Pluym,2015-03-18,song,A865179BB00C4F18DA4FD2534AA69B7E6A2DB09935B4BA606D067CEA6DF4E879
validation,Northern Cardinal,northern_cardinal,Cardinalis,cardinalis,233123,233123-11.wav,wavfiles/233123-11.wav,//www.xeno-canto.org/233123,//creativecommons.org/licenses/by-nc-sa/4.0/,David Vander Pluym,2015-03-18,song,0A6A01E1F5C2308381E82B9BC4BE448B84055659813C7103037720299613FB00
validation,Northern Cardinal,northern_cardinal,Cardinalis,cardinalis,233123,233123-12.wav,wavfiles/233123-12.wav,//www.xeno-canto.org/233123,//creativecommons.org/licenses/by-nc-sa/4.0/,David Vander Pluym,2015-03-18,song,4377ED77742EC10296206E7F19B635F20BD7D409DFF15E1D9E25787A6D3F7A44
validation,Northern Cardinal,northern_cardinal,Cardinalis,cardinalis,233123,233123-2.wav,wavfiles/233123-2.wav,//www.xeno-canto.org/233123,//creativecommons.org/licenses/by-nc-sa/4.0/,David Vander Pluym,2015-03-18,song,345BAB5383408F050E3045F698838F602670BE01189DDBA501F7E341095094F2
validation,Northern Cardinal,northern_cardinal,Cardinalis,cardinalis,233123,233123-3.wav,wavfiles/233123-3.wav,//www.xeno-canto.org/233123,//creativecommons.org/licenses/by-nc-sa/4.0/,David Vander Pluym,2015-03-18,song,D5C059215933B4E97DEE13300B6E486AF04914D5F318D426E821662FCDB8BDAD
validation,Northern Cardinal,northern_cardinal,Cardinalis,cardinalis,233123,233123-4.wav,wavfiles/233123-4.wav,//www.xeno-canto.org/233123,//creativecommons.org/licenses/by-nc-sa/4.0/,David Vander Pluym,2015-03-18,song,2295384759E0B6497FB6F7D5E5B745FBF2C4C34648DC02BFEB20A3DB76447C29
validation,Northern Cardinal,northern_cardinal,Cardinalis,cardinalis,233123,233123-5.wav,wavfiles/233123-5.wav,//www.xeno-canto.org/233123,//creativecommons.org/licenses/by-nc-sa/4.0/,David Vander Pluym,2015-03-18,song,4265A29E01E9AEA204F47E0733D4D142B4A14A30BBD345E64FDD0B3DB59D0496
validation,Northern Cardinal,northern_cardinal,Cardinalis,cardinalis,233123,233123-6.wav,wavfiles/233123-6.wav,//www.xeno-canto.org/233123,//creativecommons.org/licenses/by-nc-sa/4.0/,David Vander Pluym,2015-03-18,song,E2B4D64BFCE85B01B9A7798CD8CF2C60DDACB368FF318EDE4D36ABEADCB7805B
validation,Northern Cardinal,northern_cardinal,Cardinalis,cardinalis,233123,233123-7.wav,wavfiles/233123-7.wav,//www.xeno-canto.org/233123,//creativecommons.org/licenses/by-nc-sa/4.0/,David Vander Pluym,2015-03-18,song,9255966AC8C5E6312156E45E5120E1DE2F84672FDE2FECB71030869CCD9B376E
validation,Northern Cardinal,northern_cardinal,Cardinalis,cardinalis,233123,233123-8.wav,wavfiles/233123-8.wav,//www.xeno-canto.org/233123,//creativecommons.org/licenses/by-nc-sa/4.0/,David Vander Pluym,2015-03-18,song,9C464359B1615DE27C87B38486404D2A91D26231479BA7481945679693BA1694
validation,Northern Cardinal,northern_cardinal,Cardinalis,cardinalis,233123,233123-9.wav,wavfiles/233123-9.wav,//www.xeno-canto.org/233123,//creativecommons.org/licenses/by-nc-sa/4.0/,David Vander Pluym,2015-03-18,song,E0F0F29041DCBDCAFF59C758634DD20219F32F4E9B1AE80E83AF7B0F35FE5E08
validation,Northern Cardinal,northern_cardinal,Cardinalis,cardinalis,321375,321375-0.wav,wavfiles/321375-0.wav,//www.xeno-canto.org/321375,//creativecommons.org/licenses/by-nc-sa/4.0/,Paul Marvin,2016-05-28,"male, song",6BDBCD82070BF87305571AA24D360C041A957083F3CB9BED29DB2ED98E5CBAC7
validation,Northern Cardinal,northern_cardinal,Cardinalis,cardinalis,321375,321375-1.wav,wavfiles/321375-1.wav,//www.xeno-canto.org/321375,//creativecommons.org/licenses/by-nc-sa/4.0/,Paul Marvin,2016-05-28,"male, song",64E37C5E1C38488502E82146669BC19FCEF6E84326484985BD8383C846C97668
validation,Northern Cardinal,northern_cardinal,Cardinalis,cardinalis,321375,321375-2.wav,wavfiles/321375-2.wav,//www.xeno-canto.org/321375,//creativecommons.org/licenses/by-nc-sa/4.0/,Paul Marvin,2016-05-28,"male, song",BCF0A1C95233CABD5EC4B0A3577DDD47B7A059B5C0EE6CE7401BFE84E2F34AD4
validation,Northern Cardinal,northern_cardinal,Cardinalis,cardinalis,321375,321375-3.wav,wavfiles/321375-3.wav,//www.xeno-canto.org/321375,//creativecommons.org/licenses/by-nc-sa/4.0/,Paul Marvin,2016-05-28,"male, song",A8CB6EBD064156B948938BF546E54E02CA34E1D76D76BE6DCA032D9178A62C11
validation,Northern Cardinal,northern_cardinal,Cardinalis,cardinalis,321375,321375-4.wav,wavfiles/321375-4.wav,//www.xeno-canto.org/321375,//creativecommons.org/licenses/by-nc-sa/4.0/,Paul Marvin,2016-05-28,"male, song",96C91A93D19416C25985C5B15B068D2FE430629A10195FD4EDBCEB74AA7E480B
validation,Northern Cardinal,northern_cardinal,Cardinalis,cardinalis,321375,321375-6.wav,wavfiles/321375-6.wav,//www.xeno-canto.org/321375,//creativecommons.org/licenses/by-nc-sa/4.0/,Paul Marvin,2016-05-28,"male, song",09FB4BE27160B4CA9FD1062BEE9647469A14B9BF455608503E038B0066DCAD40
validation,Northern Cardinal,northern_cardinal,Cardinalis,cardinalis,321375,321375-7.wav,wavfiles/321375-7.wav,//www.xeno-canto.org/321375,//creativecommons.org/licenses/by-nc-sa/4.0/,Paul Marvin,2016-05-28,"male, song",9A99C75B21A72ED8812295AB0621294FE45EC86043AB63134B5A18E6B141DCE2
validation,Northern Cardinal,northern_cardinal,Cardinalis,cardinalis,409007,409007-0.wav,wavfiles/409007-0.wav,//www.xeno-canto.org/409007,//creativecommons.org/licenses/by-nc-nd/4.0/,Frank Lambert,2017-02-26,song,75776874BB7F32AE83E13D17C616824472993AEBF08CECB7BED1A157C5FFECE8
validation,Northern Cardinal,northern_cardinal,Cardinalis,cardinalis,409007,409007-1.wav,wavfiles/409007-1.wav,//www.xeno-canto.org/409007,//creativecommons.org/licenses/by-nc-nd/4.0/,Frank Lambert,2017-02-26,song,9ED5146FC4F8986B3FA2EA6FCB8C3586498FFB84F4E12147C7C4A6CD4B7E9CF0
validation,Northern Cardinal,northern_cardinal,Cardinalis,cardinalis,409007,409007-10.wav,wavfiles/409007-10.wav,//www.xeno-canto.org/409007,//creativecommons.org/licenses/by-nc-nd/4.0/,Frank Lambert,2017-02-26,song,52CC8361F688E631D6F092966870FDC94332BD10EFED00ABD3BC9FCFE99BC244
validation,Northern Cardinal,northern_cardinal,Cardinalis,cardinalis,409007,409007-11.wav,wavfiles/409007-11.wav,//www.xeno-canto.org/409007,//creativecommons.org/licenses/by-nc-nd/4.0/,Frank Lambert,2017-02-26,song,110704038C070A72D0B0C7FBE3FB13D81D6D90BCCD7CC583F77B8AD763BAE885
validation,Northern Cardinal,northern_cardinal,Cardinalis,cardinalis,409007,409007-12.wav,wavfiles/409007-12.wav,//www.xeno-canto.org/409007,//creativecommons.org/licenses/by-nc-nd/4.0/,Frank Lambert,2017-02-26,song,D3598FA8D6D690CB623B2AAA5FBBE3E9CB4B54D7C072B314B9B0C3DDC1E848C1
validation,Northern Cardinal,northern_cardinal,Cardinalis,cardinalis,409007,409007-2.wav,wavfiles/409007-2.wav,//www.xeno-canto.org/409007,//creativecommons.org/licenses/by-nc-nd/4.0/,Frank Lambert,2017-02-26,song,D6B3D307000BE0B2197ADC39A365C04A0DDE0F4C63506C2360AE6214302D22CA
validation,Northern Cardinal,northern_cardinal,Cardinalis,cardinalis,409007,409007-3.wav,wavfiles/409007-3.wav,//www.xeno-canto.org/409007,//creativecommons.org/licenses/by-nc-nd/4.0/,Frank Lambert,2017-02-26,song,6352878C29FB0565B81E50DB23D35D191BB04AD945381CD96E4142A6FB801D0A
validation,Northern Cardinal,northern_cardinal,Cardinalis,cardinalis,409007,409007-5.wav,wavfiles/409007-5.wav,//www.xeno-canto.org/409007,//creativecommons.org/licenses/by-nc-nd/4.0/,Frank Lambert,2017-02-26,song,FC59E6F944FFB56984CAD20BD8B834E385EE6FF1EA21E974FE86E647B5B5EABE
validation,Northern Cardinal,northern_cardinal,Cardinalis,cardinalis,409007,409007-6.wav,wavfiles/409007-6.wav,//www.xeno-canto.org/409007,//creativecommons.org/licenses/by-nc-nd/4.0/,Frank Lambert,2017-02-26,song,66CD9D2324C2F40999C385B8D4D3209BC46A59E8521EC60FA997E1C9B7ECA724
validation,Northern Cardinal,northern_cardinal,Cardinalis,cardinalis,409007,409007-7.wav,wavfiles/409007-7.wav,//www.xeno-canto.org/409007,//creativecommons.org/licenses/by-nc-nd/4.0/,Frank Lambert,2017-02-26,song,036DA7B2F8B837242B1D047DB45F8A1DF0A1E5E832B68F2F4D35AB492C1FE22D
validation,Northern Cardinal,northern_cardinal,Cardinalis,cardinalis,409007,409007-9.wav,wavfiles/409007-9.wav,//www.xeno-canto.org/409007,//creativecommons.org/licenses/by-nc-nd/4.0/,Frank Lambert,2017-02-26,song,0399536363544176D8BF69646152EFD182E17C41C1A0EE192553A8C9754B90CE
validation,Northern Cardinal,northern_cardinal,Cardinalis,cardinalis,466692,466692-0.wav,wavfiles/466692-0.wav,//www.xeno-canto.org/466692,//creativecommons.org/licenses/by-nc-sa/4.0/,Brian Hendrix,2019-04-14,song,DAD3546661A0D2FBDCB671690FE4ACD6F54C86478836DD82527AAE18BDA1A6BA
validation,Northern Cardinal,northern_cardinal,Cardinalis,cardinalis,466692,466692-1.wav,wavfiles/466692-1.wav,//www.xeno-canto.org/466692,//creativecommons.org/licenses/by-nc-sa/4.0/,Brian Hendrix,2019-04-14,song,1E998A13E5468D69745BEC8ADD89B4E6B6A8D104361F441F78E279BF2BE75836
validation,Northern Cardinal,northern_cardinal,Cardinalis,cardinalis,466692,466692-10.wav,wavfiles/466692-10.wav,//www.xeno-canto.org/466692,//creativecommons.org/licenses/by-nc-sa/4.0/,Brian Hendrix,2019-04-14,song,6222D3FC2185D1E30E82A28C391326C145161B567D8EBEC332D50F9EDD1E6442
validation,Northern Cardinal,northern_cardinal,Cardinalis,cardinalis,466692,466692-11.wav,wavfiles/466692-11.wav,//www.xeno-canto.org/466692,//creativecommons.org/licenses/by-nc-sa/4.0/,Brian Hendrix,2019-04-14,song,3FE5AF72A3BC798ACBB425A2051F3EE2DEB4F2B85B2C8348C8C7837BAC3AF1F1
validation,Northern Cardinal,northern_cardinal,Cardinalis,cardinalis,466692,466692-12.wav,wavfiles/466692-12.wav,//www.xeno-canto.org/466692,//creativecommons.org/licenses/by-nc-sa/4.0/,Brian Hendrix,2019-04-14,song,C048316B406731AAC2A12108813312AE9E4EA87B9C497B5A427D84B4906BB741
validation,Northern Cardinal,northern_cardinal,Cardinalis,cardinalis,466692,466692-14.wav,wavfiles/466692-14.wav,//www.xeno-canto.org/466692,//creativecommons.org/licenses/by-nc-sa/4.0/,Brian Hendrix,2019-04-14,song,65E20B22C9741AAB2D872A46220B28827D5E2DF187F98BF510B7E310C4779B23
validation,Northern Cardinal,northern_cardinal,Cardinalis,cardinalis,466692,466692-15.wav,wavfiles/466692-15.wav,//www.xeno-canto.org/466692,//creativecommons.org/licenses/by-nc-sa/4.0/,Brian Hendrix,2019-04-14,song,0992E27457801E246D61E8207C55FFA9EA1F6E84ECB3053E4F5D7176BDAF9683
validation,Northern Cardinal,northern_cardinal,Cardinalis,cardinalis,466692,466692-2.wav,wavfiles/466692-2.wav,//www.xeno-canto.org/466692,//creativecommons.org/licenses/by-nc-sa/4.0/,Brian Hendrix,2019-04-14,song,19996D21CEAFE6638F2644BE5F0DD07C54B6F7CD48FE299ADA5FF59F9C53A5BE
validation,Northern Cardinal,northern_cardinal,Cardinalis,cardinalis,466692,466692-3.wav,wavfiles/466692-3.wav,//www.xeno-canto.org/466692,//creativecommons.org/licenses/by-nc-sa/4.0/,Brian Hendrix,2019-04-14,song,34A7AE8B756BD16EDC0FEC84AB70C3CB8499CF034058A52BA977B619C436F7E5
validation,Northern Cardinal,northern_cardinal,Cardinalis,cardinalis,466692,466692-4.wav,wavfiles/466692-4.wav,//www.xeno-canto.org/466692,//creativecommons.org/licenses/by-nc-sa/4.0/,Brian Hendrix,2019-04-14,song,D42F2DDECB63BDBBAC66BA83344133DCB683030E3FD25914D19FB9006B028761
validation,Northern Cardinal,northern_cardinal,Cardinalis,cardinalis,466692,466692-5.wav,wavfiles/466692-5.wav,//www.xeno-canto.org/466692,//creativecommons.org/licenses/by-nc-sa/4.0/,Brian Hendrix,2019-04-14,song,D19B5CFB45F19EAA218ED5B8C362FB7A2391BA365AF0A27030A16A50C86AC6B8
validation,Northern Cardinal,northern_cardinal,Cardinalis,cardinalis,466692,466692-6.wav,wavfiles/466692-6.wav,//www.xeno-canto.org/466692,//creativecommons.org/licenses/by-nc-sa/4.0/,Brian Hendrix,2019-04-14,song,928D94784AB7C07AC0F4FF1080158E64A8DEDB85B08A205EA9CDBC2A098D006E
validation,Northern Cardinal,northern_cardinal,Cardinalis,cardinalis,466692,466692-8.wav,wavfiles/466692-8.wav,//www.xeno-canto.org/466692,//creativecommons.org/licenses/by-nc-sa/4.0/,Brian Hendrix,2019-04-14,song,7729E78DDA51F1BBAC1D254BCA5D7DF65147EDFCCD0980F4B676197F259D8F86
validation,Northern Cardinal,northern_cardinal,Cardinalis,cardinalis,466692,466692-9.wav,wavfiles/466692-9.wav,//www.xeno-canto.org/466692,//creativecommons.org/licenses/by-nc-sa/4.0/,Brian Hendrix,2019-04-14,song,8E22919FE1D854BD4CDE9EC4E0EBD655B41F072869BE1466301F2126BC58C88F
validation,Northern Cardinal,northern_cardinal,Cardinalis,cardinalis,467213,467213-0.wav,wavfiles/467213-0.wav,//www.xeno-canto.org/467213,//creativecommons.org/licenses/by-nc-sa/4.0/,William Whitehead,2019-04-17,song,5DA8A01C28B883949880321B1D48455796A89C95DD3327F6BAB76E11BBA020D6
validation,Northern Cardinal,northern_cardinal,Cardinalis,cardinalis,467213,467213-1.wav,wavfiles/467213-1.wav,//www.xeno-canto.org/467213,//creativecommons.org/licenses/by-nc-sa/4.0/,William Whitehead,2019-04-17,song,58B2F51E08E40F30BC836E8688A0076A17EB61DA0898CF5B8BDB797FB962CD61
validation,Northern Cardinal,northern_cardinal,Cardinalis,cardinalis,467213,467213-10.wav,wavfiles/467213-10.wav,//www.xeno-canto.org/467213,//creativecommons.org/licenses/by-nc-sa/4.0/,William Whitehead,2019-04-17,song,9A2C5215556F8DC3C3A175DD9AB5747FB9292B5202E825C14EA1D523C96F27F4
validation,Northern Cardinal,northern_cardinal,Cardinalis,cardinalis,467213,467213-12.wav,wavfiles/467213-12.wav,//www.xeno-canto.org/467213,//creativecommons.org/licenses/by-nc-sa/4.0/,William Whitehead,2019-04-17,song,BBD3EC1A4B65A09BAD0451D2BFE5C3885006AA29311379F359BBEB17982F7E15
validation,Northern Cardinal,northern_cardinal,Cardinalis,cardinalis,467213,467213-13.wav,wavfiles/467213-13.wav,//www.xeno-canto.org/467213,//creativecommons.org/licenses/by-nc-sa/4.0/,William Whitehead,2019-04-17,song,35FFCD246986FB9D7A6E817FEB7480559617DA4CA66E4C7007BFBD60C76549CD
validation,Northern Cardinal,northern_cardinal,Cardinalis,cardinalis,467213,467213-14.wav,wavfiles/467213-14.wav,//www.xeno-canto.org/467213,//creativecommons.org/licenses/by-nc-sa/4.0/,William Whitehead,2019-04-17,song,B4840B67FECE7EFDF41C73B49AB793C80F03506EE8C699C85DA313022EEBCFE7
validation,Northern Cardinal,northern_cardinal,Cardinalis,cardinalis,467213,467213-2.wav,wavfiles/467213-2.wav,//www.xeno-canto.org/467213,//creativecommons.org/licenses/by-nc-sa/4.0/,William Whitehead,2019-04-17,song,4347915097BC00ED92E68362B44A45A56222621E1B102187D643F6FEFBE96360
validation,Northern Cardinal,northern_cardinal,Cardinalis,cardinalis,467213,467213-4.wav,wavfiles/467213-4.wav,//www.xeno-canto.org/467213,//creativecommons.org/licenses/by-nc-sa/4.0/,William Whitehead,2019-04-17,song,3382CF2D166911CE68D00A6381983793A9FDEEA11C8A786E61545C405381A3F5
validation,Northern Cardinal,northern_cardinal,Cardinalis,cardinalis,467213,467213-8.wav,wavfiles/467213-8.wav,//www.xeno-canto.org/467213,//creativecommons.org/licenses/by-nc-sa/4.0/,William Whitehead,2019-04-17,song,5D52F92A8EFAB01D71967033675F07B35BD8EC515AE0EAE799D4A5D05A22C75B
validation,Northern Cardinal,northern_cardinal,Cardinalis,cardinalis,467213,467213-9.wav,wavfiles/467213-9.wav,//www.xeno-canto.org/467213,//creativecommons.org/licenses/by-nc-sa/4.0/,William Whitehead,2019-04-17,song,96A7D99EFD1C4300ACD410B60A221A00FE417A2AD7B1A220FAA4356022FA799B
validation,Northern Cardinal,northern_cardinal,Cardinalis,cardinalis,470301,470301-0.wav,wavfiles/470301-0.wav,//www.xeno-canto.org/470301,//creativecommons.org/licenses/by-nc-sa/4.0/,Pat Goltz,2019-04-12,song,47F2F2F76CFA552BCB78B847921C8F9DD5C9D9B499B2E9092AA58897633C3941
validation,Northern Cardinal,northern_cardinal,Cardinalis,cardinalis,470301,470301-1.wav,wavfiles/470301-1.wav,//www.xeno-canto.org/470301,//creativecommons.org/licenses/by-nc-sa/4.0/,Pat Goltz,2019-04-12,song,D71A1FEA5848FB64E983A0CC55749306188BEE2F5409AE208A881155DABBBC0D
validation,Northern Cardinal,northern_cardinal,Cardinalis,cardinalis,470301,470301-10.wav,wavfiles/470301-10.wav,//www.xeno-canto.org/470301,//creativecommons.org/licenses/by-nc-sa/4.0/,Pat Goltz,2019-04-12,song,A30346CC28C79BD1E5D61F6F814780E92D6DD367290399E5041B309BCE96EB75
validation,Northern Cardinal,northern_cardinal,Cardinalis,cardinalis,470301,470301-11.wav,wavfiles/470301-11.wav,//www.xeno-canto.org/470301,//creativecommons.org/licenses/by-nc-sa/4.0/,Pat Goltz,2019-04-12,song,02298A75C06890E1E7B623E1D34A96EA865694C3AF20914B88A9AA520200E727
validation,Northern Cardinal,northern_cardinal,Cardinalis,cardinalis,470301,470301-2.wav,wavfiles/470301-2.wav,//www.xeno-canto.org/470301,//creativecommons.org/licenses/by-nc-sa/4.0/,Pat Goltz,2019-04-12,song,269CC66A5EAF1F9C4FC31F7854DBF0A490B07C75C5F9DD63474EADBD0FE31C84
validation,Northern Cardinal,northern_cardinal,Cardinalis,cardinalis,470301,470301-3.wav,wavfiles/470301-3.wav,//www.xeno-canto.org/470301,//creativecommons.org/licenses/by-nc-sa/4.0/,Pat Goltz,2019-04-12,song,110F05D63F67A3093CCC31934C6B3E9D67E5708071D126F038777BC8533A0869
validation,Northern Cardinal,northern_cardinal,Cardinalis,cardinalis,470301,470301-4.wav,wavfiles/470301-4.wav,//www.xeno-canto.org/470301,//creativecommons.org/licenses/by-nc-sa/4.0/,Pat Goltz,2019-04-12,song,8169E4511F99B15926C3CDBF4CD61833EF24DA98BC260C631C1556065ABFB72B
validation,Northern Cardinal,northern_cardinal,Cardinalis,cardinalis,470301,470301-5.wav,wavfiles/470301-5.wav,//www.xeno-canto.org/470301,//creativecommons.org/licenses/by-nc-sa/4.0/,Pat Goltz,2019-04-12,song,8EA94FC74802D91BA30592E4184F4557CC3067D5B0EAC052612762B745779182
validation,Northern Cardinal,northern_cardinal,Cardinalis,cardinalis,470301,470301-6.wav,wavfiles/470301-6.wav,//www.xeno-canto.org/470301,//creativecommons.org/licenses/by-nc-sa/4.0/,Pat Goltz,2019-04-12,song,7817080E81CC6CD730B0B3905457001ABB5B37EFD5A3D3F29CB4F6FA2C590AD9
validation,Northern Cardinal,northern_cardinal,Cardinalis,cardinalis,474134,474134-0.wav,wavfiles/474134-0.wav,//www.xeno-canto.org/474134,//creativecommons.org/licenses/by-nc-nd/4.0/,Frank Lambert,2018-04-06,"male, song",F968D931B0640E4C75CD0D6B9613FA86107AD0CC2BE6F8C9BABE081F7FDCEB8D
validation,Northern Cardinal,northern_cardinal,Cardinalis,cardinalis,474134,474134-1.wav,wavfiles/474134-1.wav,//www.xeno-canto.org/474134,//creativecommons.org/licenses/by-nc-nd/4.0/,Frank Lambert,2018-04-06,"male, song",7DAB9090FB430D148664D2A49D5326CB232596A41121C43BDFB5342C72B6D4AC
validation,Northern Cardinal,northern_cardinal,Cardinalis,cardinalis,474134,474134-10.wav,wavfiles/474134-10.wav,//www.xeno-canto.org/474134,//creativecommons.org/licenses/by-nc-nd/4.0/,Frank Lambert,2018-04-06,"male, song",E984556B5CC97579FCAB5980A1EAE84D4909579B325FF1C54ACDBF41F869AFEA
validation,Northern Cardinal,northern_cardinal,Cardinalis,cardinalis,474134,474134-11.wav,wavfiles/474134-11.wav,//www.xeno-canto.org/474134,//creativecommons.org/licenses/by-nc-nd/4.0/,Frank Lambert,2018-04-06,"male, song",07AACBC0B8D87328D7978B3F259547D159E3FB5E6DFFB2625E0419A51D473A36
validation,Northern Cardinal,northern_cardinal,Cardinalis,cardinalis,474134,474134-12.wav,wavfiles/474134-12.wav,//www.xeno-canto.org/474134,//creativecommons.org/licenses/by-nc-nd/4.0/,Frank Lambert,2018-04-06,"male, song",481DC4082C51AC937CFA1335BDA53B32F0E1CCED11C7D51AB0C9021E664B18DD
validation,Northern Cardinal,northern_cardinal,Cardinalis,cardinalis,474134,474134-13.wav,wavfiles/474134-13.wav,//www.xeno-canto.org/474134,//creativecommons.org/licenses/by-nc-nd/4.0/,Frank Lambert,2018-04-06,"male, song",D292CD32E5930EB6E16698ED97D3DA6C1F53B93650F09ED5B3ABFA9539041955
validation,Northern Cardinal,northern_cardinal,Cardinalis,cardinalis,474134,474134-14.wav,wavfiles/474134-14.wav,//www.xeno-canto.org/474134,//creativecommons.org/licenses/by-nc-nd/4.0/,Frank Lambert,2018-04-06,"male, song",6DC532166FF9D0A0989C0FCAF13467639F7F4FE2E1EF5FCC0FCC6EB9050611BD
validation,Northern Cardinal,northern_cardinal,Cardinalis,cardinalis,474134,474134-15.wav,wavfiles/474134-15.wav,//www.xeno-canto.org/474134,//creativecommons.org/licenses/by-nc-nd/4.0/,Frank Lambert,2018-04-06,"male, song",4166E233F3A1DDEF9CA58914F1695581B881DBA629862E1212F5265EDC3CB83F
validation,Northern Cardinal,northern_cardinal,Cardinalis,cardinalis,474134,474134-2.wav,wavfiles/474134-2.wav,//www.xeno-canto.org/474134,//creativecommons.org/licenses/by-nc-nd/4.0/,Frank Lambert,2018-04-06,"male, song",D7714D3170069AFED40596AD02AACD8704D0DE20BE5EFDD7754EFF2B2671BDEB
validation,Northern Cardinal,northern_cardinal,Cardinalis,cardinalis,474134,474134-4.wav,wavfiles/474134-4.wav,//www.xeno-canto.org/474134,//creativecommons.org/licenses/by-nc-nd/4.0/,Frank Lambert,2018-04-06,"male, song",98DCB679B921707EFDF70EF6C2A0C9384BED496866F3A83BC6D1FC31573269AA
validation,Northern Cardinal,northern_cardinal,Cardinalis,cardinalis,474134,474134-5.wav,wavfiles/474134-5.wav,//www.xeno-canto.org/474134,//creativecommons.org/licenses/by-nc-nd/4.0/,Frank Lambert,2018-04-06,"male, song",F84287D0E13F4DBEBAA452238211E31F9FCAA3F9FA99A86F44C7191FB7332230
validation,Northern Cardinal,northern_cardinal,Cardinalis,cardinalis,474134,474134-7.wav,wavfiles/474134-7.wav,//www.xeno-canto.org/474134,//creativecommons.org/licenses/by-nc-nd/4.0/,Frank Lambert,2018-04-06,"male, song",4F157B3B3593F474D4600AEDF8B312D795AC2B2F640BF4B2AB3ECA8F84C823DE
validation,Northern Cardinal,northern_cardinal,Cardinalis,cardinalis,474134,474134-8.wav,wavfiles/474134-8.wav,//www.xeno-canto.org/474134,//creativecommons.org/licenses/by-nc-nd/4.0/,Frank Lambert,2018-04-06,"male, song",7E20EE2B359739CBB78AD47E0DE85D557073C7021C1121B83B4D4A6681316A11
validation,Northern Cardinal,northern_cardinal,Cardinalis,cardinalis,474134,474134-9.wav,wavfiles/474134-9.wav,//www.xeno-canto.org/474134,//creativecommons.org/licenses/by-nc-nd/4.0/,Frank Lambert,2018-04-06,"male, song",9E9B5932EE96783B3C0570398BAAC0B7925BDBA24AFCCD2A03A6341F9A294FCD
validation,Northern Cardinal,northern_cardinal,Cardinalis,cardinalis,489169,489169-0.wav,wavfiles/489169-0.wav,//www.xeno-canto.org/489169,//creativecommons.org/licenses/by-nc-sa/4.0/,Phoenix Birder,2019-07-27,song,3D46AD77D613FF1DC0C990667E2570CA55185F0079A65CAF14D215A9D8919501
validation,Northern Cardinal,northern_cardinal,Cardinalis,cardinalis,489169,489169-1.wav,wavfiles/489169-1.wav,//www.xeno-canto.org/489169,//creativecommons.org/licenses/by-nc-sa/4.0/,Phoenix Birder,2019-07-27,song,9803251A9F4FAC2199EB4278DAE474B47C747D07B3C8FEFC62372A72E025D5A3
validation,Northern Cardinal,northern_cardinal,Cardinalis,cardinalis,489169,489169-10.wav,wavfiles/489169-10.wav,//www.xeno-canto.org/489169,//creativecommons.org/licenses/by-nc-sa/4.0/,Phoenix Birder,2019-07-27,song,69E7783F3B29E51368E55EDC5B65AD0B1546A927F438BD32A58AD2E88BBA366D
validation,Northern Cardinal,northern_cardinal,Cardinalis,cardinalis,489169,489169-11.wav,wavfiles/489169-11.wav,//www.xeno-canto.org/489169,//creativecommons.org/licenses/by-nc-sa/4.0/,Phoenix Birder,2019-07-27,song,31064BDC80A0F40EC410D138666105EE55663571A30E146146D4B58D8A8BC414
validation,Northern Cardinal,northern_cardinal,Cardinalis,cardinalis,489169,489169-2.wav,wavfiles/489169-2.wav,//www.xeno-canto.org/489169,//creativecommons.org/licenses/by-nc-sa/4.0/,Phoenix Birder,2019-07-27,song,E67BEBCB0A2D5C34971F6C5690EA96841CE549FA0BEFE548D7CBB9B7D1D4B0B4
validation,Northern Cardinal,northern_cardinal,Cardinalis,cardinalis,489169,489169-3.wav,wavfiles/489169-3.wav,//www.xeno-canto.org/489169,//creativecommons.org/licenses/by-nc-sa/4.0/,Phoenix Birder,2019-07-27,song,8D95A36B8D26C0F8CE37B2C46FEE2BF215F0CAFEBCE38F8337949AF719BB26DB
validation,Northern Cardinal,northern_cardinal,Cardinalis,cardinalis,489169,489169-4.wav,wavfiles/489169-4.wav,//www.xeno-canto.org/489169,//creativecommons.org/licenses/by-nc-sa/4.0/,Phoenix Birder,2019-07-27,song,5B02D25CD308FAC7E5221073726904DC2EB8F0232B7FD65866A079334CCC9577
validation,Northern Cardinal,northern_cardinal,Cardinalis,cardinalis,489169,489169-5.wav,wavfiles/489169-5.wav,//www.xeno-canto.org/489169,//creativecommons.org/licenses/by-nc-sa/4.0/,Phoenix Birder,2019-07-27,song,0ABD8E27144621FA5AECAF9F28D8A25551EFBDED0CC5A8CB072F75103A5A9DF7
validation,Northern Cardinal,northern_cardinal,Cardinalis,cardinalis,489169,489169-6.wav,wavfiles/489169-6.wav,//www.xeno-canto.org/489169,//creativecommons.org/licenses/by-nc-sa/4.0/,Phoenix Birder,2019-07-27,song,02F6C3748BC15D320DDA21921D4C44C9C5BCB4710D3D6C9804068BE75D526288
validation,Northern Cardinal,northern_cardinal,Cardinalis,cardinalis,489169,489169-7.wav,wavfiles/489169-7.wav,//www.xeno-canto.org/489169,//creativecommons.org/licenses/by-nc-sa/4.0/,Phoenix Birder,2019-07-27,song,449CFEA5F3F22989697A6A620D50E970BE3B3328FAE4F498AE23F577CA5F45AD
validation,Northern Cardinal,northern_cardinal,Cardinalis,cardinalis,489169,489169-8.wav,wavfiles/489169-8.wav,//www.xeno-canto.org/489169,//creativecommons.org/licenses/by-nc-sa/4.0/,Phoenix Birder,2019-07-27,song,6D7C2597294C79002EACBBE472336B4C24E8BA89CAD788AD2353C3BC9E535CF5
validation,Northern Cardinal,northern_cardinal,Cardinalis,cardinalis,489169,489169-9.wav,wavfiles/489169-9.wav,//www.xeno-canto.org/489169,//creativecommons.org/licenses/by-nc-sa/4.0/,Phoenix Birder,2019-07-27,song,DBA65683336AFA764BBFCB936F7582DF88EA2D0AFAAE9F8F2A0B9A66474E6F22
validation,Northern Cardinal,northern_cardinal,Cardinalis,cardinalis,523589,523589-14.wav,wavfiles/523589-14.wav,//www.xeno-canto.org/523589,//creativecommons.org/licenses/by-nc-sa/4.0/,William Whitehead,2020-02-01,"adult, male, song",2B0272012D13EE190C63E427D666581E9E46883292AADCF7EE5F3633042077AE
validation,Northern Cardinal,northern_cardinal,Cardinalis,cardinalis,523589,523589-15.wav,wavfiles/523589-15.wav,//www.xeno-canto.org/523589,//creativecommons.org/licenses/by-nc-sa/4.0/,William Whitehead,2020-02-01,"adult, male, song",B0F646B7A12AEAD87F505AEA5FBFCBA3E981AF4748BAE7085D217F84E183E1CD
validation,Northern Cardinal,northern_cardinal,Cardinalis,cardinalis,523589,523589-19.wav,wavfiles/523589-19.wav,//www.xeno-canto.org/523589,//creativecommons.org/licenses/by-nc-sa/4.0/,William Whitehead,2020-02-01,"adult, male, song",2314011C757CD8D2196663E74243356C653A3FBA1DC324E8D93F091846998F12
validation,Northern Cardinal,northern_cardinal,Cardinalis,cardinalis,523589,523589-20.wav,wavfiles/523589-20.wav,//www.xeno-canto.org/523589,//creativecommons.org/licenses/by-nc-sa/4.0/,William Whitehead,2020-02-01,"adult, male, song",1F403316394C98597AC2A06F662F065E16A8586B7EA012C30A7222BF4E6FB081
validation,Northern Cardinal,northern_cardinal,Cardinalis,cardinalis,523589,523589-6.wav,wavfiles/523589-6.wav,//www.xeno-canto.org/523589,//creativecommons.org/licenses/by-nc-sa/4.0/,William Whitehead,2020-02-01,"adult, male, song",E4AC3455A8613AC9A22353BCEDF3436261CA69FDAAE3220EA7DA5CE7A2AC2A37
validation,Northern Cardinal,northern_cardinal,Cardinalis,cardinalis,523589,523589-7.wav,wavfiles/523589-7.wav,//www.xeno-canto.org/523589,//creativecommons.org/licenses/by-nc-sa/4.0/,William Whitehead,2020-02-01,"adult, male, song",4A3C71463969529E305FA1E5B5B1055DA7CEF23CC547D4E1F6429D1F51461744
validation,Song Sparrow,song_sparrow,Melospiza,melodia,73428,73428-0.wav,wavfiles/73428-0.wav,//www.xeno-canto.org/73428,//creativecommons.org/licenses/by-nc-nd/2.5/,Ryan P. O'Donnell,2011-03-19,Song,5975E6810AF30086B06431D79862780441098315FFC085228974F184535AF716
validation,Song Sparrow,song_sparrow,Melospiza,melodia,73428,73428-1.wav,wavfiles/73428-1.wav,//www.xeno-canto.org/73428,//creativecommons.org/licenses/by-nc-nd/2.5/,Ryan P. O'Donnell,2011-03-19,Song,DF30B38759ECB686EE03E3CC1F17CF78F3B7A971CBA9FD5728C33C5C01AD8629
validation,Song Sparrow,song_sparrow,Melospiza,melodia,73428,73428-2.wav,wavfiles/73428-2.wav,//www.xeno-canto.org/73428,//creativecommons.org/licenses/by-nc-nd/2.5/,Ryan P. O'Donnell,2011-03-19,Song,F89696B8BE98A68420A473838C5A5EC909D2F756DE823D6450D3152A5813144E
validation,Song Sparrow,song_sparrow,Melospiza,melodia,73428,73428-4.wav,wavfiles/73428-4.wav,//www.xeno-canto.org/73428,//creativecommons.org/licenses/by-nc-nd/2.5/,Ryan P. O'Donnell,2011-03-19,Song,E74652470D75248B5017DA05D73291D83487599AFA829C41BB8A45DCAF566985
validation,Song Sparrow,song_sparrow,Melospiza,melodia,73428,73428-5.wav,wavfiles/73428-5.wav,//www.xeno-canto.org/73428,//creativecommons.org/licenses/by-nc-nd/2.5/,Ryan P. O'Donnell,2011-03-19,Song,324E390749A80ED70CD70FA32A50E39F3F5D4E9884554DEDE323D15B4A3394B6
validation,Song Sparrow,song_sparrow,Melospiza,melodia,73428,73428-6.wav,wavfiles/73428-6.wav,//www.xeno-canto.org/73428,//creativecommons.org/licenses/by-nc-nd/2.5/,Ryan P. O'Donnell,2011-03-19,Song,3A0503B344693AF667331649B47CC48521C4B9B92BE93E94F59AFAB977B36AB3
validation,Song Sparrow,song_sparrow,Melospiza,melodia,73428,73428-7.wav,wavfiles/73428-7.wav,//www.xeno-canto.org/73428,//creativecommons.org/licenses/by-nc-nd/2.5/,Ryan P. O'Donnell,2011-03-19,Song,5FEA19D2A82F788E5D59793657F61019E968B71154351AF388CDCA6F4CA575E1
validation,Song Sparrow,song_sparrow,Melospiza,melodia,73428,73428-8.wav,wavfiles/73428-8.wav,//www.xeno-canto.org/73428,//creativecommons.org/licenses/by-nc-nd/2.5/,Ryan P. O'Donnell,2011-03-19,Song,EDCA15310D10F6DA747970F99C5EBE0756C8E923AA325F8674D62EC3103BBDC9
validation,Song Sparrow,song_sparrow,Melospiza,melodia,73428,73428-9.wav,wavfiles/73428-9.wav,//www.xeno-canto.org/73428,//creativecommons.org/licenses/by-nc-nd/2.5/,Ryan P. O'Donnell,2011-03-19,Song,B8BFBAEF4D0AF59F61D033784000B31DC704C53527FDBDA2A01F8C01CB883BBD
validation,Song Sparrow,song_sparrow,Melospiza,melodia,78060,78060-0.wav,wavfiles/78060-0.wav,//www.xeno-canto.org/78060,//creativecommons.org/licenses/by-sa/3.0/,Jonathon Jongsma,2011-05-15,song,770EDFB87033116C6A68F43E3658185043632EAD0FADFB5BA3D8376D930D1238
validation,Song Sparrow,song_sparrow,Melospiza,melodia,78060,78060-1.wav,wavfiles/78060-1.wav,//www.xeno-canto.org/78060,//creativecommons.org/licenses/by-sa/3.0/,Jonathon Jongsma,2011-05-15,song,0E840D2FC16D638D40948442ECBF876B275D69F9661073FBBB8E7B9ABF6EB32F
validation,Song Sparrow,song_sparrow,Melospiza,melodia,78060,78060-2.wav,wavfiles/78060-2.wav,//www.xeno-canto.org/78060,//creativecommons.org/licenses/by-sa/3.0/,Jonathon Jongsma,2011-05-15,song,CB3F7853D677989EA30BFE73C00C744783B91D245761A78ACEDE9AA0626B7E93
validation,Song Sparrow,song_sparrow,Melospiza,melodia,78060,78060-3.wav,wavfiles/78060-3.wav,//www.xeno-canto.org/78060,//creativecommons.org/licenses/by-sa/3.0/,Jonathon Jongsma,2011-05-15,song,2485B2A1BC331C2F5B72D6A22B11D3C0DD8BA616AFFA1D7E1F8317F9D322E995
validation,Song Sparrow,song_sparrow,Melospiza,melodia,78060,78060-4.wav,wavfiles/78060-4.wav,//www.xeno-canto.org/78060,//creativecommons.org/licenses/by-sa/3.0/,Jonathon Jongsma,2011-05-15,song,9324B119E3CD20C9B1CC08FAD088E648B734BBCF839CFEC4BF9AF55C70E0B079
validation,Song Sparrow,song_sparrow,Melospiza,melodia,78060,78060-5.wav,wavfiles/78060-5.wav,//www.xeno-canto.org/78060,//creativecommons.org/licenses/by-sa/3.0/,Jonathon Jongsma,2011-05-15,song,7766658E8E8463A27C04F2F52C7E90B77F3D91851EDAE74412A620A20D5E0DDF
validation,Song Sparrow,song_sparrow,Melospiza,melodia,78060,78060-6.wav,wavfiles/78060-6.wav,//www.xeno-canto.org/78060,//creativecommons.org/licenses/by-sa/3.0/,Jonathon Jongsma,2011-05-15,song,044AC28CAA40FB962BFB211302B8D9B44748FB52C211004B26641A77E28A9420
validation,Song Sparrow,song_sparrow,Melospiza,melodia,78060,78060-7.wav,wavfiles/78060-7.wav,//www.xeno-canto.org/78060,//creativecommons.org/licenses/by-sa/3.0/,Jonathon Jongsma,2011-05-15,song,BD1940446ACD2EAC94E0AF84DCA88B277458EF76A5C8157EF76A2A6F37B9F0BD
validation,Song Sparrow,song_sparrow,Melospiza,melodia,103338,103338-0.wav,wavfiles/103338-0.wav,//www.xeno-canto.org/103338,//creativecommons.org/licenses/by-nc-nd/2.5/,Eric DeFonso,2012-04-25,song,85684DE80F77985C4961EF95CA1EC64E1250ED0959FFD0D2178B8713A1BB7E8D
validation,Song Sparrow,song_sparrow,Melospiza,melodia,103338,103338-1.wav,wavfiles/103338-1.wav,//www.xeno-canto.org/103338,//creativecommons.org/licenses/by-nc-nd/2.5/,Eric DeFonso,2012-04-25,song,D7A7C5E9B414BBFCA5B6DF5F100FA14C1F2FF97F0D1E154FB90CD4DEEE710C0B
validation,Song Sparrow,song_sparrow,Melospiza,melodia,103338,103338-11.wav,wavfiles/103338-11.wav,//www.xeno-canto.org/103338,//creativecommons.org/licenses/by-nc-nd/2.5/,Eric DeFonso,2012-04-25,song,3A7D083548241D2998F0119B0A3A1ED21A34106FEDC86946A89AFD8AB5F7F503
validation,Song Sparrow,song_sparrow,Melospiza,melodia,103338,103338-12.wav,wavfiles/103338-12.wav,//www.xeno-canto.org/103338,//creativecommons.org/licenses/by-nc-nd/2.5/,Eric DeFonso,2012-04-25,song,F6F49AE3B2A782A549484A042697DB7EAC9A8C02415543E7A98C48D44EA33175
validation,Song Sparrow,song_sparrow,Melospiza,melodia,103338,103338-14.wav,wavfiles/103338-14.wav,//www.xeno-canto.org/103338,//creativecommons.org/licenses/by-nc-nd/2.5/,Eric DeFonso,2012-04-25,song,62221C518CE5BC5B035DE8824FDFFA2A2D9290E8CB0F9FDBC0FF04AB0B67D674
validation,Song Sparrow,song_sparrow,Melospiza,melodia,103338,103338-2.wav,wavfiles/103338-2.wav,//www.xeno-canto.org/103338,//creativecommons.org/licenses/by-nc-nd/2.5/,Eric DeFonso,2012-04-25,song,FC52758E2BC1A16514D83EC0E2B13C5D91567759F418ADFCBDA2E0F3EDA48EB9
validation,Song Sparrow,song_sparrow,Melospiza,melodia,103338,103338-6.wav,wavfiles/103338-6.wav,//www.xeno-canto.org/103338,//creativecommons.org/licenses/by-nc-nd/2.5/,Eric DeFonso,2012-04-25,song,53FFBB0261CBD7001DEA4D3EA9BCAFDD6973101938716E91F9B151CC24F180EF
validation,Song Sparrow,song_sparrow,Melospiza,melodia,103338,103338-7.wav,wavfiles/103338-7.wav,//www.xeno-canto.org/103338,//creativecommons.org/licenses/by-nc-nd/2.5/,Eric DeFonso,2012-04-25,song,EC115ACAEAF29F5A303C9B2E11D202A51EB459E3EADA19F283F0D28334853CE0
validation,Song Sparrow,song_sparrow,Melospiza,melodia,103338,103338-8.wav,wavfiles/103338-8.wav,//www.xeno-canto.org/103338,//creativecommons.org/licenses/by-nc-nd/2.5/,Eric DeFonso,2012-04-25,song,B611B8FCA1348205EAB71A4FFB4EFBD359212CCE37B92349B97B1207D427131A
validation,Song Sparrow,song_sparrow,Melospiza,melodia,103338,103338-9.wav,wavfiles/103338-9.wav,//www.xeno-canto.org/103338,//creativecommons.org/licenses/by-nc-nd/2.5/,Eric DeFonso,2012-04-25,song,9C3B34A13131361E07EB2E44CEE090A48F430642F8C795BAA1177EF8163AADDC
validation,Song Sparrow,song_sparrow,Melospiza,melodia,111289,111289-0.wav,wavfiles/111289-0.wav,//www.xeno-canto.org/111289,//creativecommons.org/licenses/by-nc-nd/2.5/,Richard E Webster,2008-07-31,song,DF43F17F58C738AC00675CF359CEB0DE1DADEED3E4FF995DAE61F16792548865
validation,Song Sparrow,song_sparrow,Melospiza,melodia,111289,111289-1.wav,wavfiles/111289-1.wav,//www.xeno-canto.org/111289,//creativecommons.org/licenses/by-nc-nd/2.5/,Richard E Webster,2008-07-31,song,9A0DD3D56E91DD4E60905C730C1D656BCBFD36E18ACDAC5E25120C4CCDFB19DA
validation,Song Sparrow,song_sparrow,Melospiza,melodia,111289,111289-2.wav,wavfiles/111289-2.wav,//www.xeno-canto.org/111289,//creativecommons.org/licenses/by-nc-nd/2.5/,Richard E Webster,2008-07-31,song,2385C791F68E0F831E0B11123F1FBAF5096787199F4D5683F4A4F7CA722117B1
validation,Song Sparrow,song_sparrow,Melospiza,melodia,111289,111289-4.wav,wavfiles/111289-4.wav,//www.xeno-canto.org/111289,//creativecommons.org/licenses/by-nc-nd/2.5/,Richard E Webster,2008-07-31,song,92E00A1910A1FC06B123EC53B7044BFB9B8725C849AFD6646CC4AF828B318871
validation,Song Sparrow,song_sparrow,Melospiza,melodia,111289,111289-5.wav,wavfiles/111289-5.wav,//www.xeno-canto.org/111289,//creativecommons.org/licenses/by-nc-nd/2.5/,Richard E Webster,2008-07-31,song,85A2D481521F09C168B3661EADAE8F288EEF8CBEAFBF1B6BBA7485D529E84074
validation,Song Sparrow,song_sparrow,Melospiza,melodia,111289,111289-6.wav,wavfiles/111289-6.wav,//www.xeno-canto.org/111289,//creativecommons.org/licenses/by-nc-nd/2.5/,Richard E Webster,2008-07-31,song,C93B0B85B20D2B7735CDF2C23EB2DDBE5A216044185699CAEEAF8850223A1183
validation,Song Sparrow,song_sparrow,Melospiza,melodia,111669,111669-0.wav,wavfiles/111669-0.wav,//www.xeno-canto.org/111669,//creativecommons.org/licenses/by-nc-nd/2.5/,Richard E Webster,2010-09-02,subsong,AC62A769F57EF26793EB578BB75E33BC818BE3B6804AF81F6ABFDBEBBFE5B9CC
validation,Song Sparrow,song_sparrow,Melospiza,melodia,111669,111669-1.wav,wavfiles/111669-1.wav,//www.xeno-canto.org/111669,//creativecommons.org/licenses/by-nc-nd/2.5/,Richard E Webster,2010-09-02,subsong,85EF3139B84AD6888268BC53EB2B5E4E6A138E23CC41A9D22D2CB719EAB95BA9
validation,Song Sparrow,song_sparrow,Melospiza,melodia,111669,111669-2.wav,wavfiles/111669-2.wav,//www.xeno-canto.org/111669,//creativecommons.org/licenses/by-nc-nd/2.5/,Richard E Webster,2010-09-02,subsong,415CD16EAEA4913F7F3D4BF62F538ED96C05362BD63F163A6E30046CE8BF4AE9
validation,Song Sparrow,song_sparrow,Melospiza,melodia,111669,111669-3.wav,wavfiles/111669-3.wav,//www.xeno-canto.org/111669,//creativecommons.org/licenses/by-nc-nd/2.5/,Richard E Webster,2010-09-02,subsong,E89301C7D93D5BC39F105755A3B86C257C1D7DC94402E394F3CB413B0A5E0E15
validation,Song Sparrow,song_sparrow,Melospiza,melodia,111669,111669-4.wav,wavfiles/111669-4.wav,//www.xeno-canto.org/111669,//creativecommons.org/licenses/by-nc-nd/2.5/,Richard E Webster,2010-09-02,subsong,17CE889F4F3EF6CBCC4381B17D9836D36F31B1FFBA3AE3F002F63FC91451C7A8
validation,Song Sparrow,song_sparrow,Melospiza,melodia,111669,111669-6.wav,wavfiles/111669-6.wav,//www.xeno-canto.org/111669,//creativecommons.org/licenses/by-nc-nd/2.5/,Richard E Webster,2010-09-02,subsong,1C470D5AFEDFA3FA3E17CCFCACEE426E6D77893A4A5F055AC3ED2B737287B0EC
validation,Song Sparrow,song_sparrow,Melospiza,melodia,111669,111669-7.wav,wavfiles/111669-7.wav,//www.xeno-canto.org/111669,//creativecommons.org/licenses/by-nc-nd/2.5/,Richard E Webster,2010-09-02,subsong,E0802686E9294E27EC65F65798BCBB8A6D6249536B675A1F14FC496889325F6C
validation,Song Sparrow,song_sparrow,Melospiza,melodia,128904,128904-0.wav,wavfiles/128904-0.wav,//www.xeno-canto.org/128904,//creativecommons.org/licenses/by-nc-sa/3.0/,Thomas G. Graves,2013-04-06,song,7FC07D8F312A44B8CE5AAE6455B7D401E0AF7F6CF376990BB593BFB121903A74
validation,Song Sparrow,song_sparrow,Melospiza,melodia,128904,128904-1.wav,wavfiles/128904-1.wav,//www.xeno-canto.org/128904,//creativecommons.org/licenses/by-nc-sa/3.0/,Thomas G. Graves,2013-04-06,song,40DE8575DDE60E99EB5F080518D775D51A7C9EFC0289A875E3B35DE9978028D2
validation,Song Sparrow,song_sparrow,Melospiza,melodia,128904,128904-10.wav,wavfiles/128904-10.wav,//www.xeno-canto.org/128904,//creativecommons.org/licenses/by-nc-sa/3.0/,Thomas G. Graves,2013-04-06,song,BCFA9231C4459638CF8FE294E76198C7581AC27CF4D9144D9CF79D0C7E8C80EF
validation,Song Sparrow,song_sparrow,Melospiza,melodia,128904,128904-11.wav,wavfiles/128904-11.wav,//www.xeno-canto.org/128904,//creativecommons.org/licenses/by-nc-sa/3.0/,Thomas G. Graves,2013-04-06,song,4BA742D711B130B1993B453E8A7B83A6A4B1436C65BEE525F4ED961F21C82FE8
validation,Song Sparrow,song_sparrow,Melospiza,melodia,128904,128904-12.wav,wavfiles/128904-12.wav,//www.xeno-canto.org/128904,//creativecommons.org/licenses/by-nc-sa/3.0/,Thomas G. Graves,2013-04-06,song,FBACB6AD03C8C8AE3C16F67D9B551A9D9BF4FBC832F74F5FC337BD8B91F2F574
validation,Song Sparrow,song_sparrow,Melospiza,melodia,128904,128904-13.wav,wavfiles/128904-13.wav,//www.xeno-canto.org/128904,//creativecommons.org/licenses/by-nc-sa/3.0/,Thomas G. Graves,2013-04-06,song,9F89C9FF3DCBC7BDA548CC30DD1A6F0ACDEB7867258AF0D31AEFEC1DDA82326B
validation,Song Sparrow,song_sparrow,Melospiza,melodia,128904,128904-2.wav,wavfiles/128904-2.wav,//www.xeno-canto.org/128904,//creativecommons.org/licenses/by-nc-sa/3.0/,Thomas G. Graves,2013-04-06,song,1A36AD18B6D6EB491D6A808B8F245375CD0FF1713B6B3121D22A68BEB9784807
validation,Song Sparrow,song_sparrow,Melospiza,melodia,128904,128904-3.wav,wavfiles/128904-3.wav,//www.xeno-canto.org/128904,//creativecommons.org/licenses/by-nc-sa/3.0/,Thomas G. Graves,2013-04-06,song,DEB05B975960D97EC1FEA2A652CB404531742B76F8FFB0E1B6C8B7F7CB8F7F49
validation,Song Sparrow,song_sparrow,Melospiza,melodia,128904,128904-4.wav,wavfiles/128904-4.wav,//www.xeno-canto.org/128904,//creativecommons.org/licenses/by-nc-sa/3.0/,Thomas G. Graves,2013-04-06,song,E13132BF6CC656BCA683425B8D132C7E062223775B577C3F1F1B67A6B8A8DB54
validation,Song Sparrow,song_sparrow,Melospiza,melodia,128904,128904-5.wav,wavfiles/128904-5.wav,//www.xeno-canto.org/128904,//creativecommons.org/licenses/by-nc-sa/3.0/,Thomas G. Graves,2013-04-06,song,F46D6B4F4240E4B0F850372D38D2C2E6186518B9BB805B18A5EB0DEFF0F287BD
validation,Song Sparrow,song_sparrow,Melospiza,melodia,128904,128904-6.wav,wavfiles/128904-6.wav,//www.xeno-canto.org/128904,//creativecommons.org/licenses/by-nc-sa/3.0/,Thomas G. Graves,2013-04-06,song,9B739BB1BD36962633637F2725C4628E449CB6EA5AB0539B4FC23CE2078B2D55
validation,Song Sparrow,song_sparrow,Melospiza,melodia,128904,128904-7.wav,wavfiles/128904-7.wav,//www.xeno-canto.org/128904,//creativecommons.org/licenses/by-nc-sa/3.0/,Thomas G. Graves,2013-04-06,song,6FDC188E75712034C09EEBBB93019EEC6350371F01DB6CC7B05346AC54A50170
validation,Song Sparrow,song_sparrow,Melospiza,melodia,288255,288255-0.wav,wavfiles/288255-0.wav,//www.xeno-canto.org/288255,//creativecommons.org/licenses/by-nc-sa/4.0/,J.R. Rigby,2015-11-01,"juvenile, subsong",5D74C1E816AB0EB82C9B7A6C3A6DCD8663C8BE6235237292B29FDA8491F442AB
validation,Song Sparrow,song_sparrow,Melospiza,melodia,288255,288255-1.wav,wavfiles/288255-1.wav,//www.xeno-canto.org/288255,//creativecommons.org/licenses/by-nc-sa/4.0/,J.R. Rigby,2015-11-01,"juvenile, subsong",42499339BCB217763D84A8C2C8B3F4362C4A66B1A5B1FA9CEB873578F98BB331
validation,Song Sparrow,song_sparrow,Melospiza,melodia,288255,288255-10.wav,wavfiles/288255-10.wav,//www.xeno-canto.org/288255,//creativecommons.org/licenses/by-nc-sa/4.0/,J.R. Rigby,2015-11-01,"juvenile, subsong",A2B62EC7D0FEE41B5745C4C340B995A9C9CD2D2CC3FAED56B68DFC25083CC346
validation,Song Sparrow,song_sparrow,Melospiza,melodia,288255,288255-11.wav,wavfiles/288255-11.wav,//www.xeno-canto.org/288255,//creativecommons.org/licenses/by-nc-sa/4.0/,J.R. Rigby,2015-11-01,"juvenile, subsong",092803FC61DEF41FF1266937097214023F8674D16B270427A1B9DD8A18946688
validation,Song Sparrow,song_sparrow,Melospiza,melodia,288255,288255-12.wav,wavfiles/288255-12.wav,//www.xeno-canto.org/288255,//creativecommons.org/licenses/by-nc-sa/4.0/,J.R. Rigby,2015-11-01,"juvenile, subsong",4FA8A9209F668DBB185A6A738E0B8A65633400F450208BFFFEEFBF57499D9A30
validation,Song Sparrow,song_sparrow,Melospiza,melodia,288255,288255-15.wav,wavfiles/288255-15.wav,//www.xeno-canto.org/288255,//creativecommons.org/licenses/by-nc-sa/4.0/,J.R. Rigby,2015-11-01,"juvenile, subsong",B2C8AD3BC8A3E5D8B70F6EABE0D36A0D5068777EC7DF61A0BC42DD286B70E81F
validation,Song Sparrow,song_sparrow,Melospiza,melodia,288255,288255-2.wav,wavfiles/288255-2.wav,//www.xeno-canto.org/288255,//creativecommons.org/licenses/by-nc-sa/4.0/,J.R. Rigby,2015-11-01,"juvenile, subsong",3D02392E0506F403D72E0A8FA8C7E35E72396851B995CB2A8510E5CEDE10E2A3
validation,Song Sparrow,song_sparrow,Melospiza,melodia,288255,288255-3.wav,wavfiles/288255-3.wav,//www.xeno-canto.org/288255,//creativecommons.org/licenses/by-nc-sa/4.0/,J.R. Rigby,2015-11-01,"juvenile, subsong",E5B36BB24BEBAB4E5AD6DA4DC3D112042B0E9D4D540A6D42705018A43DE4D886
validation,Song Sparrow,song_sparrow,Melospiza,melodia,288255,288255-4.wav,wavfiles/288255-4.wav,//www.xeno-canto.org/288255,//creativecommons.org/licenses/by-nc-sa/4.0/,J.R. Rigby,2015-11-01,"juvenile, subsong",890E187C379D3E469D8F279353A800F4736E999BDC79F914AFD24576340E1961
validation,Song Sparrow,song_sparrow,Melospiza,melodia,288255,288255-5.wav,wavfiles/288255-5.wav,//www.xeno-canto.org/288255,//creativecommons.org/licenses/by-nc-sa/4.0/,J.R. Rigby,2015-11-01,"juvenile, subsong",CB361945B4C1BD101A04354BFE329E96E8E6466A9803A1BA8ACF822FBAB04065
validation,Song Sparrow,song_sparrow,Melospiza,melodia,288255,288255-6.wav,wavfiles/288255-6.wav,//www.xeno-canto.org/288255,//creativecommons.org/licenses/by-nc-sa/4.0/,J.R. Rigby,2015-11-01,"juvenile, subsong",4BDB80892413A1EF587011FE25152B2D4813D18F4C1F35CC59E1B0A81BFC6F00
validation,Song Sparrow,song_sparrow,Melospiza,melodia,288255,288255-7.wav,wavfiles/288255-7.wav,//www.xeno-canto.org/288255,//creativecommons.org/licenses/by-nc-sa/4.0/,J.R. Rigby,2015-11-01,"juvenile, subsong",1A1DB39360D84FF8936DB05E0A85E274E9E54A991B58558CA0636C31A351959F
validation,Song Sparrow,song_sparrow,Melospiza,melodia,288255,288255-8.wav,wavfiles/288255-8.wav,//www.xeno-canto.org/288255,//creativecommons.org/licenses/by-nc-sa/4.0/,J.R. Rigby,2015-11-01,"juvenile, subsong",3F64E593D2868ADC84E26F6EAEED290CB9529417E6252872BE5D5047E4DCC824
validation,Song Sparrow,song_sparrow,Melospiza,melodia,288255,288255-9.wav,wavfiles/288255-9.wav,//www.xeno-canto.org/288255,//creativecommons.org/licenses/by-nc-sa/4.0/,J.R. Rigby,2015-11-01,"juvenile, subsong",F5F9A50FCBD4BFE739F789A963E0E87800C8EFE6361419E15E8C43DA95202440
validation,Song Sparrow,song_sparrow,Melospiza,melodia,312736,312736-0.wav,wavfiles/312736-0.wav,//www.xeno-canto.org/312736,//creativecommons.org/licenses/by-nc-sa/4.0/,Antonio Xeira,2016-04-17,song,9FB79ADB0560314D9A7C8E3034E0B722B6A295DDB8BF876DA2F24AF0CC9915F8
validation,Song Sparrow,song_sparrow,Melospiza,melodia,312736,312736-1.wav,wavfiles/312736-1.wav,//www.xeno-canto.org/312736,//creativecommons.org/licenses/by-nc-sa/4.0/,Antonio Xeira,2016-04-17,song,4B075CABB8C774D20386CE6BFE17D5CB469B54089DD29C55801E6A2D13DF35F1
validation,Song Sparrow,song_sparrow,Melospiza,melodia,312736,312736-10.wav,wavfiles/312736-10.wav,//www.xeno-canto.org/312736,//creativecommons.org/licenses/by-nc-sa/4.0/,Antonio Xeira,2016-04-17,song,9C4BF19144108248A583147E0154433D39F835CA636B5C6B9F4A699C1A501305
validation,Song Sparrow,song_sparrow,Melospiza,melodia,312736,312736-2.wav,wavfiles/312736-2.wav,//www.xeno-canto.org/312736,//creativecommons.org/licenses/by-nc-sa/4.0/,Antonio Xeira,2016-04-17,song,93C7C2191C5A9E6A2E273C81D3DB8292180805353443B650E273C5578D9DC85A
validation,Song Sparrow,song_sparrow,Melospiza,melodia,312736,312736-3.wav,wavfiles/312736-3.wav,//www.xeno-canto.org/312736,//creativecommons.org/licenses/by-nc-sa/4.0/,Antonio Xeira,2016-04-17,song,19C9855F54716B359CED7F417685568857D1CF72CA2BD8C1DCD2E79B4E2AA907
validation,Song Sparrow,song_sparrow,Melospiza,melodia,312736,312736-4.wav,wavfiles/312736-4.wav,//www.xeno-canto.org/312736,//creativecommons.org/licenses/by-nc-sa/4.0/,Antonio Xeira,2016-04-17,song,E7D5AA3484E063D3366EA6ADC5EE1AF272164E7C8E808F4372CA185BB9E24563
validation,Song Sparrow,song_sparrow,Melospiza,melodia,312736,312736-5.wav,wavfiles/312736-5.wav,//www.xeno-canto.org/312736,//creativecommons.org/licenses/by-nc-sa/4.0/,Antonio Xeira,2016-04-17,song,5A14E95180320E8D385C786990F89100A3F2C59592E158A4F18E91B649495D25
validation,Song Sparrow,song_sparrow,Melospiza,melodia,312736,312736-6.wav,wavfiles/312736-6.wav,//www.xeno-canto.org/312736,//creativecommons.org/licenses/by-nc-sa/4.0/,Antonio Xeira,2016-04-17,song,E08EC3562DB55AFDDE7865B061A30B4D2713279775362E676CEA37189F1CD6DD
validation,Song Sparrow,song_sparrow,Melospiza,melodia,312736,312736-7.wav,wavfiles/312736-7.wav,//www.xeno-canto.org/312736,//creativecommons.org/licenses/by-nc-sa/4.0/,Antonio Xeira,2016-04-17,song,4B420F501C6ACFD56BC066C0DFB60440EA5B11AE7DE23DF91AB4800C3D2E134B
validation,Song Sparrow,song_sparrow,Melospiza,melodia,312736,312736-8.wav,wavfiles/312736-8.wav,//www.xeno-canto.org/312736,//creativecommons.org/licenses/by-nc-sa/4.0/,Antonio Xeira,2016-04-17,song,208C21BFAE375A90BB2E75D17DA6B71C2E0FC433FAEBA8843411D7330AB0CF57
validation,Song Sparrow,song_sparrow,Melospiza,melodia,312736,312736-9.wav,wavfiles/312736-9.wav,//www.xeno-canto.org/312736,//creativecommons.org/licenses/by-nc-sa/4.0/,Antonio Xeira,2016-04-17,song,D19FF6A5D8CED1AB51CF78F5E1C92F155693971A5F72FD0744BDE3727C993CBB
validation,Song Sparrow,song_sparrow,Melospiza,melodia,336819,336819-0.wav,wavfiles/336819-0.wav,//www.xeno-canto.org/336819,//creativecommons.org/licenses/by-nc-sa/4.0/,Paul Driver,2010-10-03,subsong,7E5F16CD7D417AF8E9C36D6F2A0E0134C1B2DECADF073242A797DF22F8A0742C
validation,Song Sparrow,song_sparrow,Melospiza,melodia,336819,336819-1.wav,wavfiles/336819-1.wav,//www.xeno-canto.org/336819,//creativecommons.org/licenses/by-nc-sa/4.0/,Paul Driver,2010-10-03,subsong,9EC20F84338FBFC932D447F6667FAC14BEC0B6D154FB6E9C7B562C94A8230A6A
validation,Song Sparrow,song_sparrow,Melospiza,melodia,336819,336819-10.wav,wavfiles/336819-10.wav,//www.xeno-canto.org/336819,//creativecommons.org/licenses/by-nc-sa/4.0/,Paul Driver,2010-10-03,subsong,94F7716DFABD4A71C51C592F10C37AC7A2CDA4013BF18285EA6DACF8F96B96DD
validation,Song Sparrow,song_sparrow,Melospiza,melodia,336819,336819-11.wav,wavfiles/336819-11.wav,//www.xeno-canto.org/336819,//creativecommons.org/licenses/by-nc-sa/4.0/,Paul Driver,2010-10-03,subsong,2D31AA15D84306AEBA2907771DEAB9BD38318BD85A9F29D071CD6C6DD765343B
validation,Song Sparrow,song_sparrow,Melospiza,melodia,336819,336819-12.wav,wavfiles/336819-12.wav,//www.xeno-canto.org/336819,//creativecommons.org/licenses/by-nc-sa/4.0/,Paul Driver,2010-10-03,subsong,3735D1EDA54A76A2F860B7E3D879EFE9B012F2534E959C5EF488FC6D225C5EF5
validation,Song Sparrow,song_sparrow,Melospiza,melodia,336819,336819-13.wav,wavfiles/336819-13.wav,//www.xeno-canto.org/336819,//creativecommons.org/licenses/by-nc-sa/4.0/,Paul Driver,2010-10-03,subsong,8D6D25284E31978B6FD29E6921E901D24849DF2A066CBC8DE1A7538922C0B3F3
validation,Song Sparrow,song_sparrow,Melospiza,melodia,336819,336819-14.wav,wavfiles/336819-14.wav,//www.xeno-canto.org/336819,//creativecommons.org/licenses/by-nc-sa/4.0/,Paul Driver,2010-10-03,subsong,AC09D21223502F028989AF8C614CE0F5D6DE6F413F8AABF41C8DF216CAF288C2
validation,Song Sparrow,song_sparrow,Melospiza,melodia,336819,336819-15.wav,wavfiles/336819-15.wav,//www.xeno-canto.org/336819,//creativecommons.org/licenses/by-nc-sa/4.0/,Paul Driver,2010-10-03,subsong,123B469C0A112068D1D03F411826949D389D2F449CFD05F4EC2F1238337B8819
validation,Song Sparrow,song_sparrow,Melospiza,melodia,336819,336819-2.wav,wavfiles/336819-2.wav,//www.xeno-canto.org/336819,//creativecommons.org/licenses/by-nc-sa/4.0/,Paul Driver,2010-10-03,subsong,2F65A27410EE1A2DA87A9D69B16D1B5DF83C7FBD690460D4722AE968B2B43845
validation,Song Sparrow,song_sparrow,Melospiza,melodia,336819,336819-3.wav,wavfiles/336819-3.wav,//www.xeno-canto.org/336819,//creativecommons.org/licenses/by-nc-sa/4.0/,Paul Driver,2010-10-03,subsong,C7217CC24A34441E17424357AFA675E889CC3CFF961A564C807AB2468C4E7446
validation,Song Sparrow,song_sparrow,Melospiza,melodia,336819,336819-4.wav,wavfiles/336819-4.wav,//www.xeno-canto.org/336819,//creativecommons.org/licenses/by-nc-sa/4.0/,Paul Driver,2010-10-03,subsong,7ED9D2869265922B4EAED2D8944A9C70304E4B222BA642884C6800F6F5BB7971
validation,Song Sparrow,song_sparrow,Melospiza,melodia,336819,336819-5.wav,wavfiles/336819-5.wav,//www.xeno-canto.org/336819,//creativecommons.org/licenses/by-nc-sa/4.0/,Paul Driver,2010-10-03,subsong,6C1CA584C848DF76D183A1842914260A883226807F69F5748C9EACAC7F97CFC5
validation,Song Sparrow,song_sparrow,Melospiza,melodia,336819,336819-6.wav,wavfiles/336819-6.wav,//www.xeno-canto.org/336819,//creativecommons.org/licenses/by-nc-sa/4.0/,Paul Driver,2010-10-03,subsong,A0C0320FB00147D0135DE75F66AB8452DA10F867935C798F1068EC9419851B6F
validation,Song Sparrow,song_sparrow,Melospiza,melodia,336819,336819-7.wav,wavfiles/336819-7.wav,//www.xeno-canto.org/336819,//creativecommons.org/licenses/by-nc-sa/4.0/,Paul Driver,2010-10-03,subsong,18BCE314D90A8B62E4976BFC89C53F65FC0B1BA85360BDCC190E6AA3CD97B822
validation,Song Sparrow,song_sparrow,Melospiza,melodia,336819,336819-9.wav,wavfiles/336819-9.wav,//www.xeno-canto.org/336819,//creativecommons.org/licenses/by-nc-sa/4.0/,Paul Driver,2010-10-03,subsong,EC86ED03829AB358AC367DBCC1A75C34A6DAC580ED5FE5F8AEAD8AC3360F8FBB
validation,Song Sparrow,song_sparrow,Melospiza,melodia,362470,362470-0.wav,wavfiles/362470-0.wav,//www.xeno-canto.org/362470,//creativecommons.org/licenses/by-nc-sa/4.0/,Matt Wistrand,2017-04-01,song,1312D255011B2E1E1DE9A2F1875B49AAE497F3613AD69A7504507554FEA67D2E
validation,Song Sparrow,song_sparrow,Melospiza,melodia,362470,362470-1.wav,wavfiles/362470-1.wav,//www.xeno-canto.org/362470,//creativecommons.org/licenses/by-nc-sa/4.0/,Matt Wistrand,2017-04-01,song,2FA16788FF2B5164B57D10EDAE602A4E5582A1D116D7834AB8D5C5F4C74A2107
validation,Song Sparrow,song_sparrow,Melospiza,melodia,362470,362470-2.wav,wavfiles/362470-2.wav,//www.xeno-canto.org/362470,//creativecommons.org/licenses/by-nc-sa/4.0/,Matt Wistrand,2017-04-01,song,920C8AC3A14A587D865539D0B6DCEAF47216F5AE0D66EA5F27B74B1C9EA31766
validation,Song Sparrow,song_sparrow,Melospiza,melodia,362470,362470-4.wav,wavfiles/362470-4.wav,//www.xeno-canto.org/362470,//creativecommons.org/licenses/by-nc-sa/4.0/,Matt Wistrand,2017-04-01,song,56F6E76E5A0098648762E4AF977360BC5766B0282F7412869E86970BC8A75353
validation,Song Sparrow,song_sparrow,Melospiza,melodia,362470,362470-5.wav,wavfiles/362470-5.wav,//www.xeno-canto.org/362470,//creativecommons.org/licenses/by-nc-sa/4.0/,Matt Wistrand,2017-04-01,song,2B459A0AA28907EC65EFFB1C6F1F943B9C17AA646CC01911058495A2FBE633FD
validation,Song Sparrow,song_sparrow,Melospiza,melodia,362470,362470-6.wav,wavfiles/362470-6.wav,//www.xeno-canto.org/362470,//creativecommons.org/licenses/by-nc-sa/4.0/,Matt Wistrand,2017-04-01,song,BBC33AE15AACDA3FD33255F09EC18980C97E111C1055590F798DAE532DE34EFC
validation,Song Sparrow,song_sparrow,Melospiza,melodia,408571,408571-0.wav,wavfiles/408571-0.wav,//www.xeno-canto.org/408571,//creativecommons.org/licenses/by-nc-nd/4.0/,Frank Lambert,2015-05-17,song,181F2BFD8F5E9B97DF97DE286068D49CF19FC456AD76E6B1883A2E26CC73D679
validation,Song Sparrow,song_sparrow,Melospiza,melodia,408571,408571-1.wav,wavfiles/408571-1.wav,//www.xeno-canto.org/408571,//creativecommons.org/licenses/by-nc-nd/4.0/,Frank Lambert,2015-05-17,song,97E3CC3F3D19C640E46C17615A68142C86BCBFAA923D79FF5CBCD9D0BB68C7BC
validation,Song Sparrow,song_sparrow,Melospiza,melodia,408571,408571-10.wav,wavfiles/408571-10.wav,//www.xeno-canto.org/408571,//creativecommons.org/licenses/by-nc-nd/4.0/,Frank Lambert,2015-05-17,song,D41C86AD96D4BC0E3532583E248639F08FA8A75357B551DE4F18AECF18072470
validation,Song Sparrow,song_sparrow,Melospiza,melodia,408571,408571-11.wav,wavfiles/408571-11.wav,//www.xeno-canto.org/408571,//creativecommons.org/licenses/by-nc-nd/4.0/,Frank Lambert,2015-05-17,song,43986647A8FBD089E63AFD4AE83D948CF7DAB343AAEA22B1E515F1B15E3453EB
validation,Song Sparrow,song_sparrow,Melospiza,melodia,408571,408571-12.wav,wavfiles/408571-12.wav,//www.xeno-canto.org/408571,//creativecommons.org/licenses/by-nc-nd/4.0/,Frank Lambert,2015-05-17,song,8CCFF9D5FD387D5C23B9238241F04BFAF4610304F1F59F8E2988EAB3421CBCAD
validation,Song Sparrow,song_sparrow,Melospiza,melodia,408571,408571-2.wav,wavfiles/408571-2.wav,//www.xeno-canto.org/408571,//creativecommons.org/licenses/by-nc-nd/4.0/,Frank Lambert,2015-05-17,song,7E14F6E1CC9AE02190EFB470ED5CF6C8A52061A144D4FA29BCBC84B2E1DD02F8
validation,Song Sparrow,song_sparrow,Melospiza,melodia,408571,408571-3.wav,wavfiles/408571-3.wav,//www.xeno-canto.org/408571,//creativecommons.org/licenses/by-nc-nd/4.0/,Frank Lambert,2015-05-17,song,E777C121A1E6CF948E4507FAAC36930258986122209A261D0177253D8D20DB61
validation,Song Sparrow,song_sparrow,Melospiza,melodia,408571,408571-4.wav,wavfiles/408571-4.wav,//www.xeno-canto.org/408571,//creativecommons.org/licenses/by-nc-nd/4.0/,Frank Lambert,2015-05-17,song,D0A8D890C356946B0855AE05BAC971B6D9BE55C1F38757CF7EC64504369C2474
validation,Song Sparrow,song_sparrow,Melospiza,melodia,408571,408571-5.wav,wavfiles/408571-5.wav,//www.xeno-canto.org/408571,//creativecommons.org/licenses/by-nc-nd/4.0/,Frank Lambert,2015-05-17,song,38A0235C580EE6F6D1F508610F78BE2C7CDC884CD84AAAFE714ED0D5DDBA46ED
validation,Song Sparrow,song_sparrow,Melospiza,melodia,408571,408571-6.wav,wavfiles/408571-6.wav,//www.xeno-canto.org/408571,//creativecommons.org/licenses/by-nc-nd/4.0/,Frank Lambert,2015-05-17,song,5A8279D83E9EA878CE346B293EA08C782D15A26EA362385F3552BD109EDC5137
validation,Song Sparrow,song_sparrow,Melospiza,melodia,408571,408571-7.wav,wavfiles/408571-7.wav,//www.xeno-canto.org/408571,//creativecommons.org/licenses/by-nc-nd/4.0/,Frank Lambert,2015-05-17,song,7D97538FBAFAB1BCA2C4AF04EED6EA66027DB71E80C6717579D3D4B2D030FF12
validation,Song Sparrow,song_sparrow,Melospiza,melodia,408571,408571-8.wav,wavfiles/408571-8.wav,//www.xeno-canto.org/408571,//creativecommons.org/licenses/by-nc-nd/4.0/,Frank Lambert,2015-05-17,song,0AD368BDC975CF7A9BE51E1C789FAA577E3BE7B48F98BB0E9ECE8833062F786E
validation,Song Sparrow,song_sparrow,Melospiza,melodia,408571,408571-9.wav,wavfiles/408571-9.wav,//www.xeno-canto.org/408571,//creativecommons.org/licenses/by-nc-nd/4.0/,Frank Lambert,2015-05-17,song,10556638F0C3C43B91BC71F5489B0A033DE0F4E8988DD17C61A39E1638282BE4
validation,Song Sparrow,song_sparrow,Melospiza,melodia,408810,408810-0.wav,wavfiles/408810-0.wav,//www.xeno-canto.org/408810,//creativecommons.org/licenses/by-nc-nd/4.0/,Frank Lambert,2015-05-18,"calling whilst foraging, song",9E9D3040553B17833BEDEAB7B59D477EA630A18D410BCED1161DF1253BE5FD9E
validation,Song Sparrow,song_sparrow,Melospiza,melodia,408810,408810-1.wav,wavfiles/408810-1.wav,//www.xeno-canto.org/408810,//creativecommons.org/licenses/by-nc-nd/4.0/,Frank Lambert,2015-05-18,"calling whilst foraging, song",E1D85DA55AE1056A3883FDAE423741D57E519D73A3EA4E3F531C3EEFB07C8F89
validation,Song Sparrow,song_sparrow,Melospiza,melodia,408810,408810-10.wav,wavfiles/408810-10.wav,//www.xeno-canto.org/408810,//creativecommons.org/licenses/by-nc-nd/4.0/,Frank Lambert,2015-05-18,"calling whilst foraging, song",4081BDF2E9BE2E585D1872CABE59D110831C543A49DF17F916B5D30EE919C33F
validation,Song Sparrow,song_sparrow,Melospiza,melodia,408810,408810-2.wav,wavfiles/408810-2.wav,//www.xeno-canto.org/408810,//creativecommons.org/licenses/by-nc-nd/4.0/,Frank Lambert,2015-05-18,"calling whilst foraging, song",FE9F4C0E5C96D1C7DE0DFB74EC31528070B30D9C0E5196B88CA155DF03312C33
validation,Song Sparrow,song_sparrow,Melospiza,melodia,408810,408810-3.wav,wavfiles/408810-3.wav,//www.xeno-canto.org/408810,//creativecommons.org/licenses/by-nc-nd/4.0/,Frank Lambert,2015-05-18,"calling whilst foraging, song",1FBA5128D47D77E8C1F7873FAC03469CD9506693CF30A52EB9F15589FB4B3DE6
validation,Song Sparrow,song_sparrow,Melospiza,melodia,408810,408810-4.wav,wavfiles/408810-4.wav,//www.xeno-canto.org/408810,//creativecommons.org/licenses/by-nc-nd/4.0/,Frank Lambert,2015-05-18,"calling whilst foraging, song",4523BB03C251A9A2734F819AEA521657C02FDC4F967BCF41BDA37458EF02DD90
validation,Song Sparrow,song_sparrow,Melospiza,melodia,408810,408810-5.wav,wavfiles/408810-5.wav,//www.xeno-canto.org/408810,//creativecommons.org/licenses/by-nc-nd/4.0/,Frank Lambert,2015-05-18,"calling whilst foraging, song",9883A29A2D32EC8BB40CB40C259BF8AEEDD8B0361EEF19AF2C56D9B229DE440C
validation,Song Sparrow,song_sparrow,Melospiza,melodia,408810,408810-6.wav,wavfiles/408810-6.wav,//www.xeno-canto.org/408810,//creativecommons.org/licenses/by-nc-nd/4.0/,Frank Lambert,2015-05-18,"calling whilst foraging, song",875F5914ADF1EAF4A96D9440C0D163E1D6F7F0B2ECBDD78DDA525A887B59B415
validation,Song Sparrow,song_sparrow,Melospiza,melodia,408810,408810-8.wav,wavfiles/408810-8.wav,//www.xeno-canto.org/408810,//creativecommons.org/licenses/by-nc-nd/4.0/,Frank Lambert,2015-05-18,"calling whilst foraging, song",651D2ED62272AC90191F2A9FE1308BD49FC7552E98310480206D00F96C81EA23
validation,Song Sparrow,song_sparrow,Melospiza,melodia,408810,408810-9.wav,wavfiles/408810-9.wav,//www.xeno-canto.org/408810,//creativecommons.org/licenses/by-nc-nd/4.0/,Frank Lambert,2015-05-18,"calling whilst foraging, song",FDFDAACFB3C6E7B923C98F0FDBB6C777794F7566D094E889D247EFC0F36073EE
validation,Song Sparrow,song_sparrow,Melospiza,melodia,429249,429249-0.wav,wavfiles/429249-0.wav,//www.xeno-canto.org/429249,//creativecommons.org/licenses/by-nc-sa/4.0/,Greg Irving,2018-07-29,song,5C68EB953BFF552C03032F0CD126C68D4AC991603DFB00AC234844538B52A3C7
validation,Song Sparrow,song_sparrow,Melospiza,melodia,429249,429249-1.wav,wavfiles/429249-1.wav,//www.xeno-canto.org/429249,//creativecommons.org/licenses/by-nc-sa/4.0/,Greg Irving,2018-07-29,song,D4DAF3B927FC8C1A9855F8472B8831E0A8CD15BDB88AE246DE0E5F99BE640BC7
validation,Song Sparrow,song_sparrow,Melospiza,melodia,429249,429249-2.wav,wavfiles/429249-2.wav,//www.xeno-canto.org/429249,//creativecommons.org/licenses/by-nc-sa/4.0/,Greg Irving,2018-07-29,song,ED910F272FE8E345784466391F94C93D315073F7F1484AE693042212E32657CF
validation,Song Sparrow,song_sparrow,Melospiza,melodia,429249,429249-3.wav,wavfiles/429249-3.wav,//www.xeno-canto.org/429249,//creativecommons.org/licenses/by-nc-sa/4.0/,Greg Irving,2018-07-29,song,5F1AB890F07F9070352D3B2B2E82C41817E0E5A03319AC1C2B03065C31FF5EB2
validation,Song Sparrow,song_sparrow,Melospiza,melodia,429249,429249-4.wav,wavfiles/429249-4.wav,//www.xeno-canto.org/429249,//creativecommons.org/licenses/by-nc-sa/4.0/,Greg Irving,2018-07-29,song,16772D884AAB9168199774B7E1439224AD2627CCF4CEC7137216D0BCADA87911
validation,Song Sparrow,song_sparrow,Melospiza,melodia,429249,429249-5.wav,wavfiles/429249-5.wav,//www.xeno-canto.org/429249,//creativecommons.org/licenses/by-nc-sa/4.0/,Greg Irving,2018-07-29,song,DC964CC3E4B6E9B549C4F8F98D09F711684372EA91008F3C10D5CAFB7291F248
validation,Song Sparrow,song_sparrow,Melospiza,melodia,429249,429249-6.wav,wavfiles/429249-6.wav,//www.xeno-canto.org/429249,//creativecommons.org/licenses/by-nc-sa/4.0/,Greg Irving,2018-07-29,song,5F7ACF7E76920F0D95F5324F3FFE8FDAD2A1D3512AC8160D5D279022D4F0A1B5
validation,Song Sparrow,song_sparrow,Melospiza,melodia,429249,429249-8.wav,wavfiles/429249-8.wav,//www.xeno-canto.org/429249,//creativecommons.org/licenses/by-nc-sa/4.0/,Greg Irving,2018-07-29,song,63C35FE8AB3C9DEE38CE46B398057214C75733ADF00F3DE942551A7815C3836B
validation,Song Sparrow,song_sparrow,Melospiza,melodia,429249,429249-9.wav,wavfiles/429249-9.wav,//www.xeno-canto.org/429249,//creativecommons.org/licenses/by-nc-sa/4.0/,Greg Irving,2018-07-29,song,B419CB5862EC1023E32497CFE45801A6A58792124DF314A65E5A8971919E9FC2
validation,Song Sparrow,song_sparrow,Melospiza,melodia,434169,434169-0.wav,wavfiles/434169-0.wav,//www.xeno-canto.org/434169,//creativecommons.org/licenses/by-nc-sa/4.0/,Brian Henderson,2012-07-24,song,E996002A610AE9C92A4799E2B20A15F9F25F960DB2F9B82BEDE9D6F539EE3275
validation,Song Sparrow,song_sparrow,Melospiza,melodia,434169,434169-1.wav,wavfiles/434169-1.wav,//www.xeno-canto.org/434169,//creativecommons.org/licenses/by-nc-sa/4.0/,Brian Henderson,2012-07-24,song,B9F4D93B4CC35538839E621273E39F89B04AE286F985A1834F53F720E73053B1
validation,Song Sparrow,song_sparrow,Melospiza,melodia,434169,434169-10.wav,wavfiles/434169-10.wav,//www.xeno-canto.org/434169,//creativecommons.org/licenses/by-nc-sa/4.0/,Brian Henderson,2012-07-24,song,42D5E4A1B3ABC83B678914FC94C414DD0C3FDDE55048240024E7DD24F8344E50
validation,Song Sparrow,song_sparrow,Melospiza,melodia,434169,434169-2.wav,wavfiles/434169-2.wav,//www.xeno-canto.org/434169,//creativecommons.org/licenses/by-nc-sa/4.0/,Brian Henderson,2012-07-24,song,C259593271F20B253F6E315B0090523A13E2C6AEACA06026BD1A87FA5BB13935
validation,Song Sparrow,song_sparrow,Melospiza,melodia,434169,434169-4.wav,wavfiles/434169-4.wav,//www.xeno-canto.org/434169,//creativecommons.org/licenses/by-nc-sa/4.0/,Brian Henderson,2012-07-24,song,EE0E8306BB767F28EC4331E4F7A1C795AE9C161C605450CD1244094E58712436
validation,Song Sparrow,song_sparrow,Melospiza,melodia,434169,434169-5.wav,wavfiles/434169-5.wav,//www.xeno-canto.org/434169,//creativecommons.org/licenses/by-nc-sa/4.0/,Brian Henderson,2012-07-24,song,F4FF378787B128B714CCCFD3BDC0666E9E6FDF78526AC887D47E9DACFA6C0F81
validation,Song Sparrow,song_sparrow,Melospiza,melodia,434169,434169-6.wav,wavfiles/434169-6.wav,//www.xeno-canto.org/434169,//creativecommons.org/licenses/by-nc-sa/4.0/,Brian Henderson,2012-07-24,song,1C56F91128F8583B1CF80D9B1C1CA38B087ECD0FC747D50C6E7ED4944066A595
validation,Song Sparrow,song_sparrow,Melospiza,melodia,434169,434169-8.wav,wavfiles/434169-8.wav,//www.xeno-canto.org/434169,//creativecommons.org/licenses/by-nc-sa/4.0/,Brian Henderson,2012-07-24,song,558A3A180ABC105C28C9429FB962E31FED585DE56A75B7436D8CD4B25BF460F8
validation,Song Sparrow,song_sparrow,Melospiza,melodia,434169,434169-9.wav,wavfiles/434169-9.wav,//www.xeno-canto.org/434169,//creativecommons.org/licenses/by-nc-sa/4.0/,Brian Henderson,2012-07-24,song,CBB73AD62C68F71A264FB9E076E5E981CB2D59739698A6480FA9A256C365BED7
validation,Song Sparrow,song_sparrow,Melospiza,melodia,483881,483881-0.wav,wavfiles/483881-0.wav,//www.xeno-canto.org/483881,//creativecommons.org/licenses/by-nc-sa/4.0/,Barry Edmonston,2019-06-19,"male, song",BEA670AE06FDC0B35AAE5176BCAC4874EA99E91E19D811DC7B128DE3E92C0E66
validation,Song Sparrow,song_sparrow,Melospiza,melodia,483881,483881-1.wav,wavfiles/483881-1.wav,//www.xeno-canto.org/483881,//creativecommons.org/licenses/by-nc-sa/4.0/,Barry Edmonston,2019-06-19,"male, song",BF0C273EE742A04CCFF221CA2167B14C82DF5576DA2CDF93D53C6AA7BB2FEB61
validation,Song Sparrow,song_sparrow,Melospiza,melodia,483881,483881-2.wav,wavfiles/483881-2.wav,//www.xeno-canto.org/483881,//creativecommons.org/licenses/by-nc-sa/4.0/,Barry Edmonston,2019-06-19,"male, song",3A1F3BC3219B2D2E144300AFC4203FE0481070AD72C927632D722670F24A4A25
validation,Song Sparrow,song_sparrow,Melospiza,melodia,483881,483881-3.wav,wavfiles/483881-3.wav,//www.xeno-canto.org/483881,//creativecommons.org/licenses/by-nc-sa/4.0/,Barry Edmonston,2019-06-19,"male, song",A2CF9E155388952B9EACD6EF88520C10CC538BCA72774BC17560B627FA360BBB
validation,Song Sparrow,song_sparrow,Melospiza,melodia,483881,483881-4.wav,wavfiles/483881-4.wav,//www.xeno-canto.org/483881,//creativecommons.org/licenses/by-nc-sa/4.0/,Barry Edmonston,2019-06-19,"male, song",0BDFD05E5B1AA2C5AD55CF6B2632FB1753F5C069D01A69EEC35EB87209195451
validation,Song Sparrow,song_sparrow,Melospiza,melodia,483881,483881-5.wav,wavfiles/483881-5.wav,//www.xeno-canto.org/483881,//creativecommons.org/licenses/by-nc-sa/4.0/,Barry Edmonston,2019-06-19,"male, song",C2A4F8753DAFFCED3A3C83E4F4F7670255902B3ABF369A426E7478B7230EB997
validation,Song Sparrow,song_sparrow,Melospiza,melodia,483881,483881-6.wav,wavfiles/483881-6.wav,//www.xeno-canto.org/483881,//creativecommons.org/licenses/by-nc-sa/4.0/,Barry Edmonston,2019-06-19,"male, song",3732EC6D764E9FA5C27F91045EE0365D374EDE78C12C541515DA91B08A2B551A
validation,Song Sparrow,song_sparrow,Melospiza,melodia,483881,483881-7.wav,wavfiles/483881-7.wav,//www.xeno-canto.org/483881,//creativecommons.org/licenses/by-nc-sa/4.0/,Barry Edmonston,2019-06-19,"male, song",872C5533889DA18ED870FDA79F758D9E873C7C297B828D2411CDEABCDB3E00D0
validation,Song Sparrow,song_sparrow,Melospiza,melodia,490351,490351-0.wav,wavfiles/490351-0.wav,//www.xeno-canto.org/490351,//creativecommons.org/licenses/by-nc-sa/4.0/,William Whitehead,2019-08-03,song,3AFAD979BD8D4DB539C2BAF7CA269DAA9C05CE4A998C0FE46750440C5DBEE2B5
validation,Song Sparrow,song_sparrow,Melospiza,melodia,490351,490351-1.wav,wavfiles/490351-1.wav,//www.xeno-canto.org/490351,//creativecommons.org/licenses/by-nc-sa/4.0/,William Whitehead,2019-08-03,song,711B0C73B90554E13E62009B3984040C256762E91EC0EB6BE84652D5F0D243DB
validation,Song Sparrow,song_sparrow,Melospiza,melodia,490351,490351-10.wav,wavfiles/490351-10.wav,//www.xeno-canto.org/490351,//creativecommons.org/licenses/by-nc-sa/4.0/,William Whitehead,2019-08-03,song,5EE649D2CB0AC0F6140D435294FFE9C7C3581A383DA771EAEAF8BC4BD79D11A7
validation,Song Sparrow,song_sparrow,Melospiza,melodia,490351,490351-11.wav,wavfiles/490351-11.wav,//www.xeno-canto.org/490351,//creativecommons.org/licenses/by-nc-sa/4.0/,William Whitehead,2019-08-03,song,DDF57D1F0F58D7A2638ECFF30400E536BB25B2D7C4BE9CE0FAE1EA5EAE4ED0FD
validation,Song Sparrow,song_sparrow,Melospiza,melodia,490351,490351-12.wav,wavfiles/490351-12.wav,//www.xeno-canto.org/490351,//creativecommons.org/licenses/by-nc-sa/4.0/,William Whitehead,2019-08-03,song,3458892A574E7F4FD7E8E70CE8CD3BA2D83803F5240C6A6CE6B5E83D3D3D6C77
validation,Song Sparrow,song_sparrow,Melospiza,melodia,490351,490351-14.wav,wavfiles/490351-14.wav,//www.xeno-canto.org/490351,//creativecommons.org/licenses/by-nc-sa/4.0/,William Whitehead,2019-08-03,song,217FDD04D27530BE2D3E0234A9FCA0F302FF7F9AEC5198FC0710CE7E1636FF96
validation,Song Sparrow,song_sparrow,Melospiza,melodia,490351,490351-2.wav,wavfiles/490351-2.wav,//www.xeno-canto.org/490351,//creativecommons.org/licenses/by-nc-sa/4.0/,William Whitehead,2019-08-03,song,39738E1A08268432378463A72335D6EDA54BD73281CFD4E2CC4D65302FA94977
validation,Song Sparrow,song_sparrow,Melospiza,melodia,490351,490351-7.wav,wavfiles/490351-7.wav,//www.xeno-canto.org/490351,//creativecommons.org/licenses/by-nc-sa/4.0/,William Whitehead,2019-08-03,song,F19F6C8B0E7D372A799282EC2C4D2000F327C223137BA5AB7BDC19B32713D91D
validation,Song Sparrow,song_sparrow,Melospiza,melodia,490351,490351-8.wav,wavfiles/490351-8.wav,//www.xeno-canto.org/490351,//creativecommons.org/licenses/by-nc-sa/4.0/,William Whitehead,2019-08-03,song,3978832A08768CC8960DA48ED89B27AD07713FF4765D851280FFC6B9874B01CE
validation,Song Sparrow,song_sparrow,Melospiza,melodia,490351,490351-9.wav,wavfiles/490351-9.wav,//www.xeno-canto.org/490351,//creativecommons.org/licenses/by-nc-sa/4.0/,William Whitehead,2019-08-03,song,B5005060EECBA647943CBEF4B440EC20A1411673CF3C015B9D224FAF5F07E4E4
validation,Song Sparrow,song_sparrow,Melospiza,melodia,500924,500924-0.wav,wavfiles/500924-0.wav,//www.xeno-canto.org/500924,//creativecommons.org/licenses/by-nc-sa/4.0/,William Whitehead,2019-10-05,song,8F58DBDB1A40C7FAF3D2CD7578FA4A7D81FD0C7462DAA3F8DA7DFCBF38AAD856
validation,Song Sparrow,song_sparrow,Melospiza,melodia,500924,500924-1.wav,wavfiles/500924-1.wav,//www.xeno-canto.org/500924,//creativecommons.org/licenses/by-nc-sa/4.0/,William Whitehead,2019-10-05,song,5F0F13E7FD7571FB3CE2B9225670069BAF24BC9882467A4D228C0BE8E211482F
validation,Song Sparrow,song_sparrow,Melospiza,melodia,500924,500924-10.wav,wavfiles/500924-10.wav,//www.xeno-canto.org/500924,//creativecommons.org/licenses/by-nc-sa/4.0/,William Whitehead,2019-10-05,song,35D49AA00D3F8B16F831B96AED815F007B92E05DAB57F2B44208E8A67DCBB65A
validation,Song Sparrow,song_sparrow,Melospiza,melodia,500924,500924-11.wav,wavfiles/500924-11.wav,//www.xeno-canto.org/500924,//creativecommons.org/licenses/by-nc-sa/4.0/,William Whitehead,2019-10-05,song,9DB6B3DC49EA83447F476BB3EF1BBDA8D52AAF2F0609582DEBECAF6BA20CF3CF
validation,Song Sparrow,song_sparrow,Melospiza,melodia,500924,500924-12.wav,wavfiles/500924-12.wav,//www.xeno-canto.org/500924,//creativecommons.org/licenses/by-nc-sa/4.0/,William Whitehead,2019-10-05,song,04AF51C1E1A9238B7FDF27ECCB123686DBA2F6C178E2284684FDC73955858E0E
validation,Song Sparrow,song_sparrow,Melospiza,melodia,500924,500924-13.wav,wavfiles/500924-13.wav,//www.xeno-canto.org/500924,//creativecommons.org/licenses/by-nc-sa/4.0/,William Whitehead,2019-10-05,song,50E805231A6989DF37C3F47B3A409BB21BBDDC1AFC1B4F6714FAE2F94E55127F
validation,Song Sparrow,song_sparrow,Melospiza,melodia,500924,500924-2.wav,wavfiles/500924-2.wav,//www.xeno-canto.org/500924,//creativecommons.org/licenses/by-nc-sa/4.0/,William Whitehead,2019-10-05,song,A4A1DA9452A5A6FB5D010A369071EE53585550E841F38ED539D117D0151DE7CA
validation,Song Sparrow,song_sparrow,Melospiza,melodia,500924,500924-3.wav,wavfiles/500924-3.wav,//www.xeno-canto.org/500924,//creativecommons.org/licenses/by-nc-sa/4.0/,William Whitehead,2019-10-05,song,2F0ABBDEB0A671A834E49087E4262A0E74C073F7DEEFD3A63E882C886D01CD87
validation,Song Sparrow,song_sparrow,Melospiza,melodia,500924,500924-4.wav,wavfiles/500924-4.wav,//www.xeno-canto.org/500924,//creativecommons.org/licenses/by-nc-sa/4.0/,William Whitehead,2019-10-05,song,DFD3AC6564DA3468FDAAEC96749F135FAF6F32BBB9D45548B4B2DF2318C99F8C
validation,Song Sparrow,song_sparrow,Melospiza,melodia,500924,500924-5.wav,wavfiles/500924-5.wav,//www.xeno-canto.org/500924,//creativecommons.org/licenses/by-nc-sa/4.0/,William Whitehead,2019-10-05,song,AD5B9F34EF57E890893400853A57DFDF3AF270C1A129687B476B4D98F96DA783
validation,Song Sparrow,song_sparrow,Melospiza,melodia,500924,500924-6.wav,wavfiles/500924-6.wav,//www.xeno-canto.org/500924,//creativecommons.org/licenses/by-nc-sa/4.0/,William Whitehead,2019-10-05,song,0717BFE2A3AEF6F866F914D74CE0C32DE519466A37BFCB58C5790BB84ADD2615
validation,Song Sparrow,song_sparrow,Melospiza,melodia,500924,500924-7.wav,wavfiles/500924-7.wav,//www.xeno-canto.org/500924,//creativecommons.org/licenses/by-nc-sa/4.0/,William Whitehead,2019-10-05,song,23C0D6A544E3B18257F4A54B1657E9F2D5276CB1A3F177CDEF15E9F2E1AFC508
validation,Song Sparrow,song_sparrow,Melospiza,melodia,500924,500924-8.wav,wavfiles/500924-8.wav,//www.xeno-canto.org/500924,//creativecommons.org/licenses/by-nc-sa/4.0/,William Whitehead,2019-10-05,song,4ADEEAF4CB183F6546CE5CE00C43E1D1D5A6AE214111B31EAB721509B713761D
validation,Song Sparrow,song_sparrow,Melospiza,melodia,500924,500924-9.wav,wavfiles/500924-9.wav,//www.xeno-canto.org/500924,//creativecommons.org/licenses/by-nc-sa/4.0/,William Whitehead,2019-10-05,song,6C5A65902E12DD4FE178FA55ECE935280B80FD0E9E20701B1B64F779D15D3483
validation,Song Sparrow,song_sparrow,Melospiza,melodia,551290,551290-0.wav,wavfiles/551290-0.wav,//www.xeno-canto.org/551290,//creativecommons.org/licenses/by-nc-sa/4.0/,William Whitehead,2020-04-27,song,BBE45B98DA28BBAC9554F8C1C3C6008D1A38F3B40B9978C3677FC29EA106D260
validation,Song Sparrow,song_sparrow,Melospiza,melodia,551290,551290-1.wav,wavfiles/551290-1.wav,//www.xeno-canto.org/551290,//creativecommons.org/licenses/by-nc-sa/4.0/,William Whitehead,2020-04-27,song,C3E16FBE71C7CBAB8CF8170C32D9514EF646FC0B4F56D903DFFCC6303E11B7E8
validation,Song Sparrow,song_sparrow,Melospiza,melodia,551290,551290-10.wav,wavfiles/551290-10.wav,//www.xeno-canto.org/551290,//creativecommons.org/licenses/by-nc-sa/4.0/,William Whitehead,2020-04-27,song,B1404593E61C5CF36D91D8CD543E1E5D7838B3C15E7147F633558A7E403068B8
validation,Song Sparrow,song_sparrow,Melospiza,melodia,551290,551290-11.wav,wavfiles/551290-11.wav,//www.xeno-canto.org/551290,//creativecommons.org/licenses/by-nc-sa/4.0/,William Whitehead,2020-04-27,song,A0A5F4AF195BA314B9A236F75F9A523EA878A7961B42E49744509F3691617D94
validation,Song Sparrow,song_sparrow,Melospiza,melodia,551290,551290-12.wav,wavfiles/551290-12.wav,//www.xeno-canto.org/551290,//creativecommons.org/licenses/by-nc-sa/4.0/,William Whitehead,2020-04-27,song,EBABC8CFE5CC8AC9EF703E4A3E356F5649AEDBDA166CA0E3213185BFD07D3D51
validation,Song Sparrow,song_sparrow,Melospiza,melodia,551290,551290-2.wav,wavfiles/551290-2.wav,//www.xeno-canto.org/551290,//creativecommons.org/licenses/by-nc-sa/4.0/,William Whitehead,2020-04-27,song,A1929CD2CFA796CDC908D206344C6D55EE80123D4D199626AED070FB03F762F1
validation,Song Sparrow,song_sparrow,Melospiza,melodia,551290,551290-3.wav,wavfiles/551290-3.wav,//www.xeno-canto.org/551290,//creativecommons.org/licenses/by-nc-sa/4.0/,William Whitehead,2020-04-27,song,621E7F7C20A2696C988366AB4A3491DF0F1E595758FC00658779372522E75FD3
validation,Song Sparrow,song_sparrow,Melospiza,melodia,551290,551290-4.wav,wavfiles/551290-4.wav,//www.xeno-canto.org/551290,//creativecommons.org/licenses/by-nc-sa/4.0/,William Whitehead,2020-04-27,song,B1317F50796D020F9A8CD77341AA51DFF96741E172CBEAC92DA0946F54613261
validation,Song Sparrow,song_sparrow,Melospiza,melodia,551290,551290-5.wav,wavfiles/551290-5.wav,//www.xeno-canto.org/551290,//creativecommons.org/licenses/by-nc-sa/4.0/,William Whitehead,2020-04-27,song,8FA4F3AA9BB4B68CAD6231459678E5DBFC84ED28570A0FDAA0E476DD92F0D477
validation,Song Sparrow,song_sparrow,Melospiza,melodia,551290,551290-6.wav,wavfiles/551290-6.wav,//www.xeno-canto.org/551290,//creativecommons.org/licenses/by-nc-sa/4.0/,William Whitehead,2020-04-27,song,CDBE9FFA3BDE1655D0B2C8B5F486CDDDE7154A5A9268CAB4EA9898547B608AED
validation,Song Sparrow,song_sparrow,Melospiza,melodia,551290,551290-7.wav,wavfiles/551290-7.wav,//www.xeno-canto.org/551290,//creativecommons.org/licenses/by-nc-sa/4.0/,William Whitehead,2020-04-27,song,CD7FE862AF19A3ED50E21A1F0BADE13532C2AB8B0702EF110F86D0C24E82019A
validation,Song Sparrow,song_sparrow,Melospiza,melodia,551290,551290-8.wav,wavfiles/551290-8.wav,//www.xeno-canto.org/551290,//creativecommons.org/licenses/by-nc-sa/4.0/,William Whitehead,2020-04-27,song,9B78C80D9FE2C27B3721E6B56602E4F8130EEFEA468A6C960AD3573EB14F194D
validation,Song Sparrow,song_sparrow,Melospiza,melodia,551290,551290-9.wav,wavfiles/551290-9.wav,//www.xeno-canto.org/551290,//creativecommons.org/licenses/by-nc-sa/4.0/,William Whitehead,2020-04-27,song,FD435A52D5DC9FD39A97AD843A3C142F16A19BDB74B387E4393E0C35F9EA1C72
